workbook_id,category,extension,sheet_index,sheet_id,sheet_kind,formula_family_id,formula_kind,implementation,occurrence_count,layout_kind,cell_range_count,cell_ranges,functions,volatile_functions,external_reference_count,calculation_topics,classification_evidence,detected_units
03d6e377ebce5434,cementing-casing,.xlsx,1,s0001,worksheet,f000001,regular,worksheet-formula,277,filled-column,1,O11:O295,,,0,casing-cementing.unresolved,catalog-category,
03d6e377ebce5434,cementing-casing,.xlsx,1,s0001,worksheet,f000002,regular,worksheet-formula,57,filled-column,1,J12:J68,IF,,0,casing-cementing.unresolved,catalog-category,N
03d6e377ebce5434,cementing-casing,.xlsx,1,s0001,worksheet,f000003,regular,worksheet-formula,1,single-cell,1,M8,,,0,casing-cementing.unresolved,catalog-category,
03d6e377ebce5434,cementing-casing,.xlsx,1,s0001,worksheet,f000004,regular,worksheet-formula,279,filled-column,1,C11:C295,VLOOKUP,,0,casing-cementing.unresolved,catalog-category,ft
03d6e377ebce5434,cementing-casing,.xlsx,1,s0001,worksheet,f000005,regular,worksheet-formula,56,filled-column,1,I13:I68,IF,,0,casing-cementing.unresolved,catalog-category,
03d6e377ebce5434,cementing-casing,.xlsx,1,s0001,worksheet,f000006,regular,worksheet-formula,1,single-cell,1,B74,,,0,casing-cementing.unresolved,catalog-category,
03d6e377ebce5434,cementing-casing,.xlsx,1,s0001,worksheet,f000007,regular,worksheet-formula,1,single-cell,1,O74,,,0,casing-cementing.unresolved,catalog-category,
03d6e377ebce5434,cementing-casing,.xlsx,1,s0001,worksheet,f000008,regular,worksheet-formula,278,filled-column,1,N11:N295,IF|UDF,,0,casing-cementing.unresolved,catalog-category,
03d6e377ebce5434,cementing-casing,.xlsx,1,s0001,worksheet,f000009,regular,worksheet-formula,558,multi-area,6,A11:A36|A38:A67|A74:A295|B10:B67|B75:B295|I12,,,0,casing-cementing.unresolved,catalog-category,N|ft
04fb7368e003571e,hydraulics,.xlsx,3,s0003,worksheet,f000001,regular,worksheet-formula,480,rectangular-table,1,B3:I84,,,0,hydraulics.equivalent-circulating-density|hydraulics.pressure-loss,local-context,gal/min|ppg|psi|rpm
04fb7368e003571e,hydraulics,.xlsx,1,s0001,worksheet,f000002,regular,worksheet-formula,1,single-cell,1,I4,SUM,,0,cross-cutting.validation,local-context,ft|in
07703bad7ed83b8e,hydraulics,.xlsx,1,s0001,worksheet,f000001,regular,worksheet-formula,20,filled-column,1,D3:D22,,,0,hydraulics.unresolved,catalog-category,
07703bad7ed83b8e,hydraulics,.xlsx,1,s0001,worksheet,f000002,regular,worksheet-formula,20,filled-column,1,C3:C22,,,0,hydraulics.unresolved,catalog-category,
08779a41064fe720,well-control,.xls,1,s0001,worksheet,f000001,regular,worksheet-formula,1,single-cell,1,B21,,,0,well-control.unresolved,catalog-category,specific-gravity
08779a41064fe720,well-control,.xls,1,s0001,worksheet,f000002,unparsed,worksheet-formula,1,single-cell,1,B14,UDF,CELL,0,hydraulics.fluid-properties,local-context,h|lbm/ft^3
08779a41064fe720,well-control,.xls,1,s0001,worksheet,f000003,unparsed,worksheet-formula,1,single-cell,1,B15,UDF,CELL,0,hydraulics.fluid-properties,local-context,h|lbm/ft^3
08779a41064fe720,well-control,.xls,1,s0001,worksheet,f000004,unparsed,worksheet-formula,1,single-cell,1,F15,UDF,CELL,0,well-control.unresolved,catalog-category,h
08779a41064fe720,well-control,.xls,1,s0001,worksheet,f000005,unparsed,worksheet-formula,1,single-cell,1,F14,UDF,CELL,0,well-control.unresolved,catalog-category,h|lbm/ft^3
0bd17e3b1ef5840f,hydraulics,.xlsx,3,s0003,worksheet,f000001,regular,worksheet-formula,450,multi-area,45,B3:B12|B16:B25|B29:B38|B49:B58|B62:B71|B75:B84|C3:C12|C16:C25|C29:C38|C49:C58|C62:C71|C75:C84|D3:D12|D16:D25|D29:D38|D49:D58|D62:D71|D75:D84|E3:E12|E16:E25|E29:E38|E49:E58|E62:E71|E75:E84|F16:F25|F29:F38|F75:F84|G3:G12|G16:G25|G29:G38|G49:G58|G62:G71|G75:G84|H3:H12|H16:H25|H29:H38|H49:H58|H62:H71|H75:H84|I3:I12|I16:I25|I29:I38|I49:I58|I62:I71|I75:I84,,,0,hydraulics.equivalent-circulating-density|hydraulics.pressure-loss,local-context,gal/min|ppg|psi|rpm
0bd17e3b1ef5840f,hydraulics,.xlsx,1,s0001,worksheet,f000002,regular,worksheet-formula,1,single-cell,1,I4,SUM,,0,cross-cutting.validation,local-context,ft|in
103555378b7cd4f8,hydraulics,.xlsx,1,s0001,worksheet,f000001,regular,worksheet-formula,994,filled-column,1,J2:J995,IF|POWER,,0,hydraulics.unresolved,catalog-category,
103555378b7cd4f8,hydraulics,.xlsx,1,s0001,worksheet,f000002,regular,worksheet-formula,1988,rectangular-table,1,K2:O995,ABS,,0,hydraulics.unresolved,catalog-category,
103555378b7cd4f8,hydraulics,.xlsx,1,s0001,worksheet,f000003,regular,worksheet-formula,994,filled-column,1,N2:N995,,,0,hydraulics.unresolved,catalog-category,
10ad89a67b02b3a8,bha-tools,.xlsx,1,s0001,worksheet,f000001,regular,worksheet-formula,60,rectangular-table,1,M11:Q30,,,0,bha.geometry|torque-drag.connection-capacity,local-context,ft
10ad89a67b02b3a8,bha-tools,.xlsx,1,s0001,worksheet,f000002,regular,worksheet-formula,20,filled-column,1,G11:G30,,,0,bha.geometry,local-context,ft|rad
10ad89a67b02b3a8,bha-tools,.xlsx,1,s0001,worksheet,f000003,regular,worksheet-formula,19,filled-column,1,A12:A30,,,0,bha.geometry,local-context,
10ad89a67b02b3a8,bha-tools,.xlsx,1,s0001,worksheet,f000004,regular,worksheet-formula,19,filled-column,1,J12:J30,SUM,,0,bha.geometry,local-context,ft
10ad89a67b02b3a8,bha-tools,.xlsx,1,s0001,worksheet,f000005,regular,worksheet-formula,40,rectangular-table,1,E11:F30,,,0,bha.geometry,local-context,ft|rad
10ad89a67b02b3a8,bha-tools,.xlsx,1,s0001,worksheet,f000006,regular,worksheet-formula,9,multi-area,5,J11|L31:L32|M33:M34|N31:N32|O33:O34,SUM,,0,bha.geometry,local-context,ft
10ad89a67b02b3a8,bha-tools,.xlsx,1,s0001,worksheet,f000007,regular,worksheet-formula,40,rectangular-table,1,L11:N30,,,0,bha.geometry,local-context,ft
10ad89a67b02b3a8,bha-tools,.xlsx,1,s0001,worksheet,f000008,regular,worksheet-formula,1,single-cell,1,C8,,,0,bha.geometry,local-context,ppg|rad
10ad89a67b02b3a8,bha-tools,.xlsx,1,s0001,worksheet,f000009,regular,worksheet-formula,40,rectangular-table,1,I11:K30,,,0,bha.geometry,local-context,ft
10ad89a67b02b3a8,bha-tools,.xlsx,4,s0004,worksheet,f000010,regular,worksheet-formula,28,filled-column,1,H8:H35,,,0,bha.geometry,local-context,s
10ad89a67b02b3a8,bha-tools,.xlsx,4,s0004,worksheet,f000011,regular,worksheet-formula,26,filled-column,1,J9:J34,SQRT,,0,bha.geometry,local-context,
10ad89a67b02b3a8,bha-tools,.xlsx,4,s0004,worksheet,f000012,regular,worksheet-formula,60,rectangular-table,1,K6:L35,,,0,bha.geometry,local-context,ft
10ad89a67b02b3a8,bha-tools,.xlsx,3,s0003,worksheet,f000013,regular,worksheet-formula,1,single-cell,1,T16,SIN,,0,bha.geometry|directional.coordinates,local-context,
10ad89a67b02b3a8,bha-tools,.xlsx,3,s0003,worksheet,f000014,regular,worksheet-formula,1,single-cell,1,T12,,,0,bha.geometry,local-context,
10ad89a67b02b3a8,bha-tools,.xlsx,3,s0003,worksheet,f000015,regular,worksheet-formula,1,single-cell,1,T13,ACOS|COS|SIN,,0,bha.geometry,local-context,
10ad89a67b02b3a8,bha-tools,.xlsx,3,s0003,worksheet,f000016,regular,worksheet-formula,1,single-cell,1,T15,COS|SIN,,0,bha.geometry|directional.coordinates,local-context,
10ad89a67b02b3a8,bha-tools,.xlsx,3,s0003,worksheet,f000017,regular,worksheet-formula,1,single-cell,1,T14,TAN,,0,bha.geometry,local-context,
10ad89a67b02b3a8,bha-tools,.xlsx,3,s0003,worksheet,f000018,regular,worksheet-formula,1,single-cell,1,T17,COS,,0,bha.geometry|directional.coordinates,local-context,
10ad89a67b02b3a8,bha-tools,.xlsx,3,s0003,worksheet,f000019,regular,worksheet-formula,26,filled-column,1,N9:N34,SQRT,,0,bha.geometry,local-context,rad
10ad89a67b02b3a8,bha-tools,.xlsx,3,s0003,worksheet,f000020,regular,worksheet-formula,60,rectangular-table,1,O6:P35,,,0,bha.geometry|directional.coordinates,local-context,ft|rad
10ad89a67b02b3a8,bha-tools,.xlsx,3,s0003,worksheet,f000021,regular,worksheet-formula,4,rectangular-table,1,S8:T9,RADIANS,,0,bha.geometry,local-context,rad
150938c6fccf188a,hydraulics,.xlsx,1,s0001,worksheet,f000001,regular,worksheet-formula,1,single-cell,1,K2,,,0,hydraulics.unresolved,catalog-category,
17219f0e78ccdcfd,bha-tools,.xlsm,3,s0003,worksheet,f000001,regular,worksheet-formula,1,single-cell,1,M3,,,0,hydraulics.fluid-properties,local-context,MPa|kg/m^3
17219f0e78ccdcfd,bha-tools,.xlsm,1,s0001,worksheet,f000002,regular,worksheet-formula,1,single-cell,1,D5,,,0,bha.geometry|torque-drag.axial-load,local-context,kN
17219f0e78ccdcfd,bha-tools,.xlsm,1,s0001,worksheet,f000003,regular,worksheet-formula,1,single-cell,1,G5,,,0,bha.geometry,local-context,mm
17219f0e78ccdcfd,bha-tools,.xlsm,1,s0001,worksheet,f000004,regular,worksheet-formula,1,single-cell,1,F4,,,0,bha.geometry|torque-drag.axial-load,local-context,kN|mm
17219f0e78ccdcfd,bha-tools,.xlsm,1,s0001,worksheet,f000005,regular,worksheet-formula,1,single-cell,1,D3,,,0,bha.geometry|torque-drag.axial-load,local-context,kN
17219f0e78ccdcfd,bha-tools,.xlsm,1,s0001,worksheet,f000006,regular,worksheet-formula,1,single-cell,1,F5,,,0,bha.geometry,local-context,mm
17219f0e78ccdcfd,bha-tools,.xlsm,1,s0001,worksheet,f000007,regular,worksheet-formula,5,filled-column,1,G6:G10,,,0,bha.geometry,local-context,mm
17219f0e78ccdcfd,bha-tools,.xlsm,1,s0001,worksheet,f000008,regular,worksheet-formula,1,single-cell,1,D4,,,0,bha.geometry|torque-drag.axial-load,local-context,kN
17219f0e78ccdcfd,bha-tools,.xlsm,1,s0001,worksheet,f000009,regular,worksheet-formula,1,single-cell,1,G3,,,0,bha.geometry,local-context,mm
17219f0e78ccdcfd,bha-tools,.xlsm,1,s0001,worksheet,f000010,regular,worksheet-formula,1,single-cell,1,F3,,,0,bha.geometry,local-context,kN|mm
17219f0e78ccdcfd,bha-tools,.xlsm,1,s0001,worksheet,f000011,regular,worksheet-formula,1,single-cell,1,G4,,,0,bha.geometry,local-context,mm
17219f0e78ccdcfd,bha-tools,.xlsm,2,s0002,worksheet,f000012,regular,worksheet-formula,4,filled-column,1,K3:K6,,,0,hydraulics.fluid-properties,local-context,MPa|kg/m^3
1e6e0ff76799305d,hydraulics,.xls,1,s0001,worksheet,f000001,regular,worksheet-formula,7,filled-row,1,C25:I25,IF|ROUNDDOWN|UDF,,0,hydraulics.annular-velocity,local-context,gal/min|percent
1e6e0ff76799305d,hydraulics,.xls,1,s0001,worksheet,f000002,regular,worksheet-formula,1,single-cell,1,D34,IF,,0,hydraulics.bit-nozzle|hydraulics.equivalent-circulating-density|hydraulics.pressure-loss,local-context,hp|percent|ppg
1e6e0ff76799305d,hydraulics,.xls,1,s0001,worksheet,f000003,regular,worksheet-formula,2,filled-column,1,I34:I35,,,0,hydraulics.bit-nozzle,local-context,hp
1e6e0ff76799305d,hydraulics,.xls,1,s0001,worksheet,f000004,regular,worksheet-formula,2,filled-row,1,H22:I22,,,0,hydraulics.unresolved,catalog-category,gal/min
1e6e0ff76799305d,hydraulics,.xls,1,s0001,worksheet,f000005,regular,worksheet-formula,7,filled-row,1,C24:I24,IF|ROUNDUP|UDF,,0,directional.coordinates|hydraulics.annular-velocity,local-context,ft|gal/min|percent|strokes/min
1e6e0ff76799305d,hydraulics,.xls,1,s0001,worksheet,f000006,regular,worksheet-formula,1,single-cell,1,B3,NOW|TEXT,NOW,0,hydraulics.unresolved,catalog-category,
1e6e0ff76799305d,hydraulics,.xls,1,s0001,worksheet,f000007,regular,worksheet-formula,1,single-cell,1,D37,,,0,hydraulics.bit-nozzle,local-context,hp|in^2|percent|psi
1e6e0ff76799305d,hydraulics,.xls,1,s0001,worksheet,f000008,regular,worksheet-formula,1,single-cell,1,D32,IF|SUM,,0,hydraulics.bit-nozzle|hydraulics.pressure-loss,local-context,hp
1e6e0ff76799305d,hydraulics,.xls,1,s0001,worksheet,f000009,regular,worksheet-formula,1,single-cell,1,I32,ROUNDUP|SUM,,0,hydraulics.pressure-loss,local-context,
1e6e0ff76799305d,hydraulics,.xls,1,s0001,worksheet,f000010,regular,worksheet-formula,3,filled-row,1,C27:H27,IF,,0,hydraulics.unresolved,catalog-category,gal/min
1e6e0ff76799305d,hydraulics,.xls,1,s0001,worksheet,f000011,regular,worksheet-formula,1,single-cell,1,D35,IF|SUM|UDF,,0,hydraulics.bit-nozzle|hydraulics.equivalent-circulating-density,local-context,hp|in^2|percent|ppg
1e6e0ff76799305d,hydraulics,.xls,1,s0001,worksheet,f000012,regular,worksheet-formula,1,single-cell,1,D38,IF|UDF,,0,hydraulics.bit-nozzle|hydraulics.pressure-loss,local-context,hp|in^2|percent
1e6e0ff76799305d,hydraulics,.xls,1,s0001,worksheet,f000013,regular,worksheet-formula,1,single-cell,1,D36,PI,,0,hydraulics.bit-nozzle,local-context,hp|in^2|percent
1e6e0ff76799305d,hydraulics,.xls,1,s0001,worksheet,f000014,regular,worksheet-formula,1,single-cell,1,C22,COS|PI,,0,directional.coordinates|hydraulics.annular-velocity,local-context,ft|gal/min|percent|strokes/min
1e6e0ff76799305d,hydraulics,.xls,1,s0001,worksheet,f000015,regular,worksheet-formula,7,filled-row,1,C29:I29,IF|ROUNDDOWN|UDF,,0,hydraulics.bit-nozzle|hydraulics.pressure-loss,local-context,
1e6e0ff76799305d,hydraulics,.xls,1,s0001,worksheet,f000016,regular,worksheet-formula,4,filled-row,1,C30:F30,IF|UDF,,0,hydraulics.bit-nozzle|hydraulics.pressure-loss,local-context,hp
1e6e0ff76799305d,hydraulics,.xls,1,s0001,worksheet,f000017,regular,worksheet-formula,3,filled-row,1,G30:I30,IF|ISERROR,,0,hydraulics.pressure-loss,local-context,
1e6e0ff76799305d,hydraulics,.xls,1,s0001,worksheet,f000018,regular,worksheet-formula,1,single-cell,1,I38,,,0,hydraulics.bit-nozzle,local-context,
1e6e0ff76799305d,hydraulics,.xls,1,s0001,worksheet,f000019,regular,worksheet-formula,1,single-cell,1,I33,IF|UDF,,0,hydraulics.bit-nozzle,local-context,
1e6e0ff76799305d,hydraulics,.xls,1,s0001,worksheet,f000020,regular,worksheet-formula,1,single-cell,1,I37,IF|PI|UDF,,0,hydraulics.unresolved,catalog-category,hp|in^2
1e6e0ff76799305d,hydraulics,.xls,1,s0001,worksheet,f000021,regular,worksheet-formula,2,multi-area,2,D33|H16,SUM,,0,hydraulics.bit-nozzle|hydraulics.pressure-loss,local-context,ft|hp
1e6e0ff76799305d,hydraulics,.xls,1,s0001,worksheet,f000022,regular,worksheet-formula,1,single-cell,1,I36,IF|UDF,,0,hydraulics.unresolved,catalog-category,hp|percent
1e6f56798a002c5f,torque-drag-drillstring,.xls,1,s0001,worksheet,f000001,regular,worksheet-formula,1,single-cell,1,E15,COS|PI|RADIANS,,0,torque-drag.unresolved,catalog-category,
1e6f56798a002c5f,torque-drag-drillstring,.xls,1,s0001,worksheet,f000002,regular,worksheet-formula,3,filled-column,1,E9:E36,,,0,torque-drag.unresolved,catalog-category,ft
1e6f56798a002c5f,torque-drag-drillstring,.xls,1,s0001,worksheet,f000003,regular,worksheet-formula,2,filled-column,1,E11:E38,COS|PI|RADIANS,,0,torque-drag.unresolved,catalog-category,
1e6f56798a002c5f,torque-drag-drillstring,.xls,1,s0001,worksheet,f000004,regular,worksheet-formula,1,single-cell,1,E40,,,0,torque-drag.unresolved,catalog-category,
1e6f56798a002c5f,torque-drag-drillstring,.xls,1,s0001,worksheet,f000005,regular,worksheet-formula,3,filled-column,1,B22:B42,,,0,torque-drag.unresolved,catalog-category,ft
1e6f56798a002c5f,torque-drag-drillstring,.xls,1,s0001,worksheet,f000006,regular,worksheet-formula,4,multi-area,4,B23|B26|B43|E18,,,0,torque-drag.unresolved,catalog-category,ft
1e6f56798a002c5f,torque-drag-drillstring,.xls,1,s0001,worksheet,f000007,regular,worksheet-formula,2,filled-column,1,E20:E43,,,0,torque-drag.unresolved,catalog-category,ft
1e6f56798a002c5f,torque-drag-drillstring,.xls,1,s0001,worksheet,f000008,regular,worksheet-formula,1,single-cell,1,E37,,,0,torque-drag.axial-load,local-context,
1e6f56798a002c5f,torque-drag-drillstring,.xls,1,s0001,worksheet,f000009,regular,worksheet-formula,1,single-cell,1,E13,,,0,torque-drag.unresolved,catalog-category,deg
1e6f56798a002c5f,torque-drag-drillstring,.xls,1,s0001,worksheet,f000010,regular,worksheet-formula,2,filled-column,1,E8:E35,,,0,torque-drag.unresolved,catalog-category,
1e6f56798a002c5f,torque-drag-drillstring,.xls,1,s0001,worksheet,f000011,regular,worksheet-formula,2,filled-column,1,E12:E39,COS|PI|RADIANS,,0,torque-drag.unresolved,catalog-category,deg
1e6f56798a002c5f,torque-drag-drillstring,.xls,1,s0001,worksheet,f000012,regular,worksheet-formula,1,single-cell,1,E14,COS|PI|RADIANS,,0,torque-drag.unresolved,catalog-category,
1e6f56798a002c5f,torque-drag-drillstring,.xls,1,s0001,worksheet,f000013,regular,worksheet-formula,2,filled-column,1,E19:E42,,,0,torque-drag.unresolved,catalog-category,ft
1e6f56798a002c5f,torque-drag-drillstring,.xls,1,s0001,worksheet,f000014,regular,worksheet-formula,1,single-cell,1,B28,IF,,0,torque-drag.unresolved,catalog-category,ft
1e6f56798a002c5f,torque-drag-drillstring,.xls,1,s0001,worksheet,f000015,regular,worksheet-formula,1,single-cell,1,E10,,,0,torque-drag.unresolved,catalog-category,
1e6ff4d7941da18d,hydraulics,.xlsx,3,s0003,worksheet,f000001,regular,worksheet-formula,480,rectangular-table,1,B3:I84,,,0,hydraulics.equivalent-circulating-density|hydraulics.pressure-loss,local-context,gal/min|ppg|psi|rpm
1e6ff4d7941da18d,hydraulics,.xlsx,1,s0001,worksheet,f000002,regular,worksheet-formula,1,single-cell,1,I4,SUM,,0,cross-cutting.validation,local-context,ft|in
1e714a35863a0d7e,bha-tools,.xls,6,s0006,worksheet,f000001,regular,worksheet-formula,2,filled-column,1,M49:M51,,,0,bha.geometry,local-context,N
1e714a35863a0d7e,bha-tools,.xls,6,s0006,worksheet,f000002,regular,worksheet-formula,1,single-cell,1,E50,,,0,bha.geometry,local-context,N|specific-gravity
1e714a35863a0d7e,bha-tools,.xls,6,s0006,worksheet,f000003,regular,worksheet-formula,2,filled-column,1,M48:M50,SUM,,0,bha.geometry,local-context,N
1e714a35863a0d7e,bha-tools,.xls,6,s0006,worksheet,f000004,regular,worksheet-formula,1,single-cell,1,P16,IF,,0,bha.geometry,local-context,in|kg|m
1e714a35863a0d7e,bha-tools,.xls,6,s0006,worksheet,f000005,regular,worksheet-formula,2,filled-row,1,L16:N16,IF,,0,bha.geometry|torque-drag.connection-capacity,local-context,kg|m
1e714a35863a0d7e,bha-tools,.xls,7,s0007,worksheet,f000006,regular,worksheet-formula,2,filled-column,1,M49:M51,,,0,bha.geometry,local-context,N
1e714a35863a0d7e,bha-tools,.xls,7,s0007,worksheet,f000007,regular,worksheet-formula,1,single-cell,1,E50,,,0,bha.geometry,local-context,N|specific-gravity
1e714a35863a0d7e,bha-tools,.xls,7,s0007,worksheet,f000008,regular,worksheet-formula,2,filled-column,1,M48:M50,SUM,,0,bha.geometry,local-context,N
1e714a35863a0d7e,bha-tools,.xls,7,s0007,worksheet,f000009,regular,worksheet-formula,1,single-cell,1,P16,IF,,0,bha.geometry,local-context,in|kg|m
1e714a35863a0d7e,bha-tools,.xls,7,s0007,worksheet,f000010,regular,worksheet-formula,2,filled-row,1,L16:N16,IF,,0,bha.geometry|torque-drag.connection-capacity,local-context,kg|m
1e714a35863a0d7e,bha-tools,.xls,1,s0001,worksheet,f000011,regular,worksheet-formula,2,filled-column,1,M43:M45,,,0,bha.geometry,local-context,
1e714a35863a0d7e,bha-tools,.xls,1,s0001,worksheet,f000012,regular,worksheet-formula,1,single-cell,1,E44,,,0,bha.geometry,local-context,specific-gravity
1e714a35863a0d7e,bha-tools,.xls,1,s0001,worksheet,f000013,regular,worksheet-formula,2,filled-column,1,M42:M44,SUM,,0,bha.geometry,local-context,
1e714a35863a0d7e,bha-tools,.xls,1,s0001,worksheet,f000014,regular,worksheet-formula,1,single-cell,1,P16,IF,,0,bha.geometry,local-context,in|kg|m
1e714a35863a0d7e,bha-tools,.xls,1,s0001,worksheet,f000015,regular,worksheet-formula,2,filled-row,1,L16:N16,IF,,0,bha.geometry|torque-drag.connection-capacity,local-context,kg|m
1e714a35863a0d7e,bha-tools,.xls,10,s0010,worksheet,f000016,regular,worksheet-formula,2,filled-column,1,M49:M51,,,0,bha.geometry,local-context,N
1e714a35863a0d7e,bha-tools,.xls,10,s0010,worksheet,f000017,regular,worksheet-formula,1,single-cell,1,E50,,,0,bha.geometry,local-context,N|specific-gravity
1e714a35863a0d7e,bha-tools,.xls,10,s0010,worksheet,f000018,regular,worksheet-formula,2,filled-column,1,M48:M50,SUM,,0,bha.geometry,local-context,N
1e714a35863a0d7e,bha-tools,.xls,10,s0010,worksheet,f000019,regular,worksheet-formula,1,single-cell,1,P16,IF,,0,bha.geometry,local-context,in|kg|m
1e714a35863a0d7e,bha-tools,.xls,10,s0010,worksheet,f000020,regular,worksheet-formula,2,filled-row,1,L16:N16,IF,,0,bha.geometry|torque-drag.connection-capacity,local-context,kg|m
1e714a35863a0d7e,bha-tools,.xls,11,s0011,worksheet,f000021,regular,worksheet-formula,2,filled-column,1,M49:M51,,,0,bha.geometry,local-context,N
1e714a35863a0d7e,bha-tools,.xls,11,s0011,worksheet,f000022,regular,worksheet-formula,1,single-cell,1,E50,,,0,bha.geometry,local-context,N|specific-gravity
1e714a35863a0d7e,bha-tools,.xls,11,s0011,worksheet,f000023,regular,worksheet-formula,2,filled-column,1,M48:M50,SUM,,0,bha.geometry,local-context,N
1e714a35863a0d7e,bha-tools,.xls,11,s0011,worksheet,f000024,regular,worksheet-formula,1,single-cell,1,P16,IF,,0,bha.geometry,local-context,in|kg|m
1e714a35863a0d7e,bha-tools,.xls,11,s0011,worksheet,f000025,regular,worksheet-formula,2,filled-row,1,L16:N16,IF,,0,bha.geometry|torque-drag.connection-capacity,local-context,kg|m
1e714a35863a0d7e,bha-tools,.xls,11,s0011,worksheet,f000026,regular,worksheet-formula,2,filled-row,1,L17:N17,IF,,0,bha.geometry,local-context,kg|m
1e714a35863a0d7e,bha-tools,.xls,3,s0003,worksheet,f000027,regular,worksheet-formula,2,filled-column,1,M49:M51,,,0,bha.geometry,local-context,N
1e714a35863a0d7e,bha-tools,.xls,3,s0003,worksheet,f000028,regular,worksheet-formula,1,single-cell,1,E50,,,0,bha.geometry,local-context,N|specific-gravity
1e714a35863a0d7e,bha-tools,.xls,3,s0003,worksheet,f000029,regular,worksheet-formula,2,filled-column,1,M48:M50,SUM,,0,bha.geometry,local-context,N
1e714a35863a0d7e,bha-tools,.xls,3,s0003,worksheet,f000030,regular,worksheet-formula,1,single-cell,1,P16,IF,,0,bha.geometry,local-context,in|kg|m
1e714a35863a0d7e,bha-tools,.xls,3,s0003,worksheet,f000031,regular,worksheet-formula,2,filled-row,1,L16:N16,IF,,0,bha.geometry|torque-drag.connection-capacity,local-context,kg|m
1e714a35863a0d7e,bha-tools,.xls,5,s0005,worksheet,f000032,regular,worksheet-formula,2,filled-column,1,M49:M51,,,0,bha.geometry,local-context,N
1e714a35863a0d7e,bha-tools,.xls,5,s0005,worksheet,f000033,regular,worksheet-formula,1,single-cell,1,E50,,,0,bha.geometry,local-context,N|specific-gravity
1e714a35863a0d7e,bha-tools,.xls,5,s0005,worksheet,f000034,regular,worksheet-formula,2,filled-column,1,M48:M50,SUM,,0,bha.geometry,local-context,N
1e714a35863a0d7e,bha-tools,.xls,5,s0005,worksheet,f000035,regular,worksheet-formula,1,single-cell,1,P16,IF,,0,bha.geometry,local-context,in|kg|m
1e714a35863a0d7e,bha-tools,.xls,5,s0005,worksheet,f000036,regular,worksheet-formula,2,filled-row,1,L16:N16,IF,,0,bha.geometry|torque-drag.connection-capacity,local-context,kg|m
1e714a35863a0d7e,bha-tools,.xls,8,s0008,worksheet,f000037,regular,worksheet-formula,2,filled-column,1,M49:M51,,,0,bha.geometry,local-context,N
1e714a35863a0d7e,bha-tools,.xls,8,s0008,worksheet,f000038,regular,worksheet-formula,1,single-cell,1,E50,,,0,bha.geometry,local-context,N|specific-gravity
1e714a35863a0d7e,bha-tools,.xls,8,s0008,worksheet,f000039,regular,worksheet-formula,2,filled-column,1,M48:M50,SUM,,0,bha.geometry,local-context,N
1e714a35863a0d7e,bha-tools,.xls,8,s0008,worksheet,f000040,regular,worksheet-formula,1,single-cell,1,P16,IF,,0,bha.geometry,local-context,in|kg|m
1e714a35863a0d7e,bha-tools,.xls,8,s0008,worksheet,f000041,regular,worksheet-formula,2,filled-row,1,L16:N16,IF,,0,bha.geometry|torque-drag.connection-capacity,local-context,kg|m
1e714a35863a0d7e,bha-tools,.xls,9,s0009,worksheet,f000042,regular,worksheet-formula,2,filled-column,1,M49:M51,,,0,bha.geometry,local-context,N
1e714a35863a0d7e,bha-tools,.xls,9,s0009,worksheet,f000043,regular,worksheet-formula,1,single-cell,1,E50,,,0,bha.geometry,local-context,N|specific-gravity
1e714a35863a0d7e,bha-tools,.xls,9,s0009,worksheet,f000044,regular,worksheet-formula,2,filled-column,1,M48:M50,SUM,,0,bha.geometry,local-context,N
1e714a35863a0d7e,bha-tools,.xls,9,s0009,worksheet,f000045,regular,worksheet-formula,1,single-cell,1,P16,IF,,0,bha.geometry,local-context,in|kg|m
1e714a35863a0d7e,bha-tools,.xls,9,s0009,worksheet,f000046,regular,worksheet-formula,2,filled-row,1,L16:N16,IF,,0,bha.geometry|torque-drag.connection-capacity,local-context,kg|m
1e714a35863a0d7e,bha-tools,.xls,4,s0004,worksheet,f000047,regular,worksheet-formula,2,filled-column,1,M49:M51,,,0,bha.geometry,local-context,N
1e714a35863a0d7e,bha-tools,.xls,4,s0004,worksheet,f000048,regular,worksheet-formula,1,single-cell,1,E50,,,0,bha.geometry,local-context,N|specific-gravity
1e714a35863a0d7e,bha-tools,.xls,4,s0004,worksheet,f000049,regular,worksheet-formula,2,filled-column,1,M48:M50,SUM,,0,bha.geometry,local-context,N
1e714a35863a0d7e,bha-tools,.xls,4,s0004,worksheet,f000050,regular,worksheet-formula,1,single-cell,1,P16,IF,,0,bha.geometry,local-context,in|kg|m
1e714a35863a0d7e,bha-tools,.xls,4,s0004,worksheet,f000051,regular,worksheet-formula,2,filled-row,1,L16:N16,IF,,0,bha.geometry|torque-drag.connection-capacity,local-context,kg|m
1e714a35863a0d7e,bha-tools,.xls,2,s0002,worksheet,f000052,regular,worksheet-formula,2,filled-column,1,M43:M45,,,0,bha.geometry,local-context,
1e714a35863a0d7e,bha-tools,.xls,2,s0002,worksheet,f000053,regular,worksheet-formula,1,single-cell,1,E44,,,0,bha.geometry,local-context,specific-gravity
1e714a35863a0d7e,bha-tools,.xls,2,s0002,worksheet,f000054,regular,worksheet-formula,2,filled-column,1,M42:M44,SUM,,0,bha.geometry,local-context,
1e714a35863a0d7e,bha-tools,.xls,2,s0002,worksheet,f000055,regular,worksheet-formula,1,single-cell,1,P16,IF,,0,bha.geometry,local-context,in|kg|m
1e714a35863a0d7e,bha-tools,.xls,2,s0002,worksheet,f000056,regular,worksheet-formula,2,filled-row,1,L16:N16,IF,,0,bha.geometry|torque-drag.connection-capacity,local-context,kg|m
261356ca402063dc,torque-drag-drillstring,.xls,2,s0002,worksheet,f000001,regular,worksheet-formula,2,filled-column,1,D9:D10,,,0,torque-drag.connection-capacity|torque-drag.stress-capacity,local-context,psi
261356ca402063dc,torque-drag-drillstring,.xls,2,s0002,worksheet,f000002,regular,worksheet-formula,2,filled-column,1,I31:I51,MIN,,0,torque-drag.axial-load|torque-drag.connection-capacity,local-context,in^2|lbf
261356ca402063dc,torque-drag-drillstring,.xls,2,s0002,worksheet,f000003,regular,worksheet-formula,4,multi-area,4,D38|D45|D55|H22,,,0,bha.bending-loading|hydraulics.friction-factor|torque-drag.connection-capacity,local-context,in|in^2|in^3|lbf|psi
261356ca402063dc,torque-drag-drillstring,.xls,2,s0002,worksheet,f000004,regular,worksheet-formula,2,filled-column,1,D29:D30,,,0,torque-drag.connection-capacity,local-context,ft*lbf|in^2|psi
261356ca402063dc,torque-drag-drillstring,.xls,2,s0002,worksheet,f000005,regular,worksheet-formula,1,single-cell,1,D31,MIN,,0,torque-drag.connection-capacity,local-context,ft*lbf|lbf|psi
261356ca402063dc,torque-drag-drillstring,.xls,2,s0002,worksheet,f000006,regular,worksheet-formula,2,filled-column,1,D32:D33,,,0,torque-drag.connection-capacity,local-context,ft*lbf|psi
261356ca402063dc,torque-drag-drillstring,.xls,2,s0002,worksheet,f000007,regular,worksheet-formula,1,single-cell,1,I29,PI,,0,torque-drag.axial-load|torque-drag.connection-capacity,local-context,in^2|lbf
261356ca402063dc,torque-drag-drillstring,.xls,2,s0002,worksheet,f000008,regular,worksheet-formula,2,filled-column,1,D42:D44,,,0,bha.bending-loading|torque-drag.connection-capacity,local-context,in|in^3
261356ca402063dc,torque-drag-drillstring,.xls,2,s0002,worksheet,f000009,regular,worksheet-formula,2,filled-column,1,E29:E30,IF,,0,torque-drag.axial-load|torque-drag.connection-capacity,local-context,ft*lbf|in^2|lbf|psi
261356ca402063dc,torque-drag-drillstring,.xls,2,s0002,worksheet,f000010,regular,worksheet-formula,1,single-cell,1,I30,,,0,torque-drag.axial-load|torque-drag.connection-capacity,local-context,in^2|lbf
261356ca402063dc,torque-drag-drillstring,.xls,2,s0002,worksheet,f000011,regular,worksheet-formula,2,filled-column,1,E52:E53,IF,,0,torque-drag.axial-load|torque-drag.connection-capacity,local-context,ft*lbf|lbf|psi
261356ca402063dc,torque-drag-drillstring,.xls,2,s0002,worksheet,f000012,regular,worksheet-formula,1,single-cell,1,J31,IF,,0,torque-drag.connection-capacity,local-context,lbf
261356ca402063dc,torque-drag-drillstring,.xls,2,s0002,worksheet,f000013,regular,worksheet-formula,1,single-cell,1,H18,PI,,0,torque-drag.connection-capacity,local-context,in|in^2
261356ca402063dc,torque-drag-drillstring,.xls,2,s0002,worksheet,f000014,regular,worksheet-formula,1,single-cell,1,H16,,,0,torque-drag.connection-capacity,local-context,in
261356ca402063dc,torque-drag-drillstring,.xls,2,s0002,worksheet,f000015,regular,worksheet-formula,1,single-cell,1,D36,PI,,0,torque-drag.connection-capacity,local-context,in^2|lbf|psi
261356ca402063dc,torque-drag-drillstring,.xls,2,s0002,worksheet,f000016,regular,worksheet-formula,1,single-cell,1,E55,IF|MIN,,0,torque-drag.connection-capacity,local-context,lbf|psi
261356ca402063dc,torque-drag-drillstring,.xls,2,s0002,worksheet,f000017,regular,worksheet-formula,1,single-cell,1,D43,,,0,bha.bending-loading|torque-drag.connection-capacity,local-context,in|in^3
261356ca402063dc,torque-drag-drillstring,.xls,2,s0002,worksheet,f000018,regular,worksheet-formula,1,single-cell,1,D54,,,0,torque-drag.connection-capacity,local-context,lbf|psi
261356ca402063dc,torque-drag-drillstring,.xls,2,s0002,worksheet,f000019,regular,worksheet-formula,1,single-cell,1,H15,,,0,torque-drag.connection-capacity,local-context,ft|in
261356ca402063dc,torque-drag-drillstring,.xls,2,s0002,worksheet,f000020,regular,worksheet-formula,1,single-cell,1,H20,PI,,0,hydraulics.friction-factor|torque-drag.connection-capacity,local-context,in|in^2
261356ca402063dc,torque-drag-drillstring,.xls,2,s0002,worksheet,f000021,regular,worksheet-formula,1,single-cell,1,H17,,,0,torque-drag.connection-capacity,local-context,in|in^2
261356ca402063dc,torque-drag-drillstring,.xls,2,s0002,worksheet,f000022,regular,worksheet-formula,2,filled-column,1,D52:D53,,,0,torque-drag.connection-capacity,local-context,ft*lbf|lbf|psi
261356ca402063dc,torque-drag-drillstring,.xls,2,s0002,worksheet,f000023,regular,worksheet-formula,1,single-cell,1,H19,,,0,hydraulics.friction-factor|torque-drag.connection-capacity,local-context,in|in^2
261356ca402063dc,torque-drag-drillstring,.xls,2,s0002,worksheet,f000024,regular,worksheet-formula,1,single-cell,1,D37,,,0,torque-drag.connection-capacity,local-context,in^2|lbf|psi
261356ca402063dc,torque-drag-drillstring,.xls,2,s0002,worksheet,f000025,regular,worksheet-formula,1,single-cell,1,H21,COS|PI,,0,hydraulics.friction-factor|torque-drag.connection-capacity,local-context,in|in^2
261356ca402063dc,torque-drag-drillstring,.xls,2,s0002,worksheet,f000026,regular,worksheet-formula,1,single-cell,1,D41,,,0,bha.bending-loading|torque-drag.connection-capacity,local-context,in|in^3
261356ca402063dc,torque-drag-drillstring,.xls,1,s0001,worksheet,f000027,regular,worksheet-formula,2,filled-column,1,D9:D10,,,0,torque-drag.connection-capacity|torque-drag.stress-capacity,local-context,psi
261356ca402063dc,torque-drag-drillstring,.xls,1,s0001,worksheet,f000028,regular,worksheet-formula,2,filled-column,1,I31:I51,MIN,,0,torque-drag.axial-load|torque-drag.connection-capacity,local-context,in^2|lbf
261356ca402063dc,torque-drag-drillstring,.xls,1,s0001,worksheet,f000029,regular,worksheet-formula,4,multi-area,4,D38|D45|D55|H22,,,0,bha.bending-loading|hydraulics.friction-factor|torque-drag.connection-capacity,local-context,in|in^2|in^3|lbf|psi
261356ca402063dc,torque-drag-drillstring,.xls,1,s0001,worksheet,f000030,regular,worksheet-formula,2,filled-column,1,D29:D30,,,0,torque-drag.connection-capacity,local-context,ft*lbf|in^2|psi
261356ca402063dc,torque-drag-drillstring,.xls,1,s0001,worksheet,f000031,regular,worksheet-formula,1,single-cell,1,D31,MIN,,0,torque-drag.connection-capacity,local-context,ft*lbf|lbf|psi
261356ca402063dc,torque-drag-drillstring,.xls,1,s0001,worksheet,f000032,regular,worksheet-formula,2,filled-column,1,D32:D33,,,0,torque-drag.connection-capacity,local-context,ft*lbf|psi
261356ca402063dc,torque-drag-drillstring,.xls,1,s0001,worksheet,f000033,regular,worksheet-formula,1,single-cell,1,I29,PI,,0,torque-drag.axial-load|torque-drag.connection-capacity,local-context,in^2|lbf
261356ca402063dc,torque-drag-drillstring,.xls,1,s0001,worksheet,f000034,regular,worksheet-formula,2,filled-column,1,D42:D44,,,0,bha.bending-loading|torque-drag.connection-capacity,local-context,in|in^3
261356ca402063dc,torque-drag-drillstring,.xls,1,s0001,worksheet,f000035,regular,worksheet-formula,2,filled-column,1,E29:E30,IF,,0,torque-drag.axial-load|torque-drag.connection-capacity,local-context,ft*lbf|in^2|lbf|psi
261356ca402063dc,torque-drag-drillstring,.xls,1,s0001,worksheet,f000036,regular,worksheet-formula,1,single-cell,1,I30,,,0,torque-drag.axial-load|torque-drag.connection-capacity,local-context,in^2|lbf
261356ca402063dc,torque-drag-drillstring,.xls,1,s0001,worksheet,f000037,regular,worksheet-formula,2,filled-column,1,E52:E53,IF,,0,torque-drag.axial-load|torque-drag.connection-capacity,local-context,ft*lbf|lbf|psi
261356ca402063dc,torque-drag-drillstring,.xls,1,s0001,worksheet,f000038,regular,worksheet-formula,1,single-cell,1,J31,IF,,0,torque-drag.connection-capacity,local-context,lbf
261356ca402063dc,torque-drag-drillstring,.xls,1,s0001,worksheet,f000039,regular,worksheet-formula,1,single-cell,1,H18,PI,,0,torque-drag.connection-capacity,local-context,in|in^2
261356ca402063dc,torque-drag-drillstring,.xls,1,s0001,worksheet,f000040,regular,worksheet-formula,1,single-cell,1,H16,,,0,torque-drag.connection-capacity,local-context,in
261356ca402063dc,torque-drag-drillstring,.xls,1,s0001,worksheet,f000041,regular,worksheet-formula,1,single-cell,1,D36,PI,,0,torque-drag.connection-capacity,local-context,in^2|lbf|psi
261356ca402063dc,torque-drag-drillstring,.xls,1,s0001,worksheet,f000042,regular,worksheet-formula,1,single-cell,1,E55,IF|MIN,,0,torque-drag.connection-capacity,local-context,lbf|psi
261356ca402063dc,torque-drag-drillstring,.xls,1,s0001,worksheet,f000043,regular,worksheet-formula,1,single-cell,1,D43,,,0,bha.bending-loading|torque-drag.connection-capacity,local-context,in|in^3
261356ca402063dc,torque-drag-drillstring,.xls,1,s0001,worksheet,f000044,regular,worksheet-formula,1,single-cell,1,D54,,,0,torque-drag.connection-capacity,local-context,lbf|psi
261356ca402063dc,torque-drag-drillstring,.xls,1,s0001,worksheet,f000045,regular,worksheet-formula,1,single-cell,1,H15,,,0,torque-drag.connection-capacity,local-context,ft|in
261356ca402063dc,torque-drag-drillstring,.xls,1,s0001,worksheet,f000046,regular,worksheet-formula,1,single-cell,1,H20,PI,,0,hydraulics.friction-factor|torque-drag.connection-capacity,local-context,in|in^2
261356ca402063dc,torque-drag-drillstring,.xls,1,s0001,worksheet,f000047,regular,worksheet-formula,1,single-cell,1,H17,,,0,torque-drag.connection-capacity,local-context,in|in^2
261356ca402063dc,torque-drag-drillstring,.xls,1,s0001,worksheet,f000048,regular,worksheet-formula,2,filled-column,1,D52:D53,,,0,torque-drag.connection-capacity,local-context,ft*lbf|lbf|psi
261356ca402063dc,torque-drag-drillstring,.xls,1,s0001,worksheet,f000049,regular,worksheet-formula,1,single-cell,1,H19,,,0,hydraulics.friction-factor|torque-drag.connection-capacity,local-context,in|in^2
261356ca402063dc,torque-drag-drillstring,.xls,1,s0001,worksheet,f000050,regular,worksheet-formula,1,single-cell,1,D37,,,0,torque-drag.connection-capacity,local-context,in^2|lbf|psi
261356ca402063dc,torque-drag-drillstring,.xls,1,s0001,worksheet,f000051,regular,worksheet-formula,1,single-cell,1,H21,COS|PI,,0,hydraulics.friction-factor|torque-drag.connection-capacity,local-context,in|in^2
261356ca402063dc,torque-drag-drillstring,.xls,1,s0001,worksheet,f000052,regular,worksheet-formula,1,single-cell,1,D41,,,0,bha.bending-loading|torque-drag.connection-capacity,local-context,in|in^3
266671ee19a7b17b,bha-tools,.xlsx,2,s0002,worksheet,f000001,regular,worksheet-formula,93,rectangular-table,1,J11:N41,,,0,bha.geometry,local-context,ft
266671ee19a7b17b,bha-tools,.xlsx,2,s0002,worksheet,f000002,regular,worksheet-formula,28,filled-column,1,G14:G41,SUM,,0,bha.geometry,local-context,
266671ee19a7b17b,bha-tools,.xlsx,2,s0002,worksheet,f000003,regular,worksheet-formula,11,multi-area,5,G11:G13|I42:I43|J44:J45|K42:K43|L44:L45,SUM,,0,bha.geometry,local-context,ft
266671ee19a7b17b,bha-tools,.xlsx,2,s0002,worksheet,f000004,regular,worksheet-formula,62,rectangular-table,1,I11:K41,,,0,bha.geometry,local-context,ft
266671ee19a7b17b,bha-tools,.xlsx,2,s0002,worksheet,f000005,regular,worksheet-formula,1,single-cell,1,C8,,,0,bha.geometry,local-context,ft|ppg
266671ee19a7b17b,bha-tools,.xlsx,2,s0002,worksheet,f000006,regular,worksheet-formula,64,multi-area,2,F11:F41|H11:H43,,,0,bha.geometry,local-context,ft
266671ee19a7b17b,bha-tools,.xlsx,1,s0001,worksheet,f000007,regular,worksheet-formula,60,rectangular-table,1,J11:N30,,,0,bha.geometry|torque-drag.connection-capacity,local-context,ft
266671ee19a7b17b,bha-tools,.xlsx,1,s0001,worksheet,f000008,regular,worksheet-formula,19,filled-column,1,A12:A30,,,0,bha.geometry,local-context,
266671ee19a7b17b,bha-tools,.xlsx,1,s0001,worksheet,f000009,regular,worksheet-formula,19,filled-column,1,G12:G30,SUM,,0,bha.geometry,local-context,ft
266671ee19a7b17b,bha-tools,.xlsx,1,s0001,worksheet,f000010,regular,worksheet-formula,9,multi-area,5,G11|I31:I32|J33:J34|K31:K32|L33:L34,SUM,,0,bha.geometry,local-context,ft
266671ee19a7b17b,bha-tools,.xlsx,1,s0001,worksheet,f000011,regular,worksheet-formula,40,rectangular-table,1,I11:K30,,,0,bha.geometry,local-context,ft
266671ee19a7b17b,bha-tools,.xlsx,1,s0001,worksheet,f000012,regular,worksheet-formula,1,single-cell,1,C8,,,0,bha.geometry,local-context,ft|ppg
266671ee19a7b17b,bha-tools,.xlsx,1,s0001,worksheet,f000013,regular,worksheet-formula,40,rectangular-table,1,F11:H30,,,0,bha.geometry,local-context,ft
266671ee19a7b17b,bha-tools,.xlsx,5,s0005,worksheet,f000014,regular,worksheet-formula,26,filled-column,1,O8:O33,SQRT,,0,bha.geometry,local-context,
266671ee19a7b17b,bha-tools,.xlsx,4,s0004,worksheet,f000015,regular,worksheet-formula,1,single-cell,1,T16,SIN,,0,bha.geometry|directional.coordinates,local-context,
266671ee19a7b17b,bha-tools,.xlsx,4,s0004,worksheet,f000016,regular,worksheet-formula,1,single-cell,1,T12,,,0,bha.geometry,local-context,
266671ee19a7b17b,bha-tools,.xlsx,4,s0004,worksheet,f000017,regular,worksheet-formula,1,single-cell,1,T13,ACOS|COS|SIN,,0,bha.geometry,local-context,
266671ee19a7b17b,bha-tools,.xlsx,4,s0004,worksheet,f000018,regular,worksheet-formula,1,single-cell,1,T15,COS|SIN,,0,bha.geometry|directional.coordinates,local-context,
266671ee19a7b17b,bha-tools,.xlsx,4,s0004,worksheet,f000019,regular,worksheet-formula,1,single-cell,1,T14,TAN,,0,bha.geometry,local-context,
266671ee19a7b17b,bha-tools,.xlsx,4,s0004,worksheet,f000020,regular,worksheet-formula,1,single-cell,1,T17,COS,,0,bha.geometry|directional.coordinates,local-context,
266671ee19a7b17b,bha-tools,.xlsx,4,s0004,worksheet,f000021,regular,worksheet-formula,26,filled-column,1,N8:N33,SQRT,,0,bha.geometry,local-context,rad
266671ee19a7b17b,bha-tools,.xlsx,4,s0004,worksheet,f000022,regular,worksheet-formula,4,rectangular-table,1,S8:T9,RADIANS,,0,bha.geometry,local-context,rad
282c3e39ed333b87,hydraulics,.xlsx,3,s0003,worksheet,f000001,regular,worksheet-formula,450,multi-area,45,B3:B12|B16:B25|B29:B38|B49:B58|B62:B71|B75:B84|C3:C12|C16:C25|C29:C38|C49:C58|C62:C71|C75:C84|D3:D12|D16:D25|D29:D38|D49:D58|D62:D71|D75:D84|E3:E12|E16:E25|E29:E38|E49:E58|E62:E71|E75:E84|F16:F25|F29:F38|F75:F84|G3:G12|G16:G25|G29:G38|G49:G58|G62:G71|G75:G84|H3:H12|H16:H25|H29:H38|H49:H58|H62:H71|H75:H84|I3:I12|I16:I25|I29:I38|I49:I58|I62:I71|I75:I84,,,0,hydraulics.equivalent-circulating-density|hydraulics.pressure-loss,local-context,gal/min|ppg|psi|rpm
282c3e39ed333b87,hydraulics,.xlsx,3,s0003,worksheet,f000002,regular,worksheet-formula,10,filled-column,1,J3:J12,ABS,,0,hydraulics.unresolved,catalog-category,
282c3e39ed333b87,hydraulics,.xlsx,1,s0001,worksheet,f000003,regular,worksheet-formula,1,single-cell,1,I4,SUM,,0,cross-cutting.validation,local-context,ft|in
2f31e7e9f41839d2,hydraulics,.xlsm,3,s0003,worksheet,f000001,regular,worksheet-formula,2,filled-row,1,GK4:GL4,IF,,0,directional.coordinates,local-context,ft
2f31e7e9f41839d2,hydraulics,.xlsm,3,s0003,worksheet,f000002,regular,worksheet-formula,25,filled-column,1,FD63:FD87,IF,,0,hydraulics.unresolved,catalog-category,ft
2f31e7e9f41839d2,hydraulics,.xlsm,3,s0003,worksheet,f000003,regular,worksheet-formula,3,filled-column,1,AE43:AE45,IF,,0,hydraulics.unresolved,catalog-category,ft|strokes/min
2f31e7e9f41839d2,hydraulics,.xlsm,3,s0003,worksheet,f000004,regular,worksheet-formula,1,single-cell,1,BS64,IF,,0,cross-cutting.lookup|hydraulics.pressure-loss,local-context,ft|psi
2f31e7e9f41839d2,hydraulics,.xlsm,3,s0003,worksheet,f000005,regular,worksheet-formula,525,multi-area,24,B40|F37|F41|G37|G41|H37|H41|I37|L40:L41|N40|Q41|T53|CB62|CB163|CF107:CF207|CG107:CG207|CH107:CH207|CI107:CI207|CJ107:CJ207|EV142|EW142|EX142|EY142|EZ142,,,0,hydraulics.lag|hydraulics.pressure-loss,local-context,L/min|L/s|bbl|ft|ft/min|ft/s|hp|lbf|m/s|min|percent|strokes/min
2f31e7e9f41839d2,hydraulics,.xlsm,3,s0003,worksheet,f000006,regular,worksheet-formula,380,rectangular-table,1,DF63:DZ138,IF|NA,,0,well-control.maasp,local-context,bbl|ft
2f31e7e9f41839d2,hydraulics,.xlsm,3,s0003,worksheet,f000007,regular,worksheet-formula,1,single-cell,1,U63,IF,,0,cross-cutting.unit-conversion|hydraulics.pressure-loss|hydraulics.reynolds-number|hydraulics.rheology,local-context,ft
2f31e7e9f41839d2,hydraulics,.xlsm,3,s0003,worksheet,f000008,regular,worksheet-formula,1,single-cell,1,B37,,,0,hydraulics.unresolved,catalog-category,ft|hp|in^2|lbf|percent
2f31e7e9f41839d2,hydraulics,.xlsm,3,s0003,worksheet,f000009,regular,worksheet-formula,1,single-cell,1,D36,,,0,hydraulics.unresolved,catalog-category,ft|hp|in^2|lbf|strokes/min
2f31e7e9f41839d2,hydraulics,.xlsm,3,s0003,worksheet,f000010,regular,worksheet-formula,25,filled-column,1,FG63:FG87,IF|NOT,,0,hydraulics.unresolved,catalog-category,ft
2f31e7e9f41839d2,hydraulics,.xlsm,3,s0003,worksheet,f000011,regular,worksheet-formula,1,single-cell,1,N16,,,0,hydraulics.unresolved,catalog-category,bbl|ft
2f31e7e9f41839d2,hydraulics,.xlsm,3,s0003,worksheet,f000012,regular,worksheet-formula,632,multi-area,21,M40|P41|R51|T55|V45|AI11|AP5:AP55|AV5:AV55|BB5:BB55|BH5:BH55|BN5:BN55|BT57:BT58|CM3:CM103|CP61|CQ61|EN63:EN163|EU63:EU138|EU147:EU161|EW147:EW185|EY147:EY180|FU62,,,0,cross-cutting.lookup|hydraulics.fluid-properties|hydraulics.hydrostatic-pressure|hydraulics.lag|hydraulics.pressure-loss|hydraulics.surge-swab|hydraulics.two-phase-flow|well-control.kick-tolerance,local-context,L/s|bbl|ft|ft/min|ft/s|m/s|min|ppg|psi|specific-gravity
2f31e7e9f41839d2,hydraulics,.xlsm,3,s0003,worksheet,f000013,regular,worksheet-formula,25,filled-column,1,W91:W115,IF,,0,hydraulics.reynolds-number,local-context,cP|ft|ft/min
2f31e7e9f41839d2,hydraulics,.xlsm,3,s0003,worksheet,f000014,regular,worksheet-formula,4,filled-row,1,F35:I35,,,0,hydraulics.unresolved,catalog-category,L/s|ft|hp|m^3/s|min|strokes/min
2f31e7e9f41839d2,hydraulics,.xlsm,3,s0003,worksheet,f000015,regular,worksheet-formula,101,filled-column,1,BV63:BV163,IF,,0,hydraulics.pressure-loss,local-context,ft|psi
2f31e7e9f41839d2,hydraulics,.xlsm,3,s0003,worksheet,f000016,regular,worksheet-formula,1,single-cell,1,B36,PI,,0,hydraulics.unresolved,catalog-category,ft|hp|in^2|lbf|percent
2f31e7e9f41839d2,hydraulics,.xlsm,3,s0003,worksheet,f000017,regular,worksheet-formula,1,single-cell,1,AG91,LOG,,0,hydraulics.reynolds-number,local-context,ft|psi
2f31e7e9f41839d2,hydraulics,.xlsm,3,s0003,worksheet,f000018,regular,worksheet-formula,466,multi-area,29,M121|O41|AB21|AF9|BO63:BO86|CC63:CC163|CK4:CK103|CT54:CT57|DE42:DE45|EV149:EV159|EX149:EX183|EZ149:EZ178|GA325:GA333|GA335:GA343|GA345:GA353|GA355:GA363|GA365:GA373|GA375:GA383|GA385:GA393|GA395:GA403|GA405:GA413|GA415:GA423|GA425:GA433|GA435:GA443|GA445:GA453|GA455:GA463|GA465:GA473|GA475:GA483|GA485:GA493,,,0,hydraulics.equivalent-circulating-density|hydraulics.hydrostatic-pressure|hydraulics.surge-swab|well-control.gas-behavior,local-context,bbl|ft|ft/min|ft/s|gal|m/s|min|ppg|psi|s
2f31e7e9f41839d2,hydraulics,.xlsm,3,s0003,worksheet,f000019,regular,worksheet-formula,25,filled-column,1,AH63:AH87,IF,,0,cross-cutting.unit-conversion|hydraulics.reynolds-number|hydraulics.rheology,local-context,ft
2f31e7e9f41839d2,hydraulics,.xlsm,3,s0003,worksheet,f000020,regular,worksheet-formula,8,filled-row,1,L59:T59,IF,,0,casing.capacity|hydraulics.pressure-loss,local-context,bbl|ft|ft/min|in|psi
2f31e7e9f41839d2,hydraulics,.xlsm,3,s0003,worksheet,f000021,regular,worksheet-formula,25,filled-column,1,AL91:AL115,IF|LOG,,0,hydraulics.friction-factor|hydraulics.rheology,local-context,ft|psi
2f31e7e9f41839d2,hydraulics,.xlsm,3,s0003,worksheet,f000022,regular,worksheet-formula,1,single-cell,1,Y32,,,0,well-control.kill-density,local-context,ft|ft/s
2f31e7e9f41839d2,hydraulics,.xlsm,3,s0003,worksheet,f000023,regular,worksheet-formula,1,single-cell,1,AI8,,,0,hydraulics.fluid-properties|hydraulics.hydrostatic-pressure,local-context,bbl|ft
2f31e7e9f41839d2,hydraulics,.xlsm,3,s0003,worksheet,f000024,regular,worksheet-formula,25,filled-column,1,FB63:FB87,IF,,0,hydraulics.unresolved,catalog-category,ft
2f31e7e9f41839d2,hydraulics,.xlsm,3,s0003,worksheet,f000025,regular,worksheet-formula,25,filled-column,1,AS63:AS87,IF,,0,cross-cutting.unit-conversion|hydraulics.reynolds-number|hydraulics.rheology,local-context,ft|ft/min|min
2f31e7e9f41839d2,hydraulics,.xlsm,3,s0003,worksheet,f000026,regular,worksheet-formula,1,single-cell,1,FT94,,,0,hydraulics.unresolved,catalog-category,ft
2f31e7e9f41839d2,hydraulics,.xlsm,3,s0003,worksheet,f000027,regular,worksheet-formula,1,single-cell,1,AG17,IF,,0,well-control.kick-tolerance,local-context,bbl|ft
2f31e7e9f41839d2,hydraulics,.xlsm,3,s0003,worksheet,f000028,regular,worksheet-formula,4,filled-column,1,AF17:AF20,AND|IF|NOT,,0,hydraulics.hydrostatic-pressure|well-control.kick-tolerance,local-context,ft|ppg|psi
2f31e7e9f41839d2,hydraulics,.xlsm,3,s0003,worksheet,f000029,regular,worksheet-formula,2,filled-row,1,AH44:AJ44,IF,,0,hydraulics.unresolved,catalog-category,ft|strokes/min
2f31e7e9f41839d2,hydraulics,.xlsm,3,s0003,worksheet,f000030,regular,worksheet-formula,2,multi-area,2,AB18|AI21,,,0,directional.coordinates|hydraulics.equivalent-circulating-density|hydraulics.hydrostatic-pressure|well-control.kick-tolerance,local-context,ft|psi
2f31e7e9f41839d2,hydraulics,.xlsm,3,s0003,worksheet,f000031,regular,worksheet-formula,489,filled-column,1,GC5:GC494,IF,,0,directional.coordinates,local-context,ft|ppg|psi
2f31e7e9f41839d2,hydraulics,.xlsm,3,s0003,worksheet,f000032,regular,worksheet-formula,380,rectangular-table,1,DC63:DW138,IF,,0,well-control.maasp,local-context,bbl|ft
2f31e7e9f41839d2,hydraulics,.xlsm,3,s0003,worksheet,f000033,regular,worksheet-formula,19,filled-column,1,U4:U22,IF|PI,,0,hydraulics.unresolved,catalog-category,L/s|bbl|ft|kg|kg/m^3|ppg
2f31e7e9f41839d2,hydraulics,.xlsm,3,s0003,worksheet,f000034,regular,worksheet-formula,101,filled-column,1,BZ63:BZ163,IF|NA,,0,cross-cutting.lookup|hydraulics.pressure-loss,local-context,ft
2f31e7e9f41839d2,hydraulics,.xlsm,3,s0003,worksheet,f000035,regular,worksheet-formula,67,multi-area,14,A88|B31|F34|F36|G34|G36|H34|H36|H47:H52|I34|I36|K95:K119|S63:S87|DC49,,,0,casing.capacity|hydraulics.bit-nozzle|hydraulics.fluid-properties|hydraulics.pressure-loss,local-context,L/min|L/s|bbl|ft|ft/s|ft^2|hp|in^2|kg|kg/m^3|m^2|m^3/s|min|ppg|psi|strokes/min
2f31e7e9f41839d2,hydraulics,.xlsm,3,s0003,worksheet,f000036,regular,worksheet-formula,25,filled-column,1,AM63:AM87,IF|LOG,,0,hydraulics.friction-factor,local-context,ft|psi
2f31e7e9f41839d2,hydraulics,.xlsm,3,s0003,worksheet,f000037,regular,worksheet-formula,491,filled-column,1,GE4:GE494,IF,,0,hydraulics.equivalent-circulating-density,local-context,ft|ppg|psi
2f31e7e9f41839d2,hydraulics,.xlsm,3,s0003,worksheet,f000038,regular,worksheet-formula,25,filled-column,1,AE91:AE115,IF,,0,hydraulics.unresolved,catalog-category,ft|psi
2f31e7e9f41839d2,hydraulics,.xlsm,3,s0003,worksheet,f000039,regular,worksheet-formula,25,filled-column,1,H63:H87,IF,,0,hydraulics.unresolved,catalog-category,bbl|ft|ft/min
2f31e7e9f41839d2,hydraulics,.xlsm,3,s0003,worksheet,f000040,regular,worksheet-formula,3,filled-column,1,AD43:AD45,IF,,0,hydraulics.unresolved,catalog-category,ft|strokes/min
2f31e7e9f41839d2,hydraulics,.xlsm,3,s0003,worksheet,f000041,regular,worksheet-formula,9,rectangular-table,1,AH48:AJ50,AND,,0,hydraulics.pressure-loss,local-context,ft|psi
2f31e7e9f41839d2,hydraulics,.xlsm,3,s0003,worksheet,f000042,regular,worksheet-formula,1,single-cell,1,AB45,IF|TEXT,,0,hydraulics.unresolved,catalog-category,ft|strokes/min
2f31e7e9f41839d2,hydraulics,.xlsm,3,s0003,worksheet,f000043,regular,worksheet-formula,491,filled-column,1,GG4:GG494,IF|NA,,0,hydraulics.equivalent-circulating-density,local-context,ft
2f31e7e9f41839d2,hydraulics,.xlsm,3,s0003,worksheet,f000044,regular,worksheet-formula,8,multi-area,8,E150|AE26|AF15|AI27|DA24|DD39|DF29|EK60,,,0,cementing.volume|directional.coordinates|well-control.maasp,local-context,bbl|ft|ppg|psi
2f31e7e9f41839d2,hydraulics,.xlsm,3,s0003,worksheet,f000045,regular,worksheet-formula,1,single-cell,1,AF7,SQRT,,0,hydraulics.hydrostatic-pressure,local-context,bbl|ft
2f31e7e9f41839d2,hydraulics,.xlsm,3,s0003,worksheet,f000046,regular,worksheet-formula,51,multi-area,3,G63:G87|O63:O87|GA44,IF,,0,hydraulics.pressure-loss,local-context,bbl|ft|ft/min|psi
2f31e7e9f41839d2,hydraulics,.xlsm,3,s0003,worksheet,f000047,regular,worksheet-formula,148,multi-area,8,B3:B7|B95:B120|C3:C7|C95:C120|D95:D120|F3:F22|G3:G22|H3:H22,IF,,0,hydraulics.unresolved,catalog-category,bbl|ft|gal|in|m^3|mm
2f31e7e9f41839d2,hydraulics,.xlsm,3,s0003,worksheet,f000048,regular,worksheet-formula,25,filled-column,1,A63:A87,IF,,0,hydraulics.unresolved,catalog-category,ft|in
2f31e7e9f41839d2,hydraulics,.xlsm,3,s0003,worksheet,f000049,regular,worksheet-formula,25,filled-column,1,CB4:CB28,IF,,0,cementing.volume,local-context,ft
2f31e7e9f41839d2,hydraulics,.xlsm,3,s0003,worksheet,f000050,regular,worksheet-formula,2,multi-area,2,AB33|AH31,,,0,directional.coordinates|well-control.gas-behavior|well-control.kick-tolerance|well-control.kill-density,local-context,bbl|ft|ppg|psi
2f31e7e9f41839d2,hydraulics,.xlsm,3,s0003,worksheet,f000051,regular,worksheet-formula,6,multi-area,5,B38:B39|CA32|CB32|CC32|CD32,,,0,hydraulics.unresolved,catalog-category,bbl|ft|hp|in^2|lbf|percent
2f31e7e9f41839d2,hydraulics,.xlsm,3,s0003,worksheet,f000052,regular,worksheet-formula,2,filled-column,1,DC48:DC50,IF,,0,hydraulics.fluid-properties,local-context,ft
2f31e7e9f41839d2,hydraulics,.xlsm,3,s0003,worksheet,f000053,regular,worksheet-formula,8,filled-row,1,L58:T58,IF,,0,casing.capacity|hydraulics.pressure-loss,local-context,bbl|ft|ft/min|in|psi
2f31e7e9f41839d2,hydraulics,.xlsm,3,s0003,worksheet,f000054,regular,worksheet-formula,25,filled-column,1,AT63:AT87,IF,,0,cross-cutting.unit-conversion|hydraulics.reynolds-number|hydraulics.rheology,local-context,ft|ft/min
2f31e7e9f41839d2,hydraulics,.xlsm,3,s0003,worksheet,f000055,regular,worksheet-formula,25,filled-column,1,T63:T87,AND|IF,,0,casing.capacity|hydraulics.pressure-loss,local-context,bbl|ft|kg/m^3|psi
2f31e7e9f41839d2,hydraulics,.xlsm,3,s0003,worksheet,f000056,regular,worksheet-formula,25,filled-column,1,AW63:AW87,IF|SQRT,,0,hydraulics.unresolved,catalog-category,ft|psi
2f31e7e9f41839d2,hydraulics,.xlsm,3,s0003,worksheet,f000057,regular,worksheet-formula,1,single-cell,1,GD4,IF,,0,directional.coordinates|hydraulics.equivalent-circulating-density,local-context,ft|ppg|psi
2f31e7e9f41839d2,hydraulics,.xlsm,3,s0003,worksheet,f000058,regular,worksheet-formula,21,filled-column,1,B130:B150,IF,,0,cementing.volume,local-context,ft
2f31e7e9f41839d2,hydraulics,.xlsm,3,s0003,worksheet,f000059,regular,worksheet-formula,17,filled-column,1,FT102:FT118,,,0,hydraulics.unresolved,catalog-category,ft
2f31e7e9f41839d2,hydraulics,.xlsm,3,s0003,worksheet,f000060,regular,worksheet-formula,25,filled-column,1,AO63:AO87,IF,,0,hydraulics.friction-factor,local-context,ft|ft/min
2f31e7e9f41839d2,hydraulics,.xlsm,3,s0003,worksheet,f000061,regular,worksheet-formula,51,multi-area,3,A3:A7|A95:A120|E3:E22,IF,,0,directional.coordinates|hydraulics.equivalent-circulating-density,local-context,ft|in
2f31e7e9f41839d2,hydraulics,.xlsm,3,s0003,worksheet,f000062,regular,worksheet-formula,1,single-cell,1,AI24,,,0,directional.coordinates|well-control.maasp,local-context,ft|psi
2f31e7e9f41839d2,hydraulics,.xlsm,3,s0003,worksheet,f000063,regular,worksheet-formula,2,multi-area,2,EH66|EU140,MAX,,0,hydraulics.unresolved,catalog-category,ft|min
2f31e7e9f41839d2,hydraulics,.xlsm,3,s0003,worksheet,f000064,regular,worksheet-formula,1,single-cell,1,DF28,,,0,hydraulics.unresolved,catalog-category,ft
2f31e7e9f41839d2,hydraulics,.xlsm,3,s0003,worksheet,f000065,regular,worksheet-formula,4,filled-row,1,L56:O56,IF,,0,hydraulics.unresolved,catalog-category,ft
2f31e7e9f41839d2,hydraulics,.xlsm,3,s0003,worksheet,f000066,regular,worksheet-formula,30,rectangular-table,1,EV68:EZ73,IF|NA|OR,,0,hydraulics.two-phase-flow,local-context,ft
2f31e7e9f41839d2,hydraulics,.xlsm,3,s0003,worksheet,f000067,regular,worksheet-formula,25,filled-column,1,AR91:AR115,IF,,0,hydraulics.unresolved,catalog-category,ft|ft/min|min
2f31e7e9f41839d2,hydraulics,.xlsm,3,s0003,worksheet,f000068,regular,worksheet-formula,25,filled-column,1,BZ4:BZ28,AND|IF|NOT,,0,cementing.volume,local-context,ft
2f31e7e9f41839d2,hydraulics,.xlsm,3,s0003,worksheet,f000069,regular,worksheet-formula,1,single-cell,1,CV28,IF,,0,hydraulics.unresolved,catalog-category,ft
2f31e7e9f41839d2,hydraulics,.xlsm,3,s0003,worksheet,f000070,regular,worksheet-formula,2,filled-column,1,R40:R41,,,0,hydraulics.hydrostatic-pressure,local-context,bbl|ft|min|psi
2f31e7e9f41839d2,hydraulics,.xlsm,3,s0003,worksheet,f000071,regular,worksheet-formula,40,rectangular-table,1,V3:W22,IF,,0,hydraulics.unresolved,catalog-category,L/s|bbl|ft|gal|m^3
2f31e7e9f41839d2,hydraulics,.xlsm,3,s0003,worksheet,f000072,regular,worksheet-formula,25,filled-column,1,FH63:FH87,IF|NOT,,0,hydraulics.unresolved,catalog-category,bbl|ft
2f31e7e9f41839d2,hydraulics,.xlsm,3,s0003,worksheet,f000073,regular,worksheet-formula,100,filled-column,1,CB63:CB162,,,0,hydraulics.pressure-loss,local-context,ft
2f31e7e9f41839d2,hydraulics,.xlsm,3,s0003,worksheet,f000074,regular,worksheet-formula,1,single-cell,1,BQ65,IF,,0,hydraulics.unresolved,catalog-category,ft
2f31e7e9f41839d2,hydraulics,.xlsm,3,s0003,worksheet,f000075,regular,worksheet-formula,75,multi-area,3,Y63:Y87|Y91:Y115|AU63:AU87,IF,,0,cross-cutting.unit-conversion|hydraulics.reynolds-number|hydraulics.rheology,local-context,cP|ft|ft/min
2f31e7e9f41839d2,hydraulics,.xlsm,3,s0003,worksheet,f000076,regular,worksheet-formula,6,multi-area,6,C49|M45|M50|X37|AM57|BT56,IF,,0,hydraulics.lag,local-context,L/s|bar|ft|hp|kPa|kg|kg/m^3|ppg|psi|specific-gravity
2f31e7e9f41839d2,hydraulics,.xlsm,3,s0003,worksheet,f000077,regular,worksheet-formula,398,rectangular-table,1,GK5:GL203,IF,,0,directional.coordinates,local-context,ft
2f31e7e9f41839d2,hydraulics,.xlsm,3,s0003,worksheet,f000078,regular,worksheet-formula,1,single-cell,1,R52,,,0,hydraulics.lag,local-context,ft|ft/s
2f31e7e9f41839d2,hydraulics,.xlsm,3,s0003,worksheet,f000079,regular,worksheet-formula,1,single-cell,1,B33,,,0,hydraulics.bit-nozzle,local-context,ft|ft/s|m^2|psi
2f31e7e9f41839d2,hydraulics,.xlsm,3,s0003,worksheet,f000080,regular,worksheet-formula,11,filled-column,1,AL37:AL47,IF,,0,hydraulics.unresolved,catalog-category,ft|ppg|strokes/min
2f31e7e9f41839d2,hydraulics,.xlsm,3,s0003,worksheet,f000081,regular,worksheet-formula,9,multi-area,9,L121|AH34|CD29|EV148|EV161|EX148|EX185|EZ148|EZ180,,,0,hydraulics.fluid-properties|well-control.gas-behavior|well-control.kill-density,local-context,ft|psi
2f31e7e9f41839d2,hydraulics,.xlsm,3,s0003,worksheet,f000082,regular,worksheet-formula,50,rectangular-table,1,CZ63:DA87,IF,,0,hydraulics.unresolved,catalog-category,ft
2f31e7e9f41839d2,hydraulics,.xlsm,3,s0003,worksheet,f000083,regular,worksheet-formula,24,filled-column,1,U64:U87,IF,,0,hydraulics.pressure-loss|hydraulics.reynolds-number,local-context,ft
2f31e7e9f41839d2,hydraulics,.xlsm,3,s0003,worksheet,f000084,regular,worksheet-formula,1,single-cell,1,N19,,,0,hydraulics.unresolved,catalog-category,ft|gal
2f31e7e9f41839d2,hydraulics,.xlsm,3,s0003,worksheet,f000085,regular,worksheet-formula,255,rectangular-table,1,AS5:BQ55,IF,,0,hydraulics.unresolved,catalog-category,ft|ppg
2f31e7e9f41839d2,hydraulics,.xlsm,3,s0003,worksheet,f000086,regular,worksheet-formula,50,rectangular-table,1,V63:FE87,IF,,0,cross-cutting.unit-conversion|hydraulics.pressure-loss|hydraulics.reynolds-number|hydraulics.rheology,local-context,cP|ft
2f31e7e9f41839d2,hydraulics,.xlsm,3,s0003,worksheet,f000087,regular,worksheet-formula,491,filled-column,1,GH4:GH494,IF|NA,,0,hydraulics.equivalent-circulating-density,local-context,ft
2f31e7e9f41839d2,hydraulics,.xlsm,3,s0003,worksheet,f000088,regular,worksheet-formula,1,single-cell,1,CR44,,,0,hydraulics.unresolved,catalog-category,ft|ft/min|m/s
2f31e7e9f41839d2,hydraulics,.xlsm,3,s0003,worksheet,f000089,regular,worksheet-formula,25,filled-column,1,BP63:BP87,IF,,0,well-control.gas-behavior,local-context,ft|s
2f31e7e9f41839d2,hydraulics,.xlsm,3,s0003,worksheet,f000090,regular,worksheet-formula,1,single-cell,1,Y27,,,0,hydraulics.unresolved,catalog-category,ft|ft/min
2f31e7e9f41839d2,hydraulics,.xlsm,3,s0003,worksheet,f000091,regular,worksheet-formula,10,multi-area,10,C54|H56|M16|M24|M34|X30|X51|Y25|CP40|CQ43,IF,,0,directional.coordinates|hydraulics.surge-swab,local-context,L/min|L/s|bbl|ft|ft/min|ft/s|kg|m/s|m^3|m^3/s|min
2f31e7e9f41839d2,hydraulics,.xlsm,3,s0003,worksheet,f000092,regular,worksheet-formula,1,single-cell,1,EG64,IF|UDF,,0,hydraulics.unresolved,catalog-category,ft|min
2f31e7e9f41839d2,hydraulics,.xlsm,3,s0003,worksheet,f000093,regular,worksheet-formula,101,filled-column,1,EL63:EL163,,,0,hydraulics.unresolved,catalog-category,ft|min
2f31e7e9f41839d2,hydraulics,.xlsm,3,s0003,worksheet,f000094,regular,worksheet-formula,25,filled-column,1,AB91:AB115,IF|LOG,,0,cross-cutting.unit-conversion|hydraulics.rheology,local-context,ft
2f31e7e9f41839d2,hydraulics,.xlsm,3,s0003,worksheet,f000095,regular,worksheet-formula,1,single-cell,1,T91,,,0,hydraulics.unresolved,catalog-category,ft|kg/m^3
2f31e7e9f41839d2,hydraulics,.xlsm,3,s0003,worksheet,f000096,regular,worksheet-formula,1,single-cell,1,D57,,,0,hydraulics.unresolved,catalog-category,L/min|L/s|ft
2f31e7e9f41839d2,hydraulics,.xlsm,3,s0003,worksheet,f000097,regular,worksheet-formula,1,single-cell,1,AF21,IF,,0,directional.coordinates,local-context,ft|psi
2f31e7e9f41839d2,hydraulics,.xlsm,3,s0003,worksheet,f000098,regular,worksheet-formula,21,filled-column,1,A130:A150,LEFT,,0,cementing.volume,local-context,ft
2f31e7e9f41839d2,hydraulics,.xlsm,3,s0003,worksheet,f000099,regular,worksheet-formula,2,multi-area,2,DD29|DE39,,,0,hydraulics.unresolved,catalog-category,ft|ppg|psi
2f31e7e9f41839d2,hydraulics,.xlsm,3,s0003,worksheet,f000100,regular,worksheet-formula,26,filled-column,1,F95:F120,IF,,0,hydraulics.unresolved,catalog-category,bbl|ft
2f31e7e9f41839d2,hydraulics,.xlsm,3,s0003,worksheet,f000101,regular,worksheet-formula,5,filled-row,1,DC59:DW59,CONCATENATE|UDF,,0,hydraulics.unresolved,catalog-category,ft
2f31e7e9f41839d2,hydraulics,.xlsm,3,s0003,worksheet,f000102,regular,worksheet-formula,1,single-cell,1,DF26,,,0,hydraulics.unresolved,catalog-category,ft
2f31e7e9f41839d2,hydraulics,.xlsm,3,s0003,worksheet,f000103,regular,worksheet-formula,25,filled-column,1,BJ63:BJ87,IF,,0,hydraulics.unresolved,catalog-category,ft|psi
2f31e7e9f41839d2,hydraulics,.xlsm,3,s0003,worksheet,f000104,regular,worksheet-formula,6,multi-area,6,AI18|DC61|DH61|DM61|DR61|DW61,,,0,well-control.kick-tolerance|well-control.maasp,local-context,bbl|ft|ppg
2f31e7e9f41839d2,hydraulics,.xlsm,3,s0003,worksheet,f000105,regular,worksheet-formula,1,single-cell,1,B32,IF,,0,hydraulics.bit-nozzle,local-context,ft|ft/s|m^2
2f31e7e9f41839d2,hydraulics,.xlsm,3,s0003,worksheet,f000106,regular,worksheet-formula,5,filled-column,1,DB41:DB45,IF,,0,hydraulics.fluid-properties,local-context,ft|psi
2f31e7e9f41839d2,hydraulics,.xlsm,3,s0003,worksheet,f000107,regular,worksheet-formula,1,single-cell,1,EU143,,,0,hydraulics.unresolved,catalog-category,ft
2f31e7e9f41839d2,hydraulics,.xlsm,3,s0003,worksheet,f000108,regular,worksheet-formula,2,filled-row,1,AH45:AJ45,IF,,0,hydraulics.unresolved,catalog-category,ft|strokes/min
2f31e7e9f41839d2,hydraulics,.xlsm,3,s0003,worksheet,f000109,regular,worksheet-formula,20,filled-column,1,X3:X22,IF,,0,directional.coordinates|hydraulics.equivalent-circulating-density|hydraulics.hydrostatic-pressure,local-context,L/s|bbl|ft|gal|m^3
2f31e7e9f41839d2,hydraulics,.xlsm,3,s0003,worksheet,f000110,regular,worksheet-formula,6,multi-area,6,EV147|EV160|EX147|EX184|EZ147|EZ179,,,0,hydraulics.unresolved,catalog-category,ft
2f31e7e9f41839d2,hydraulics,.xlsm,3,s0003,worksheet,f000111,regular,worksheet-formula,25,filled-column,1,BK63:BK87,IF,,0,hydraulics.unresolved,catalog-category,ft|psi
2f31e7e9f41839d2,hydraulics,.xlsm,3,s0003,worksheet,f000112,regular,worksheet-formula,312,filled-column,1,GA5:GA323,IF|NA,,0,directional.coordinates,local-context,ft|psi
2f31e7e9f41839d2,hydraulics,.xlsm,3,s0003,worksheet,f000113,regular,worksheet-formula,25,rectangular-table,1,EV63:EZ67,IF|NA|OR,,0,hydraulics.unresolved,catalog-category,ft
2f31e7e9f41839d2,hydraulics,.xlsm,3,s0003,worksheet,f000114,regular,worksheet-formula,100,filled-column,1,BY64:BY163,IF|NA,,0,cross-cutting.lookup|hydraulics.pressure-loss,local-context,ft
2f31e7e9f41839d2,hydraulics,.xlsm,3,s0003,worksheet,f000115,regular,worksheet-formula,1,single-cell,1,CT52,,,0,hydraulics.unresolved,catalog-category,ft|ft/min
2f31e7e9f41839d2,hydraulics,.xlsm,3,s0003,worksheet,f000116,regular,worksheet-formula,1,single-cell,1,T3,IF,,0,hydraulics.unresolved,catalog-category,L/s|bbl|ft|mm
2f31e7e9f41839d2,hydraulics,.xlsm,3,s0003,worksheet,f000117,regular,worksheet-formula,2,multi-area,2,AB46|AE48,IF,,0,hydraulics.pressure-loss,local-context,ft|psi|strokes/min
2f31e7e9f41839d2,hydraulics,.xlsm,3,s0003,worksheet,f000118,regular,worksheet-formula,189,multi-area,41,B49|K40:K41|L50|L57|M41|M57|N10|N41|N45:N46|N57|O57|Q57|R42|R57|S57|T45|T57|W45|AA4|AG22|AN57:AN58|BT63|BY63|CA34|CC29|CK3|CR43|CT53|DA25|DC62|DD53|DH62|DM62|DR62|DW62|EV109:EV138|EW109:EW138|EX109:EX138|EY109:EY138|EZ109:EZ138|FT62,,,0,casing.capacity|cross-cutting.lookup|directional.coordinates|hydraulics.lag|hydraulics.pressure-loss|well-control.maasp,local-context,L/min|L/s|bar|bbl|ft|ft/min|kPa|kg|kg/m^3|m^3|min|ppg|psi|specific-gravity
2f31e7e9f41839d2,hydraulics,.xlsm,3,s0003,worksheet,f000119,regular,worksheet-formula,5,filled-row,1,CF106:CJ106,CONCATENATE|IF,,0,hydraulics.unresolved,catalog-category,ft
2f31e7e9f41839d2,hydraulics,.xlsm,3,s0003,worksheet,f000120,regular,worksheet-formula,25,filled-column,1,CA4:CA28,IF,,0,cementing.volume,local-context,ft
2f31e7e9f41839d2,hydraulics,.xlsm,3,s0003,worksheet,f000121,regular,worksheet-formula,3,multi-area,3,T40|T42|DD24,,,0,directional.coordinates|hydraulics.equivalent-circulating-density|hydraulics.hydrostatic-pressure,local-context,bar|ft|ppg|psi
2f31e7e9f41839d2,hydraulics,.xlsm,3,s0003,worksheet,f000122,regular,worksheet-formula,24,filled-column,1,GA84:GA494,IF,,0,hydraulics.unresolved,catalog-category,ft
2f31e7e9f41839d2,hydraulics,.xlsm,3,s0003,worksheet,f000123,regular,worksheet-formula,2,filled-column,1,B35:B46,,,0,hydraulics.unresolved,catalog-category,ft|hp|in^2|psi
2f31e7e9f41839d2,hydraulics,.xlsm,3,s0003,worksheet,f000124,regular,worksheet-formula,1,single-cell,1,B34,IF|PI,,0,hydraulics.bit-nozzle,local-context,ft|ft/s|hp|psi
2f31e7e9f41839d2,hydraulics,.xlsm,3,s0003,worksheet,f000125,regular,worksheet-formula,7,filled-column,1,FU95:FU101,AND|IF|NOT,,0,hydraulics.unresolved,catalog-category,ft
2f31e7e9f41839d2,hydraulics,.xlsm,3,s0003,worksheet,f000126,regular,worksheet-formula,1,single-cell,1,T37,,,0,hydraulics.equivalent-circulating-density|hydraulics.hydrostatic-pressure,local-context,bar|ft|kPa|ppg
2f31e7e9f41839d2,hydraulics,.xlsm,3,s0003,worksheet,f000127,regular,worksheet-formula,1,single-cell,1,DD27,,,0,hydraulics.unresolved,catalog-category,ft|ppg|psi
2f31e7e9f41839d2,hydraulics,.xlsm,3,s0003,worksheet,f000128,regular,worksheet-formula,25,filled-column,1,AP63:AP87,IF,,0,hydraulics.unresolved,catalog-category,ft|ft/min|ppg
2f31e7e9f41839d2,hydraulics,.xlsm,3,s0003,worksheet,f000129,regular,worksheet-formula,1,single-cell,1,AB23,,,0,hydraulics.equivalent-circulating-density,local-context,ft|ppg|psi
2f31e7e9f41839d2,hydraulics,.xlsm,3,s0003,worksheet,f000130,regular,worksheet-formula,25,filled-column,1,AQ91:AQ115,IF,,0,hydraulics.unresolved,catalog-category,ft|ft/min|min
2f31e7e9f41839d2,hydraulics,.xlsm,3,s0003,worksheet,f000131,regular,worksheet-formula,5,filled-column,1,CZ41:CZ45,,,0,hydraulics.unresolved,catalog-category,ft|psi
2f31e7e9f41839d2,hydraulics,.xlsm,3,s0003,worksheet,f000132,regular,worksheet-formula,99,filled-column,1,BS65:BS163,IF,,0,hydraulics.unresolved,catalog-category,ft
2f31e7e9f41839d2,hydraulics,.xlsm,3,s0003,worksheet,f000133,regular,worksheet-formula,7,filled-column,1,FT95:FT101,,,0,hydraulics.unresolved,catalog-category,ft
2f31e7e9f41839d2,hydraulics,.xlsm,3,s0003,worksheet,f000134,regular,worksheet-formula,3,multi-area,3,CC59|EK61|EU141,,,0,hydraulics.unresolved,catalog-category,ft
2f31e7e9f41839d2,hydraulics,.xlsm,3,s0003,worksheet,f000135,regular,worksheet-formula,1,single-cell,1,T94,,,0,hydraulics.unresolved,catalog-category,ft|kg/m^3
2f31e7e9f41839d2,hydraulics,.xlsm,3,s0003,worksheet,f000136,regular,worksheet-formula,1,single-cell,1,A16,IF,,0,directional.coordinates|hydraulics.equivalent-circulating-density,local-context,ft
2f31e7e9f41839d2,hydraulics,.xlsm,3,s0003,worksheet,f000137,regular,worksheet-formula,100,rectangular-table,1,J63:Q87,IF,,0,casing.capacity|hydraulics.pressure-loss,local-context,bbl|ft|ft/min|in|psi
2f31e7e9f41839d2,hydraulics,.xlsm,3,s0003,worksheet,f000138,regular,worksheet-formula,75,rectangular-table,1,AR63:BI87,IF,,0,cross-cutting.unit-conversion|hydraulics.reynolds-number|hydraulics.rheology,local-context,ft|ft/min|psi
2f31e7e9f41839d2,hydraulics,.xlsm,3,s0003,worksheet,f000139,regular,worksheet-formula,26,filled-column,1,E95:E120,IF,,0,hydraulics.unresolved,catalog-category,bbl|ft|in
2f31e7e9f41839d2,hydraulics,.xlsm,3,s0003,worksheet,f000140,regular,worksheet-formula,25,filled-column,1,AI63:AI87,IF,,0,cross-cutting.unit-conversion|hydraulics.reynolds-number|hydraulics.rheology,local-context,ft
2f31e7e9f41839d2,hydraulics,.xlsm,3,s0003,worksheet,f000141,regular,worksheet-formula,1,single-cell,1,Y30,,,0,directional.coordinates,local-context,ft|ft/min|m/s
2f31e7e9f41839d2,hydraulics,.xlsm,3,s0003,worksheet,f000142,regular,worksheet-formula,50,rectangular-table,1,Z91:AK115,IF,,0,cross-cutting.unit-conversion|hydraulics.friction-factor|hydraulics.rheology,local-context,cP|ft|ft/min|psi
2f31e7e9f41839d2,hydraulics,.xlsm,3,s0003,worksheet,f000143,regular,worksheet-formula,1,single-cell,1,AJ31,IF,,0,hydraulics.fluid-properties|well-control.gas-behavior|well-control.kick-tolerance|well-control.kill-density,local-context,bbl|ft|ppg|psi
2f31e7e9f41839d2,hydraulics,.xlsm,3,s0003,worksheet,f000144,regular,worksheet-formula,25,filled-column,1,FC63:FC87,AND|IF|NOT,,0,hydraulics.unresolved,catalog-category,ft
2f31e7e9f41839d2,hydraulics,.xlsm,3,s0003,worksheet,f000145,regular,worksheet-formula,5,filled-row,1,EV57:EZ57,IF,,0,hydraulics.unresolved,catalog-category,ft
2f31e7e9f41839d2,hydraulics,.xlsm,3,s0003,worksheet,f000146,regular,worksheet-formula,50,rectangular-table,1,AV63:BG87,IF,,0,hydraulics.unresolved,catalog-category,ft
2f31e7e9f41839d2,hydraulics,.xlsm,3,s0003,worksheet,f000147,regular,worksheet-formula,25,filled-column,1,AI91:AI115,IF,,0,hydraulics.reynolds-number|hydraulics.rheology,local-context,ft
2f31e7e9f41839d2,hydraulics,.xlsm,3,s0003,worksheet,f000148,regular,worksheet-formula,25,filled-column,1,AY63:AY87,IF,,0,hydraulics.unresolved,catalog-category,ft|psi
2f31e7e9f41839d2,hydraulics,.xlsm,3,s0003,worksheet,f000149,regular,worksheet-formula,22,filled-column,1,FS66:FS87,IF,,0,hydraulics.unresolved,catalog-category,ft
2f31e7e9f41839d2,hydraulics,.xlsm,3,s0003,worksheet,f000150,regular,worksheet-formula,1,single-cell,1,DF25,,,0,hydraulics.unresolved,catalog-category,ft|ppg|psi
2f31e7e9f41839d2,hydraulics,.xlsm,3,s0003,worksheet,f000151,regular,worksheet-formula,1,single-cell,1,Y31,,,0,hydraulics.unresolved,catalog-category,ft|ft/min|min
2f31e7e9f41839d2,hydraulics,.xlsm,3,s0003,worksheet,f000152,regular,worksheet-formula,1,single-cell,1,DD25,,,0,directional.coordinates,local-context,ft|ppg|psi
2f31e7e9f41839d2,hydraulics,.xlsm,3,s0003,worksheet,f000153,regular,worksheet-formula,490,filled-column,1,GD5:GD494,IF|NA,,0,directional.coordinates,local-context,ft|ppg|psi
2f31e7e9f41839d2,hydraulics,.xlsm,3,s0003,worksheet,f000154,regular,worksheet-formula,5,multi-area,5,N5|N30|X42|Y51|AN53,,,0,hydraulics.unresolved,catalog-category,ft|ft/s|kg|m/s|mm|ppg|psi
2f31e7e9f41839d2,hydraulics,.xlsm,3,s0003,worksheet,f000155,regular,worksheet-formula,5,filled-row,1,CF1:CJ1,UDF,,0,hydraulics.unresolved,catalog-category,ft|ft/min
2f31e7e9f41839d2,hydraulics,.xlsm,3,s0003,worksheet,f000156,regular,worksheet-formula,19,filled-column,1,T4:T22,IF|PI,,0,hydraulics.unresolved,catalog-category,L/s|bbl|ft|kg|kg/m^3|ppg
2f31e7e9f41839d2,hydraulics,.xlsm,3,s0003,worksheet,f000157,regular,worksheet-formula,1,single-cell,1,T93,LOG,,0,hydraulics.unresolved,catalog-category,ft|kg/m^3
2f31e7e9f41839d2,hydraulics,.xlsm,3,s0003,worksheet,f000158,regular,worksheet-formula,1,single-cell,1,FU94,AND|IF|NOT,,0,hydraulics.unresolved,catalog-category,ft
2f31e7e9f41839d2,hydraulics,.xlsm,3,s0003,worksheet,f000159,regular,worksheet-formula,25,filled-column,1,AD91:AD115,IF,,0,hydraulics.unresolved,catalog-category,ft|psi
2f31e7e9f41839d2,hydraulics,.xlsm,3,s0003,worksheet,f000160,regular,worksheet-formula,1,single-cell,1,U3,IF,,0,hydraulics.unresolved,catalog-category,L/s|bbl|ft|in|mm
2f31e7e9f41839d2,hydraulics,.xlsm,3,s0003,worksheet,f000161,regular,worksheet-formula,25,filled-column,1,BD63:BD87,IF,,0,cross-cutting.unit-conversion|hydraulics.reynolds-number|hydraulics.rheology,local-context,ft
2f31e7e9f41839d2,hydraulics,.xlsm,3,s0003,worksheet,f000162,regular,worksheet-formula,1,single-cell,1,AH22,IF,,0,directional.coordinates,local-context,ft|psi
2f31e7e9f41839d2,hydraulics,.xlsm,3,s0003,worksheet,f000163,regular,worksheet-formula,1,single-cell,1,AJ35,,,0,hydraulics.fluid-properties|well-control.gas-behavior,local-context,ft|ppg|psi
2f31e7e9f41839d2,hydraulics,.xlsm,3,s0003,worksheet,f000164,regular,worksheet-formula,25,filled-column,1,AN63:AN87,IF,,0,hydraulics.friction-factor,local-context,ft|ft/min
2f31e7e9f41839d2,hydraulics,.xlsm,3,s0003,worksheet,f000165,regular,worksheet-formula,1,single-cell,1,EW59,,,0,hydraulics.unresolved,catalog-category,ft
2f31e7e9f41839d2,hydraulics,.xlsm,3,s0003,worksheet,f000166,regular,worksheet-formula,25,filled-column,1,AA63:AA87,IF,,0,cross-cutting.unit-conversion|hydraulics.friction-factor|hydraulics.rheology,local-context,ft|ft/min
2f31e7e9f41839d2,hydraulics,.xlsm,3,s0003,worksheet,f000167,regular,worksheet-formula,25,filled-column,1,AQ63:AQ87,IF,,0,cross-cutting.unit-conversion|hydraulics.reynolds-number|hydraulics.rheology,local-context,ft|ft/min
2f31e7e9f41839d2,hydraulics,.xlsm,3,s0003,worksheet,f000168,regular,worksheet-formula,1,single-cell,1,B45,,,0,hydraulics.unresolved,catalog-category,ft|hp|psi
2f31e7e9f41839d2,hydraulics,.xlsm,3,s0003,worksheet,f000169,regular,worksheet-formula,6,multi-area,6,M5|M10|M30|T48|Y26|AM53,IF,,0,hydraulics.unresolved,catalog-category,L/s|ft|kg|mm|ppg
2f31e7e9f41839d2,hydraulics,.xlsm,3,s0003,worksheet,f000170,regular,worksheet-formula,50,rectangular-table,1,E63:FJ87,IF,,0,hydraulics.unresolved,catalog-category,bbl|ft|ft/min|in
2f31e7e9f41839d2,hydraulics,.xlsm,3,s0003,worksheet,f000171,regular,worksheet-formula,1,single-cell,1,DF27,,,0,hydraulics.unresolved,catalog-category,ft|psi
2f31e7e9f41839d2,hydraulics,.xlsm,3,s0003,worksheet,f000172,regular,worksheet-formula,25,filled-column,1,FF63:FF87,IF,,0,hydraulics.unresolved,catalog-category,ft
2f31e7e9f41839d2,hydraulics,.xlsm,3,s0003,worksheet,f000173,regular,worksheet-formula,25,filled-column,1,AA91:AA115,IF,,0,cross-cutting.unit-conversion|hydraulics.rheology,local-context,ft|ft/min
2f31e7e9f41839d2,hydraulics,.xlsm,3,s0003,worksheet,f000174,regular,worksheet-formula,4,filled-row,1,F33:I33,IF,,0,hydraulics.unresolved,catalog-category,L/s|ft|ft/s
2f31e7e9f41839d2,hydraulics,.xlsm,3,s0003,worksheet,f000175,regular,worksheet-formula,25,filled-column,1,M63:M87,IF,,0,hydraulics.pressure-loss,local-context,bbl|ft|ft/min|in|psi
2f31e7e9f41839d2,hydraulics,.xlsm,3,s0003,worksheet,f000176,regular,worksheet-formula,75,multi-area,3,AJ63:AJ87|AJ91:AJ115|BF63:BF87,IF,,0,cross-cutting.unit-conversion|hydraulics.friction-factor|hydraulics.reynolds-number|hydraulics.rheology,local-context,ft
2f31e7e9f41839d2,hydraulics,.xlsm,3,s0003,worksheet,f000177,regular,worksheet-formula,28,multi-area,20,B43|F30:F32|G30:G32|H30:H32|H45|I30:I32|O43|W1|AA15|AB31|AD31|AD34|AD51|AF11|AI16|CP52|CQ52|CQ59|GK3|GL3,,,0,directional.coordinates|hydraulics.hydrostatic-pressure|hydraulics.pressure-loss|well-control.kick-tolerance|well-control.kill-density,local-context,L/s|bbl|ft|ft/min|ft^2|kg|min|mm|ppg|psi|strokes/min
2f31e7e9f41839d2,hydraulics,.xlsm,3,s0003,worksheet,f000178,regular,worksheet-formula,25,filled-column,1,AC63:AC87,IF,,0,hydraulics.friction-factor,local-context,ft|ft/min
2f31e7e9f41839d2,hydraulics,.xlsm,3,s0003,worksheet,f000179,regular,worksheet-formula,25,filled-column,1,AH91:AH115,IF,,0,hydraulics.reynolds-number|hydraulics.rheology,local-context,ft
2f31e7e9f41839d2,hydraulics,.xlsm,3,s0003,worksheet,f000180,regular,worksheet-formula,101,filled-column,1,EK63:EK163,,,0,hydraulics.unresolved,catalog-category,ft|min
2f31e7e9f41839d2,hydraulics,.xlsm,3,s0003,worksheet,f000181,regular,worksheet-formula,2,filled-row,1,AH43:AJ43,IF,,0,hydraulics.unresolved,catalog-category,ft|strokes/min
2f31e7e9f41839d2,hydraulics,.xlsm,3,s0003,worksheet,f000182,regular,worksheet-formula,25,filled-column,1,W63:W87,IF,,0,cross-cutting.unit-conversion|hydraulics.pressure-loss|hydraulics.reynolds-number|hydraulics.rheology,local-context,cP|ft|ft/min
2f31e7e9f41839d2,hydraulics,.xlsm,3,s0003,worksheet,f000183,regular,worksheet-formula,75,rectangular-table,1,F63:FK87,IF,,0,hydraulics.unresolved,catalog-category,L/s|bbl|ft|ft/min|in|psi
2f31e7e9f41839d2,hydraulics,.xlsm,3,s0003,worksheet,f000184,regular,worksheet-formula,3,filled-row,1,GF3:GI3,CONCATENATE|IF|UDF,,0,directional.coordinates|hydraulics.equivalent-circulating-density,local-context,ft|ppg|psi
2f31e7e9f41839d2,hydraulics,.xlsm,3,s0003,worksheet,f000185,regular,worksheet-formula,5,filled-column,1,AG63:AG67,IF,,0,cross-cutting.unit-conversion|hydraulics.reynolds-number|hydraulics.rheology,local-context,ft
2f31e7e9f41839d2,hydraulics,.xlsm,3,s0003,worksheet,f000186,regular,worksheet-formula,1,single-cell,1,GC44,IF,,0,hydraulics.unresolved,catalog-category,ft
2f31e7e9f41839d2,hydraulics,.xlsm,3,s0003,worksheet,f000187,regular,worksheet-formula,25,filled-column,1,BE63:BE87,IF,,0,cross-cutting.unit-conversion|hydraulics.reynolds-number|hydraulics.rheology,local-context,ft
2f31e7e9f41839d2,hydraulics,.xlsm,3,s0003,worksheet,f000188,regular,worksheet-formula,5,multi-area,2,DD30|DF42:DF45,,,0,hydraulics.unresolved,catalog-category,ft
2f31e7e9f41839d2,hydraulics,.xlsm,3,s0003,worksheet,f000189,regular,worksheet-formula,31,multi-area,28,D88|D121|E149|F88|F121|H38:H39|K88|N88|P58:P59|Q88|R53|R90|U58:U59|V88|AC88|AE116|AM116|AN88|AQ116|AS116|AX88|BI88|BP88|CA29|CB29|DD26|FB88|FD88,SUM,,0,casing.capacity|cementing.volume|cross-cutting.unit-conversion|hydraulics.friction-factor|hydraulics.lag|hydraulics.reynolds-number|hydraulics.rheology,local-context,L/min|bbl|cP|ft|kg/m^3|min|ppg|psi
2f31e7e9f41839d2,hydraulics,.xlsm,3,s0003,worksheet,f000190,regular,worksheet-formula,491,filled-column,1,GI4:GI494,IF|NA,,0,hydraulics.unresolved,catalog-category,ft
2f31e7e9f41839d2,hydraulics,.xlsm,3,s0003,worksheet,f000191,regular,worksheet-formula,175,rectangular-table,1,EV74:EZ108,IF|NA,,0,hydraulics.unresolved,catalog-category,ft
2f31e7e9f41839d2,hydraulics,.xlsm,3,s0003,worksheet,f000192,regular,worksheet-formula,1,single-cell,1,H121,IF,,0,hydraulics.unresolved,catalog-category,bbl|ft
2f31e7e9f41839d2,hydraulics,.xlsm,3,s0003,worksheet,f000193,regular,worksheet-formula,5,filled-row,1,GV1:GZ1,CONCATENATE|UDF,,0,hydraulics.surge-swab,local-context,ft
2f31e7e9f41839d2,hydraulics,.xlsm,3,s0003,worksheet,f000194,regular,worksheet-formula,1,single-cell,1,N17,,,0,hydraulics.unresolved,catalog-category,bbl|ft|m^3
2f31e7e9f41839d2,hydraulics,.xlsm,3,s0003,worksheet,f000195,regular,worksheet-formula,100,filled-column,1,BT64:BT163,IF,,0,hydraulics.pressure-loss,local-context,ft|psi
2f31e7e9f41839d2,hydraulics,.xlsm,3,s0003,worksheet,f000196,regular,worksheet-formula,25,filled-column,1,X91:X115,IF,,0,cross-cutting.unit-conversion|hydraulics.reynolds-number|hydraulics.rheology,local-context,cP|ft|ft/min
2f31e7e9f41839d2,hydraulics,.xlsm,3,s0003,worksheet,f000197,regular,worksheet-formula,1,single-cell,1,A14,IF,,0,directional.coordinates|hydraulics.equivalent-circulating-density,local-context,ft
2f31e7e9f41839d2,hydraulics,.xlsm,3,s0003,worksheet,f000198,regular,worksheet-formula,2,multi-area,2,CB59|CS52,,,0,hydraulics.unresolved,catalog-category,ft|ft/min
2f31e7e9f41839d2,hydraulics,.xlsm,3,s0003,worksheet,f000199,regular,worksheet-formula,25,filled-column,1,AS91:AS115,IF,,0,hydraulics.unresolved,catalog-category,ft|ft/min|min
2f31e7e9f41839d2,hydraulics,.xlsm,3,s0003,worksheet,f000200,regular,worksheet-formula,1,single-cell,1,AB4,IF,,0,hydraulics.unresolved,catalog-category,bbl|ft|m^3
2f31e7e9f41839d2,hydraulics,.xlsm,3,s0003,worksheet,f000201,regular,worksheet-formula,1,single-cell,1,AG94,,,0,hydraulics.unresolved,catalog-category,ft
2f31e7e9f41839d2,hydraulics,.xlsm,3,s0003,worksheet,f000202,regular,worksheet-formula,25,filled-column,1,AK63:AK87,IF,,0,hydraulics.friction-factor|hydraulics.rheology,local-context,ft|ppg
2f31e7e9f41839d2,hydraulics,.xlsm,3,s0003,worksheet,f000203,regular,worksheet-formula,1,single-cell,1,AF13,,,0,hydraulics.unresolved,catalog-category,bbl|ft
2f31e7e9f41839d2,hydraulics,.xlsm,3,s0003,worksheet,f000204,regular,worksheet-formula,1,single-cell,1,AG92,,,0,hydraulics.reynolds-number,local-context,ft|psi
2f31e7e9f41839d2,hydraulics,.xlsm,3,s0003,worksheet,f000205,regular,worksheet-formula,1,single-cell,1,EH64,MIN,,0,hydraulics.unresolved,catalog-category,ft|min
2f31e7e9f41839d2,hydraulics,.xlsm,3,s0003,worksheet,f000206,regular,worksheet-formula,100,rectangular-table,1,B63:L87,IF,,0,hydraulics.pressure-loss,local-context,bbl|ft|in|psi
2f31e7e9f41839d2,hydraulics,.xlsm,3,s0003,worksheet,f000207,regular,worksheet-formula,25,filled-column,1,AZ63:AZ87,IF,,0,hydraulics.unresolved,catalog-category,ft|psi
2f31e7e9f41839d2,hydraulics,.xlsm,3,s0003,worksheet,f000208,regular,worksheet-formula,25,filled-column,1,Z63:Z87,IF,,0,cross-cutting.unit-conversion|hydraulics.friction-factor|hydraulics.rheology,local-context,cP|ft|ft/min
2f31e7e9f41839d2,hydraulics,.xlsm,3,s0003,worksheet,f000209,regular,worksheet-formula,25,filled-column,1,AM91:AM115,IF,,0,hydraulics.friction-factor,local-context,ft|psi
2f31e7e9f41839d2,hydraulics,.xlsm,3,s0003,worksheet,f000210,regular,worksheet-formula,25,filled-column,1,AC91:AC115,IF|LOG,,0,hydraulics.unresolved,catalog-category,ft|psi
2f31e7e9f41839d2,hydraulics,.xlsm,3,s0003,worksheet,f000211,regular,worksheet-formula,1,single-cell,1,J59,,,0,hydraulics.unresolved,catalog-category,L/s|ft
2f31e7e9f41839d2,hydraulics,.xlsm,3,s0003,worksheet,f000212,regular,worksheet-formula,17,filled-column,1,FU102:FU118,AND|IF|NOT,,0,hydraulics.unresolved,catalog-category,ft
2f31e7e9f41839d2,hydraulics,.xlsm,3,s0003,worksheet,f000213,regular,worksheet-formula,25,filled-column,1,R63:R87,IF,,0,casing.capacity|hydraulics.pressure-loss,local-context,bbl|ft|psi
2f31e7e9f41839d2,hydraulics,.xlsm,3,s0003,worksheet,f000214,regular,worksheet-formula,1,single-cell,1,EG66,IF|UDF,,0,hydraulics.unresolved,catalog-category,ft|min
2f31e7e9f41839d2,hydraulics,.xlsm,3,s0003,worksheet,f000215,regular,worksheet-formula,25,filled-column,1,AB63:AB87,IF|LOG,,0,cross-cutting.unit-conversion|hydraulics.friction-factor|hydraulics.rheology,local-context,ft|ft/min
2f31e7e9f41839d2,hydraulics,.xlsm,3,s0003,worksheet,f000216,regular,worksheet-formula,1,single-cell,1,AH36,,,0,hydraulics.fluid-properties|well-control.gas-behavior,local-context,ft|psi
2f31e7e9f41839d2,hydraulics,.xlsm,3,s0003,worksheet,f000217,regular,worksheet-formula,25,filled-column,1,BN63:BN87,IF,,0,well-control.gas-behavior,local-context,ft|s
2f31e7e9f41839d2,hydraulics,.xlsm,3,s0003,worksheet,f000218,regular,worksheet-formula,25,filled-column,1,X63:X87,IF,,0,cross-cutting.unit-conversion|hydraulics.pressure-loss|hydraulics.reynolds-number|hydraulics.rheology,local-context,cP|ft|ft/min
2f31e7e9f41839d2,hydraulics,.xlsm,3,s0003,worksheet,f000219,regular,worksheet-formula,3001,multi-area,8,FU63:FU87|FV63:FV87|GF4:GF494|GV3:GV494|GW3:GW494|GX3:GX494|GY3:GY494|GZ3:GZ494,IF|NA,,0,hydraulics.equivalent-circulating-density|hydraulics.surge-swab,local-context,ft|ppg
2f31e7e9f41839d2,hydraulics,.xlsm,3,s0003,worksheet,f000220,regular,worksheet-formula,3,multi-area,3,AB15|AP60|AQ60,,,0,cross-cutting.unit-conversion|directional.coordinates|hydraulics.hydrostatic-pressure|hydraulics.rheology,local-context,ft|ft/min|ppg|specific-gravity
2f31e7e9f41839d2,hydraulics,.xlsm,3,s0003,worksheet,f000221,regular,worksheet-formula,25,filled-column,1,FT63:FT87,IF,,0,hydraulics.unresolved,catalog-category,ft|ppg
2f31e7e9f41839d2,hydraulics,.xlsm,6,s0006,worksheet,f000222,regular,worksheet-formula,4,filled-column,1,I10:I16,,,0,hydraulics.bit-nozzle|hydraulics.pressure-loss,local-context,ft|hp|in^2|percent
2f31e7e9f41839d2,hydraulics,.xlsm,6,s0006,worksheet,f000223,regular,worksheet-formula,1,single-cell,1,AU2,IF,,0,hydraulics.unresolved,catalog-category,ft
2f31e7e9f41839d2,hydraulics,.xlsm,6,s0006,worksheet,f000224,regular,worksheet-formula,4,filled-column,1,I8:I15,,,0,hydraulics.bit-nozzle|hydraulics.pressure-loss,local-context,ft|hp|in^2|percent
2f31e7e9f41839d2,hydraulics,.xlsm,6,s0006,worksheet,f000225,regular,worksheet-formula,1,single-cell,1,AT2,IF,,0,hydraulics.unresolved,catalog-category,ft
2f31e7e9f41839d2,hydraulics,.xlsm,18,s0018,worksheet,f000226,regular,worksheet-formula,1,single-cell,1,O1,CONCATENATE|IF,,0,hydraulics.unresolved,catalog-category,ft
2f31e7e9f41839d2,hydraulics,.xlsm,18,s0018,worksheet,f000227,regular,worksheet-formula,1,single-cell,1,K1,CONCATENATE|IF,,0,hydraulics.unresolved,catalog-category,deg|ft
2f31e7e9f41839d2,hydraulics,.xlsm,18,s0018,worksheet,f000228,regular,worksheet-formula,1,single-cell,1,A13,CONCATENATE|IF|UDF,,0,hydraulics.unresolved,catalog-category,ft
2f31e7e9f41839d2,hydraulics,.xlsm,1,s0001,worksheet,f000229,regular,worksheet-formula,1,single-cell,1,BZ3,IF,,0,bha.geometry,local-context,ft|min
2f31e7e9f41839d2,hydraulics,.xlsm,1,s0001,worksheet,f000230,regular,worksheet-formula,60,rectangular-table,1,M4:O23,IF|NOT,,0,hydraulics.unresolved,catalog-category,ft
2f31e7e9f41839d2,hydraulics,.xlsm,1,s0001,worksheet,f000231,regular,worksheet-formula,1,single-cell,1,I4,SUM,,0,hydraulics.unresolved,catalog-category,ft
2f31e7e9f41839d2,hydraulics,.xlsm,1,s0001,worksheet,f000232,regular,worksheet-formula,9,multi-area,8,C3|D3|D14:D15|D17|G3|H3|I3|R4,IF|UDF,,0,directional.coordinates,local-context,ft
2f31e7e9f41839d2,hydraulics,.xlsm,1,s0001,worksheet,f000233,regular,worksheet-formula,40,rectangular-table,1,K4:L23,IF|NOT,,0,hydraulics.unresolved,catalog-category,ft
2f31e7e9f41839d2,hydraulics,.xlsm,1,s0001,worksheet,f000234,regular,worksheet-formula,1,single-cell,1,CC4,AND|IF,,0,bha.geometry,local-context,ft
2f31e7e9f41839d2,hydraulics,.xlsm,1,s0001,worksheet,f000235,regular,worksheet-formula,48,multi-area,4,CA5:CA23|CG4:CG23|CH4:CH8|CL4:CL7,IF,,0,bha.geometry,local-context,ft
2f31e7e9f41839d2,hydraulics,.xlsm,1,s0001,worksheet,f000236,regular,worksheet-formula,19,filled-column,1,CD5:CD23,AND|IF,,0,hydraulics.unresolved,catalog-category,ft
2f31e7e9f41839d2,hydraulics,.xlsm,1,s0001,worksheet,f000237,regular,worksheet-formula,4,filled-column,1,CJ5:CJ8,AND|IF,,0,hydraulics.unresolved,catalog-category,ft
2f31e7e9f41839d2,hydraulics,.xlsm,1,s0001,worksheet,f000238,regular,worksheet-formula,1,single-cell,1,CJ4,AND|IF,,0,hydraulics.unresolved,catalog-category,ft
2f31e7e9f41839d2,hydraulics,.xlsm,1,s0001,worksheet,f000239,regular,worksheet-formula,1,single-cell,1,CB5,IF,,0,hydraulics.unresolved,catalog-category,ft
2f31e7e9f41839d2,hydraulics,.xlsm,1,s0001,worksheet,f000240,regular,worksheet-formula,1,single-cell,1,D6,,,0,hydraulics.unresolved,catalog-category,ft
2f31e7e9f41839d2,hydraulics,.xlsm,1,s0001,worksheet,f000241,regular,worksheet-formula,18,filled-column,1,CB6:CB23,AND|IF,,0,hydraulics.unresolved,catalog-category,ft
2f31e7e9f41839d2,hydraulics,.xlsm,1,s0001,worksheet,f000242,regular,worksheet-formula,2,filled-row,1,K3:L3,,,0,hydraulics.unresolved,catalog-category,ft
2f31e7e9f41839d2,hydraulics,.xlsm,1,s0001,worksheet,f000243,regular,worksheet-formula,1,single-cell,1,C17,,,0,directional.coordinates,local-context,ft
2f31e7e9f41839d2,hydraulics,.xlsm,1,s0001,worksheet,f000244,regular,worksheet-formula,25,multi-area,2,CF4:CF23|CI4:CI8,IF,,0,bha.geometry,local-context,ft
2f31e7e9f41839d2,hydraulics,.xlsm,1,s0001,worksheet,f000245,regular,worksheet-formula,19,filled-column,1,CC5:CC23,AND|IF,,0,hydraulics.unresolved,catalog-category,ft
2f31e7e9f41839d2,hydraulics,.xlsm,1,s0001,worksheet,f000246,regular,worksheet-formula,1,single-cell,1,CD4,IF,,0,hydraulics.unresolved,catalog-category,ft
2f31e7e9f41839d2,hydraulics,.xlsm,1,s0001,worksheet,f000247,regular,worksheet-formula,19,filled-column,1,CE5:CE23,AND|IF,,0,hydraulics.unresolved,catalog-category,ft
2f31e7e9f41839d2,hydraulics,.xlsm,1,s0001,worksheet,f000248,regular,worksheet-formula,8,multi-area,8,D2|I2|O2|CA3|CF3|CH2|CI3|CL3,SUM,,0,bha.geometry,local-context,ft|min
2f31e7e9f41839d2,hydraulics,.xlsm,1,s0001,worksheet,f000249,regular,worksheet-formula,3,filled-row,1,M3:O3,,,0,hydraulics.unresolved,catalog-category,ft
2f31e7e9f41839d2,hydraulics,.xlsm,1,s0001,worksheet,f000250,regular,worksheet-formula,1,single-cell,1,CN4,IF,,0,hydraulics.unresolved,catalog-category,ft
2f31e7e9f41839d2,hydraulics,.xlsm,1,s0001,worksheet,f000251,regular,worksheet-formula,1,single-cell,1,B23,IF,,0,hydraulics.unresolved,catalog-category,ft
2f31e7e9f41839d2,hydraulics,.xlsm,1,s0001,worksheet,f000252,regular,worksheet-formula,1,single-cell,1,CE4,AND|IF,,0,bha.geometry,local-context,ft
2f31e7e9f41839d2,hydraulics,.xlsm,14,s0014,worksheet,f000253,regular,worksheet-formula,1,single-cell,1,I4,CONCATENATE|IF,,0,hydraulics.unresolved,catalog-category,ft|min
2f31e7e9f41839d2,hydraulics,.xlsm,14,s0014,worksheet,f000254,regular,worksheet-formula,3,filled-row,1,C7:E7,IF|UDF,,0,hydraulics.fluid-properties,local-context,ft
2f31e7e9f41839d2,hydraulics,.xlsm,14,s0014,worksheet,f000255,regular,worksheet-formula,50,rectangular-table,1,C8:E32,IF,,0,hydraulics.unresolved,catalog-category,ft
2f31e7e9f41839d2,hydraulics,.xlsm,14,s0014,worksheet,f000256,regular,worksheet-formula,25,filled-column,1,D8:D32,IF,,0,hydraulics.fluid-properties,local-context,ft
2f31e7e9f41839d2,hydraulics,.xlsm,14,s0014,worksheet,f000257,regular,worksheet-formula,1,single-cell,1,I6,CONCATENATE|IF,,0,hydraulics.unresolved,catalog-category,ft|percent
2f31e7e9f41839d2,hydraulics,.xlsm,14,s0014,worksheet,f000258,regular,worksheet-formula,25,filled-column,1,B8:B32,IF,,0,hydraulics.unresolved,catalog-category,ft
2f31e7e9f41839d2,hydraulics,.xlsm,14,s0014,worksheet,f000259,regular,worksheet-formula,2,filled-row,1,F7:H7,IF|UDF,,0,hydraulics.unresolved,catalog-category,ft|percent
2f31e7e9f41839d2,hydraulics,.xlsm,14,s0014,worksheet,f000260,regular,worksheet-formula,1,single-cell,1,K4,IF,,0,hydraulics.unresolved,catalog-category,ft|min|percent
2f31e7e9f41839d2,hydraulics,.xlsm,14,s0014,worksheet,f000261,regular,worksheet-formula,25,filled-column,1,H8:H32,IF,,0,hydraulics.unresolved,catalog-category,ft
2f31e7e9f41839d2,hydraulics,.xlsm,14,s0014,worksheet,f000262,regular,worksheet-formula,1,single-cell,1,G7,IF|UDF,,0,hydraulics.unresolved,catalog-category,ft|percent
2f31e7e9f41839d2,hydraulics,.xlsm,14,s0014,worksheet,f000263,regular,worksheet-formula,1,single-cell,1,I2,IF|UDF,,0,hydraulics.unresolved,catalog-category,ft
2f31e7e9f41839d2,hydraulics,.xlsm,14,s0014,worksheet,f000264,regular,worksheet-formula,25,filled-column,1,F8:F32,IF,,0,hydraulics.unresolved,catalog-category,ft
2f31e7e9f41839d2,hydraulics,.xlsm,14,s0014,worksheet,f000265,regular,worksheet-formula,25,filled-column,1,I8:I32,IF,,0,hydraulics.unresolved,catalog-category,ft|percent
2f31e7e9f41839d2,hydraulics,.xlsm,14,s0014,worksheet,f000266,regular,worksheet-formula,25,filled-column,1,K8:K32,IF,,0,hydraulics.unresolved,catalog-category,ft|percent
2f31e7e9f41839d2,hydraulics,.xlsm,14,s0014,worksheet,f000267,regular,worksheet-formula,1,single-cell,1,K3,IF,,0,hydraulics.unresolved,catalog-category,ft|min|percent
2f31e7e9f41839d2,hydraulics,.xlsm,14,s0014,worksheet,f000268,regular,worksheet-formula,25,filled-column,1,G8:G32,IF,,0,hydraulics.unresolved,catalog-category,ft
2f31e7e9f41839d2,hydraulics,.xlsm,14,s0014,worksheet,f000269,regular,worksheet-formula,25,filled-column,1,J8:J32,IF,,0,hydraulics.unresolved,catalog-category,ft|percent
2f31e7e9f41839d2,hydraulics,.xlsm,10,s0010,worksheet,f000270,regular,worksheet-formula,1,single-cell,1,F21,IF,,0,hydraulics.fluid-properties|well-control.gas-behavior,local-context,ft
2f31e7e9f41839d2,hydraulics,.xlsm,10,s0010,worksheet,f000271,regular,worksheet-formula,1,single-cell,1,E29,CONCATENATE|UDF,,0,hydraulics.unresolved,catalog-category,ft|ppg
2f31e7e9f41839d2,hydraulics,.xlsm,10,s0010,worksheet,f000272,regular,worksheet-formula,10,multi-area,4,D21|DR1:DR3|DS1:DS3|DT1:DT3,,,0,hydraulics.fluid-properties|well-control.gas-behavior|well-control.kick-tolerance,local-context,ft
2f31e7e9f41839d2,hydraulics,.xlsm,10,s0010,worksheet,f000273,regular,worksheet-formula,12,multi-area,7,D10|D13|D17|G10:G12|G15:G16|G22|H5:H7,IF,,0,hydraulics.fluid-properties|well-control.gas-behavior|well-control.kick-tolerance|well-control.maasp,local-context,cP|ft|strokes/min
2f31e7e9f41839d2,hydraulics,.xlsm,10,s0010,worksheet,f000274,regular,worksheet-formula,1,single-cell,1,E26,CONCATENATE|UDF,,0,hydraulics.fluid-properties|well-control.gas-behavior,local-context,ft|ppg
2f31e7e9f41839d2,hydraulics,.xlsm,10,s0010,worksheet,f000275,regular,worksheet-formula,1,single-cell,1,G21,IF,,0,hydraulics.fluid-properties|well-control.gas-behavior,local-context,ft
2f31e7e9f41839d2,hydraulics,.xlsm,10,s0010,worksheet,f000276,regular,worksheet-formula,1,single-cell,1,F22,IF,,0,hydraulics.fluid-properties|well-control.gas-behavior,local-context,ft
2f31e7e9f41839d2,hydraulics,.xlsm,10,s0010,worksheet,f000277,regular,worksheet-formula,4,filled-column,1,F11:F16,,,0,well-control.kick-tolerance|well-control.maasp,local-context,ft
2f31e7e9f41839d2,hydraulics,.xlsm,10,s0010,worksheet,f000278,regular,worksheet-formula,1,single-cell,1,B1,IF,,0,hydraulics.unresolved,catalog-category,ft|strokes/min
2f31e7e9f41839d2,hydraulics,.xlsm,10,s0010,worksheet,f000279,regular,worksheet-formula,1,single-cell,1,F10,IF,,0,hydraulics.unresolved,catalog-category,ft
2f31e7e9f41839d2,hydraulics,.xlsm,10,s0010,worksheet,f000280,regular,worksheet-formula,1,single-cell,1,DO1,IF,,0,hydraulics.unresolved,catalog-category,ft
2f31e7e9f41839d2,hydraulics,.xlsm,10,s0010,worksheet,f000281,regular,worksheet-formula,1,single-cell,1,E27,CONCATENATE|UDF,,0,hydraulics.unresolved,catalog-category,ft|ppg
2f31e7e9f41839d2,hydraulics,.xlsm,10,s0010,worksheet,f000282,regular,worksheet-formula,1,single-cell,1,E28,CONCATENATE|UDF,,0,hydraulics.unresolved,catalog-category,ft|ppg
2f31e7e9f41839d2,hydraulics,.xlsm,11,s0011,worksheet,f000283,regular,worksheet-formula,3,filled-column,1,D5:D12,IF,,0,well-control.gas-behavior|well-control.kick-tolerance|well-control.maasp,local-context,ft
2f31e7e9f41839d2,hydraulics,.xlsm,11,s0011,worksheet,f000284,regular,worksheet-formula,1,single-cell,1,D6,IF,,0,hydraulics.unresolved,catalog-category,ft
2f31e7e9f41839d2,hydraulics,.xlsm,11,s0011,worksheet,f000285,regular,worksheet-formula,2,filled-column,1,C11:C12,,,0,well-control.gas-behavior|well-control.kick-tolerance|well-control.maasp,local-context,ft
2f31e7e9f41839d2,hydraulics,.xlsm,11,s0011,worksheet,f000286,regular,worksheet-formula,1,single-cell,1,DP2,,,0,hydraulics.unresolved,catalog-category,ft
2f31e7e9f41839d2,hydraulics,.xlsm,11,s0011,worksheet,f000287,regular,worksheet-formula,1,single-cell,1,G26,CONCATENATE|IF|UDF,,0,hydraulics.unresolved,catalog-category,ft
2f31e7e9f41839d2,hydraulics,.xlsm,11,s0011,worksheet,f000288,regular,worksheet-formula,1,single-cell,1,D14,CONCATENATE|IF|UDF,,0,well-control.maasp,local-context,ft
2f31e7e9f41839d2,hydraulics,.xlsm,11,s0011,worksheet,f000289,regular,worksheet-formula,1,single-cell,1,D30,CONCATENATE|IF|UDF,,0,well-control.gas-behavior|well-control.kick-tolerance,local-context,ft
2f31e7e9f41839d2,hydraulics,.xlsm,13,s0013,worksheet,f000290,regular,worksheet-formula,155,multi-area,4,N4:N41|O3:O41|P3:P41|Q3:Q41,IF,,0,cross-cutting.lookup|hydraulics.fluid-properties,local-context,cP|ft
2f31e7e9f41839d2,hydraulics,.xlsm,13,s0013,worksheet,f000291,regular,worksheet-formula,15,multi-area,9,C1|C3|C5:C7|F7|G3|K3:K5|K7:K8|L3|L7:L8,,,0,cross-cutting.lookup|directional.coordinates|hydraulics.fluid-properties|well-control.gas-behavior|well-control.kill-density|well-control.maasp,local-context,cP|ft
2f31e7e9f41839d2,hydraulics,.xlsm,13,s0013,worksheet,f000292,regular,worksheet-formula,7,multi-area,3,D5|H3:H7|L5,IF,,0,directional.coordinates|hydraulics.fluid-properties|well-control.gas-behavior|well-control.kill-density|well-control.maasp,local-context,cP|ft
2f31e7e9f41839d2,hydraulics,.xlsm,13,s0013,worksheet,f000293,regular,worksheet-formula,3,multi-area,2,D3:D4|L4,IF,,0,directional.coordinates|hydraulics.fluid-properties|well-control.gas-behavior|well-control.kill-density,local-context,ft
2f31e7e9f41839d2,hydraulics,.xlsm,13,s0013,worksheet,f000294,regular,worksheet-formula,4,filled-column,1,G4:G7,,,0,hydraulics.fluid-properties|well-control.kill-density|well-control.maasp,local-context,ft
2f31e7e9f41839d2,hydraulics,.xlsm,13,s0013,worksheet,f000295,regular,worksheet-formula,4,filled-row,1,N2:Q2,IF,,0,cross-cutting.lookup|well-control.gas-behavior,local-context,ft
2f31e7e9f41839d2,hydraulics,.xlsm,13,s0013,worksheet,f000296,regular,worksheet-formula,1,single-cell,1,C4,,,0,directional.coordinates,local-context,ft
2f31e7e9f41839d2,hydraulics,.xlsm,13,s0013,worksheet,f000297,regular,worksheet-formula,156,rectangular-table,1,BM5:BP43,IF,,0,hydraulics.unresolved,catalog-category,ft
2f31e7e9f41839d2,hydraulics,.xlsm,5,s0005,worksheet,f000298,regular,worksheet-formula,1,single-cell,1,E22,IF,,0,directional.coordinates,local-context,ft
2f31e7e9f41839d2,hydraulics,.xlsm,5,s0005,worksheet,f000299,regular,worksheet-formula,1,single-cell,1,AT10,IF,,0,hydraulics.unresolved,catalog-category,ft
2f31e7e9f41839d2,hydraulics,.xlsm,5,s0005,worksheet,f000300,regular,worksheet-formula,5,filled-column,1,C22:C32,,,0,directional.coordinates|hydraulics.equivalent-circulating-density,local-context,cP|ft|ft^2
2f31e7e9f41839d2,hydraulics,.xlsm,5,s0005,worksheet,f000301,regular,worksheet-formula,1,single-cell,1,AT11,IF,,0,hydraulics.unresolved,catalog-category,ft
2f31e7e9f41839d2,hydraulics,.xlsm,5,s0005,worksheet,f000302,regular,worksheet-formula,2,filled-column,1,E24:E25,IF,,0,hydraulics.equivalent-circulating-density,local-context,ft
2f31e7e9f41839d2,hydraulics,.xlsm,5,s0005,worksheet,f000303,regular,worksheet-formula,1,single-cell,1,F13,CONCATENATE|IF|UDF,,0,hydraulics.unresolved,catalog-category,ft
2f31e7e9f41839d2,hydraulics,.xlsm,5,s0005,worksheet,f000304,regular,worksheet-formula,5,multi-area,2,C23:C25|D23:D24,,,0,directional.coordinates|hydraulics.equivalent-circulating-density,local-context,ft
2f31e7e9f41839d2,hydraulics,.xlsm,5,s0005,worksheet,f000305,regular,worksheet-formula,1,single-cell,1,D22,,,0,directional.coordinates|hydraulics.equivalent-circulating-density,local-context,ft
2f31e7e9f41839d2,hydraulics,.xlsm,5,s0005,worksheet,f000306,regular,worksheet-formula,2,filled-column,1,AT6:AT7,IF,,0,hydraulics.unresolved,catalog-category,ft
2f31e7e9f41839d2,hydraulics,.xlsm,5,s0005,worksheet,f000307,regular,worksheet-formula,2,filled-column,1,AT8:AT9,IF,,0,hydraulics.unresolved,catalog-category,ft
2f31e7e9f41839d2,hydraulics,.xlsm,5,s0005,worksheet,f000308,regular,worksheet-formula,2,filled-column,1,I2:I34,CONCATENATE|IF|UDF,,0,hydraulics.unresolved,catalog-category,ft
2f31e7e9f41839d2,hydraulics,.xlsm,5,s0005,worksheet,f000309,regular,worksheet-formula,1,single-cell,1,D25,UDF,,0,hydraulics.equivalent-circulating-density,local-context,cP|ft
2f31e7e9f41839d2,hydraulics,.xlsm,19,s0019,worksheet,f000310,regular,worksheet-formula,91,multi-area,11,A7:A13|A17:A22|B7:B13|C7:C13|D7:D13|D17:D22|E7:E13|E17:E21|F7:F19|G7:G19|H7:H19,,,0,cross-cutting.lookup,local-context,ft
2f31e7e9f41839d2,hydraulics,.xlsm,2,s0002,worksheet,f000311,regular,worksheet-formula,6,rectangular-table,1,J19:L25,,,0,hydraulics.unresolved,catalog-category,L/s|ft|min|percent
2f31e7e9f41839d2,hydraulics,.xlsm,2,s0002,worksheet,f000312,regular,worksheet-formula,3,multi-area,2,G8:G9|L28,IF,,0,hydraulics.unresolved,catalog-category,ft|min|percent
2f31e7e9f41839d2,hydraulics,.xlsm,2,s0002,worksheet,f000313,regular,worksheet-formula,16,multi-area,10,C17|E12:E13|E17|J22|K17:K18|K24|K29:K32|L17:L18|L24|BO10,,,0,cementing.volume,local-context,L/min|L/s|ft|min|mm|percent
2f31e7e9f41839d2,hydraulics,.xlsm,2,s0002,worksheet,f000314,regular,worksheet-formula,1,single-cell,1,BP10,IF,,0,hydraulics.unresolved,catalog-category,ft
2f31e7e9f41839d2,hydraulics,.xlsm,2,s0002,worksheet,f000315,regular,worksheet-formula,19,multi-area,10,C16|C18|E16|E18|J9:J11|J17:J18|J24|K9:K11|L9:L11|M9:M11,,,0,hydraulics.unresolved,catalog-category,L/min|L/s|ft|min|percent
2f31e7e9f41839d2,hydraulics,.xlsm,2,s0002,worksheet,f000316,regular,worksheet-formula,3,filled-row,1,J23:L23,,,0,hydraulics.unresolved,catalog-category,ft|min
2f31e7e9f41839d2,hydraulics,.xlsm,2,s0002,worksheet,f000317,regular,worksheet-formula,1,single-cell,1,K28,,,0,hydraulics.unresolved,catalog-category,ft|percent
2f31e7e9f41839d2,hydraulics,.xlsm,2,s0002,worksheet,f000318,regular,worksheet-formula,1,single-cell,1,BP8,IF,,0,hydraulics.unresolved,catalog-category,ft|mm
2f31e7e9f41839d2,hydraulics,.xlsm,2,s0002,worksheet,f000319,regular,worksheet-formula,4,multi-area,4,BN1|BO1|BP1|BP7,IF,,0,hydraulics.unresolved,catalog-category,ft|mm
2f31e7e9f41839d2,hydraulics,.xlsm,2,s0002,worksheet,f000320,regular,worksheet-formula,1,single-cell,1,BP9,IF,,0,hydraulics.unresolved,catalog-category,ft|mm
2f31e7e9f41839d2,hydraulics,.xlsm,2,s0002,worksheet,f000321,regular,worksheet-formula,1,single-cell,1,N10,IF,,0,hydraulics.unresolved,catalog-category,ft
2f31e7e9f41839d2,hydraulics,.xlsm,2,s0002,worksheet,f000322,regular,worksheet-formula,2,filled-row,1,C19:E19,,,0,hydraulics.unresolved,catalog-category,L/min|L/s|ft
2f31e7e9f41839d2,hydraulics,.xlsm,8,s0008,worksheet,f000323,regular,worksheet-formula,1,single-cell,1,C7,TODAY,TODAY,0,directional.coordinates,local-context,ft
2f31e7e9f41839d2,hydraulics,.xlsm,8,s0008,worksheet,f000324,regular,worksheet-formula,1,single-cell,1,C42,IF|UDF,,0,hydraulics.unresolved,catalog-category,ft
2f31e7e9f41839d2,hydraulics,.xlsm,8,s0008,worksheet,f000325,regular,worksheet-formula,14,multi-area,9,C8|C11|C15:C16|C25|C28|C30|D14:D18|D28|D30,,,0,directional.coordinates|hydraulics.bit-nozzle,local-context,ft|hp|in^2|min|percent
2f31e7e9f41839d2,hydraulics,.xlsm,8,s0008,worksheet,f000326,regular,worksheet-formula,10,multi-area,3,D11|E35:E37|J34:J39,IF,,0,directional.coordinates|hydraulics.equivalent-circulating-density|hydraulics.hydrostatic-pressure|hydraulics.rheology,local-context,ft|mm
2f31e7e9f41839d2,hydraulics,.xlsm,8,s0008,worksheet,f000327,regular,worksheet-formula,33,rectangular-table,1,B43:I53,IF,,0,hydraulics.unresolved,catalog-category,ft
2f31e7e9f41839d2,hydraulics,.xlsm,8,s0008,worksheet,f000328,regular,worksheet-formula,2,filled-row,1,H39:I39,,,0,hydraulics.unresolved,catalog-category,ft
2f31e7e9f41839d2,hydraulics,.xlsm,8,s0008,worksheet,f000329,regular,worksheet-formula,1,single-cell,1,E13,CONCATENATE|IF|UDF,,0,hydraulics.unresolved,catalog-category,ft
2f31e7e9f41839d2,hydraulics,.xlsm,8,s0008,worksheet,f000330,regular,worksheet-formula,3,filled-row,1,D42:I42,IF|UDF,,0,hydraulics.unresolved,catalog-category,ft
2f31e7e9f41839d2,hydraulics,.xlsm,8,s0008,worksheet,f000331,regular,worksheet-formula,22,rectangular-table,1,G43:J53,IF,,0,hydraulics.unresolved,catalog-category,ft
2f31e7e9f41839d2,hydraulics,.xlsm,8,s0008,worksheet,f000332,regular,worksheet-formula,2,filled-column,1,D8:D9,IF,,0,directional.coordinates,local-context,ft
2f31e7e9f41839d2,hydraulics,.xlsm,8,s0008,worksheet,f000333,regular,worksheet-formula,20,multi-area,13,C10|C14|C17:C18|C26:C27|C29|C35:C37|D35:D37|G35|G37:G38|H35|H38|I35|I38,,,0,directional.coordinates|hydraulics.bit-nozzle|hydraulics.equivalent-circulating-density|hydraulics.hydrostatic-pressure|hydraulics.rheology,local-context,ft|hp|in^2|min|mm|percent
2f31e7e9f41839d2,hydraulics,.xlsm,8,s0008,worksheet,f000334,regular,worksheet-formula,1,single-cell,1,F42,IF|MAX,,0,hydraulics.unresolved,catalog-category,ft
2f31e7e9f41839d2,hydraulics,.xlsm,8,s0008,worksheet,f000335,regular,worksheet-formula,1,single-cell,1,C9,,,0,directional.coordinates,local-context,ft
2f31e7e9f41839d2,hydraulics,.xlsm,8,s0008,worksheet,f000336,regular,worksheet-formula,44,rectangular-table,1,D43:K53,IF,,0,hydraulics.unresolved,catalog-category,ft
2f31e7e9f41839d2,hydraulics,.xlsm,8,s0008,worksheet,f000337,regular,worksheet-formula,2,multi-area,2,F30|H3,CONCATENATE|IF|UDF,,0,hydraulics.unresolved,catalog-category,ft|hp|in^2|percent
2f31e7e9f41839d2,hydraulics,.xlsm,8,s0008,worksheet,f000338,regular,worksheet-formula,1,single-cell,1,G39,SUM,,0,hydraulics.unresolved,catalog-category,ft
2f31e7e9f41839d2,hydraulics,.xlsm,8,s0008,worksheet,f000339,regular,worksheet-formula,2,filled-row,1,H42:K42,IF|UDF,,0,hydraulics.unresolved,catalog-category,ft
2f31e7e9f41839d2,hydraulics,.xlsm,8,s0008,worksheet,f000340,regular,worksheet-formula,4,rectangular-table,1,C21:D22,IF,,0,hydraulics.unresolved,catalog-category,ft|min
2f31e7e9f41839d2,hydraulics,.xlsm,8,s0008,worksheet,f000341,regular,worksheet-formula,2,filled-column,1,D26:D27,IF,,0,hydraulics.bit-nozzle,local-context,ft|hp|in^2
2f31e7e9f41839d2,hydraulics,.xlsm,8,s0008,worksheet,f000342,regular,worksheet-formula,11,filled-column,1,F43:F53,IF,,0,hydraulics.unresolved,catalog-category,ft
2f31e7e9f41839d2,hydraulics,.xlsm,8,s0008,worksheet,f000343,regular,worksheet-formula,2,multi-area,2,B40|D10,IF,,0,directional.coordinates|hydraulics.equivalent-circulating-density,local-context,ft
2f31e7e9f41839d2,hydraulics,.xlsm,7,s0007,worksheet,f000344,regular,worksheet-formula,2,filled-row,1,J2:P2,IF,,0,hydraulics.unresolved,catalog-category,ft
2f31e7e9f41839d2,hydraulics,.xlsm,7,s0007,worksheet,f000345,regular,worksheet-formula,4,filled-row,1,B2:K2,IF|UDF,,0,hydraulics.unresolved,catalog-category,ft
2f31e7e9f41839d2,hydraulics,.xlsm,7,s0007,worksheet,f000346,regular,worksheet-formula,4,multi-area,4,E2|G28|L2|N28,,,0,hydraulics.unresolved,catalog-category,ft
2f31e7e9f41839d2,hydraulics,.xlsm,7,s0007,worksheet,f000347,regular,worksheet-formula,50,rectangular-table,1,I3:O27,IF,,0,hydraulics.unresolved,catalog-category,ft
2f31e7e9f41839d2,hydraulics,.xlsm,7,s0007,worksheet,f000348,regular,worksheet-formula,2,filled-row,1,K28:Q28,IF,,0,hydraulics.unresolved,catalog-category,ft
2f31e7e9f41839d2,hydraulics,.xlsm,7,s0007,worksheet,f000349,regular,worksheet-formula,4,filled-row,1,F2:N2,IF|UDF,,0,hydraulics.unresolved,catalog-category,ft
2f31e7e9f41839d2,hydraulics,.xlsm,7,s0007,worksheet,f000350,regular,worksheet-formula,24,filled-column,1,R4:R27,AND|IF,,0,hydraulics.unresolved,catalog-category,ft
2f31e7e9f41839d2,hydraulics,.xlsm,7,s0007,worksheet,f000351,regular,worksheet-formula,1,single-cell,1,R3,AND|IF,,0,hydraulics.unresolved,catalog-category,ft
2f31e7e9f41839d2,hydraulics,.xlsm,7,s0007,worksheet,f000352,regular,worksheet-formula,1,single-cell,1,E28,IF,,0,hydraulics.unresolved,catalog-category,ft
2f31e7e9f41839d2,hydraulics,.xlsm,7,s0007,worksheet,f000353,regular,worksheet-formula,24,filled-column,1,S4:S27,AND|IF,,0,hydraulics.unresolved,catalog-category,ft
2f31e7e9f41839d2,hydraulics,.xlsm,7,s0007,worksheet,f000354,regular,worksheet-formula,50,rectangular-table,1,E3:L27,IF,,0,hydraulics.unresolved,catalog-category,ft
2f31e7e9f41839d2,hydraulics,.xlsm,7,s0007,worksheet,f000355,regular,worksheet-formula,2,filled-row,1,A1:K1,UDF,,0,hydraulics.unresolved,catalog-category,ft
2f31e7e9f41839d2,hydraulics,.xlsm,7,s0007,worksheet,f000356,regular,worksheet-formula,175,rectangular-table,1,F3:P27,IF,,0,hydraulics.unresolved,catalog-category,ft
2f31e7e9f41839d2,hydraulics,.xlsm,7,s0007,worksheet,f000357,regular,worksheet-formula,5,filled-row,1,D28:P28,SUM,,0,hydraulics.unresolved,catalog-category,ft
2f31e7e9f41839d2,hydraulics,.xlsm,7,s0007,worksheet,f000358,regular,worksheet-formula,1,single-cell,1,S3,AND|IF,,0,hydraulics.unresolved,catalog-category,ft
2f31e7e9f41839d2,hydraulics,.xlsm,4,s0004,worksheet,f000359,regular,worksheet-formula,2,filled-column,1,H10:H11,IF,,0,hydraulics.unresolved,catalog-category,ft
2f31e7e9f41839d2,hydraulics,.xlsm,4,s0004,worksheet,f000360,regular,worksheet-formula,1,single-cell,1,K7,IF,,0,hydraulics.unresolved,catalog-category,ft
2f31e7e9f41839d2,hydraulics,.xlsm,4,s0004,worksheet,f000361,regular,worksheet-formula,400,rectangular-table,1,AT7:BH206,COS|IF|RADIANS,,0,bha.geometry|directional.coordinates,local-context,ft
2f31e7e9f41839d2,hydraulics,.xlsm,4,s0004,worksheet,f000362,regular,worksheet-formula,1600,rectangular-table,1,AL7:AX206,IF|NA,,0,directional.coordinates|directional.dogleg-severity,local-context,ft
2f31e7e9f41839d2,hydraulics,.xlsm,4,s0004,worksheet,f000363,regular,worksheet-formula,198,filled-column,1,L7:L204,IF,,0,hydraulics.unresolved,catalog-category,ft
2f31e7e9f41839d2,hydraulics,.xlsm,4,s0004,worksheet,f000364,regular,worksheet-formula,3,filled-column,1,F13:F15,IF,,0,hydraulics.reynolds-number,local-context,ft
2f31e7e9f41839d2,hydraulics,.xlsm,4,s0004,worksheet,f000365,regular,worksheet-formula,200,filled-column,1,AP7:AP206,,,0,hydraulics.unresolved,catalog-category,ft
2f31e7e9f41839d2,hydraulics,.xlsm,4,s0004,worksheet,f000366,regular,worksheet-formula,1,single-cell,1,H7,IF|LOG,,0,hydraulics.rheology,local-context,ft
2f31e7e9f41839d2,hydraulics,.xlsm,4,s0004,worksheet,f000367,regular,worksheet-formula,200,filled-column,1,AJ7:AJ206,IF,,0,hydraulics.unresolved,catalog-category,ft
2f31e7e9f41839d2,hydraulics,.xlsm,4,s0004,worksheet,f000368,regular,worksheet-formula,200,filled-column,1,BC7:BC206,IF|RADIANS|SIN,,0,directional.coordinates,local-context,ft
2f31e7e9f41839d2,hydraulics,.xlsm,4,s0004,worksheet,f000369,regular,worksheet-formula,200,filled-column,1,BD7:BD206,COS|IF|RADIANS,,0,directional.coordinates,local-context,ft
2f31e7e9f41839d2,hydraulics,.xlsm,4,s0004,worksheet,f000370,regular,worksheet-formula,400,rectangular-table,1,AS7:BN206,AND|IF,,0,directional.coordinates,local-context,ft
2f31e7e9f41839d2,hydraulics,.xlsm,4,s0004,worksheet,f000371,regular,worksheet-formula,3,multi-area,3,D50|AS3|BG2,,,0,bha.geometry|directional.coordinates,local-context,ft
2f31e7e9f41839d2,hydraulics,.xlsm,4,s0004,worksheet,f000372,regular,worksheet-formula,200,filled-column,1,BG7:BG206,AND|IF,,0,bha.geometry,local-context,ft
2f31e7e9f41839d2,hydraulics,.xlsm,4,s0004,worksheet,f000373,regular,worksheet-formula,200,filled-column,1,Y7:Y206,,,0,hydraulics.unresolved,catalog-category,deg|ft
2f31e7e9f41839d2,hydraulics,.xlsm,4,s0004,worksheet,f000374,regular,worksheet-formula,200,filled-column,1,BP7:BP206,IF|NA|NOT,,0,directional.coordinates,local-context,ft
2f31e7e9f41839d2,hydraulics,.xlsm,4,s0004,worksheet,f000375,regular,worksheet-formula,200,filled-column,1,BM7:BM206,IF|NA|NOT|OR,,0,directional.coordinates,local-context,ft
2f31e7e9f41839d2,hydraulics,.xlsm,4,s0004,worksheet,f000376,regular,worksheet-formula,200,filled-column,1,AC7:AC206,AND|COS|IF|TAN,,0,hydraulics.unresolved,catalog-category,ft
2f31e7e9f41839d2,hydraulics,.xlsm,4,s0004,worksheet,f000377,regular,worksheet-formula,1,single-cell,1,AZ6,MAX,,0,directional.dogleg-severity,local-context,ft
2f31e7e9f41839d2,hydraulics,.xlsm,4,s0004,worksheet,f000378,regular,worksheet-formula,600,rectangular-table,1,Q7:T206,IF,,0,directional.coordinates,local-context,deg|ft
2f31e7e9f41839d2,hydraulics,.xlsm,4,s0004,worksheet,f000379,regular,worksheet-formula,201,filled-column,1,AH6:AH206,AND|ATAN|IF|PI,,0,hydraulics.unresolved,catalog-category,ft
2f31e7e9f41839d2,hydraulics,.xlsm,4,s0004,worksheet,f000380,regular,worksheet-formula,200,filled-column,1,AB7:AB206,ACOS|COS|SIN,,0,hydraulics.unresolved,catalog-category,ft
2f31e7e9f41839d2,hydraulics,.xlsm,4,s0004,worksheet,f000381,regular,worksheet-formula,200,filled-column,1,AE7:AE206,AND|IF|SIN|TAN,,0,hydraulics.unresolved,catalog-category,ft
2f31e7e9f41839d2,hydraulics,.xlsm,4,s0004,worksheet,f000382,regular,worksheet-formula,1,single-cell,1,N206,IF,,0,hydraulics.unresolved,catalog-category,ft
2f31e7e9f41839d2,hydraulics,.xlsm,4,s0004,worksheet,f000383,regular,worksheet-formula,201,filled-column,1,AG6:AG206,AND|ATAN|IF|PI,,0,hydraulics.unresolved,catalog-category,ft
2f31e7e9f41839d2,hydraulics,.xlsm,4,s0004,worksheet,f000384,regular,worksheet-formula,1,single-cell,1,D28,IF|PI,,0,hydraulics.bit-nozzle,local-context,ft|m^2
2f31e7e9f41839d2,hydraulics,.xlsm,4,s0004,worksheet,f000385,regular,worksheet-formula,402,multi-area,4,O206|P206|AZ7:AZ206|BR7:BR206,IF,,0,directional.coordinates|directional.dogleg-severity,local-context,ft
2f31e7e9f41839d2,hydraulics,.xlsm,4,s0004,worksheet,f000386,regular,worksheet-formula,1,single-cell,1,AT3,IF|SUM,,0,directional.coordinates,local-context,ft
2f31e7e9f41839d2,hydraulics,.xlsm,4,s0004,worksheet,f000387,regular,worksheet-formula,200,filled-column,1,AD7:AD206,AND|COS|IF|SIN|TAN,,0,hydraulics.unresolved,catalog-category,ft
2f31e7e9f41839d2,hydraulics,.xlsm,4,s0004,worksheet,f000388,regular,worksheet-formula,200,filled-column,1,BO7:BO206,COS|IF|NA|RADIANS,,0,directional.coordinates,local-context,ft
2f31e7e9f41839d2,hydraulics,.xlsm,4,s0004,worksheet,f000389,regular,worksheet-formula,1,single-cell,1,L205,IF,,0,hydraulics.unresolved,catalog-category,ft
2f31e7e9f41839d2,hydraulics,.xlsm,4,s0004,worksheet,f000390,regular,worksheet-formula,201,filled-column,1,R6:R206,COS|PI,,0,directional.coordinates,local-context,deg|ft
2f31e7e9f41839d2,hydraulics,.xlsm,4,s0004,worksheet,f000391,regular,worksheet-formula,2,filled-column,1,E30:E37,IF,,0,directional.trajectory|hydraulics.bit-nozzle,local-context,ft|hp|m^2|percent
2f31e7e9f41839d2,hydraulics,.xlsm,4,s0004,worksheet,f000392,regular,worksheet-formula,1,single-cell,1,L4,IF|SUM,,0,hydraulics.unresolved,catalog-category,ft
2f31e7e9f41839d2,hydraulics,.xlsm,4,s0004,worksheet,f000393,regular,worksheet-formula,396,rectangular-table,1,O8:P205,IF,,0,hydraulics.unresolved,catalog-category,deg|ft
2f31e7e9f41839d2,hydraulics,.xlsm,4,s0004,worksheet,f000394,regular,worksheet-formula,1,single-cell,1,L6,IF,,0,hydraulics.unresolved,catalog-category,ft
2f31e7e9f41839d2,hydraulics,.xlsm,4,s0004,worksheet,f000395,regular,worksheet-formula,2,filled-row,1,Q6:Y6,,,0,directional.coordinates|directional.dogleg-severity,local-context,deg|ft
2f31e7e9f41839d2,hydraulics,.xlsm,4,s0004,worksheet,f000396,regular,worksheet-formula,201,filled-column,1,W6:W206,IF|PI,,0,directional.dogleg-severity,local-context,deg|ft
2f31e7e9f41839d2,hydraulics,.xlsm,4,s0004,worksheet,f000397,regular,worksheet-formula,198,filled-column,1,N8:N205,IF,,0,hydraulics.unresolved,catalog-category,ft
2f31e7e9f41839d2,hydraulics,.xlsm,4,s0004,worksheet,f000398,regular,worksheet-formula,3,filled-column,1,E25:E50,IF,,0,directional.trajectory|hydraulics.bit-nozzle,local-context,ft|hp|m^2|percent
2f31e7e9f41839d2,hydraulics,.xlsm,4,s0004,worksheet,f000399,regular,worksheet-formula,1,single-cell,1,H8,IF,,0,hydraulics.unresolved,catalog-category,ft
2f31e7e9f41839d2,hydraulics,.xlsm,4,s0004,worksheet,f000400,regular,worksheet-formula,1,single-cell,1,D27,IF|PI,,0,hydraulics.bit-nozzle,local-context,ft|m^2
2f31e7e9f41839d2,hydraulics,.xlsm,4,s0004,worksheet,f000401,regular,worksheet-formula,201,filled-column,1,V6:V206,IF,,0,directional.dogleg-severity,local-context,deg|ft
2f31e7e9f41839d2,hydraulics,.xlsm,4,s0004,worksheet,f000402,regular,worksheet-formula,1,single-cell,1,BG4,IF,,0,bha.geometry|directional.coordinates,local-context,ft
2f31e7e9f41839d2,hydraulics,.xlsm,4,s0004,worksheet,f000403,regular,worksheet-formula,201,filled-column,1,AF6:AF206,AND|ATAN|IF|PI,,0,hydraulics.unresolved,catalog-category,ft
2f31e7e9f41839d2,hydraulics,.xlsm,4,s0004,worksheet,f000404,regular,worksheet-formula,15,filled-column,1,D9:D23,IF,,0,hydraulics.bit-nozzle|hydraulics.reynolds-number|hydraulics.rheology,local-context,ft
2f31e7e9f41839d2,hydraulics,.xlsm,4,s0004,worksheet,f000405,regular,worksheet-formula,2,filled-row,1,O7:P7,IF,,0,hydraulics.unresolved,catalog-category,deg|ft
2f31e7e9f41839d2,hydraulics,.xlsm,4,s0004,worksheet,f000406,regular,worksheet-formula,200,filled-column,1,AQ7:AQ206,COS|IF|NA|RADIANS|SIN,,0,directional.coordinates,local-context,ft
2f31e7e9f41839d2,hydraulics,.xlsm,4,s0004,worksheet,f000407,regular,worksheet-formula,200,filled-column,1,BI7:BI206,AND|IF|NA,,0,hydraulics.unresolved,catalog-category,ft
2f31e7e9f41839d2,hydraulics,.xlsm,4,s0004,worksheet,f000408,regular,worksheet-formula,1,single-cell,1,K1,CONCATENATE|IF,,0,hydraulics.unresolved,catalog-category,ft
2f31e7e9f41839d2,hydraulics,.xlsm,4,s0004,worksheet,f000409,regular,worksheet-formula,199,filled-column,1,M7:M205,,,0,hydraulics.unresolved,catalog-category,deg|ft
2f31e7e9f41839d2,hydraulics,.xlsm,4,s0004,worksheet,f000410,regular,worksheet-formula,201,filled-column,1,AI6:AI206,AND|ATAN|IF|PI,,0,hydraulics.unresolved,catalog-category,ft
2f31e7e9f41839d2,hydraulics,.xlsm,4,s0004,worksheet,f000411,regular,worksheet-formula,200,filled-column,1,BL7:BL206,IF|NA|NOT|OR,,0,hydraulics.unresolved,catalog-category,ft
2f31e7e9f41839d2,hydraulics,.xlsm,4,s0004,worksheet,f000412,regular,worksheet-formula,4,multi-area,4,D24|AJ1|BH4|BR6,SUM,,0,bha.geometry|directional.coordinates,local-context,ft
2f31e7e9f41839d2,hydraulics,.xlsm,4,s0004,worksheet,f000413,regular,worksheet-formula,201,filled-column,1,U6:U206,SQRT,,0,directional.dogleg-severity,local-context,deg|ft
2f31e7e9f41839d2,hydraulics,.xlsm,4,s0004,worksheet,f000414,regular,worksheet-formula,198,filled-column,1,K8:K205,IF,,0,hydraulics.bit-nozzle|hydraulics.reynolds-number,local-context,ft
2f31e7e9f41839d2,hydraulics,.xlsm,4,s0004,worksheet,f000415,regular,worksheet-formula,200,filled-column,1,BB7:BB206,COS|IF|RADIANS|SIN,,0,directional.coordinates,local-context,ft
2f31e7e9f41839d2,hydraulics,.xlsm,4,s0004,worksheet,f000416,regular,worksheet-formula,200,filled-column,1,BJ7:BJ206,AND|IF|NA,,0,hydraulics.unresolved,catalog-category,ft
2f31e7e9f41839d2,hydraulics,.xlsm,4,s0004,worksheet,f000417,regular,worksheet-formula,2,filled-column,1,AZ2:AZ4,IF|UDF,,0,directional.dogleg-severity,local-context,ft
2f31e7e9f41839d2,hydraulics,.xlsm,4,s0004,worksheet,f000418,regular,worksheet-formula,1,single-cell,1,N7,IF,,0,hydraulics.unresolved,catalog-category,deg|ft
2f31e7e9f41839d2,hydraulics,.xlsm,4,s0004,worksheet,f000419,regular,worksheet-formula,402,rectangular-table,1,Z6:AA206,RADIANS,,0,hydraulics.unresolved,catalog-category,ft
2f31e7e9f41839d2,hydraulics,.xlsm,4,s0004,worksheet,f000420,regular,worksheet-formula,1,single-cell,1,AP1,,,0,hydraulics.unresolved,catalog-category,ft
2f31e7e9f41839d2,hydraulics,.xlsm,15,s0015,worksheet,f000421,regular,worksheet-formula,6,filled-row,1,C3:K3,IF|OFFSET|UDF,OFFSET,0,hydraulics.unresolved,catalog-category,ft
2f31e7e9f41839d2,hydraulics,.xlsm,15,s0015,worksheet,f000422,regular,worksheet-formula,200,filled-column,1,HC4:HC203,,,0,hydraulics.unresolved,catalog-category,ft
2f31e7e9f41839d2,hydraulics,.xlsm,15,s0015,worksheet,f000423,regular,worksheet-formula,1000,rectangular-table,1,G5:K204,IF,,0,hydraulics.unresolved,catalog-category,ft
2f31e7e9f41839d2,hydraulics,.xlsm,15,s0015,worksheet,f000424,regular,worksheet-formula,1,single-cell,1,B2,IF,,0,hydraulics.unresolved,catalog-category,ft
2f31e7e9f41839d2,hydraulics,.xlsm,15,s0015,worksheet,f000425,regular,worksheet-formula,199,filled-column,1,B6:B204,AND|IF,,0,hydraulics.unresolved,catalog-category,ft
2f31e7e9f41839d2,hydraulics,.xlsm,9,s0009,worksheet,f000426,regular,worksheet-formula,3,multi-area,2,C8:C9|D5,,,0,hydraulics.surge-swab,local-context,ft|min
2f31e7e9f41839d2,hydraulics,.xlsm,9,s0009,worksheet,f000427,regular,worksheet-formula,1,single-cell,1,F1,CONCATENATE|UDF,,0,hydraulics.surge-swab,local-context,ft
2f31e7e9f41839d2,hydraulics,.xlsm,9,s0009,worksheet,f000428,regular,worksheet-formula,2,multi-area,2,D11|M1,CONCATENATE|IF|UDF,,0,hydraulics.surge-swab,local-context,ft|min
2f31e7e9f41839d2,hydraulics,.xlsm,9,s0009,worksheet,f000429,regular,worksheet-formula,1,single-cell,1,K11,CONCATENATE|IF|UDF,,0,hydraulics.surge-swab,local-context,ft
2f31e7e9f41839d2,hydraulics,.xlsm,12,s0012,worksheet,f000430,regular,worksheet-formula,16,multi-area,4,C12:C16|D5:D9|D12:D16|CC5,,,0,hydraulics.unresolved,catalog-category,ft
2f31e7e9f41839d2,hydraulics,.xlsm,12,s0012,worksheet,f000431,regular,worksheet-formula,1,single-cell,1,A5,IF,,0,hydraulics.unresolved,catalog-category,ft
2f31e7e9f41839d2,hydraulics,.xlsm,12,s0012,worksheet,f000432,regular,worksheet-formula,1,single-cell,1,G8,CONCATENATE|UDF,,0,hydraulics.unresolved,catalog-category,ft
2f31e7e9f41839d2,hydraulics,.xlsm,12,s0012,worksheet,f000433,regular,worksheet-formula,1,single-cell,1,CC2,IF,,0,hydraulics.unresolved,catalog-category,ft
2f31e7e9f41839d2,hydraulics,.xlsm,12,s0012,worksheet,f000434,regular,worksheet-formula,1,single-cell,1,B31,IF|UDF,,0,well-control.gas-behavior|well-control.maasp,local-context,ft
2f31e7e9f41839d2,hydraulics,.xlsm,12,s0012,worksheet,f000435,regular,worksheet-formula,1,single-cell,1,A9,IF,,0,hydraulics.unresolved,catalog-category,ft
2f31e7e9f41839d2,hydraulics,.xlsm,12,s0012,worksheet,f000436,regular,worksheet-formula,1,single-cell,1,I3,,,0,hydraulics.unresolved,catalog-category,ft
2f31e7e9f41839d2,hydraulics,.xlsm,12,s0012,worksheet,f000437,regular,worksheet-formula,5,filled-column,1,B12:B16,CONCATENATE|UDF,,0,hydraulics.unresolved,catalog-category,ft
2f31e7e9f41839d2,hydraulics,.xlsm,12,s0012,worksheet,f000438,regular,worksheet-formula,1,single-cell,1,J32,CONCATENATE|IF|UDF,,0,hydraulics.unresolved,catalog-category,ft
2f31e7e9f41839d2,hydraulics,.xlsm,12,s0012,worksheet,f000439,regular,worksheet-formula,1,single-cell,1,A6,IF,,0,hydraulics.unresolved,catalog-category,ft
2f31e7e9f41839d2,hydraulics,.xlsm,12,s0012,worksheet,f000440,regular,worksheet-formula,1,single-cell,1,A7,IF,,0,hydraulics.unresolved,catalog-category,ft
2f31e7e9f41839d2,hydraulics,.xlsm,12,s0012,worksheet,f000441,regular,worksheet-formula,1,single-cell,1,A8,IF,,0,hydraulics.unresolved,catalog-category,ft
2f31e7e9f41839d2,hydraulics,.xlsm,12,s0012,worksheet,f000442,regular,worksheet-formula,1,single-cell,1,B11,CONCATENATE|UDF,,0,hydraulics.unresolved,catalog-category,ft
2f31e7e9f41839d2,hydraulics,.xlsm,12,s0012,worksheet,f000443,regular,worksheet-formula,5,filled-column,1,B5:B9,IF,,0,hydraulics.unresolved,catalog-category,ft
2f31e7e9f41839d2,hydraulics,.xlsm,12,s0012,worksheet,f000444,regular,worksheet-formula,1,single-cell,1,B17,CONCATENATE|UDF,,0,hydraulics.unresolved,catalog-category,ft
30cdfd3f5cc38e9d,hydraulics,.xlsx,1,s0001,worksheet,f000001,regular,worksheet-formula,57558,rectangular-table,1,Q2:V28780,ABS,,0,hydraulics.reynolds-number,local-context,
30cdfd3f5cc38e9d,hydraulics,.xlsx,1,s0001,worksheet,f000002,regular,worksheet-formula,28780,multi-area,2,E2:E28780|K2,,,0,hydraulics.fluid-properties|hydraulics.reynolds-number,local-context,
30cdfd3f5cc38e9d,hydraulics,.xlsx,1,s0001,worksheet,f000003,regular,worksheet-formula,276,filled-column,1,K1192:K28682,IF|OR,,0,hydraulics.unresolved,catalog-category,
30cdfd3f5cc38e9d,hydraulics,.xlsx,1,s0001,worksheet,f000004,regular,worksheet-formula,4189,filled-column,1,K3:K28767,IF|OR,,0,hydraulics.reynolds-number,local-context,
320f71bf493043d3,torque-drag-drillstring,.xls,1,s0001,worksheet,f000001,regular,worksheet-formula,1,single-cell,1,E15,,,0,torque-drag.unresolved,catalog-category,ft
320f71bf493043d3,torque-drag-drillstring,.xls,1,s0001,worksheet,f000002,regular,worksheet-formula,1,single-cell,1,G15,,,0,torque-drag.unresolved,catalog-category,ft
320f71bf493043d3,torque-drag-drillstring,.xls,1,s0001,worksheet,f000003,regular,worksheet-formula,1,single-cell,1,G14,,,0,torque-drag.unresolved,catalog-category,ft
320f71bf493043d3,torque-drag-drillstring,.xls,1,s0001,worksheet,f000004,regular,worksheet-formula,1,single-cell,1,E14,,,0,torque-drag.unresolved,catalog-category,ft
332bc3b3c75e571d,torque-drag-drillstring,.xlsm,1,s0001,worksheet,f000001,regular,worksheet-formula,11,filled-row,1,A1:K1,,,11,bha.geometry,local-context,ft|kN|mm
332bc3b3c75e571d,torque-drag-drillstring,.xlsm,2,s0002,worksheet,f000002,regular,worksheet-formula,30,filled-row,1,A1:AD1,,,30,hydraulics.fluid-properties,local-context,MPa|N|ft|kg/m^3|lbm/ft|lbm/ft^3|m|mm|psi
343671c0857a9b3e,bha-tools,.xlsx,2,s0002,worksheet,f000001,regular,worksheet-formula,93,rectangular-table,1,J11:N41,,,0,bha.geometry,local-context,ft
343671c0857a9b3e,bha-tools,.xlsx,2,s0002,worksheet,f000002,regular,worksheet-formula,28,filled-column,1,G14:G41,SUM,,0,bha.geometry,local-context,
343671c0857a9b3e,bha-tools,.xlsx,2,s0002,worksheet,f000003,regular,worksheet-formula,11,multi-area,5,G11:G13|I42:I43|J44:J45|K42:K43|L44:L45,SUM,,0,bha.geometry,local-context,ft
343671c0857a9b3e,bha-tools,.xlsx,2,s0002,worksheet,f000004,regular,worksheet-formula,62,rectangular-table,1,I11:K41,,,0,bha.geometry,local-context,ft
343671c0857a9b3e,bha-tools,.xlsx,2,s0002,worksheet,f000005,regular,worksheet-formula,1,single-cell,1,C8,,,0,bha.geometry,local-context,ft|ppg
343671c0857a9b3e,bha-tools,.xlsx,2,s0002,worksheet,f000006,regular,worksheet-formula,64,multi-area,2,F11:F41|H11:H43,,,0,bha.geometry,local-context,ft
343671c0857a9b3e,bha-tools,.xlsx,1,s0001,worksheet,f000007,regular,worksheet-formula,60,rectangular-table,1,J11:N30,,,0,bha.geometry|torque-drag.connection-capacity,local-context,ft
343671c0857a9b3e,bha-tools,.xlsx,1,s0001,worksheet,f000008,regular,worksheet-formula,19,filled-column,1,A12:A30,,,0,bha.geometry,local-context,
343671c0857a9b3e,bha-tools,.xlsx,1,s0001,worksheet,f000009,regular,worksheet-formula,19,filled-column,1,G12:G30,SUM,,0,bha.geometry,local-context,ft
343671c0857a9b3e,bha-tools,.xlsx,1,s0001,worksheet,f000010,regular,worksheet-formula,9,multi-area,5,G11|I31:I32|J33:J34|K31:K32|L33:L34,SUM,,0,bha.geometry,local-context,ft
343671c0857a9b3e,bha-tools,.xlsx,1,s0001,worksheet,f000011,regular,worksheet-formula,40,rectangular-table,1,I11:K30,,,0,bha.geometry,local-context,ft
343671c0857a9b3e,bha-tools,.xlsx,1,s0001,worksheet,f000012,regular,worksheet-formula,1,single-cell,1,C8,,,0,bha.geometry,local-context,ft|ppg
343671c0857a9b3e,bha-tools,.xlsx,1,s0001,worksheet,f000013,regular,worksheet-formula,40,rectangular-table,1,F11:H30,,,0,bha.geometry,local-context,ft
343671c0857a9b3e,bha-tools,.xlsx,5,s0005,worksheet,f000014,regular,worksheet-formula,26,filled-column,1,O8:O33,SQRT,,0,bha.geometry,local-context,
343671c0857a9b3e,bha-tools,.xlsx,4,s0004,worksheet,f000015,regular,worksheet-formula,1,single-cell,1,T16,SIN,,0,bha.geometry|directional.coordinates,local-context,
343671c0857a9b3e,bha-tools,.xlsx,4,s0004,worksheet,f000016,regular,worksheet-formula,1,single-cell,1,T12,,,0,bha.geometry,local-context,
343671c0857a9b3e,bha-tools,.xlsx,4,s0004,worksheet,f000017,regular,worksheet-formula,1,single-cell,1,T13,ACOS|COS|SIN,,0,bha.geometry,local-context,
343671c0857a9b3e,bha-tools,.xlsx,4,s0004,worksheet,f000018,regular,worksheet-formula,1,single-cell,1,T15,COS|SIN,,0,bha.geometry|directional.coordinates,local-context,
343671c0857a9b3e,bha-tools,.xlsx,4,s0004,worksheet,f000019,regular,worksheet-formula,1,single-cell,1,T14,TAN,,0,bha.geometry,local-context,
343671c0857a9b3e,bha-tools,.xlsx,4,s0004,worksheet,f000020,regular,worksheet-formula,1,single-cell,1,T17,COS,,0,bha.geometry|directional.coordinates,local-context,
343671c0857a9b3e,bha-tools,.xlsx,4,s0004,worksheet,f000021,regular,worksheet-formula,26,filled-column,1,N8:N33,SQRT,,0,bha.geometry,local-context,rad
343671c0857a9b3e,bha-tools,.xlsx,4,s0004,worksheet,f000022,regular,worksheet-formula,4,rectangular-table,1,S8:T9,RADIANS,,0,bha.geometry,local-context,rad
348dd5eb51c7fac7,thermal,.xlsx,1,s0001,worksheet,f000001,regular,worksheet-formula,172,filled-column,1,I3:I174,,,0,thermal.geothermal-gradient,local-context,
348dd5eb51c7fac7,thermal,.xlsx,1,s0001,worksheet,f000002,regular,worksheet-formula,13,filled-column,1,E2:E14,,,0,directional.coordinates|thermal.geothermal-gradient,local-context,
348dd5eb51c7fac7,thermal,.xlsx,1,s0001,worksheet,f000003,regular,worksheet-formula,172,filled-column,1,J3:J174,,,0,thermal.geothermal-gradient,local-context,
399cbdbf28c48f34,torque-drag-drillstring,.xls,1,s0001,worksheet,f000001,regular,worksheet-formula,1,single-cell,1,U48,MAX,,0,bha.bending-loading|torque-drag.connection-capacity,local-context,
399cbdbf28c48f34,torque-drag-drillstring,.xls,1,s0001,worksheet,f000002,regular,worksheet-formula,47,multi-area,3,J23:J46|K23:K40|K42:K46,IF,,0,bha.bending-loading|torque-drag.connection-capacity,local-context,
399cbdbf28c48f34,torque-drag-drillstring,.xls,1,s0001,worksheet,f000003,regular,worksheet-formula,1,single-cell,1,T48,MIN,,0,bha.bending-loading|torque-drag.connection-capacity,local-context,
399cbdbf28c48f34,torque-drag-drillstring,.xls,1,s0001,worksheet,f000004,regular,worksheet-formula,2,filled-row,1,R48:S48,IF,,0,bha.bending-loading|torque-drag.connection-capacity,local-context,
399cbdbf28c48f34,torque-drag-drillstring,.xls,2,s0002,worksheet,f000005,regular,worksheet-formula,24,filled-column,1,Y13:Y559,,,0,bha.bending-loading,local-context,
399cbdbf28c48f34,torque-drag-drillstring,.xls,2,s0002,worksheet,f000006,regular,worksheet-formula,4,filled-column,1,R3:R27,COS|PI,,0,bha.bending-loading,local-context,
399cbdbf28c48f34,torque-drag-drillstring,.xls,2,s0002,worksheet,f000007,regular,worksheet-formula,24,filled-column,1,Y17:Y563,,,0,bha.bending-loading,local-context,
399cbdbf28c48f34,torque-drag-drillstring,.xls,2,s0002,worksheet,f000008,regular,worksheet-formula,24,filled-column,1,P3:P555,,,0,bha.bending-loading,local-context,
399cbdbf28c48f34,torque-drag-drillstring,.xls,2,s0002,worksheet,f000009,regular,worksheet-formula,4,filled-column,1,T3:T27,,,0,bha.bending-loading,local-context,
399cbdbf28c48f34,torque-drag-drillstring,.xls,2,s0002,worksheet,f000010,regular,worksheet-formula,4,filled-column,1,V3:V27,,,0,bha.bending-loading,local-context,
399cbdbf28c48f34,torque-drag-drillstring,.xls,2,s0002,worksheet,f000011,regular,worksheet-formula,24,filled-column,1,N3:N555,PI,,0,bha.bending-loading,local-context,
399cbdbf28c48f34,torque-drag-drillstring,.xls,2,s0002,worksheet,f000012,regular,worksheet-formula,4,filled-column,1,M3:M27,,,0,bha.bending-loading,local-context,
399cbdbf28c48f34,torque-drag-drillstring,.xls,2,s0002,worksheet,f000013,regular,worksheet-formula,4,filled-column,1,K3:K27,,,0,bha.bending-loading,local-context,
399cbdbf28c48f34,torque-drag-drillstring,.xls,2,s0002,worksheet,f000014,regular,worksheet-formula,24,filled-column,1,O3:O555,PI,,0,bha.bending-loading,local-context,
399cbdbf28c48f34,torque-drag-drillstring,.xls,2,s0002,worksheet,f000015,regular,worksheet-formula,48,rectangular-table,1,W3:X555,,,0,bha.bending-loading,local-context,
399cbdbf28c48f34,torque-drag-drillstring,.xls,2,s0002,worksheet,f000016,regular,worksheet-formula,96,filled-column,1,Y10:Y562,INDEX,,0,bha.bending-loading,local-context,
399cbdbf28c48f34,torque-drag-drillstring,.xls,2,s0002,worksheet,f000017,regular,worksheet-formula,4,filled-column,1,L3:L27,,,0,bha.bending-loading,local-context,
399cbdbf28c48f34,torque-drag-drillstring,.xls,2,s0002,worksheet,f000018,regular,worksheet-formula,4,filled-column,1,U3:U27,,,0,bha.bending-loading,local-context,
399cbdbf28c48f34,torque-drag-drillstring,.xls,2,s0002,worksheet,f000019,regular,worksheet-formula,144,multi-area,96,B3:B4|B6:B7|B27:B28|B30:B31|B51:B52|B54:B55|B75:B76|B78:B79|B99:B100|B102:B103|B123:B124|B126:B127|B147:B148|B150:B151|B171:B172|B174:B175|B195:B196|B198:B199|B219:B220|B222:B223|B243:B244|B246:B247|B267:B268|B270:B271|B291:B292|B294:B295|B315:B316|B318:B319|B339:B340|B342:B343|B363:B364|B366:B367|B387:B388|B390:B391|B411:B412|B414:B415|B435:B436|B438:B439|B459:B460|B462:B463|B483:B484|B486:B487|B507:B508|B510:B511|B531:B532|B534:B535|B555:B556|B558:B559|Y9|Y11|Y27|Y29|Y51|Y53|Y75|Y77|Y99|Y101|Y123|Y125|Y147|Y149|Y171|Y173|Y195|Y197|Y219|Y221|Y243|Y245|Y267|Y269|Y291|Y293|Y315|Y317|Y339|Y341|Y363|Y365|Y387|Y389|Y411|Y413|Y435|Y437|Y459|Y461|Y483|Y485|Y507|Y509|Y531|Y533|Y555|Y557,,,0,bha.bending-loading|torque-drag.connection-capacity,local-context,
399cbdbf28c48f34,torque-drag-drillstring,.xls,2,s0002,worksheet,f000020,regular,worksheet-formula,4,filled-column,1,Q3:Q27,MIN,,0,bha.bending-loading,local-context,
41a400bce396b5cf,bha-tools,.xlsx,3,s0003,worksheet,f000001,regular,worksheet-formula,60,rectangular-table,1,J11:N35,,,0,bha.geometry|torque-drag.connection-capacity,local-context,ft
41a400bce396b5cf,bha-tools,.xlsx,3,s0003,worksheet,f000002,regular,worksheet-formula,19,filled-column,1,G12:G35,SUM,,0,bha.geometry,local-context,ft
41a400bce396b5cf,bha-tools,.xlsx,3,s0003,worksheet,f000003,regular,worksheet-formula,9,multi-area,5,G11|I36:I37|J38:J39|K36:K37|L38:L39,SUM,,0,bha.geometry,local-context,ft
41a400bce396b5cf,bha-tools,.xlsx,3,s0003,worksheet,f000004,regular,worksheet-formula,40,rectangular-table,1,I11:K35,,,0,bha.geometry,local-context,ft
41a400bce396b5cf,bha-tools,.xlsx,3,s0003,worksheet,f000005,regular,worksheet-formula,1,single-cell,1,C8,,,0,bha.geometry,local-context,ft|ppg
41a400bce396b5cf,bha-tools,.xlsx,3,s0003,worksheet,f000006,regular,worksheet-formula,40,rectangular-table,1,F11:H35,,,0,bha.geometry,local-context,ft
41a400bce396b5cf,bha-tools,.xlsx,2,s0002,worksheet,f000007,regular,worksheet-formula,93,rectangular-table,1,J11:N41,,,0,bha.geometry,local-context,ft
41a400bce396b5cf,bha-tools,.xlsx,2,s0002,worksheet,f000008,regular,worksheet-formula,1,single-cell,1,L49,,,0,bha.geometry,local-context,
41a400bce396b5cf,bha-tools,.xlsx,2,s0002,worksheet,f000009,regular,worksheet-formula,28,filled-column,1,G14:G41,SUM,,0,bha.geometry,local-context,
41a400bce396b5cf,bha-tools,.xlsx,2,s0002,worksheet,f000010,regular,worksheet-formula,11,multi-area,5,G11:G13|I42:I43|J44:J45|K42:K43|L44:L45,SUM,,0,bha.geometry,local-context,ft
41a400bce396b5cf,bha-tools,.xlsx,2,s0002,worksheet,f000011,regular,worksheet-formula,62,rectangular-table,1,I11:K41,,,0,bha.geometry,local-context,ft
41a400bce396b5cf,bha-tools,.xlsx,2,s0002,worksheet,f000012,regular,worksheet-formula,1,single-cell,1,C8,,,0,bha.geometry,local-context,ft|ppg
41a400bce396b5cf,bha-tools,.xlsx,2,s0002,worksheet,f000013,regular,worksheet-formula,64,multi-area,2,F11:F41|H11:H43,,,0,bha.geometry,local-context,ft
41a400bce396b5cf,bha-tools,.xlsx,1,s0001,worksheet,f000014,regular,worksheet-formula,60,rectangular-table,1,J11:N30,,,0,bha.geometry|torque-drag.connection-capacity,local-context,ft
41a400bce396b5cf,bha-tools,.xlsx,1,s0001,worksheet,f000015,regular,worksheet-formula,19,filled-column,1,A12:A30,,,0,bha.geometry,local-context,
41a400bce396b5cf,bha-tools,.xlsx,1,s0001,worksheet,f000016,regular,worksheet-formula,19,filled-column,1,G12:G30,SUM,,0,bha.geometry,local-context,ft
41a400bce396b5cf,bha-tools,.xlsx,1,s0001,worksheet,f000017,regular,worksheet-formula,9,multi-area,5,G11|I31:I32|J33:J34|K31:K32|L33:L34,SUM,,0,bha.geometry,local-context,ft
41a400bce396b5cf,bha-tools,.xlsx,1,s0001,worksheet,f000018,regular,worksheet-formula,40,rectangular-table,1,I11:K30,,,0,bha.geometry,local-context,ft
41a400bce396b5cf,bha-tools,.xlsx,1,s0001,worksheet,f000019,regular,worksheet-formula,1,single-cell,1,C8,,,0,bha.geometry,local-context,ft|ppg
41a400bce396b5cf,bha-tools,.xlsx,1,s0001,worksheet,f000020,regular,worksheet-formula,40,rectangular-table,1,F11:H30,,,0,bha.geometry,local-context,ft
41a400bce396b5cf,bha-tools,.xlsx,4,s0004,worksheet,f000021,regular,worksheet-formula,1,single-cell,1,BH26,,,0,bha.geometry,local-context,ft
41a400bce396b5cf,bha-tools,.xlsx,4,s0004,worksheet,f000022,regular,worksheet-formula,6,filled-column,1,BL16:BL21,SUM,,0,bha.geometry|cross-cutting.lookup,local-context,
41a400bce396b5cf,bha-tools,.xlsx,4,s0004,worksheet,f000023,regular,worksheet-formula,1,single-cell,1,BH29,,,0,bha.geometry,local-context,
41a400bce396b5cf,bha-tools,.xlsx,6,s0006,worksheet,f000024,regular,worksheet-formula,1,single-cell,1,X16,SIN,,0,bha.geometry|directional.coordinates,local-context,
41a400bce396b5cf,bha-tools,.xlsx,6,s0006,worksheet,f000025,regular,worksheet-formula,2,filled-row,1,X12:AB12,,,0,bha.geometry|directional.trajectory,local-context,
41a400bce396b5cf,bha-tools,.xlsx,6,s0006,worksheet,f000026,regular,worksheet-formula,1,single-cell,1,X13,ACOS|COS|SIN,,0,bha.geometry,local-context,
41a400bce396b5cf,bha-tools,.xlsx,6,s0006,worksheet,f000027,regular,worksheet-formula,1,single-cell,1,X15,COS|SIN,,0,bha.geometry|directional.coordinates,local-context,
41a400bce396b5cf,bha-tools,.xlsx,6,s0006,worksheet,f000028,regular,worksheet-formula,1,single-cell,1,AB13,COS|PI|SIN,,0,bha.geometry|directional.coordinates|directional.trajectory,local-context,
41a400bce396b5cf,bha-tools,.xlsx,6,s0006,worksheet,f000029,regular,worksheet-formula,1,single-cell,1,X14,TAN,,0,bha.geometry,local-context,
41a400bce396b5cf,bha-tools,.xlsx,6,s0006,worksheet,f000030,regular,worksheet-formula,1,single-cell,1,X17,COS,,0,bha.geometry|directional.coordinates,local-context,
41a400bce396b5cf,bha-tools,.xlsx,6,s0006,worksheet,f000031,regular,worksheet-formula,1,single-cell,1,AB15,PI|SIN,,0,bha.geometry|directional.coordinates,local-context,
41a400bce396b5cf,bha-tools,.xlsx,6,s0006,worksheet,f000032,regular,worksheet-formula,26,filled-column,1,O8:O33,SQRT,,0,bha.geometry,local-context,
41a400bce396b5cf,bha-tools,.xlsx,6,s0006,worksheet,f000033,regular,worksheet-formula,1,single-cell,1,N33,,,0,bha.geometry,local-context,
41a400bce396b5cf,bha-tools,.xlsx,6,s0006,worksheet,f000034,regular,worksheet-formula,1,single-cell,1,AB14,COS|PI,,0,bha.geometry|directional.coordinates,local-context,
41a400bce396b5cf,bha-tools,.xlsx,6,s0006,worksheet,f000035,regular,worksheet-formula,92,filled-column,1,H6:H97,SQRT,,0,bha.geometry,local-context,deg/30m
41a400bce396b5cf,bha-tools,.xlsx,6,s0006,worksheet,f000036,regular,worksheet-formula,8,rectangular-table,1,W8:AB9,RADIANS,,0,bha.geometry|directional.trajectory,local-context,rad
431420c5c348232e,torque-drag-drillstring,.xls,1,s0001,worksheet,f000001,regular,worksheet-formula,3,multi-area,3,E18|F13|F18,,,0,casing.strength,local-context,psi
431420c5c348232e,torque-drag-drillstring,.xls,1,s0001,worksheet,f000002,regular,worksheet-formula,1,single-cell,1,B3,NOW|TEXT,NOW,0,torque-drag.unresolved,catalog-category,
431420c5c348232e,torque-drag-drillstring,.xls,1,s0001,worksheet,f000003,regular,worksheet-formula,1,single-cell,1,G15,IF|UDF,,0,casing.strength,local-context,
431420c5c348232e,torque-drag-drillstring,.xls,1,s0001,worksheet,f000004,regular,worksheet-formula,1,single-cell,1,G7,,,0,torque-drag.unresolved,catalog-category,
431420c5c348232e,torque-drag-drillstring,.xls,1,s0001,worksheet,f000005,regular,worksheet-formula,1,single-cell,1,E20,,,0,hydraulics.hydrostatic-pressure,local-context,
431420c5c348232e,torque-drag-drillstring,.xls,1,s0001,worksheet,f000006,regular,worksheet-formula,1,single-cell,1,E21,,,0,torque-drag.unresolved,catalog-category,ft
431420c5c348232e,torque-drag-drillstring,.xls,1,s0001,worksheet,f000007,regular,worksheet-formula,1,single-cell,1,F16,IF,,0,casing.strength,local-context,
431420c5c348232e,torque-drag-drillstring,.xls,1,s0001,worksheet,f000008,regular,worksheet-formula,1,single-cell,1,G13,,,0,torque-drag.unresolved,catalog-category,
431420c5c348232e,torque-drag-drillstring,.xls,1,s0001,worksheet,f000009,regular,worksheet-formula,1,single-cell,1,G16,IF,,0,casing.strength,local-context,
431420c5c348232e,torque-drag-drillstring,.xls,1,s0001,worksheet,f000010,regular,worksheet-formula,1,single-cell,1,F17,IF,,0,torque-drag.unresolved,catalog-category,
431420c5c348232e,torque-drag-drillstring,.xls,1,s0001,worksheet,f000011,regular,worksheet-formula,1,single-cell,1,E15,IF|UDF,,0,torque-drag.unresolved,catalog-category,ft
431420c5c348232e,torque-drag-drillstring,.xls,1,s0001,worksheet,f000012,regular,worksheet-formula,1,single-cell,1,E16,IF,,0,casing.strength,local-context,ft
431420c5c348232e,torque-drag-drillstring,.xls,1,s0001,worksheet,f000013,regular,worksheet-formula,1,single-cell,1,F15,IF|UDF,,0,torque-drag.unresolved,catalog-category,
431420c5c348232e,torque-drag-drillstring,.xls,1,s0001,worksheet,f000014,regular,worksheet-formula,1,single-cell,1,E17,,,0,torque-drag.unresolved,catalog-category,
431420c5c348232e,torque-drag-drillstring,.xls,1,s0001,worksheet,f000015,regular,worksheet-formula,1,single-cell,1,E13,COS|PI,,0,casing.strength|torque-drag.stress-capacity,local-context,psi
482b9ee6b3cdd008,hydraulics,.xlsx,1,s0001,worksheet,f000001,regular,worksheet-formula,1,single-cell,1,C5,,,0,hydraulics.unresolved,catalog-category,
482b9ee6b3cdd008,hydraulics,.xlsx,1,s0001,worksheet,f000002,regular,worksheet-formula,1,single-cell,1,C6,,,0,hydraulics.unresolved,catalog-category,
482b9ee6b3cdd008,hydraulics,.xlsx,1,s0001,worksheet,f000003,regular,worksheet-formula,1,single-cell,1,D6,,,0,hydraulics.unresolved,catalog-category,
482b9ee6b3cdd008,hydraulics,.xlsx,1,s0001,worksheet,f000004,regular,worksheet-formula,1,single-cell,1,D4,,,0,hydraulics.unresolved,catalog-category,
482b9ee6b3cdd008,hydraulics,.xlsx,1,s0001,worksheet,f000005,regular,worksheet-formula,1,single-cell,1,D10,,,0,hydraulics.unresolved,catalog-category,
482b9ee6b3cdd008,hydraulics,.xlsx,1,s0001,worksheet,f000006,regular,worksheet-formula,1,single-cell,1,D8,,,0,hydraulics.unresolved,catalog-category,
482b9ee6b3cdd008,hydraulics,.xlsx,1,s0001,worksheet,f000007,regular,worksheet-formula,1,single-cell,1,C8,,,0,hydraulics.unresolved,catalog-category,
482b9ee6b3cdd008,hydraulics,.xlsx,1,s0001,worksheet,f000008,regular,worksheet-formula,8,filled-column,1,A4:A11,,,0,hydraulics.unresolved,catalog-category,
482b9ee6b3cdd008,hydraulics,.xlsx,1,s0001,worksheet,f000009,regular,worksheet-formula,1,single-cell,1,C9,,,0,hydraulics.unresolved,catalog-category,
482b9ee6b3cdd008,hydraulics,.xlsx,1,s0001,worksheet,f000010,regular,worksheet-formula,1,single-cell,1,C7,,,0,hydraulics.unresolved,catalog-category,
482b9ee6b3cdd008,hydraulics,.xlsx,1,s0001,worksheet,f000011,regular,worksheet-formula,1,single-cell,1,D9,,,0,hydraulics.unresolved,catalog-category,
482b9ee6b3cdd008,hydraulics,.xlsx,1,s0001,worksheet,f000012,regular,worksheet-formula,1,single-cell,1,D7,,,0,hydraulics.unresolved,catalog-category,
482b9ee6b3cdd008,hydraulics,.xlsx,1,s0001,worksheet,f000013,regular,worksheet-formula,1,single-cell,1,C4,,,0,hydraulics.unresolved,catalog-category,
482b9ee6b3cdd008,hydraulics,.xlsx,1,s0001,worksheet,f000014,regular,worksheet-formula,9,filled-column,1,E3:E11,POWER,,0,hydraulics.unresolved,catalog-category,
482b9ee6b3cdd008,hydraulics,.xlsx,1,s0001,worksheet,f000015,regular,worksheet-formula,1,single-cell,1,C12,,,0,hydraulics.unresolved,catalog-category,
482b9ee6b3cdd008,hydraulics,.xlsx,1,s0001,worksheet,f000016,regular,worksheet-formula,1,single-cell,1,C10,,,0,hydraulics.unresolved,catalog-category,
482b9ee6b3cdd008,hydraulics,.xlsx,1,s0001,worksheet,f000017,regular,worksheet-formula,1,single-cell,1,D5,,,0,hydraulics.unresolved,catalog-category,
48e84a7374ffc7ba,torque-drag-drillstring,.xls,1,s0001,worksheet,f000001,regular,worksheet-formula,2,filled-row,1,C51:D51,UDF,,0,bha.bending-loading|torque-drag.connection-capacity,local-context,N|ft
48e84a7374ffc7ba,torque-drag-drillstring,.xls,1,s0001,worksheet,f000002,regular,worksheet-formula,2,filled-row,1,C52:D52,,,0,bha.bending-loading,local-context,ft
48e84a7374ffc7ba,torque-drag-drillstring,.xls,1,s0001,worksheet,f000003,regular,worksheet-formula,2,filled-row,1,C50:D50,UDF,,0,bha.bending-loading|torque-drag.connection-capacity,local-context,N|ft|psi
48e84a7374ffc7ba,torque-drag-drillstring,.xls,1,s0001,worksheet,f000004,regular,worksheet-formula,4,rectangular-table,1,C29:D35,PI,,0,torque-drag.unresolved,catalog-category,N|in^2|in^3
48e84a7374ffc7ba,torque-drag-drillstring,.xls,1,s0001,worksheet,f000005,regular,worksheet-formula,2,filled-row,1,C41:D41,PI,,0,well-control.pressure-schedule,local-context,N|cP
48e84a7374ffc7ba,torque-drag-drillstring,.xls,1,s0001,worksheet,f000006,regular,worksheet-formula,2,filled-row,1,C38:D38,PI,,0,well-control.pressure-schedule,local-context,cP
48e84a7374ffc7ba,torque-drag-drillstring,.xls,1,s0001,worksheet,f000007,regular,worksheet-formula,2,filled-row,1,C47:D47,UDF,,0,torque-drag.connection-capacity,local-context,N|ft|percent|psi
48e84a7374ffc7ba,torque-drag-drillstring,.xls,1,s0001,worksheet,f000008,regular,worksheet-formula,2,filled-row,1,C45:D45,,,0,torque-drag.unresolved,catalog-category,N|ft|percent
48e84a7374ffc7ba,torque-drag-drillstring,.xls,1,s0001,worksheet,f000009,regular,worksheet-formula,4,rectangular-table,1,C39:D40,PI,,0,well-control.pressure-schedule,local-context,N|cP
48e84a7374ffc7ba,torque-drag-drillstring,.xls,1,s0001,worksheet,f000010,regular,worksheet-formula,1,single-cell,1,E39,,,0,well-control.pressure-schedule,local-context,cP
48e84a7374ffc7ba,torque-drag-drillstring,.xls,1,s0001,worksheet,f000011,regular,worksheet-formula,4,rectangular-table,1,C28:D34,PI,,0,torque-drag.unresolved,catalog-category,in^2|in^3
48e84a7374ffc7ba,torque-drag-drillstring,.xls,1,s0001,worksheet,f000012,regular,worksheet-formula,2,filled-row,1,C37:D37,PI,,0,well-control.pressure-schedule,local-context,N|cP|in^3
48e84a7374ffc7ba,torque-drag-drillstring,.xls,1,s0001,worksheet,f000013,regular,worksheet-formula,1,single-cell,1,E3,NOW,NOW,0,bha.motor-performance,local-context,
48e84a7374ffc7ba,torque-drag-drillstring,.xls,1,s0001,worksheet,f000014,regular,worksheet-formula,2,filled-row,1,C48:D48,PI,,0,torque-drag.connection-capacity,local-context,N|ft|psi
48e84a7374ffc7ba,torque-drag-drillstring,.xls,1,s0001,worksheet,f000015,regular,worksheet-formula,2,filled-row,1,C43:D43,,,0,torque-drag.unresolved,catalog-category,ft|percent
48e84a7374ffc7ba,torque-drag-drillstring,.xls,1,s0001,worksheet,f000016,regular,worksheet-formula,2,filled-row,1,C44:D44,UDF,,0,torque-drag.unresolved,catalog-category,ft|percent
48e84a7374ffc7ba,torque-drag-drillstring,.xls,1,s0001,worksheet,f000017,regular,worksheet-formula,1,single-cell,1,E44,,,0,torque-drag.unresolved,catalog-category,ft
48e84a7374ffc7ba,torque-drag-drillstring,.xls,1,s0001,worksheet,f000018,regular,worksheet-formula,2,filled-row,1,C42:D42,COS|PI,,0,torque-drag.unresolved,catalog-category,N|ft
48e84a7374ffc7ba,torque-drag-drillstring,.xls,2,s0002,worksheet,f000019,regular,worksheet-formula,2,filled-row,1,C51:D51,UDF,,0,bha.bending-loading|torque-drag.connection-capacity,local-context,N|ft
48e84a7374ffc7ba,torque-drag-drillstring,.xls,2,s0002,worksheet,f000020,regular,worksheet-formula,2,filled-row,1,C52:D52,,,0,bha.bending-loading,local-context,ft
48e84a7374ffc7ba,torque-drag-drillstring,.xls,2,s0002,worksheet,f000021,regular,worksheet-formula,2,filled-row,1,C50:D50,UDF,,0,bha.bending-loading|torque-drag.connection-capacity,local-context,N|ft|psi
48e84a7374ffc7ba,torque-drag-drillstring,.xls,2,s0002,worksheet,f000022,regular,worksheet-formula,4,rectangular-table,1,C29:D35,PI,,0,torque-drag.unresolved,catalog-category,N|in^2|in^3
48e84a7374ffc7ba,torque-drag-drillstring,.xls,2,s0002,worksheet,f000023,regular,worksheet-formula,2,filled-row,1,C41:D41,PI,,0,well-control.pressure-schedule,local-context,N|cP
48e84a7374ffc7ba,torque-drag-drillstring,.xls,2,s0002,worksheet,f000024,regular,worksheet-formula,2,filled-row,1,C38:D38,PI,,0,well-control.pressure-schedule,local-context,cP
48e84a7374ffc7ba,torque-drag-drillstring,.xls,2,s0002,worksheet,f000025,regular,worksheet-formula,2,filled-row,1,C47:D47,UDF,,0,torque-drag.connection-capacity,local-context,N|ft|percent|psi
48e84a7374ffc7ba,torque-drag-drillstring,.xls,2,s0002,worksheet,f000026,regular,worksheet-formula,2,filled-row,1,C45:D45,,,0,torque-drag.unresolved,catalog-category,N|ft|percent
48e84a7374ffc7ba,torque-drag-drillstring,.xls,2,s0002,worksheet,f000027,regular,worksheet-formula,4,rectangular-table,1,C39:D40,PI,,0,well-control.pressure-schedule,local-context,N|cP
48e84a7374ffc7ba,torque-drag-drillstring,.xls,2,s0002,worksheet,f000028,regular,worksheet-formula,4,rectangular-table,1,C28:D34,PI,,0,torque-drag.unresolved,catalog-category,in^2|in^3
48e84a7374ffc7ba,torque-drag-drillstring,.xls,2,s0002,worksheet,f000029,regular,worksheet-formula,2,filled-row,1,C37:D37,PI,,0,well-control.pressure-schedule,local-context,N|cP|in^3
48e84a7374ffc7ba,torque-drag-drillstring,.xls,2,s0002,worksheet,f000030,regular,worksheet-formula,1,single-cell,1,E3,NOW,NOW,0,bha.motor-performance,local-context,
48e84a7374ffc7ba,torque-drag-drillstring,.xls,2,s0002,worksheet,f000031,regular,worksheet-formula,2,filled-row,1,C48:D48,PI,,0,torque-drag.connection-capacity,local-context,N|ft|psi
48e84a7374ffc7ba,torque-drag-drillstring,.xls,2,s0002,worksheet,f000032,regular,worksheet-formula,2,filled-row,1,C43:D43,,,0,torque-drag.unresolved,catalog-category,ft|percent
48e84a7374ffc7ba,torque-drag-drillstring,.xls,2,s0002,worksheet,f000033,regular,worksheet-formula,2,filled-row,1,C44:D44,UDF,,0,torque-drag.unresolved,catalog-category,ft|percent
48e84a7374ffc7ba,torque-drag-drillstring,.xls,2,s0002,worksheet,f000034,regular,worksheet-formula,1,single-cell,1,E44,,,0,torque-drag.unresolved,catalog-category,ft
48e84a7374ffc7ba,torque-drag-drillstring,.xls,2,s0002,worksheet,f000035,regular,worksheet-formula,2,filled-row,1,C42:D42,COS|PI,,0,torque-drag.unresolved,catalog-category,N|ft
48e84a7374ffc7ba,torque-drag-drillstring,.xls,3,s0003,worksheet,f000036,regular,worksheet-formula,1,single-cell,1,C51,UDF,,0,bha.bending-loading|torque-drag.connection-capacity,local-context,N|ft
48e84a7374ffc7ba,torque-drag-drillstring,.xls,3,s0003,worksheet,f000037,regular,worksheet-formula,1,single-cell,1,C52,,,0,bha.bending-loading,local-context,ft
48e84a7374ffc7ba,torque-drag-drillstring,.xls,3,s0003,worksheet,f000038,regular,worksheet-formula,1,single-cell,1,C50,UDF,,0,bha.bending-loading|torque-drag.connection-capacity,local-context,N|ft|psi
48e84a7374ffc7ba,torque-drag-drillstring,.xls,3,s0003,worksheet,f000039,regular,worksheet-formula,2,filled-column,1,C29:C35,PI,,0,torque-drag.unresolved,catalog-category,N|in^2|in^3
48e84a7374ffc7ba,torque-drag-drillstring,.xls,3,s0003,worksheet,f000040,regular,worksheet-formula,1,single-cell,1,C41,PI,,0,well-control.pressure-schedule,local-context,N|cP
48e84a7374ffc7ba,torque-drag-drillstring,.xls,3,s0003,worksheet,f000041,regular,worksheet-formula,1,single-cell,1,C38,PI,,0,well-control.pressure-schedule,local-context,cP
48e84a7374ffc7ba,torque-drag-drillstring,.xls,3,s0003,worksheet,f000042,regular,worksheet-formula,1,single-cell,1,C47,UDF,,0,torque-drag.connection-capacity,local-context,N|ft|percent|psi
48e84a7374ffc7ba,torque-drag-drillstring,.xls,3,s0003,worksheet,f000043,regular,worksheet-formula,1,single-cell,1,C45,,,0,torque-drag.unresolved,catalog-category,N|ft|percent
48e84a7374ffc7ba,torque-drag-drillstring,.xls,3,s0003,worksheet,f000044,regular,worksheet-formula,2,filled-column,1,C39:C40,PI,,0,well-control.pressure-schedule,local-context,N|cP
48e84a7374ffc7ba,torque-drag-drillstring,.xls,3,s0003,worksheet,f000045,regular,worksheet-formula,2,filled-column,1,C28:C34,PI,,0,torque-drag.unresolved,catalog-category,in^2|in^3
48e84a7374ffc7ba,torque-drag-drillstring,.xls,3,s0003,worksheet,f000046,regular,worksheet-formula,1,single-cell,1,C37,PI,,0,well-control.pressure-schedule,local-context,N|cP|in^3
48e84a7374ffc7ba,torque-drag-drillstring,.xls,3,s0003,worksheet,f000047,regular,worksheet-formula,1,single-cell,1,E3,NOW,NOW,0,bha.motor-performance,local-context,
48e84a7374ffc7ba,torque-drag-drillstring,.xls,3,s0003,worksheet,f000048,regular,worksheet-formula,1,single-cell,1,C48,PI,,0,torque-drag.connection-capacity,local-context,N|ft|psi
48e84a7374ffc7ba,torque-drag-drillstring,.xls,3,s0003,worksheet,f000049,regular,worksheet-formula,1,single-cell,1,C43,,,0,torque-drag.unresolved,catalog-category,ft|percent
48e84a7374ffc7ba,torque-drag-drillstring,.xls,3,s0003,worksheet,f000050,regular,worksheet-formula,1,single-cell,1,C44,UDF,,0,torque-drag.unresolved,catalog-category,ft|percent
48e84a7374ffc7ba,torque-drag-drillstring,.xls,3,s0003,worksheet,f000051,regular,worksheet-formula,1,single-cell,1,C42,COS|PI,,0,torque-drag.unresolved,catalog-category,N|ft
4cbca8b6c3894d03,hydraulics,.xls,1,s0001,worksheet,f000001,regular,worksheet-formula,1,single-cell,1,C12,IF,,0,hydraulics.unresolved,catalog-category,mm
4cbca8b6c3894d03,hydraulics,.xls,1,s0001,worksheet,f000002,regular,worksheet-formula,1,single-cell,1,O12,IF,,0,hydraulics.unresolved,catalog-category,bbl
4cbca8b6c3894d03,hydraulics,.xls,1,s0001,worksheet,f000003,regular,worksheet-formula,1,single-cell,1,N12,IF,,0,hydraulics.unresolved,catalog-category,bbl
4cbca8b6c3894d03,hydraulics,.xls,1,s0001,worksheet,f000004,regular,worksheet-formula,1,single-cell,1,H11,IF,,0,hydraulics.unresolved,catalog-category,h
4cbca8b6c3894d03,hydraulics,.xls,1,s0001,worksheet,f000005,regular,worksheet-formula,2,filled-column,1,F12:F13,IF,,0,hydraulics.unresolved,catalog-category,bbl
4cbca8b6c3894d03,hydraulics,.xls,1,s0001,worksheet,f000006,regular,worksheet-formula,1,single-cell,1,R12,IF,,0,hydraulics.unresolved,catalog-category,
4cbca8b6c3894d03,hydraulics,.xls,1,s0001,worksheet,f000007,regular,worksheet-formula,1,single-cell,1,M12,IF,,0,hydraulics.unresolved,catalog-category,
4cbca8b6c3894d03,hydraulics,.xls,1,s0001,worksheet,f000008,regular,worksheet-formula,1,single-cell,1,Q12,,,0,hydraulics.unresolved,catalog-category,bbl
4cbca8b6c3894d03,hydraulics,.xls,1,s0001,worksheet,f000009,regular,worksheet-formula,1,single-cell,1,H12,IF,,0,hydraulics.unresolved,catalog-category,
4cbca8b6c3894d03,hydraulics,.xls,1,s0001,worksheet,f000010,regular,worksheet-formula,1,single-cell,1,Q13,IF,,0,hydraulics.unresolved,catalog-category,
4cbca8b6c3894d03,hydraulics,.xls,1,s0001,worksheet,f000011,regular,worksheet-formula,1,single-cell,1,L12,IF,,0,hydraulics.unresolved,catalog-category,
4cbca8b6c3894d03,hydraulics,.xls,1,s0001,worksheet,f000012,regular,worksheet-formula,1,single-cell,1,P12,IF,,0,hydraulics.unresolved,catalog-category,
4cbca8b6c3894d03,hydraulics,.xls,2,s0002,worksheet,f000013,regular,worksheet-formula,1,single-cell,1,O12,IF,,0,hydraulics.unresolved,catalog-category,bbl
4cbca8b6c3894d03,hydraulics,.xls,2,s0002,worksheet,f000014,regular,worksheet-formula,1,single-cell,1,H11,IF,,0,hydraulics.unresolved,catalog-category,h
4cbca8b6c3894d03,hydraulics,.xls,2,s0002,worksheet,f000015,regular,worksheet-formula,1,single-cell,1,Q12,,,0,hydraulics.unresolved,catalog-category,bbl
4d958ab4bc13174c,hydraulics,.xlsx,3,s0003,worksheet,f000001,regular,worksheet-formula,25,multi-area,3,N3:N12|Y14:Y18|AB3:AB12,,,0,hydraulics.reynolds-number,local-context,
4d958ab4bc13174c,hydraulics,.xlsx,3,s0003,worksheet,f000002,regular,worksheet-formula,1,single-cell,1,X13,,,0,hydraulics.unresolved,catalog-category,
4d958ab4bc13174c,hydraulics,.xlsx,3,s0003,worksheet,f000003,regular,worksheet-formula,484,multi-area,50,B3:B12|B16:B25|B29:B38|B49:B58|B62:B71|B75:B84|C3:C12|C16:C25|C29:C38|C49:C58|C62:C71|C75:C84|D3:D12|D16:D25|D29:D38|D49:D58|D62:D71|D75:D84|E3:E12|E16:E25|E29:E38|E49:E58|E62:E71|E75:E84|F3:F12|F16:F25|F29:F38|F49:F58|F62:F71|F75:F84|G3:G12|G16:G25|G29:G38|G49:G58|G62:G71|G75:G84|H3:H12|H16:H25|H29:H38|H49:H58|H62:H71|H75:H84|I3:I12|I16:I25|I29:I38|I49:I58|I62:I71|I75:I84|W2|W4:W6,,,0,hydraulics.equivalent-circulating-density|hydraulics.pressure-loss,local-context,gal/min|ppg|psi|rpm
4d958ab4bc13174c,hydraulics,.xlsx,3,s0003,worksheet,f000004,regular,worksheet-formula,1,single-cell,1,W10,LOG10,,0,hydraulics.unresolved,catalog-category,
4d958ab4bc13174c,hydraulics,.xlsx,3,s0003,worksheet,f000005,regular,worksheet-formula,10,filled-column,1,J3:J12,,,0,hydraulics.unresolved,catalog-category,
4d958ab4bc13174c,hydraulics,.xlsx,3,s0003,worksheet,f000006,regular,worksheet-formula,1,single-cell,1,W9,LOG10,,0,hydraulics.unresolved,catalog-category,
4d958ab4bc13174c,hydraulics,.xlsx,3,s0003,worksheet,f000007,regular,worksheet-formula,1,single-cell,1,Y6,,,0,hydraulics.unresolved,catalog-category,
4d958ab4bc13174c,hydraulics,.xlsx,3,s0003,worksheet,f000008,regular,worksheet-formula,10,filled-column,1,P3:P12,PI,,0,hydraulics.reynolds-number,local-context,
4d958ab4bc13174c,hydraulics,.xlsx,3,s0003,worksheet,f000009,regular,worksheet-formula,1,single-cell,1,X18,POWER,,0,hydraulics.unresolved,catalog-category,
4d958ab4bc13174c,hydraulics,.xlsx,3,s0003,worksheet,f000010,regular,worksheet-formula,1,single-cell,1,X15,POWER,,0,hydraulics.unresolved,catalog-category,
4d958ab4bc13174c,hydraulics,.xlsx,3,s0003,worksheet,f000011,regular,worksheet-formula,10,filled-column,1,L3:L12,PI,,0,hydraulics.unresolved,catalog-category,
4d958ab4bc13174c,hydraulics,.xlsx,3,s0003,worksheet,f000012,regular,worksheet-formula,1,single-cell,1,W8,,,0,hydraulics.unresolved,catalog-category,
4d958ab4bc13174c,hydraulics,.xlsx,3,s0003,worksheet,f000013,regular,worksheet-formula,1,single-cell,1,X17,POWER,,0,hydraulics.unresolved,catalog-category,
4d958ab4bc13174c,hydraulics,.xlsx,3,s0003,worksheet,f000014,regular,worksheet-formula,10,filled-column,1,T3:T12,PI,,0,hydraulics.unresolved,catalog-category,
4d958ab4bc13174c,hydraulics,.xlsx,3,s0003,worksheet,f000015,regular,worksheet-formula,6,filled-column,1,U7:U12,POWER,,0,hydraulics.unresolved,catalog-category,
4d958ab4bc13174c,hydraulics,.xlsx,3,s0003,worksheet,f000016,regular,worksheet-formula,10,filled-column,1,AA3:AA12,,,0,hydraulics.unresolved,catalog-category,
4d958ab4bc13174c,hydraulics,.xlsx,3,s0003,worksheet,f000017,regular,worksheet-formula,4,filled-column,1,U3:U6,,,0,hydraulics.unresolved,catalog-category,
4d958ab4bc13174c,hydraulics,.xlsx,3,s0003,worksheet,f000018,regular,worksheet-formula,10,filled-column,1,Q3:Q12,POWER,,0,hydraulics.reynolds-number,local-context,
4d958ab4bc13174c,hydraulics,.xlsx,3,s0003,worksheet,f000019,regular,worksheet-formula,10,filled-column,1,M3:M12,,,0,hydraulics.unresolved,catalog-category,
4d958ab4bc13174c,hydraulics,.xlsx,3,s0003,worksheet,f000020,regular,worksheet-formula,2,filled-column,1,Y2:Y3,,,0,hydraulics.unresolved,catalog-category,
4d958ab4bc13174c,hydraulics,.xlsx,3,s0003,worksheet,f000021,regular,worksheet-formula,1,single-cell,1,X16,POWER,,0,hydraulics.unresolved,catalog-category,
4d958ab4bc13174c,hydraulics,.xlsx,3,s0003,worksheet,f000022,regular,worksheet-formula,10,filled-column,1,Z3:Z12,,,0,hydraulics.unresolved,catalog-category,
4d958ab4bc13174c,hydraulics,.xlsx,3,s0003,worksheet,f000023,regular,worksheet-formula,1,single-cell,1,Y7,,,0,hydraulics.unresolved,catalog-category,
4d958ab4bc13174c,hydraulics,.xlsx,3,s0003,worksheet,f000024,regular,worksheet-formula,10,filled-column,1,S3:S12,PI,,0,hydraulics.unresolved,catalog-category,
4d958ab4bc13174c,hydraulics,.xlsx,3,s0003,worksheet,f000025,regular,worksheet-formula,10,filled-column,1,K3:K12,,,0,hydraulics.unresolved,catalog-category,
4d958ab4bc13174c,hydraulics,.xlsx,3,s0003,worksheet,f000026,regular,worksheet-formula,1,single-cell,1,Y4,,,0,hydraulics.unresolved,catalog-category,
4d958ab4bc13174c,hydraulics,.xlsx,3,s0003,worksheet,f000027,regular,worksheet-formula,1,single-cell,1,Y19,SUM,,0,hydraulics.unresolved,catalog-category,
4d958ab4bc13174c,hydraulics,.xlsx,3,s0003,worksheet,f000028,regular,worksheet-formula,10,filled-column,1,R3:R12,IF|POWER,,0,hydraulics.reynolds-number,local-context,
4d958ab4bc13174c,hydraulics,.xlsx,3,s0003,worksheet,f000029,regular,worksheet-formula,1,single-cell,1,X14,POWER,,0,hydraulics.unresolved,catalog-category,
4d958ab4bc13174c,hydraulics,.xlsx,3,s0003,worksheet,f000030,regular,worksheet-formula,10,filled-column,1,O3:O12,POWER,,0,hydraulics.reynolds-number,local-context,
4d958ab4bc13174c,hydraulics,.xlsx,1,s0001,worksheet,f000031,regular,worksheet-formula,1,single-cell,1,I4,SUM,,0,cross-cutting.validation,local-context,ft|in
53335805f35b505d,uncategorized,.xlsx,3,s0003,worksheet,f000001,regular,worksheet-formula,480,rectangular-table,1,B3:I84,,,0,hydraulics.equivalent-circulating-density|hydraulics.pressure-loss,local-context,gal/min|ppg|psi|rpm
53335805f35b505d,uncategorized,.xlsx,1,s0001,worksheet,f000002,regular,worksheet-formula,1,single-cell,1,I4,SUM,,0,cross-cutting.validation,local-context,ft|in
56583a81cfd6535e,hydraulics,.xlsx,3,s0003,worksheet,f000001,regular,worksheet-formula,10,filled-column,1,J49:J58,,,0,hydraulics.reynolds-number,local-context,
56583a81cfd6535e,hydraulics,.xlsx,3,s0003,worksheet,f000002,regular,worksheet-formula,25,multi-area,3,N3:N12|P20:P24|U49:U58,,,0,hydraulics.reynolds-number,local-context,
56583a81cfd6535e,hydraulics,.xlsx,3,s0003,worksheet,f000003,regular,worksheet-formula,21,multi-area,4,O19|Q50:Q58|S20|U3:U12,,,0,hydraulics.unresolved,catalog-category,
56583a81cfd6535e,hydraulics,.xlsx,3,s0003,worksheet,f000004,regular,worksheet-formula,10,filled-column,1,T49:T58,,,0,hydraulics.unresolved,catalog-category,
56583a81cfd6535e,hydraulics,.xlsx,3,s0003,worksheet,f000005,regular,worksheet-formula,10,filled-column,1,L49:L58,POWER,,0,hydraulics.reynolds-number,local-context,
56583a81cfd6535e,hydraulics,.xlsx,3,s0003,worksheet,f000006,regular,worksheet-formula,9,filled-column,1,O50:O58,,,0,hydraulics.unresolved,catalog-category,
56583a81cfd6535e,hydraulics,.xlsx,3,s0003,worksheet,f000007,regular,worksheet-formula,454,multi-area,58,B16:B25|B29:B38|B49:B58|B62:B71|B75:B84|C16:C25|C29:C38|C49:C58|C62:C71|C75:C84|D16:D25|D29:D38|D49:D58|D62:D71|D75:D84|E16:E25|E29:E38|E49:E58|E62:E71|E75:E84|F3:F12|F16:F25|F29:F38|F49:F58|F62:F71|F75:F84|G3:G12|G16:G25|G29:G38|G49:G58|G62:G71|G75:G84|H3:H12|H16:H25|H29:H38|H49:H58|H62:H71|H75:H84|I3:I12|I16:I25|I29:I38|I49:I58|I62:I71|I75:I84|K17|K46|L17|L46|M17|M46|N17|N46|O17|O46|P17|P46|Q17|Q46,,,0,hydraulics.equivalent-circulating-density|hydraulics.pressure-loss|hydraulics.reynolds-number,local-context,gal/min|ppg|psi|rpm
56583a81cfd6535e,hydraulics,.xlsx,3,s0003,worksheet,f000008,regular,worksheet-formula,2,multi-area,2,L44|M15,LOG10,,0,hydraulics.reynolds-number,local-context,
56583a81cfd6535e,hydraulics,.xlsx,3,s0003,worksheet,f000009,regular,worksheet-formula,10,filled-column,1,L3:L12,PI,,0,hydraulics.unresolved,catalog-category,
56583a81cfd6535e,hydraulics,.xlsx,3,s0003,worksheet,f000010,regular,worksheet-formula,2,multi-area,2,L43|M14,LOG10,,0,hydraulics.unresolved,catalog-category,
56583a81cfd6535e,hydraulics,.xlsx,3,s0003,worksheet,f000011,regular,worksheet-formula,2,filled-column,1,K18:K47,,,0,hydraulics.reynolds-number,local-context,
56583a81cfd6535e,hydraulics,.xlsx,3,s0003,worksheet,f000012,regular,worksheet-formula,10,filled-column,1,M3:M12,,,0,hydraulics.unresolved,catalog-category,
56583a81cfd6535e,hydraulics,.xlsx,3,s0003,worksheet,f000013,regular,worksheet-formula,1,single-cell,1,O24,POWER,,0,hydraulics.unresolved,catalog-category,
56583a81cfd6535e,hydraulics,.xlsx,3,s0003,worksheet,f000014,regular,worksheet-formula,1,single-cell,1,N49,,,0,hydraulics.reynolds-number,local-context,
56583a81cfd6535e,hydraulics,.xlsx,3,s0003,worksheet,f000015,regular,worksheet-formula,1,single-cell,1,O21,POWER,,0,hydraulics.unresolved,catalog-category,
56583a81cfd6535e,hydraulics,.xlsx,3,s0003,worksheet,f000016,regular,worksheet-formula,2,filled-column,1,M18:M47,,,0,hydraulics.reynolds-number,local-context,
56583a81cfd6535e,hydraulics,.xlsx,3,s0003,worksheet,f000017,regular,worksheet-formula,1,single-cell,1,R17,,,0,hydraulics.unresolved,catalog-category,
56583a81cfd6535e,hydraulics,.xlsx,3,s0003,worksheet,f000018,regular,worksheet-formula,1,single-cell,1,R46,,,0,hydraulics.unresolved,catalog-category,
56583a81cfd6535e,hydraulics,.xlsx,3,s0003,worksheet,f000019,regular,worksheet-formula,1,single-cell,1,O23,POWER,,0,hydraulics.unresolved,catalog-category,
56583a81cfd6535e,hydraulics,.xlsx,3,s0003,worksheet,f000020,regular,worksheet-formula,10,filled-column,1,W49:W58,PI,,0,hydraulics.reynolds-number,local-context,
56583a81cfd6535e,hydraulics,.xlsx,3,s0003,worksheet,f000021,regular,worksheet-formula,9,filled-column,1,P50:P58,POWER,,0,hydraulics.unresolved,catalog-category,
56583a81cfd6535e,hydraulics,.xlsx,3,s0003,worksheet,f000022,regular,worksheet-formula,10,filled-column,1,S49:S58,PI,,0,hydraulics.unresolved,catalog-category,
56583a81cfd6535e,hydraulics,.xlsx,3,s0003,worksheet,f000023,regular,worksheet-formula,10,filled-column,1,S3:S12,,,0,hydraulics.unresolved,catalog-category,
56583a81cfd6535e,hydraulics,.xlsx,3,s0003,worksheet,f000024,regular,worksheet-formula,11,multi-area,2,Q3:Q12|X49,,,0,hydraulics.reynolds-number,local-context,
56583a81cfd6535e,hydraulics,.xlsx,3,s0003,worksheet,f000025,regular,worksheet-formula,6,rectangular-table,1,N18:P47,,,0,hydraulics.reynolds-number,local-context,
56583a81cfd6535e,hydraulics,.xlsx,3,s0003,worksheet,f000026,regular,worksheet-formula,2,filled-column,1,S17:S46,POWER,,0,hydraulics.unresolved,catalog-category,
56583a81cfd6535e,hydraulics,.xlsx,3,s0003,worksheet,f000027,regular,worksheet-formula,10,filled-column,1,Z49:Z58,PI|POWER,,0,hydraulics.unresolved,catalog-category,
56583a81cfd6535e,hydraulics,.xlsx,3,s0003,worksheet,f000028,regular,worksheet-formula,10,filled-column,1,J3:J12,,,0,hydraulics.unresolved,catalog-category,
56583a81cfd6535e,hydraulics,.xlsx,3,s0003,worksheet,f000029,regular,worksheet-formula,10,filled-column,1,T3:T12,PI|POWER,,0,hydraulics.unresolved,catalog-category,
56583a81cfd6535e,hydraulics,.xlsx,3,s0003,worksheet,f000030,regular,worksheet-formula,10,filled-column,1,K49:K58,,,0,hydraulics.reynolds-number,local-context,
56583a81cfd6535e,hydraulics,.xlsx,3,s0003,worksheet,f000031,regular,worksheet-formula,1,single-cell,1,O22,POWER,,0,hydraulics.unresolved,catalog-category,
56583a81cfd6535e,hydraulics,.xlsx,3,s0003,worksheet,f000032,regular,worksheet-formula,10,filled-column,1,P3:P12,PI,,0,hydraulics.reynolds-number,local-context,
56583a81cfd6535e,hydraulics,.xlsx,3,s0003,worksheet,f000033,regular,worksheet-formula,10,filled-column,1,M49:M58,,,0,hydraulics.reynolds-number,local-context,
56583a81cfd6535e,hydraulics,.xlsx,3,s0003,worksheet,f000034,regular,worksheet-formula,28,multi-area,3,N50:N58|R3:R12|Y50:Y58,POWER,,0,hydraulics.reynolds-number,local-context,
56583a81cfd6535e,hydraulics,.xlsx,3,s0003,worksheet,f000035,regular,worksheet-formula,2,filled-column,1,Q18:Q47,,,0,hydraulics.unresolved,catalog-category,
56583a81cfd6535e,hydraulics,.xlsx,3,s0003,worksheet,f000036,regular,worksheet-formula,20,multi-area,2,K3:K12|R49:R58,,,0,hydraulics.unresolved,catalog-category,
56583a81cfd6535e,hydraulics,.xlsx,3,s0003,worksheet,f000037,regular,worksheet-formula,1,single-cell,1,P25,SUM,,0,hydraulics.unresolved,catalog-category,
56583a81cfd6535e,hydraulics,.xlsx,3,s0003,worksheet,f000038,regular,worksheet-formula,1,single-cell,1,O20,POWER,,0,hydraulics.unresolved,catalog-category,
56583a81cfd6535e,hydraulics,.xlsx,3,s0003,worksheet,f000039,regular,worksheet-formula,20,multi-area,2,O3:O12|V49:V58,POWER,,0,hydraulics.reynolds-number,local-context,
56583a81cfd6535e,hydraulics,.xlsx,1,s0001,worksheet,f000040,regular,worksheet-formula,1,single-cell,1,I4,SUM,,0,cross-cutting.validation,local-context,ft|in
5692bbb13d3ca49e,bha-tools,.xls,1,s0001,worksheet,f000001,regular,worksheet-formula,3,filled-column,1,C11:C24,,,0,bha.unresolved,catalog-category,ft/min|min|psi|rpm
5692bbb13d3ca49e,bha-tools,.xls,1,s0001,worksheet,f000002,regular,worksheet-formula,1,single-cell,1,C23,,,0,bha.unresolved,catalog-category,psi
5692bbb13d3ca49e,bha-tools,.xls,1,s0001,worksheet,f000003,regular,worksheet-formula,1,single-cell,1,C10,,,0,bha.unresolved,catalog-category,
5692bbb13d3ca49e,bha-tools,.xls,1,s0001,worksheet,f000004,regular,worksheet-formula,1,single-cell,1,C19,,,0,bha.unresolved,catalog-category,ft/min|min|psi|rpm
5692bbb13d3ca49e,bha-tools,.xls,1,s0001,worksheet,f000005,regular,worksheet-formula,1,single-cell,1,C15,PI,,0,bha.unresolved,catalog-category,rpm
5692bbb13d3ca49e,bha-tools,.xls,1,s0001,worksheet,f000006,regular,worksheet-formula,1,single-cell,1,C14,,,0,bha.unresolved,catalog-category,
581aa9ad4b0e03f1,bha-tools,.xlsx,5,s0005,worksheet,f000001,regular,worksheet-formula,45,filled-column,1,AZ31:AZ81,SUM,,0,bha.geometry,local-context,
5a338156f0e62d7c,torque-drag-drillstring,.xlsm,1,s0001,worksheet,f000001,regular,worksheet-formula,1,single-cell,1,D6,,,0,bha.geometry,local-context,kN
5a338156f0e62d7c,torque-drag-drillstring,.xlsm,1,s0001,worksheet,f000002,regular,worksheet-formula,1,single-cell,1,J6,,,0,bha.geometry,local-context,mm
5a338156f0e62d7c,torque-drag-drillstring,.xlsm,1,s0001,worksheet,f000003,regular,worksheet-formula,1,single-cell,1,H5,,,0,bha.geometry,local-context,ft|mm
5a338156f0e62d7c,torque-drag-drillstring,.xlsm,1,s0001,worksheet,f000004,regular,worksheet-formula,1,single-cell,1,D4,,,0,bha.geometry,local-context,kN
5a338156f0e62d7c,torque-drag-drillstring,.xlsm,1,s0001,worksheet,f000005,regular,worksheet-formula,1,single-cell,1,H6,,,0,bha.geometry,local-context,mm
5a338156f0e62d7c,torque-drag-drillstring,.xlsm,1,s0001,worksheet,f000006,regular,worksheet-formula,1,single-cell,1,D5,,,0,bha.geometry,local-context,kN
5a338156f0e62d7c,torque-drag-drillstring,.xlsm,1,s0001,worksheet,f000007,regular,worksheet-formula,1,single-cell,1,J4,,,0,bha.geometry,local-context,mm
5a338156f0e62d7c,torque-drag-drillstring,.xlsm,1,s0001,worksheet,f000008,regular,worksheet-formula,1,single-cell,1,H4,,,0,bha.geometry,local-context,ft|mm
5a338156f0e62d7c,torque-drag-drillstring,.xlsm,1,s0001,worksheet,f000009,regular,worksheet-formula,1,single-cell,1,J5,,,0,bha.geometry,local-context,mm
5a338156f0e62d7c,torque-drag-drillstring,.xlsm,3,s0003,worksheet,f000010,regular,worksheet-formula,1,single-cell,1,A3,SUM,,0,torque-drag.unresolved,catalog-category,ft|mm
5a338156f0e62d7c,torque-drag-drillstring,.xlsm,2,s0002,worksheet,f000011,regular,worksheet-formula,1,single-cell,1,V5,,,0,torque-drag.unresolved,catalog-category,MPa|psi
5a338156f0e62d7c,torque-drag-drillstring,.xlsm,2,s0002,worksheet,f000012,regular,worksheet-formula,1,single-cell,1,V6,,,0,torque-drag.unresolved,catalog-category,MPa|psi
5a338156f0e62d7c,torque-drag-drillstring,.xlsm,2,s0002,worksheet,f000013,regular,worksheet-formula,1,single-cell,1,A4,SUM,,0,torque-drag.unresolved,catalog-category,mm
5a338156f0e62d7c,torque-drag-drillstring,.xlsm,4,s0004,worksheet,f000014,regular,worksheet-formula,29,filled-column,1,A2:A31,IF,,0,torque-drag.unresolved,catalog-category,
5a338156f0e62d7c,torque-drag-drillstring,.xlsm,4,s0004,worksheet,f000015,regular,worksheet-formula,36,multi-area,2,C2:C31|E2:E7,IF,,0,torque-drag.unresolved,catalog-category,
5a338156f0e62d7c,torque-drag-drillstring,.xlsm,4,s0004,worksheet,f000016,regular,worksheet-formula,6,filled-column,1,D2:D7,IF,,0,torque-drag.unresolved,catalog-category,
5a338156f0e62d7c,torque-drag-drillstring,.xlsm,4,s0004,worksheet,f000017,regular,worksheet-formula,1,single-cell,1,A9,IF,,0,torque-drag.unresolved,catalog-category,
5a338156f0e62d7c,torque-drag-drillstring,.xlsm,4,s0004,worksheet,f000018,regular,worksheet-formula,30,filled-column,1,B2:B31,IF,,0,torque-drag.unresolved,catalog-category,
5a338156f0e62d7c,torque-drag-drillstring,.xlsm,5,s0005,worksheet,f000019,regular,worksheet-formula,1,single-cell,1,E4,,,0,torque-drag.unresolved,catalog-category,
5a338156f0e62d7c,torque-drag-drillstring,.xlsm,5,s0005,worksheet,f000020,regular,worksheet-formula,2,filled-row,1,C6:D6,SUM,,0,torque-drag.unresolved,catalog-category,
5a338156f0e62d7c,torque-drag-drillstring,.xlsm,5,s0005,worksheet,f000021,regular,worksheet-formula,3,filled-column,1,D3:D5,,,0,hydraulics.fluid-properties,local-context,
5a338156f0e62d7c,torque-drag-drillstring,.xlsm,6,s0006,worksheet,f000022,regular,worksheet-formula,6,rectangular-table,1,K2:L4,,,0,torque-drag.unresolved,catalog-category,
5a338156f0e62d7c,torque-drag-drillstring,.xlsm,6,s0006,worksheet,f000023,regular,worksheet-formula,1,single-cell,1,E3,,,0,torque-drag.unresolved,catalog-category,
5a338156f0e62d7c,torque-drag-drillstring,.xlsm,6,s0006,worksheet,f000024,regular,worksheet-formula,3,filled-column,1,G2:G4,,,0,torque-drag.unresolved,catalog-category,
5a338156f0e62d7c,torque-drag-drillstring,.xlsm,6,s0006,worksheet,f000025,regular,worksheet-formula,1,single-cell,1,F2,,,0,torque-drag.unresolved,catalog-category,
5a338156f0e62d7c,torque-drag-drillstring,.xlsm,6,s0006,worksheet,f000026,regular,worksheet-formula,2,filled-row,1,F5:G5,SUM,,0,torque-drag.unresolved,catalog-category,
5a338156f0e62d7c,torque-drag-drillstring,.xlsm,6,s0006,worksheet,f000027,regular,worksheet-formula,2,filled-row,1,C5:D5,SUM,,0,torque-drag.unresolved,catalog-category,
5a338156f0e62d7c,torque-drag-drillstring,.xlsm,6,s0006,worksheet,f000028,regular,worksheet-formula,4,filled-column,1,H2:H5,,,0,torque-drag.unresolved,catalog-category,
5a338156f0e62d7c,torque-drag-drillstring,.xlsm,6,s0006,worksheet,f000029,regular,worksheet-formula,3,filled-column,1,D2:D4,,,0,hydraulics.fluid-properties,local-context,
5eb097b4508eedac,hydraulics,.xlsx,1,s0001,worksheet,f000001,regular,worksheet-formula,4,filled-row,1,X2:AH2,,,0,hydraulics.reynolds-number,local-context,
5eb097b4508eedac,hydraulics,.xlsx,1,s0001,worksheet,f000002,regular,worksheet-formula,1,single-cell,1,AC2,LOG10,,0,hydraulics.reynolds-number,local-context,
5eb097b4508eedac,hydraulics,.xlsx,1,s0001,worksheet,f000003,regular,worksheet-formula,1,single-cell,1,R3,,,0,hydraulics.unresolved,catalog-category,
5eb097b4508eedac,hydraulics,.xlsx,1,s0001,worksheet,f000004,regular,worksheet-formula,1,single-cell,1,AB2,LOG10,,0,hydraulics.reynolds-number,local-context,
5eb097b4508eedac,hydraulics,.xlsx,1,s0001,worksheet,f000005,regular,worksheet-formula,1,single-cell,1,AA2,,,0,hydraulics.unresolved,catalog-category,
5eb097b4508eedac,hydraulics,.xlsx,1,s0001,worksheet,f000006,regular,worksheet-formula,1,single-cell,1,W2,PI|POWER,,0,hydraulics.unresolved,catalog-category,
5eb097b4508eedac,hydraulics,.xlsx,1,s0001,worksheet,f000007,regular,worksheet-formula,2,filled-row,1,AF2:AG2,POWER,,0,hydraulics.reynolds-number,local-context,
5eb097b4508eedac,hydraulics,.xlsx,1,s0001,worksheet,f000008,regular,worksheet-formula,2,filled-row,1,AD2:AE2,,,0,hydraulics.reynolds-number,local-context,
65e07d7859867671,hydraulics,.xls,11,s0011,worksheet,f000001,regular,worksheet-formula,1,single-cell,1,I5,,,0,hydraulics.unresolved,catalog-category,ft|in
65e07d7859867671,hydraulics,.xls,11,s0011,worksheet,f000002,regular,worksheet-formula,1,single-cell,1,H5,CONCATENATE,,0,hydraulics.unresolved,catalog-category,ft|in
65e07d7859867671,hydraulics,.xls,13,s0013,worksheet,f000003,regular,worksheet-formula,1,single-cell,1,E75,,,0,hydraulics.unresolved,catalog-category,lbm/ft
65e07d7859867671,hydraulics,.xls,13,s0013,worksheet,f000004,regular,worksheet-formula,1,single-cell,1,D3,CONCATENATE,,0,hydraulics.unresolved,catalog-category,in|lbm/ft
65e07d7859867671,hydraulics,.xls,12,s0012,worksheet,f000005,regular,worksheet-formula,1,single-cell,1,C3,CONCATENATE,,0,hydraulics.unresolved,catalog-category,ft|in|lbf|lbm/ft
65e07d7859867671,hydraulics,.xls,6,s0006,worksheet,f000006,regular,worksheet-formula,218,multi-area,8,B12:B34|C12:C34|F5:F34|G5:G34|H10:H34|I10:I34|J4:J34|K4:K34,IF,,0,cross-cutting.lookup,local-context,ft
65e07d7859867671,hydraulics,.xls,6,s0006,worksheet,f000007,regular,worksheet-formula,92,multi-area,8,B4:B11|C4:C11|D4:D34|E4:E34|F4|G4|H4:H9|I4:I9,,,0,cross-cutting.lookup|directional.coordinates,local-context,ft
65e07d7859867671,hydraulics,.xls,9,s0009,worksheet,f000008,regular,worksheet-formula,217,rectangular-table,1,C4:I34,,,0,cross-cutting.lookup|directional.coordinates,local-context,ft|min
69b5527651746601,hydraulics,.xlsx,3,s0003,worksheet,f000001,regular,worksheet-formula,420,multi-area,42,B3:B12|B16:B25|B29:B38|B49:B58|B62:B71|B75:B84|C3:C12|C16:C25|C29:C38|C49:C58|C62:C71|C75:C84|D3:D12|D16:D25|D29:D38|D49:D58|D62:D71|D75:D84|E3:E12|E16:E25|E29:E38|E49:E58|E62:E71|E75:E84|F16:F25|F29:F38|F75:F84|G3:G12|G16:G25|G29:G38|G49:G58|G62:G71|G75:G84|H16:H25|H29:H38|H75:H84|I3:I12|I16:I25|I29:I38|I49:I58|I62:I71|I75:I84,,,0,hydraulics.equivalent-circulating-density|hydraulics.pressure-loss,local-context,gal/min|ppg|psi|rpm
69b5527651746601,hydraulics,.xlsx,3,s0003,worksheet,f000002,regular,worksheet-formula,30,filled-column,1,J3:J71,ABS,,0,hydraulics.unresolved,catalog-category,
69b5527651746601,hydraulics,.xlsx,1,s0001,worksheet,f000003,regular,worksheet-formula,1,single-cell,1,I4,SUM,,0,cross-cutting.validation,local-context,ft|in
6abd1401132ecde4,hydraulics,.xlsx,3,s0003,worksheet,f000001,regular,worksheet-formula,480,rectangular-table,1,B3:I84,,,0,hydraulics.equivalent-circulating-density|hydraulics.pressure-loss,local-context,gal/min|ppg|psi|rpm
6abd1401132ecde4,hydraulics,.xlsx,1,s0001,worksheet,f000002,regular,worksheet-formula,1,single-cell,1,I4,SUM,,0,cross-cutting.validation,local-context,ft|in
779e267fd49f229e,directional,.xls,9,s0009,worksheet,f000001,regular,worksheet-formula,1,single-cell,1,B11,,,0,directional.coordinates,local-context,
779e267fd49f229e,directional,.xls,9,s0009,worksheet,f000002,regular,worksheet-formula,1,single-cell,1,G8,RADIANS|TAN,,0,directional.coordinates,local-context,
779e267fd49f229e,directional,.xls,4,s0004,worksheet,f000003,regular,worksheet-formula,1,single-cell,1,V16,ASIN|DEGREES,,0,directional.coordinates,local-context,
779e267fd49f229e,directional,.xls,4,s0004,worksheet,f000004,regular,worksheet-formula,32,multi-area,12,C4|D4|E4|F4|F79:F81|F100:F103|M5|M33:M36|M43:M46|M54:M58|M89:M91|M100:M103,,,0,directional.coordinates,local-context,
779e267fd49f229e,directional,.xls,4,s0004,worksheet,f000005,regular,worksheet-formula,45,multi-area,12,H12:H16|H33:H36|H43:H46|H54:H58|H89:H91|H100:H103|H123:H124|K43:K46|K54:K58|K89:K91|K100:K103|K123:K124,IF,,0,directional.unresolved,catalog-category,
779e267fd49f229e,directional,.xls,4,s0004,worksheet,f000006,regular,worksheet-formula,54,rectangular-table,1,I12:J124,AVERAGE|IF,,0,directional.unresolved,catalog-category,
779e267fd49f229e,directional,.xls,4,s0004,worksheet,f000007,regular,worksheet-formula,24,filled-column,1,O5:O103,PI|SIN,,0,directional.coordinates,local-context,
779e267fd49f229e,directional,.xls,4,s0004,worksheet,f000008,regular,worksheet-formula,1,single-cell,1,U15,VLOOKUP,,0,directional.coordinates,local-context,
779e267fd49f229e,directional,.xls,4,s0004,worksheet,f000009,regular,worksheet-formula,1,single-cell,1,N91,,,0,directional.unresolved,catalog-category,
779e267fd49f229e,directional,.xls,4,s0004,worksheet,f000010,regular,worksheet-formula,1,single-cell,1,T15,MAX,,0,directional.coordinates,local-context,
779e267fd49f229e,directional,.xls,4,s0004,worksheet,f000011,regular,worksheet-formula,7,filled-column,1,A91:A103,,,0,directional.unresolved,catalog-category,
779e267fd49f229e,directional,.xls,4,s0004,worksheet,f000012,regular,worksheet-formula,22,filled-column,1,G33:G124,ATAN|IF|PI,,0,directional.unresolved,catalog-category,
779e267fd49f229e,directional,.xls,4,s0004,worksheet,f000013,regular,worksheet-formula,24,filled-column,1,L5:L103,PI|SIN,,0,directional.unresolved,catalog-category,
779e267fd49f229e,directional,.xls,4,s0004,worksheet,f000014,regular,worksheet-formula,12,multi-area,5,C5|C12:C16|C33:C35|D5|F123:F124,IF|SUM,,0,directional.unresolved,catalog-category,
779e267fd49f229e,directional,.xls,4,s0004,worksheet,f000015,regular,worksheet-formula,1,single-cell,1,V15,VLOOKUP,,0,directional.coordinates,local-context,
779e267fd49f229e,directional,.xls,2,s0002,worksheet,f000016,regular,worksheet-formula,1443,rectangular-table,1,B21:D501,,,0,directional.unresolved,catalog-category,deg|ft
779e267fd49f229e,directional,.xls,2,s0002,worksheet,f000017,regular,worksheet-formula,1,single-cell,1,S20,ACOS|COS|IF|SIN,,0,directional.unresolved,catalog-category,rad
779e267fd49f229e,directional,.xls,2,s0002,worksheet,f000018,regular,worksheet-formula,2,filled-column,1,R10:R11,IF,,0,directional.coordinates,local-context,deg|ft
779e267fd49f229e,directional,.xls,2,s0002,worksheet,f000019,regular,worksheet-formula,7,filled-column,1,L106:L112,ATAN2|IF|PI,,0,directional.unresolved,catalog-category,
779e267fd49f229e,directional,.xls,2,s0002,worksheet,f000020,regular,worksheet-formula,1,single-cell,1,T111,IF|PI|SIN,,0,directional.unresolved,catalog-category,
779e267fd49f229e,directional,.xls,3,s0003,worksheet,f000021,regular,worksheet-formula,2,filled-column,1,H3:H4,IF|INDEX|MATCH|UDF,,0,directional.unresolved,catalog-category,
779e267fd49f229e,directional,.xls,3,s0003,worksheet,f000022,regular,worksheet-formula,1,single-cell,1,AR61,,,0,directional.unresolved,catalog-category,
779e267fd49f229e,directional,.xls,3,s0003,worksheet,f000023,regular,worksheet-formula,2,filled-row,1,O4:P4,,,0,directional.coordinates,local-context,
779e267fd49f229e,directional,.xls,3,s0003,worksheet,f000024,regular,worksheet-formula,2,filled-column,1,J3:J4,ACOS|COS|IF|INDEX|MATCH|PI|RADIANS|SIN|TAN,,0,directional.coordinates,local-context,
779e267fd49f229e,directional,.xls,3,s0003,worksheet,f000025,regular,worksheet-formula,1,single-cell,1,AR62,,,0,directional.unresolved,catalog-category,
779e267fd49f229e,directional,.xls,3,s0003,worksheet,f000026,regular,worksheet-formula,15,multi-area,11,B6|C4|C6|D3:D6|F3:F4|K4|L4|M4|N4|AJ4|AK4,,,0,directional.coordinates,local-context,
779e267fd49f229e,directional,.xls,3,s0003,worksheet,f000027,regular,worksheet-formula,2,filled-row,1,R4:AI4,,,0,directional.coordinates,local-context,
779e267fd49f229e,directional,.xls,3,s0003,worksheet,f000028,regular,worksheet-formula,2,filled-column,1,G3:G4,IF|INDEX|MATCH|UDF,,0,directional.unresolved,catalog-category,
779e267fd49f229e,directional,.xls,3,s0003,worksheet,f000029,regular,worksheet-formula,2,filled-column,1,I3:I4,IF|INDEX|MATCH,,0,directional.coordinates,local-context,
779e267fd49f229e,directional,.xls,3,s0003,worksheet,f000030,regular,worksheet-formula,2,filled-row,1,Q4:AH4,ASIN|DEGREES,,0,directional.coordinates,local-context,
779e267fd49f229e,directional,.xls,3,s0003,worksheet,f000031,regular,worksheet-formula,1,single-cell,1,AR59,,,0,directional.unresolved,catalog-category,
779e267fd49f229e,directional,.xls,3,s0003,worksheet,f000032,regular,worksheet-formula,2,filled-column,1,C3:C5,,,0,directional.unresolved,catalog-category,
779e267fd49f229e,directional,.xls,3,s0003,worksheet,f000033,regular,worksheet-formula,2,filled-row,1,S4:T4,VLOOKUP,,0,directional.unresolved,catalog-category,s
779e267fd49f229e,directional,.xls,7,s0007,worksheet,f000034,regular,worksheet-formula,10,filled-column,1,HX24:HX33,,,0,directional.unresolved,catalog-category,percent
779e267fd49f229e,directional,.xls,7,s0007,worksheet,f000035,regular,worksheet-formula,12,rectangular-table,1,ID44:IG113,IF,,0,directional.unresolved,catalog-category,
779e267fd49f229e,directional,.xls,7,s0007,worksheet,f000036,regular,worksheet-formula,13,multi-area,10,IR56|IR92:IR93|IR114|IS56|IS92:IS93|IT47|IT56|IT92:IT93|IT116|IT137,,,0,directional.unresolved,catalog-category,
779e267fd49f229e,directional,.xls,7,s0007,worksheet,f000037,regular,worksheet-formula,9,multi-area,6,S12|U44|U55|U149|U151|U201:U204,IF|OR|PI|SIN,,0,directional.unresolved,catalog-category,
779e267fd49f229e,directional,.xls,7,s0007,worksheet,f000038,regular,worksheet-formula,5,filled-column,1,HI35:HI39,,,0,directional.unresolved,catalog-category,
779e267fd49f229e,directional,.xls,7,s0007,worksheet,f000039,regular,worksheet-formula,18,multi-area,13,O12|HH35:HH39|IR90:IR91|IR113|IS121|IS149|IS151|IT43|IT114|IT121|IT130|IT145|IT150,,,0,directional.unresolved,catalog-category,
779e267fd49f229e,directional,.xls,7,s0007,worksheet,f000040,regular,worksheet-formula,12,filled-column,1,P12:P412,IF,,0,directional.unresolved,catalog-category,
779e267fd49f229e,directional,.xls,7,s0007,worksheet,f000041,regular,worksheet-formula,1,single-cell,1,M415,IF|INDEX|MATCH,,0,directional.dogleg-severity,local-context,
779e267fd49f229e,directional,.xls,7,s0007,worksheet,f000042,regular,worksheet-formula,1,single-cell,1,I415,ACOS|COS|IF|INDEX|MATCH|PI|SIN|TAN,,0,directional.dogleg-severity,local-context,
779e267fd49f229e,directional,.xls,7,s0007,worksheet,f000043,regular,worksheet-formula,1,single-cell,1,L415,IF|INDEX|MATCH,,0,directional.dogleg-severity,local-context,
779e267fd49f229e,directional,.xls,7,s0007,worksheet,f000044,regular,worksheet-formula,16,filled-column,1,K13:K413,ACOS|COS|IF|PI|SIN,,0,directional.dogleg-severity,local-context,
779e267fd49f229e,directional,.xls,7,s0007,worksheet,f000045,regular,worksheet-formula,1,single-cell,1,J415,ACOS|COS|IF|INDEX|MATCH|PI|SIN|TAN,,0,directional.dogleg-severity,local-context,
779e267fd49f229e,directional,.xls,7,s0007,worksheet,f000046,regular,worksheet-formula,12,filled-column,1,J13:J413,ACOS|COS|IF|PI|SIN|TAN,,0,directional.dogleg-severity,local-context,
779e267fd49f229e,directional,.xls,7,s0007,worksheet,f000047,regular,worksheet-formula,4,filled-row,1,ID57:IG57,IF,,0,directional.unresolved,catalog-category,
779e267fd49f229e,directional,.xls,7,s0007,worksheet,f000048,regular,worksheet-formula,8,multi-area,8,FK45|FK56|FS45|FS56|ID12|IE12|IF12|IG12,,,0,directional.dogleg-severity,local-context,
779e267fd49f229e,directional,.xls,7,s0007,worksheet,f000049,regular,worksheet-formula,1,single-cell,1,ES58,,,0,directional.unresolved,catalog-category,
779e267fd49f229e,directional,.xls,7,s0007,worksheet,f000050,regular,worksheet-formula,1,single-cell,1,F415,IF|INDEX|MATCH,,0,directional.unresolved,catalog-category,
779e267fd49f229e,directional,.xls,7,s0007,worksheet,f000051,regular,worksheet-formula,1,single-cell,1,D415,IF|INDEX|MATCH|UDF,,0,directional.unresolved,catalog-category,
779e267fd49f229e,directional,.xls,7,s0007,worksheet,f000052,regular,worksheet-formula,1,single-cell,1,HJ35,,,0,directional.unresolved,catalog-category,
779e267fd49f229e,directional,.xls,7,s0007,worksheet,f000053,regular,worksheet-formula,1,single-cell,1,E415,IF|INDEX|MATCH|UDF,,0,directional.unresolved,catalog-category,
779e267fd49f229e,directional,.xls,7,s0007,worksheet,f000054,regular,worksheet-formula,7,multi-area,4,R12|T44|T55|T201:T204,IF,,0,directional.unresolved,catalog-category,
779e267fd49f229e,directional,.xls,7,s0007,worksheet,f000055,regular,worksheet-formula,1,single-cell,1,B413,IF,,0,directional.unresolved,catalog-category,
779e267fd49f229e,directional,.xls,7,s0007,worksheet,f000056,regular,worksheet-formula,5,multi-area,2,Q12|S201:S204,ATAN|DEGREES|IF,,0,directional.unresolved,catalog-category,
779e267fd49f229e,directional,.xls,7,s0007,worksheet,f000057,regular,worksheet-formula,6,filled-column,1,R44:R204,IF|SQRT|UDF,,0,directional.unresolved,catalog-category,
779e267fd49f229e,directional,.xls,7,s0007,worksheet,f000058,regular,worksheet-formula,1,single-cell,1,GJ113,,,0,directional.unresolved,catalog-category,
779e267fd49f229e,directional,.xls,7,s0007,worksheet,f000059,regular,worksheet-formula,2,filled-column,1,H13:H415,ATAN2|COS|IF|PI|SQRT,,0,directional.unresolved,catalog-category,
779e267fd49f229e,directional,.xls,7,s0007,worksheet,f000060,regular,worksheet-formula,1,single-cell,1,HH28,,,0,directional.unresolved,catalog-category,
779e267fd49f229e,directional,.xls,7,s0007,worksheet,f000061,regular,worksheet-formula,2,filled-column,1,FW48:FW49,,,0,directional.unresolved,catalog-category,
779e267fd49f229e,directional,.xls,7,s0007,worksheet,f000062,regular,worksheet-formula,38,filled-column,1,W164:W201,AVERAGE|IF,,0,directional.unresolved,catalog-category,
779e267fd49f229e,directional,.xls,7,s0007,worksheet,f000063,regular,worksheet-formula,12,filled-column,1,I13:I413,ACOS|COS|IF|PI|SIN|TAN,,0,directional.dogleg-severity,local-context,
779e267fd49f229e,directional,.xls,7,s0007,worksheet,f000064,regular,worksheet-formula,16,rectangular-table,1,ID56:IG114,IF,,0,directional.unresolved,catalog-category,
779e267fd49f229e,directional,.xls,7,s0007,worksheet,f000065,regular,worksheet-formula,1,single-cell,1,GW48,,,0,directional.unresolved,catalog-category,
779e267fd49f229e,directional,.xls,7,s0007,worksheet,f000066,regular,worksheet-formula,1,single-cell,1,G415,ACOS|COS|IF|INDEX|MATCH|PI|RADIANS|SIN|TAN,,0,directional.unresolved,catalog-category,
779e267fd49f229e,directional,.xls,7,s0007,worksheet,f000067,regular,worksheet-formula,6,filled-column,1,F13:F205,IF,,0,directional.unresolved,catalog-category,
779e267fd49f229e,directional,.xls,7,s0007,worksheet,f000068,regular,worksheet-formula,1,single-cell,1,GR24,,,0,directional.unresolved,catalog-category,
779e267fd49f229e,directional,.xls,7,s0007,worksheet,f000069,regular,worksheet-formula,12,filled-column,1,G13:G413,ACOS|COS|IF|PI|SIN|TAN,,0,directional.unresolved,catalog-category,
779e267fd49f229e,directional,.xls,7,s0007,worksheet,f000070,regular,worksheet-formula,1,single-cell,1,K415,ACOS|COS|IF|INDEX|MATCH|PI|SIN,,0,directional.dogleg-severity,local-context,
779e267fd49f229e,directional,.xls,7,s0007,worksheet,f000071,regular,worksheet-formula,6,filled-column,1,Q44:Q204,ATAN2|DEGREES|IF,,0,directional.unresolved,catalog-category,
779e267fd49f229e,directional,.xls,7,s0007,worksheet,f000072,regular,worksheet-formula,1,single-cell,1,HZ33,,,0,directional.unresolved,catalog-category,
779e267fd49f229e,directional,.xls,7,s0007,worksheet,f000073,regular,worksheet-formula,5,filled-column,1,M13:M151,IF,,0,directional.dogleg-severity,local-context,
779e267fd49f229e,directional,.xls,7,s0007,worksheet,f000074,regular,worksheet-formula,10,filled-column,1,L13:L413,IF,,0,directional.dogleg-severity,local-context,
779e267fd49f229e,directional,.xls,7,s0007,worksheet,f000075,regular,worksheet-formula,24,filled-column,1,W140:W163,AVERAGE,,0,directional.unresolved,catalog-category,
779e267fd49f229e,directional,.xls,6,s0006,worksheet,f000076,regular,worksheet-formula,5,multi-area,5,I6|I16|I169|J6|K6,,,0,directional.unresolved,catalog-category,
779e267fd49f229e,directional,.xls,6,s0006,worksheet,f000077,regular,worksheet-formula,3,filled-row,1,H1359:J1359,IF,,0,directional.unresolved,catalog-category,
779e267fd49f229e,directional,.xls,1,s0001,worksheet,f000078,regular,worksheet-formula,10,filled-column,1,HX24:HX33,,,0,directional.unresolved,catalog-category,percent
779e267fd49f229e,directional,.xls,1,s0001,worksheet,f000079,regular,worksheet-formula,8,rectangular-table,1,ID113:IG157,IF,,0,directional.unresolved,catalog-category,
779e267fd49f229e,directional,.xls,1,s0001,worksheet,f000080,regular,worksheet-formula,13,multi-area,10,IR56|IR92:IR93|IR114|IS56|IS92:IS93|IT47|IT56|IT92:IT93|IT116|IT137,,,0,directional.unresolved,catalog-category,
779e267fd49f229e,directional,.xls,1,s0001,worksheet,f000081,regular,worksheet-formula,8,multi-area,5,S12|U12:U14|U111:U112|U130|U157,IF|OR|PI|SIN,,0,directional.unresolved,catalog-category,
779e267fd49f229e,directional,.xls,1,s0001,worksheet,f000082,regular,worksheet-formula,5,filled-column,1,HI35:HI39,,,0,directional.unresolved,catalog-category,
779e267fd49f229e,directional,.xls,1,s0001,worksheet,f000083,regular,worksheet-formula,23,multi-area,10,O12:O14|O268|HH35:HH39|IR111:IR113|IR157|IS113|IS157|IT43:IT46|IT113:IT115|IT130,,,0,directional.unresolved,catalog-category,
779e267fd49f229e,directional,.xls,1,s0001,worksheet,f000084,regular,worksheet-formula,8,filled-column,1,P12:P290,IF,,0,directional.unresolved,catalog-category,
779e267fd49f229e,directional,.xls,1,s0001,worksheet,f000085,regular,worksheet-formula,1,single-cell,1,M415,IF|INDEX|MATCH,,0,directional.dogleg-severity,local-context,
779e267fd49f229e,directional,.xls,1,s0001,worksheet,f000086,regular,worksheet-formula,4,filled-column,1,J13:J158,ACOS|COS|IF|PI|SIN|TAN,,0,directional.dogleg-severity,local-context,
779e267fd49f229e,directional,.xls,1,s0001,worksheet,f000087,regular,worksheet-formula,1,single-cell,1,I415,ACOS|COS|IF|INDEX|MATCH|PI|SIN|TAN,,0,directional.dogleg-severity,local-context,
779e267fd49f229e,directional,.xls,1,s0001,worksheet,f000088,regular,worksheet-formula,1,single-cell,1,L415,IF|INDEX|MATCH,,0,directional.dogleg-severity,local-context,
779e267fd49f229e,directional,.xls,1,s0001,worksheet,f000089,regular,worksheet-formula,6,filled-column,1,K13:K158,ACOS|COS|IF|PI|SIN,,0,directional.dogleg-severity,local-context,
779e267fd49f229e,directional,.xls,1,s0001,worksheet,f000090,regular,worksheet-formula,1,single-cell,1,J415,ACOS|COS|IF|INDEX|MATCH|PI|SIN|TAN,,0,directional.dogleg-severity,local-context,
779e267fd49f229e,directional,.xls,1,s0001,worksheet,f000091,regular,worksheet-formula,1,single-cell,1,J413,ACOS|COS|IF|PI|SIN|TAN,,0,directional.dogleg-severity,local-context,
779e267fd49f229e,directional,.xls,1,s0001,worksheet,f000092,regular,worksheet-formula,4,filled-row,1,ID57:IG57,IF,,0,directional.unresolved,catalog-category,
779e267fd49f229e,directional,.xls,1,s0001,worksheet,f000093,regular,worksheet-formula,8,multi-area,8,FK45|FK56|FS45|FS56|ID12|IE12|IF12|IG12,,,0,directional.dogleg-severity,local-context,
779e267fd49f229e,directional,.xls,1,s0001,worksheet,f000094,regular,worksheet-formula,1,single-cell,1,ES58,,,0,directional.unresolved,catalog-category,
779e267fd49f229e,directional,.xls,1,s0001,worksheet,f000095,regular,worksheet-formula,1,single-cell,1,F415,IF|INDEX|MATCH,,0,directional.unresolved,catalog-category,
779e267fd49f229e,directional,.xls,1,s0001,worksheet,f000096,regular,worksheet-formula,1,single-cell,1,D415,IF|INDEX|MATCH|UDF,,0,directional.unresolved,catalog-category,
779e267fd49f229e,directional,.xls,1,s0001,worksheet,f000097,regular,worksheet-formula,1,single-cell,1,HJ35,,,0,directional.unresolved,catalog-category,
779e267fd49f229e,directional,.xls,1,s0001,worksheet,f000098,regular,worksheet-formula,1,single-cell,1,E415,IF|INDEX|MATCH|UDF,,0,directional.unresolved,catalog-category,
779e267fd49f229e,directional,.xls,1,s0001,worksheet,f000099,regular,worksheet-formula,7,multi-area,4,R12|T12:T14|T111:T112|T157,IF,,0,directional.coordinates,local-context,
779e267fd49f229e,directional,.xls,1,s0001,worksheet,f000100,regular,worksheet-formula,6,multi-area,4,Q12|S13:S14|S111:S112|S157,ATAN|DEGREES|IF,,0,directional.unresolved,catalog-category,
779e267fd49f229e,directional,.xls,1,s0001,worksheet,f000101,regular,worksheet-formula,5,filled-column,1,R13:R157,IF|SQRT|UDF,,0,directional.unresolved,catalog-category,
779e267fd49f229e,directional,.xls,1,s0001,worksheet,f000102,regular,worksheet-formula,1,single-cell,1,GJ113,,,0,directional.unresolved,catalog-category,
779e267fd49f229e,directional,.xls,1,s0001,worksheet,f000103,regular,worksheet-formula,8,filled-column,1,H13:H415,ATAN2|COS|IF|PI|SQRT,,0,directional.unresolved,catalog-category,
779e267fd49f229e,directional,.xls,1,s0001,worksheet,f000104,regular,worksheet-formula,1,single-cell,1,HH28,,,0,directional.unresolved,catalog-category,
779e267fd49f229e,directional,.xls,1,s0001,worksheet,f000105,regular,worksheet-formula,2,filled-column,1,FW48:FW49,,,0,directional.unresolved,catalog-category,
779e267fd49f229e,directional,.xls,1,s0001,worksheet,f000106,regular,worksheet-formula,2,filled-column,1,X146:X157,ROUND,,0,directional.unresolved,catalog-category,
779e267fd49f229e,directional,.xls,1,s0001,worksheet,f000107,regular,worksheet-formula,38,filled-column,1,W164:W201,AVERAGE|IF,,0,directional.unresolved,catalog-category,
779e267fd49f229e,directional,.xls,1,s0001,worksheet,f000108,regular,worksheet-formula,4,filled-column,1,I13:I158,ACOS|COS|IF|PI|SIN|TAN,,0,directional.dogleg-severity,local-context,
779e267fd49f229e,directional,.xls,1,s0001,worksheet,f000109,regular,worksheet-formula,16,rectangular-table,1,ID56:IG114,IF,,0,directional.unresolved,catalog-category,
779e267fd49f229e,directional,.xls,1,s0001,worksheet,f000110,regular,worksheet-formula,1,single-cell,1,GW48,,,0,directional.unresolved,catalog-category,
779e267fd49f229e,directional,.xls,1,s0001,worksheet,f000111,regular,worksheet-formula,1,single-cell,1,G415,ACOS|COS|IF|INDEX|MATCH|PI|RADIANS|SIN|TAN,,0,directional.unresolved,catalog-category,
779e267fd49f229e,directional,.xls,1,s0001,worksheet,f000112,regular,worksheet-formula,7,filled-column,1,F13:F158,IF,,0,directional.unresolved,catalog-category,
779e267fd49f229e,directional,.xls,1,s0001,worksheet,f000113,regular,worksheet-formula,1,single-cell,1,GR24,,,0,directional.unresolved,catalog-category,
779e267fd49f229e,directional,.xls,1,s0001,worksheet,f000114,regular,worksheet-formula,5,filled-column,1,G13:G269,ACOS|COS|IF|PI|SIN|TAN,,0,directional.unresolved,catalog-category,
779e267fd49f229e,directional,.xls,1,s0001,worksheet,f000115,regular,worksheet-formula,1,single-cell,1,K415,ACOS|COS|IF|INDEX|MATCH|PI|SIN,,0,directional.dogleg-severity,local-context,
779e267fd49f229e,directional,.xls,1,s0001,worksheet,f000116,regular,worksheet-formula,5,filled-column,1,Q13:Q157,ATAN2|DEGREES|IF,,0,directional.unresolved,catalog-category,
779e267fd49f229e,directional,.xls,1,s0001,worksheet,f000117,regular,worksheet-formula,1,single-cell,1,HZ33,,,0,directional.unresolved,catalog-category,
779e267fd49f229e,directional,.xls,1,s0001,worksheet,f000118,regular,worksheet-formula,2,filled-column,1,M13:M14,IF,,0,directional.dogleg-severity,local-context,
779e267fd49f229e,directional,.xls,1,s0001,worksheet,f000119,regular,worksheet-formula,4,filled-column,1,L13:L158,IF,,0,directional.dogleg-severity,local-context,
779e267fd49f229e,directional,.xls,1,s0001,worksheet,f000120,regular,worksheet-formula,24,filled-column,1,W140:W163,AVERAGE,,0,directional.unresolved,catalog-category,
779e267fd49f229e,directional,.xls,8,s0008,worksheet,f000121,regular,worksheet-formula,2,filled-row,1,D2:G2,,,0,directional.coordinates,local-context,ft
779e267fd49f229e,directional,.xls,8,s0008,worksheet,f000122,regular,worksheet-formula,1,single-cell,1,E2,,,0,directional.coordinates,local-context,ft
779e267fd49f229e,directional,.xls,8,s0008,worksheet,f000123,regular,worksheet-formula,1,single-cell,1,J2,,,0,directional.coordinates,local-context,
779e267fd49f229e,directional,.xls,8,s0008,worksheet,f000124,regular,worksheet-formula,1,single-cell,1,F2,,,0,directional.coordinates,local-context,ft
779fd4af0ea2b337,hydraulics,.xlsx,3,s0003,worksheet,f000001,regular,worksheet-formula,480,rectangular-table,1,B3:I84,,,0,hydraulics.equivalent-circulating-density|hydraulics.pressure-loss,local-context,gal/min|ppg|psi|rpm
779fd4af0ea2b337,hydraulics,.xlsx,3,s0003,worksheet,f000002,regular,worksheet-formula,11,multi-area,2,J3:J12|R2,,,0,hydraulics.fluid-properties,local-context,
779fd4af0ea2b337,hydraulics,.xlsx,3,s0003,worksheet,f000003,regular,worksheet-formula,10,filled-column,1,K3:K12,,,0,hydraulics.reynolds-number,local-context,
779fd4af0ea2b337,hydraulics,.xlsx,3,s0003,worksheet,f000004,regular,worksheet-formula,20,rectangular-table,1,O3:P12,,,0,hydraulics.fluid-properties|hydraulics.reynolds-number,local-context,
779fd4af0ea2b337,hydraulics,.xlsx,3,s0003,worksheet,f000005,regular,worksheet-formula,10,filled-column,1,M3:M12,POWER,,0,hydraulics.reynolds-number,local-context,
779fd4af0ea2b337,hydraulics,.xlsx,3,s0003,worksheet,f000006,regular,worksheet-formula,20,rectangular-table,1,L3:N12,,,0,hydraulics.reynolds-number,local-context,
779fd4af0ea2b337,hydraulics,.xlsx,1,s0001,worksheet,f000007,regular,worksheet-formula,1,single-cell,1,I4,SUM,,0,cross-cutting.validation,local-context,ft|in
7a610befec9d9d7c,bha-tools,.xlsx,2,s0002,worksheet,f000001,regular,worksheet-formula,17,filled-column,1,W8:W40,,,0,bha.geometry,local-context,N
7a610befec9d9d7c,bha-tools,.xlsx,2,s0002,worksheet,f000002,regular,worksheet-formula,1,single-cell,1,L53,,,0,bha.geometry|torque-drag.axial-load|torque-drag.stress-capacity,local-context,N
7a610befec9d9d7c,bha-tools,.xlsx,2,s0002,worksheet,f000003,regular,worksheet-formula,14,filled-column,1,S10:S36,,,0,bha.geometry,local-context,m
7a610befec9d9d7c,bha-tools,.xlsx,2,s0002,worksheet,f000004,regular,worksheet-formula,16,filled-column,1,V8:V40,IF|PI,,0,bha.geometry,local-context,N|kg/m
7a610befec9d9d7c,bha-tools,.xlsx,2,s0002,worksheet,f000005,regular,worksheet-formula,126,multi-area,21,D3:D38|D40:D45|D47|D49:D53|D57|D59:D69|D77:D85|H4:H9|H11:H13|H16:H18|H20:H22|H24|H27:H28|H30:H32|H34:H35|H38:H42|H45:H51|H54:H55|H57:H62|H64:H72|H78:H82,IF|VLOOKUP,,0,bha.geometry|cross-cutting.lookup|torque-drag.axial-load|torque-drag.connection-capacity|torque-drag.stress-capacity,local-context,m/h
7a610befec9d9d7c,bha-tools,.xlsx,2,s0002,worksheet,f000006,regular,worksheet-formula,5,filled-row,1,AE27:AI27,,,0,bha.geometry,local-context,N|m^2
7a610befec9d9d7c,bha-tools,.xlsx,2,s0002,worksheet,f000007,regular,worksheet-formula,10,filled-column,1,AE7:AE18,,,0,bha.geometry,local-context,kg/m|lbm/ft
7a610befec9d9d7c,bha-tools,.xlsx,2,s0002,worksheet,f000008,regular,worksheet-formula,1,single-cell,1,L54,COS|RADIANS,,0,bha.geometry|torque-drag.axial-load|torque-drag.stress-capacity,local-context,N
7a610befec9d9d7c,bha-tools,.xlsx,2,s0002,worksheet,f000009,regular,worksheet-formula,1,single-cell,1,S8,,,0,bha.geometry,local-context,kg/m|m|mm
7a610befec9d9d7c,bha-tools,.xlsx,2,s0002,worksheet,f000010,regular,worksheet-formula,1,single-cell,1,Z6,,,0,bha.geometry,local-context,lbm/ft
7a610befec9d9d7c,bha-tools,.xlsx,2,s0002,worksheet,f000011,regular,worksheet-formula,5,multi-area,5,L52|L55|S43|V43|W43,SUM,,0,bha.geometry|torque-drag.axial-load|torque-drag.stress-capacity,local-context,N|deg
7a610befec9d9d7c,bha-tools,.xlsx,1,s0001,worksheet,f000012,regular,worksheet-formula,17,filled-column,1,W8:W40,,,0,bha.geometry,local-context,N
7a610befec9d9d7c,bha-tools,.xlsx,1,s0001,worksheet,f000013,regular,worksheet-formula,1,single-cell,1,L53,,,0,bha.geometry|torque-drag.axial-load|torque-drag.stress-capacity,local-context,N
7a610befec9d9d7c,bha-tools,.xlsx,1,s0001,worksheet,f000014,regular,worksheet-formula,14,filled-column,1,S10:S36,,,0,bha.geometry,local-context,m
7a610befec9d9d7c,bha-tools,.xlsx,1,s0001,worksheet,f000015,regular,worksheet-formula,16,filled-column,1,V8:V40,IF|PI,,0,bha.geometry,local-context,N|kg/m
7a610befec9d9d7c,bha-tools,.xlsx,1,s0001,worksheet,f000016,regular,worksheet-formula,133,multi-area,18,D3:D38|D40:D45|D47:D54|D57|D59:D69|D77:D85|H4:H9|H11:H17|H20:H22|H24|H27:H32|H34:H36|H38:H43|H45:H52|H54:H55|H57:H62|H64:H72|H78:H82,IF|VLOOKUP,,0,bha.geometry|cross-cutting.lookup|torque-drag.axial-load|torque-drag.connection-capacity|torque-drag.stress-capacity,local-context,m/h
7a610befec9d9d7c,bha-tools,.xlsx,1,s0001,worksheet,f000017,regular,worksheet-formula,5,filled-row,1,AE27:AI27,,,0,bha.geometry,local-context,N|m^2
7a610befec9d9d7c,bha-tools,.xlsx,1,s0001,worksheet,f000018,regular,worksheet-formula,10,filled-column,1,AE7:AE18,,,0,bha.geometry,local-context,kg/m|lbm/ft
7a610befec9d9d7c,bha-tools,.xlsx,1,s0001,worksheet,f000019,regular,worksheet-formula,1,single-cell,1,L54,COS|RADIANS,,0,bha.geometry|torque-drag.axial-load|torque-drag.stress-capacity,local-context,N
7a610befec9d9d7c,bha-tools,.xlsx,1,s0001,worksheet,f000020,regular,worksheet-formula,1,single-cell,1,S8,,,0,bha.geometry,local-context,kg/m|m|mm
7a610befec9d9d7c,bha-tools,.xlsx,1,s0001,worksheet,f000021,regular,worksheet-formula,1,single-cell,1,Z6,,,0,bha.geometry,local-context,lbm/ft
7a610befec9d9d7c,bha-tools,.xlsx,1,s0001,worksheet,f000022,regular,worksheet-formula,5,multi-area,5,L52|L55|S43|V43|W43,SUM,,0,bha.geometry|torque-drag.axial-load|torque-drag.stress-capacity,local-context,N|deg
7e5801830b4e42cc,hydraulics,.xlsb,1,s0001,worksheet,f000001,regular,worksheet-formula,1,single-cell,1,C13,,,0,hydraulics.bit-nozzle,local-context,N|hp|psi
7e5801830b4e42cc,hydraulics,.xlsb,1,s0001,worksheet,f000002,regular,worksheet-formula,18,multi-area,16,F7|F10|F14:F15|G7|G11|H7|H10|H14:H15|I7|I11|AA19|AA22|AA25|AA36|AA39|AA42,ROUND,,0,hydraulics.bit-nozzle,local-context,N|hp|ppg|psi
7e5801830b4e42cc,hydraulics,.xlsb,1,s0001,worksheet,f000003,regular,worksheet-formula,3,multi-area,3,G16|I16|Z3,PI,,0,hydraulics.bit-nozzle,local-context,
7e5801830b4e42cc,hydraulics,.xlsb,1,s0001,worksheet,f000004,regular,worksheet-formula,2,filled-column,1,Z23:Z40,SQRT,,0,hydraulics.bit-nozzle,local-context,
7e5801830b4e42cc,hydraulics,.xlsb,1,s0001,worksheet,f000005,regular,worksheet-formula,9,multi-area,8,C14|E14|Z6:Z7|AA21|AA27|AA38|AA41|AA44,,,0,hydraulics.bit-nozzle,local-context,N|hp|psi
7e5801830b4e42cc,hydraulics,.xlsb,1,s0001,worksheet,f000006,regular,worksheet-formula,1,single-cell,1,E13,,,0,hydraulics.bit-nozzle,local-context,hp|psi
7e5801830b4e42cc,hydraulics,.xlsb,1,s0001,worksheet,f000007,regular,worksheet-formula,1,single-cell,1,B3,NOW|TEXT,NOW,0,hydraulics.bit-nozzle,local-context,
7e5801830b4e42cc,hydraulics,.xlsb,1,s0001,worksheet,f000008,regular,worksheet-formula,6,rectangular-table,1,G10:I15,,,0,hydraulics.bit-nozzle,local-context,psi
7e5801830b4e42cc,hydraulics,.xlsb,1,s0001,worksheet,f000009,regular,worksheet-formula,1,single-cell,1,AA24,,,0,hydraulics.bit-nozzle,local-context,
7e5801830b4e42cc,hydraulics,.xlsb,1,s0001,worksheet,f000010,regular,worksheet-formula,2,filled-row,1,G12:I12,PI,,0,hydraulics.bit-nozzle,local-context,hp
7e5801830b4e42cc,hydraulics,.xlsb,1,s0001,worksheet,f000011,regular,worksheet-formula,4,multi-area,2,A11|D6:D8,,,0,hydraulics.bit-nozzle,local-context,N|gal/min|hp|ppg|psi|s
7e5801830b4e42cc,hydraulics,.xlsb,1,s0001,worksheet,f000012,regular,worksheet-formula,2,filled-column,1,Z4:Z5,,,0,hydraulics.bit-nozzle,local-context,
7e5801830b4e42cc,hydraulics,.xlsb,1,s0001,worksheet,f000013,regular,worksheet-formula,1,single-cell,1,E11,LOG,,0,hydraulics.bit-nozzle,local-context,N|hp|ppg|psi
7e5801830b4e42cc,hydraulics,.xlsb,1,s0001,worksheet,f000014,regular,worksheet-formula,6,filled-column,1,AA20:AA43,ABS,,0,hydraulics.bit-nozzle,local-context,
7e5801830b4e42cc,hydraulics,.xlsb,1,s0001,worksheet,f000015,regular,worksheet-formula,2,filled-row,1,G8:I8,PI,,0,hydraulics.bit-nozzle,local-context,
7e5801830b4e42cc,hydraulics,.xlsb,1,s0001,worksheet,f000016,regular,worksheet-formula,2,filled-row,1,C15:E15,,,0,hydraulics.bit-nozzle,local-context,psi
7e5801830b4e42cc,hydraulics,.xlsb,1,s0001,worksheet,f000017,regular,worksheet-formula,2,filled-row,1,C16:E16,,,0,hydraulics.bit-nozzle,local-context,psi
7e5801830b4e42cc,hydraulics,.xlsb,1,s0001,worksheet,f000018,regular,worksheet-formula,2,filled-column,1,Z20:Z37,SQRT,,0,hydraulics.bit-nozzle,local-context,
7e5801830b4e42cc,hydraulics,.xlsb,1,s0001,worksheet,f000019,regular,worksheet-formula,2,filled-column,1,Z26:Z43,SQRT,,0,hydraulics.bit-nozzle,local-context,
7e5801830b4e42cc,hydraulics,.xlsb,2,s0002,worksheet,f000020,regular,worksheet-formula,1,single-cell,1,C13,,,0,hydraulics.bit-nozzle,local-context,hp|psi
7e5801830b4e42cc,hydraulics,.xlsb,2,s0002,worksheet,f000021,regular,worksheet-formula,18,multi-area,16,F7|F10|F14:F15|G7|G11|H7|H10|H14:H15|I7|I11|AA19|AA22|AA25|AA36|AA39|AA42,ROUND,,0,hydraulics.bit-nozzle,local-context,hp|ppg|psi
7e5801830b4e42cc,hydraulics,.xlsb,2,s0002,worksheet,f000022,regular,worksheet-formula,3,multi-area,3,G16|I16|Z3,PI,,0,hydraulics.bit-nozzle,local-context,
7e5801830b4e42cc,hydraulics,.xlsb,2,s0002,worksheet,f000023,regular,worksheet-formula,2,filled-column,1,Z23:Z40,SQRT,,0,hydraulics.bit-nozzle,local-context,
7e5801830b4e42cc,hydraulics,.xlsb,2,s0002,worksheet,f000024,regular,worksheet-formula,9,multi-area,8,C14|E14|Z6:Z7|AA21|AA27|AA38|AA41|AA44,,,0,hydraulics.bit-nozzle,local-context,hp|psi
7e5801830b4e42cc,hydraulics,.xlsb,2,s0002,worksheet,f000025,regular,worksheet-formula,1,single-cell,1,E13,,,0,hydraulics.bit-nozzle,local-context,hp|psi
7e5801830b4e42cc,hydraulics,.xlsb,2,s0002,worksheet,f000026,regular,worksheet-formula,1,single-cell,1,B3,NOW|TEXT,NOW,0,hydraulics.bit-nozzle,local-context,
7e5801830b4e42cc,hydraulics,.xlsb,2,s0002,worksheet,f000027,regular,worksheet-formula,6,rectangular-table,1,G10:I15,,,0,hydraulics.bit-nozzle,local-context,psi
7e5801830b4e42cc,hydraulics,.xlsb,2,s0002,worksheet,f000028,regular,worksheet-formula,1,single-cell,1,AA24,,,0,hydraulics.bit-nozzle,local-context,
7e5801830b4e42cc,hydraulics,.xlsb,2,s0002,worksheet,f000029,regular,worksheet-formula,2,filled-row,1,G12:I12,PI,,0,hydraulics.bit-nozzle,local-context,hp
7e5801830b4e42cc,hydraulics,.xlsb,2,s0002,worksheet,f000030,regular,worksheet-formula,4,multi-area,2,A11|D6:D8,,,0,hydraulics.bit-nozzle,local-context,gal/min|hp|ppg|psi|s
7e5801830b4e42cc,hydraulics,.xlsb,2,s0002,worksheet,f000031,regular,worksheet-formula,2,filled-column,1,Z4:Z5,,,0,hydraulics.bit-nozzle,local-context,
7e5801830b4e42cc,hydraulics,.xlsb,2,s0002,worksheet,f000032,regular,worksheet-formula,1,single-cell,1,E11,LOG,,0,hydraulics.bit-nozzle,local-context,hp|ppg|psi
7e5801830b4e42cc,hydraulics,.xlsb,2,s0002,worksheet,f000033,regular,worksheet-formula,6,filled-column,1,AA20:AA43,ABS,,0,hydraulics.bit-nozzle,local-context,
7e5801830b4e42cc,hydraulics,.xlsb,2,s0002,worksheet,f000034,regular,worksheet-formula,2,filled-row,1,G8:I8,PI,,0,hydraulics.bit-nozzle,local-context,
7e5801830b4e42cc,hydraulics,.xlsb,2,s0002,worksheet,f000035,regular,worksheet-formula,2,filled-row,1,C15:E15,,,0,hydraulics.bit-nozzle,local-context,psi
7e5801830b4e42cc,hydraulics,.xlsb,2,s0002,worksheet,f000036,regular,worksheet-formula,2,filled-row,1,C16:E16,,,0,hydraulics.bit-nozzle,local-context,psi
7e5801830b4e42cc,hydraulics,.xlsb,2,s0002,worksheet,f000037,regular,worksheet-formula,2,filled-column,1,Z20:Z37,SQRT,,0,hydraulics.bit-nozzle,local-context,
7e5801830b4e42cc,hydraulics,.xlsb,2,s0002,worksheet,f000038,regular,worksheet-formula,2,filled-column,1,Z26:Z43,SQRT,,0,hydraulics.bit-nozzle,local-context,
7e74eb7c519c8177,bha-tools,.xlsx,3,s0003,worksheet,f000001,regular,worksheet-formula,60,rectangular-table,1,J11:N35,,,0,bha.geometry|torque-drag.connection-capacity,local-context,ft
7e74eb7c519c8177,bha-tools,.xlsx,3,s0003,worksheet,f000002,regular,worksheet-formula,19,filled-column,1,G12:G35,SUM,,0,bha.geometry,local-context,ft
7e74eb7c519c8177,bha-tools,.xlsx,3,s0003,worksheet,f000003,regular,worksheet-formula,9,multi-area,5,G11|I36:I37|J38:J39|K36:K37|L38:L39,SUM,,0,bha.geometry,local-context,ft
7e74eb7c519c8177,bha-tools,.xlsx,3,s0003,worksheet,f000004,regular,worksheet-formula,40,rectangular-table,1,I11:K35,,,0,bha.geometry,local-context,ft
7e74eb7c519c8177,bha-tools,.xlsx,3,s0003,worksheet,f000005,regular,worksheet-formula,1,single-cell,1,C8,,,0,bha.geometry,local-context,ft|ppg
7e74eb7c519c8177,bha-tools,.xlsx,3,s0003,worksheet,f000006,regular,worksheet-formula,40,rectangular-table,1,F11:H35,,,0,bha.geometry,local-context,ft
7e74eb7c519c8177,bha-tools,.xlsx,2,s0002,worksheet,f000007,regular,worksheet-formula,93,rectangular-table,1,J11:N41,,,0,bha.geometry,local-context,ft
7e74eb7c519c8177,bha-tools,.xlsx,2,s0002,worksheet,f000008,regular,worksheet-formula,1,single-cell,1,L49,,,0,bha.geometry,local-context,
7e74eb7c519c8177,bha-tools,.xlsx,2,s0002,worksheet,f000009,regular,worksheet-formula,28,filled-column,1,G14:G41,SUM,,0,bha.geometry,local-context,
7e74eb7c519c8177,bha-tools,.xlsx,2,s0002,worksheet,f000010,regular,worksheet-formula,11,multi-area,5,G11:G13|I42:I43|J44:J45|K42:K43|L44:L45,SUM,,0,bha.geometry,local-context,ft
7e74eb7c519c8177,bha-tools,.xlsx,2,s0002,worksheet,f000011,regular,worksheet-formula,62,rectangular-table,1,I11:K41,,,0,bha.geometry,local-context,ft
7e74eb7c519c8177,bha-tools,.xlsx,2,s0002,worksheet,f000012,regular,worksheet-formula,1,single-cell,1,C8,,,0,bha.geometry,local-context,ft|ppg
7e74eb7c519c8177,bha-tools,.xlsx,2,s0002,worksheet,f000013,regular,worksheet-formula,64,multi-area,2,F11:F41|H11:H43,,,0,bha.geometry,local-context,ft
7e74eb7c519c8177,bha-tools,.xlsx,1,s0001,worksheet,f000014,regular,worksheet-formula,60,rectangular-table,1,J11:N30,,,0,bha.geometry|torque-drag.connection-capacity,local-context,ft
7e74eb7c519c8177,bha-tools,.xlsx,1,s0001,worksheet,f000015,regular,worksheet-formula,19,filled-column,1,A12:A30,,,0,bha.geometry,local-context,
7e74eb7c519c8177,bha-tools,.xlsx,1,s0001,worksheet,f000016,regular,worksheet-formula,19,filled-column,1,G12:G30,SUM,,0,bha.geometry,local-context,ft
7e74eb7c519c8177,bha-tools,.xlsx,1,s0001,worksheet,f000017,regular,worksheet-formula,9,multi-area,5,G11|I31:I32|J33:J34|K31:K32|L33:L34,SUM,,0,bha.geometry,local-context,ft
7e74eb7c519c8177,bha-tools,.xlsx,1,s0001,worksheet,f000018,regular,worksheet-formula,40,rectangular-table,1,I11:K30,,,0,bha.geometry,local-context,ft
7e74eb7c519c8177,bha-tools,.xlsx,1,s0001,worksheet,f000019,regular,worksheet-formula,1,single-cell,1,C8,,,0,bha.geometry,local-context,ft|ppg
7e74eb7c519c8177,bha-tools,.xlsx,1,s0001,worksheet,f000020,regular,worksheet-formula,40,rectangular-table,1,F11:H30,,,0,bha.geometry,local-context,ft
7e74eb7c519c8177,bha-tools,.xlsx,4,s0004,worksheet,f000021,regular,worksheet-formula,1,single-cell,1,BH26,,,0,bha.geometry,local-context,ft
7e74eb7c519c8177,bha-tools,.xlsx,4,s0004,worksheet,f000022,regular,worksheet-formula,6,filled-column,1,BL16:BL21,SUM,,0,bha.geometry|cross-cutting.lookup,local-context,
7e74eb7c519c8177,bha-tools,.xlsx,4,s0004,worksheet,f000023,regular,worksheet-formula,1,single-cell,1,BH29,,,0,bha.geometry,local-context,
7e74eb7c519c8177,bha-tools,.xlsx,6,s0006,worksheet,f000024,regular,worksheet-formula,1,single-cell,1,X16,SIN,,0,bha.geometry|directional.coordinates,local-context,
7e74eb7c519c8177,bha-tools,.xlsx,6,s0006,worksheet,f000025,regular,worksheet-formula,3,multi-area,3,X12|AB12|AB35,,,0,bha.geometry|directional.trajectory,local-context,
7e74eb7c519c8177,bha-tools,.xlsx,6,s0006,worksheet,f000026,regular,worksheet-formula,1,single-cell,1,AA27,,,0,bha.geometry,local-context,
7e74eb7c519c8177,bha-tools,.xlsx,6,s0006,worksheet,f000027,regular,worksheet-formula,1,single-cell,1,X13,ACOS|COS|SIN,,0,bha.geometry,local-context,
7e74eb7c519c8177,bha-tools,.xlsx,6,s0006,worksheet,f000028,regular,worksheet-formula,1,single-cell,1,X15,COS|SIN,,0,bha.geometry|directional.coordinates,local-context,
7e74eb7c519c8177,bha-tools,.xlsx,6,s0006,worksheet,f000029,regular,worksheet-formula,2,filled-column,1,AB13:AB36,COS|PI|SIN,,0,bha.geometry|directional.coordinates|directional.trajectory,local-context,
7e74eb7c519c8177,bha-tools,.xlsx,6,s0006,worksheet,f000030,regular,worksheet-formula,1,single-cell,1,X14,TAN,,0,bha.geometry,local-context,
7e74eb7c519c8177,bha-tools,.xlsx,6,s0006,worksheet,f000031,regular,worksheet-formula,1,single-cell,1,AB27,,,0,bha.geometry,local-context,
7e74eb7c519c8177,bha-tools,.xlsx,6,s0006,worksheet,f000032,regular,worksheet-formula,1,single-cell,1,X17,COS,,0,bha.geometry|directional.coordinates,local-context,
7e74eb7c519c8177,bha-tools,.xlsx,6,s0006,worksheet,f000033,regular,worksheet-formula,2,filled-column,1,AB15:AB38,PI|SIN,,0,bha.geometry|directional.coordinates,local-context,
7e74eb7c519c8177,bha-tools,.xlsx,6,s0006,worksheet,f000034,regular,worksheet-formula,26,filled-column,1,O8:O33,SQRT,,0,bha.geometry,local-context,
7e74eb7c519c8177,bha-tools,.xlsx,6,s0006,worksheet,f000035,regular,worksheet-formula,1,single-cell,1,N33,,,0,bha.geometry,local-context,
7e74eb7c519c8177,bha-tools,.xlsx,6,s0006,worksheet,f000036,regular,worksheet-formula,2,filled-column,1,AB14:AB37,COS|PI,,0,bha.geometry|directional.coordinates,local-context,
7e74eb7c519c8177,bha-tools,.xlsx,6,s0006,worksheet,f000037,regular,worksheet-formula,92,filled-column,1,H6:H97,SQRT,,0,bha.geometry,local-context,deg/30m
7e74eb7c519c8177,bha-tools,.xlsx,6,s0006,worksheet,f000038,regular,worksheet-formula,12,multi-area,6,W8:W9|X8:X9|AA8:AA9|AA31:AA32|AB8:AB9|AB31:AB32,RADIANS,,0,bha.geometry|directional.trajectory,local-context,rad
7ebe5b47d502226d,bha-tools,.xlsx,3,s0003,worksheet,f000001,regular,worksheet-formula,60,rectangular-table,1,J11:N35,,,0,bha.geometry|torque-drag.connection-capacity,local-context,ft
7ebe5b47d502226d,bha-tools,.xlsx,3,s0003,worksheet,f000002,regular,worksheet-formula,19,filled-column,1,G12:G35,SUM,,0,bha.geometry,local-context,ft
7ebe5b47d502226d,bha-tools,.xlsx,3,s0003,worksheet,f000003,regular,worksheet-formula,9,multi-area,5,G11|I36:I37|J38:J39|K36:K37|L38:L39,SUM,,0,bha.geometry,local-context,ft
7ebe5b47d502226d,bha-tools,.xlsx,3,s0003,worksheet,f000004,regular,worksheet-formula,40,rectangular-table,1,I11:K35,,,0,bha.geometry,local-context,ft
7ebe5b47d502226d,bha-tools,.xlsx,3,s0003,worksheet,f000005,regular,worksheet-formula,1,single-cell,1,C8,,,0,bha.geometry,local-context,ft|ppg
7ebe5b47d502226d,bha-tools,.xlsx,3,s0003,worksheet,f000006,regular,worksheet-formula,40,rectangular-table,1,F11:H35,,,0,bha.geometry,local-context,ft
7ebe5b47d502226d,bha-tools,.xlsx,2,s0002,worksheet,f000007,regular,worksheet-formula,93,rectangular-table,1,J11:N41,,,0,bha.geometry,local-context,ft
7ebe5b47d502226d,bha-tools,.xlsx,2,s0002,worksheet,f000008,regular,worksheet-formula,1,single-cell,1,L49,,,0,bha.geometry,local-context,
7ebe5b47d502226d,bha-tools,.xlsx,2,s0002,worksheet,f000009,regular,worksheet-formula,28,filled-column,1,G14:G41,SUM,,0,bha.geometry,local-context,
7ebe5b47d502226d,bha-tools,.xlsx,2,s0002,worksheet,f000010,regular,worksheet-formula,11,multi-area,5,G11:G13|I42:I43|J44:J45|K42:K43|L44:L45,SUM,,0,bha.geometry,local-context,ft
7ebe5b47d502226d,bha-tools,.xlsx,2,s0002,worksheet,f000011,regular,worksheet-formula,62,rectangular-table,1,I11:K41,,,0,bha.geometry,local-context,ft
7ebe5b47d502226d,bha-tools,.xlsx,2,s0002,worksheet,f000012,regular,worksheet-formula,1,single-cell,1,C8,,,0,bha.geometry,local-context,ft|ppg
7ebe5b47d502226d,bha-tools,.xlsx,2,s0002,worksheet,f000013,regular,worksheet-formula,64,multi-area,2,F11:F41|H11:H43,,,0,bha.geometry,local-context,ft
7ebe5b47d502226d,bha-tools,.xlsx,1,s0001,worksheet,f000014,regular,worksheet-formula,60,rectangular-table,1,J11:N30,,,0,bha.geometry|torque-drag.connection-capacity,local-context,ft
7ebe5b47d502226d,bha-tools,.xlsx,1,s0001,worksheet,f000015,regular,worksheet-formula,19,filled-column,1,A12:A30,,,0,bha.geometry,local-context,
7ebe5b47d502226d,bha-tools,.xlsx,1,s0001,worksheet,f000016,regular,worksheet-formula,19,filled-column,1,G12:G30,SUM,,0,bha.geometry,local-context,ft
7ebe5b47d502226d,bha-tools,.xlsx,1,s0001,worksheet,f000017,regular,worksheet-formula,9,multi-area,5,G11|I31:I32|J33:J34|K31:K32|L33:L34,SUM,,0,bha.geometry,local-context,ft
7ebe5b47d502226d,bha-tools,.xlsx,1,s0001,worksheet,f000018,regular,worksheet-formula,40,rectangular-table,1,I11:K30,,,0,bha.geometry,local-context,ft
7ebe5b47d502226d,bha-tools,.xlsx,1,s0001,worksheet,f000019,regular,worksheet-formula,1,single-cell,1,C8,,,0,bha.geometry,local-context,ft|ppg
7ebe5b47d502226d,bha-tools,.xlsx,1,s0001,worksheet,f000020,regular,worksheet-formula,40,rectangular-table,1,F11:H30,,,0,bha.geometry,local-context,ft
7ebe5b47d502226d,bha-tools,.xlsx,4,s0004,worksheet,f000021,regular,worksheet-formula,1,single-cell,1,BH26,,,0,bha.geometry,local-context,ft
7ebe5b47d502226d,bha-tools,.xlsx,4,s0004,worksheet,f000022,regular,worksheet-formula,6,filled-column,1,BL16:BL21,SUM,,0,bha.geometry|cross-cutting.lookup,local-context,
7ebe5b47d502226d,bha-tools,.xlsx,4,s0004,worksheet,f000023,regular,worksheet-formula,1,single-cell,1,BH29,,,0,bha.geometry,local-context,
7ebe5b47d502226d,bha-tools,.xlsx,6,s0006,worksheet,f000024,regular,worksheet-formula,1,single-cell,1,X16,SIN,,0,bha.geometry|directional.coordinates,local-context,
7ebe5b47d502226d,bha-tools,.xlsx,6,s0006,worksheet,f000025,regular,worksheet-formula,2,filled-row,1,X12:AB12,,,0,bha.geometry|directional.trajectory,local-context,
7ebe5b47d502226d,bha-tools,.xlsx,6,s0006,worksheet,f000026,regular,worksheet-formula,1,single-cell,1,X13,ACOS|COS|SIN,,0,bha.geometry,local-context,
7ebe5b47d502226d,bha-tools,.xlsx,6,s0006,worksheet,f000027,regular,worksheet-formula,1,single-cell,1,X15,COS|SIN,,0,bha.geometry|directional.coordinates,local-context,
7ebe5b47d502226d,bha-tools,.xlsx,6,s0006,worksheet,f000028,regular,worksheet-formula,1,single-cell,1,AB13,COS|PI|SIN,,0,bha.geometry|directional.coordinates|directional.trajectory,local-context,
7ebe5b47d502226d,bha-tools,.xlsx,6,s0006,worksheet,f000029,regular,worksheet-formula,1,single-cell,1,X14,TAN,,0,bha.geometry,local-context,
7ebe5b47d502226d,bha-tools,.xlsx,6,s0006,worksheet,f000030,regular,worksheet-formula,1,single-cell,1,X17,COS,,0,bha.geometry|directional.coordinates,local-context,
7ebe5b47d502226d,bha-tools,.xlsx,6,s0006,worksheet,f000031,regular,worksheet-formula,1,single-cell,1,AB15,PI|SIN,,0,bha.geometry|directional.coordinates,local-context,
7ebe5b47d502226d,bha-tools,.xlsx,6,s0006,worksheet,f000032,regular,worksheet-formula,26,filled-column,1,O8:O33,SQRT,,0,bha.geometry,local-context,
7ebe5b47d502226d,bha-tools,.xlsx,6,s0006,worksheet,f000033,regular,worksheet-formula,1,single-cell,1,N33,,,0,bha.geometry,local-context,
7ebe5b47d502226d,bha-tools,.xlsx,6,s0006,worksheet,f000034,regular,worksheet-formula,1,single-cell,1,AB14,COS|PI,,0,bha.geometry|directional.coordinates,local-context,
7ebe5b47d502226d,bha-tools,.xlsx,6,s0006,worksheet,f000035,regular,worksheet-formula,92,filled-column,1,H6:H97,SQRT,,0,bha.geometry,local-context,deg/30m
7ebe5b47d502226d,bha-tools,.xlsx,6,s0006,worksheet,f000036,regular,worksheet-formula,8,rectangular-table,1,W8:AB9,RADIANS,,0,bha.geometry|directional.trajectory,local-context,rad
80929f251aead383,hydraulics,.xlsx,3,s0003,worksheet,f000001,regular,worksheet-formula,240,rectangular-table,1,B16:I84,,,0,hydraulics.equivalent-circulating-density,local-context,gal/min|ppg|psi|rpm
80929f251aead383,hydraulics,.xlsx,3,s0003,worksheet,f000002,regular,worksheet-formula,30,filled-column,1,J3:J71,ABS,,0,hydraulics.unresolved,catalog-category,
80929f251aead383,hydraulics,.xlsx,1,s0001,worksheet,f000003,regular,worksheet-formula,1,single-cell,1,I4,SUM,,0,cross-cutting.validation,local-context,ft|in
86bfc7a842aae7f0,hydraulics,.xlsx,1,s0001,worksheet,f000001,regular,worksheet-formula,43,filled-column,1,H3:H68,,,0,hydraulics.unresolved,catalog-category,cP|ft^2
86e1a87c92bcaf52,bha-tools,.xlsm,3,s0003,worksheet,f000001,regular,worksheet-formula,1,single-cell,1,M3,,,0,hydraulics.fluid-properties,local-context,MPa|kg/m^3
86e1a87c92bcaf52,bha-tools,.xlsm,1,s0001,worksheet,f000002,regular,worksheet-formula,16,filled-column,1,G3:G24,,,0,bha.geometry,local-context,mm
86e1a87c92bcaf52,bha-tools,.xlsm,1,s0001,worksheet,f000003,regular,worksheet-formula,5,filled-column,1,G11:G15,,,0,bha.geometry,local-context,
86e1a87c92bcaf52,bha-tools,.xlsm,2,s0002,worksheet,f000004,regular,worksheet-formula,10,filled-column,1,K4:K13,,,0,bha.unresolved,catalog-category,MPa|kg/m^3
8798ede1448cb8e6,bha-tools,.xls,1,s0001,worksheet,f000001,regular,worksheet-formula,1,single-cell,1,C16,,,0,bha.motor-performance,local-context,min
8798ede1448cb8e6,bha-tools,.xls,1,s0001,worksheet,f000002,regular,worksheet-formula,1,single-cell,1,F7,IF|MIN,,0,bha.motor-performance|cross-cutting.lookup,local-context,
8798ede1448cb8e6,bha-tools,.xls,1,s0001,worksheet,f000003,regular,worksheet-formula,1,single-cell,1,G11,,,0,bha.motor-performance,local-context,
8798ede1448cb8e6,bha-tools,.xls,1,s0001,worksheet,f000004,regular,worksheet-formula,1,single-cell,1,B56,,,0,bha.geometry|bha.motor-performance,local-context,
8798ede1448cb8e6,bha-tools,.xls,1,s0001,worksheet,f000005,regular,worksheet-formula,1,single-cell,1,C17,,,0,bha.motor-performance,local-context,min
8798ede1448cb8e6,bha-tools,.xls,1,s0001,worksheet,f000006,regular,worksheet-formula,1,single-cell,1,G7,IF,,0,bha.motor-performance,local-context,
8798ede1448cb8e6,bha-tools,.xls,1,s0001,worksheet,f000007,regular,worksheet-formula,1,single-cell,1,H7,,,0,bha.motor-performance,local-context,
8b22cd9c8f783873,bha-tools,.xls,6,s0006,worksheet,f000001,regular,worksheet-formula,6,filled-column,1,M16:M47,,,0,bha.geometry,local-context,kg|m
8b22cd9c8f783873,bha-tools,.xls,6,s0006,worksheet,f000002,regular,worksheet-formula,1,single-cell,1,E46,,,0,bha.geometry,local-context,specific-gravity
8b22cd9c8f783873,bha-tools,.xls,6,s0006,worksheet,f000003,regular,worksheet-formula,2,filled-column,1,M44:M46,SUM,,0,bha.geometry,local-context,
8b22cd9c8f783873,bha-tools,.xls,6,s0006,worksheet,f000004,regular,worksheet-formula,1,single-cell,1,P16,IF,,0,bha.geometry,local-context,in|kg|m
8b22cd9c8f783873,bha-tools,.xls,6,s0006,worksheet,f000005,regular,worksheet-formula,2,filled-row,1,L16:N16,IF,,0,bha.geometry|torque-drag.connection-capacity,local-context,kg|m
8b22cd9c8f783873,bha-tools,.xls,6,s0006,worksheet,f000006,regular,worksheet-formula,6,rectangular-table,1,L17:N19,IF,,0,bha.geometry,local-context,kg|m
8b22cd9c8f783873,bha-tools,.xls,7,s0007,worksheet,f000007,regular,worksheet-formula,2,filled-column,1,M45:M47,,,0,bha.geometry,local-context,
8b22cd9c8f783873,bha-tools,.xls,7,s0007,worksheet,f000008,regular,worksheet-formula,1,single-cell,1,E46,,,0,bha.geometry,local-context,specific-gravity
8b22cd9c8f783873,bha-tools,.xls,7,s0007,worksheet,f000009,regular,worksheet-formula,2,filled-column,1,M44:M46,SUM,,0,bha.geometry,local-context,
8b22cd9c8f783873,bha-tools,.xls,7,s0007,worksheet,f000010,regular,worksheet-formula,1,single-cell,1,P16,IF,,0,bha.geometry,local-context,in|kg|m
8b22cd9c8f783873,bha-tools,.xls,7,s0007,worksheet,f000011,regular,worksheet-formula,2,filled-row,1,L16:N16,IF,,0,bha.geometry|torque-drag.connection-capacity,local-context,kg|m
8b22cd9c8f783873,bha-tools,.xls,8,s0008,worksheet,f000012,regular,worksheet-formula,2,filled-column,1,M45:M47,,,0,bha.geometry,local-context,
8b22cd9c8f783873,bha-tools,.xls,8,s0008,worksheet,f000013,regular,worksheet-formula,1,single-cell,1,E46,,,0,bha.geometry,local-context,specific-gravity
8b22cd9c8f783873,bha-tools,.xls,8,s0008,worksheet,f000014,regular,worksheet-formula,2,filled-column,1,M44:M46,SUM,,0,bha.geometry,local-context,
8b22cd9c8f783873,bha-tools,.xls,8,s0008,worksheet,f000015,regular,worksheet-formula,1,single-cell,1,P16,IF,,0,bha.geometry,local-context,in|kg|m
8b22cd9c8f783873,bha-tools,.xls,8,s0008,worksheet,f000016,regular,worksheet-formula,2,filled-row,1,L16:N16,IF,,0,bha.geometry|torque-drag.connection-capacity,local-context,kg|m
8b22cd9c8f783873,bha-tools,.xls,5,s0005,worksheet,f000017,regular,worksheet-formula,1,single-cell,1,M46,,,0,bha.geometry,local-context,
8b22cd9c8f783873,bha-tools,.xls,5,s0005,worksheet,f000018,regular,worksheet-formula,1,single-cell,1,E47,,,0,bha.geometry,local-context,specific-gravity
8b22cd9c8f783873,bha-tools,.xls,5,s0005,worksheet,f000019,regular,worksheet-formula,1,single-cell,1,M45,SUM,,0,bha.geometry,local-context,
8b22cd9c8f783873,bha-tools,.xls,5,s0005,worksheet,f000020,regular,worksheet-formula,1,single-cell,1,P16,IF,,0,bha.geometry,local-context,in|kg|m
8b22cd9c8f783873,bha-tools,.xls,5,s0005,worksheet,f000021,regular,worksheet-formula,1,single-cell,1,P30,IF,,0,bha.geometry,local-context,
8b22cd9c8f783873,bha-tools,.xls,5,s0005,worksheet,f000022,regular,worksheet-formula,2,filled-row,1,L16:N16,IF,,0,bha.geometry|torque-drag.connection-capacity,local-context,kg|m
8b22cd9c8f783873,bha-tools,.xls,5,s0005,worksheet,f000023,regular,worksheet-formula,2,filled-row,1,L30:N30,IF,,0,bha.geometry,local-context,
8b22cd9c8f783873,bha-tools,.xls,3,s0003,worksheet,f000024,regular,worksheet-formula,1,single-cell,1,M44,,,0,bha.geometry,local-context,
8b22cd9c8f783873,bha-tools,.xls,3,s0003,worksheet,f000025,regular,worksheet-formula,1,single-cell,1,L40,IF,,0,bha.geometry,local-context,
8b22cd9c8f783873,bha-tools,.xls,3,s0003,worksheet,f000026,regular,worksheet-formula,1,single-cell,1,E45,,,0,bha.geometry,local-context,specific-gravity
8b22cd9c8f783873,bha-tools,.xls,3,s0003,worksheet,f000027,regular,worksheet-formula,1,single-cell,1,M43,SUM,,0,bha.geometry,local-context,
8b22cd9c8f783873,bha-tools,.xls,3,s0003,worksheet,f000028,regular,worksheet-formula,1,single-cell,1,P16,IF,,0,bha.geometry,local-context,in|kg|m
8b22cd9c8f783873,bha-tools,.xls,3,s0003,worksheet,f000029,regular,worksheet-formula,1,single-cell,1,C29,SUM,,0,bha.geometry,local-context,
8b22cd9c8f783873,bha-tools,.xls,3,s0003,worksheet,f000030,regular,worksheet-formula,2,filled-row,1,L39:N39,IF,,0,bha.geometry,local-context,
8b22cd9c8f783873,bha-tools,.xls,3,s0003,worksheet,f000031,regular,worksheet-formula,1,single-cell,1,M40,IF,,0,bha.geometry,local-context,
8b22cd9c8f783873,bha-tools,.xls,3,s0003,worksheet,f000032,regular,worksheet-formula,2,filled-row,1,L16:N16,IF,,0,bha.geometry|torque-drag.connection-capacity,local-context,kg|m
8b22cd9c8f783873,bha-tools,.xls,3,s0003,worksheet,f000033,regular,worksheet-formula,2,filled-column,1,P39:P40,IF,,0,bha.geometry,local-context,
8b22cd9c8f783873,bha-tools,.xls,4,s0004,worksheet,f000034,regular,worksheet-formula,1,single-cell,1,M44,,,0,bha.geometry,local-context,
8b22cd9c8f783873,bha-tools,.xls,4,s0004,worksheet,f000035,regular,worksheet-formula,1,single-cell,1,E45,,,0,bha.geometry,local-context,specific-gravity
8b22cd9c8f783873,bha-tools,.xls,4,s0004,worksheet,f000036,regular,worksheet-formula,1,single-cell,1,M43,SUM,,0,bha.geometry,local-context,
8b22cd9c8f783873,bha-tools,.xls,4,s0004,worksheet,f000037,regular,worksheet-formula,1,single-cell,1,P16,IF,,0,bha.geometry,local-context,in|kg|m
8b22cd9c8f783873,bha-tools,.xls,4,s0004,worksheet,f000038,regular,worksheet-formula,1,single-cell,1,C29,SUM,,0,bha.geometry,local-context,
8b22cd9c8f783873,bha-tools,.xls,4,s0004,worksheet,f000039,regular,worksheet-formula,2,filled-row,1,L16:N16,IF,,0,bha.geometry|torque-drag.connection-capacity,local-context,kg|m
8b22cd9c8f783873,bha-tools,.xls,12,s0012,worksheet,f000040,regular,worksheet-formula,5,filled-column,1,M16:M58,,,0,bha.geometry,local-context,kg|m
8b22cd9c8f783873,bha-tools,.xls,12,s0012,worksheet,f000041,regular,worksheet-formula,1,single-cell,1,E57,,,0,bha.geometry,local-context,specific-gravity
8b22cd9c8f783873,bha-tools,.xls,12,s0012,worksheet,f000042,regular,worksheet-formula,2,filled-column,1,M55:M57,SUM,,0,bha.geometry,local-context,
8b22cd9c8f783873,bha-tools,.xls,12,s0012,worksheet,f000043,regular,worksheet-formula,1,single-cell,1,P17,IF,,0,bha.geometry,local-context,in|kg|m
8b22cd9c8f783873,bha-tools,.xls,12,s0012,worksheet,f000044,regular,worksheet-formula,1,single-cell,1,P16,IF,,0,bha.geometry,local-context,in|kg|m
8b22cd9c8f783873,bha-tools,.xls,12,s0012,worksheet,f000045,regular,worksheet-formula,2,filled-row,1,L16:N16,IF,,0,bha.geometry|torque-drag.connection-capacity,local-context,kg|m
8b22cd9c8f783873,bha-tools,.xls,12,s0012,worksheet,f000046,regular,worksheet-formula,4,rectangular-table,1,L17:N50,IF,,0,bha.geometry,local-context,kg|m
8b22cd9c8f783873,bha-tools,.xls,13,s0013,worksheet,f000047,regular,worksheet-formula,5,filled-column,1,M16:M56,,,0,bha.geometry,local-context,kg|m
8b22cd9c8f783873,bha-tools,.xls,13,s0013,worksheet,f000048,regular,worksheet-formula,1,single-cell,1,E55,,,0,bha.geometry,local-context,specific-gravity
8b22cd9c8f783873,bha-tools,.xls,13,s0013,worksheet,f000049,regular,worksheet-formula,2,filled-column,1,M53:M55,SUM,,0,bha.geometry,local-context,
8b22cd9c8f783873,bha-tools,.xls,13,s0013,worksheet,f000050,regular,worksheet-formula,2,filled-column,1,C32:C33,SUM,,0,bha.geometry,local-context,
8b22cd9c8f783873,bha-tools,.xls,13,s0013,worksheet,f000051,regular,worksheet-formula,1,single-cell,1,P17,IF,,0,bha.geometry,local-context,in|kg|m
8b22cd9c8f783873,bha-tools,.xls,13,s0013,worksheet,f000052,regular,worksheet-formula,1,single-cell,1,P16,IF,,0,bha.geometry,local-context,in|kg|m
8b22cd9c8f783873,bha-tools,.xls,13,s0013,worksheet,f000053,regular,worksheet-formula,2,filled-row,1,L16:N16,IF,,0,bha.geometry|torque-drag.connection-capacity,local-context,kg|m
8b22cd9c8f783873,bha-tools,.xls,13,s0013,worksheet,f000054,regular,worksheet-formula,4,rectangular-table,1,L17:N48,IF,,0,bha.geometry,local-context,kg|m
8b22cd9c8f783873,bha-tools,.xls,14,s0014,worksheet,f000055,regular,worksheet-formula,2,filled-column,1,M54:M56,,,0,bha.geometry,local-context,
8b22cd9c8f783873,bha-tools,.xls,14,s0014,worksheet,f000056,regular,worksheet-formula,1,single-cell,1,E55,,,0,bha.geometry,local-context,specific-gravity
8b22cd9c8f783873,bha-tools,.xls,14,s0014,worksheet,f000057,regular,worksheet-formula,2,filled-column,1,M53:M55,SUM,,0,bha.geometry,local-context,
8b22cd9c8f783873,bha-tools,.xls,14,s0014,worksheet,f000058,regular,worksheet-formula,2,filled-column,1,C32:C33,SUM,,0,bha.geometry,local-context,
8b22cd9c8f783873,bha-tools,.xls,14,s0014,worksheet,f000059,regular,worksheet-formula,1,single-cell,1,P17,IF,,0,bha.geometry,local-context,in|kg|m
8b22cd9c8f783873,bha-tools,.xls,14,s0014,worksheet,f000060,regular,worksheet-formula,1,single-cell,1,P16,IF,,0,bha.geometry,local-context,in|kg|m
8b22cd9c8f783873,bha-tools,.xls,14,s0014,worksheet,f000061,regular,worksheet-formula,2,filled-row,1,L16:N16,IF,,0,bha.geometry|torque-drag.connection-capacity,local-context,kg|m
8b22cd9c8f783873,bha-tools,.xls,15,s0015,worksheet,f000062,regular,worksheet-formula,2,filled-column,1,M56:M58,,,0,bha.geometry,local-context,
8b22cd9c8f783873,bha-tools,.xls,15,s0015,worksheet,f000063,regular,worksheet-formula,1,single-cell,1,E57,,,0,bha.geometry,local-context,specific-gravity
8b22cd9c8f783873,bha-tools,.xls,15,s0015,worksheet,f000064,regular,worksheet-formula,2,filled-column,1,M55:M57,SUM,,0,bha.geometry,local-context,
8b22cd9c8f783873,bha-tools,.xls,15,s0015,worksheet,f000065,regular,worksheet-formula,1,single-cell,1,P17,IF,,0,bha.geometry,local-context,in|kg|m
8b22cd9c8f783873,bha-tools,.xls,15,s0015,worksheet,f000066,regular,worksheet-formula,1,single-cell,1,P16,IF,,0,bha.geometry,local-context,in|kg|m
8b22cd9c8f783873,bha-tools,.xls,15,s0015,worksheet,f000067,regular,worksheet-formula,2,filled-row,1,L16:N16,IF,,0,bha.geometry|torque-drag.connection-capacity,local-context,kg|m
8b22cd9c8f783873,bha-tools,.xls,16,s0016,worksheet,f000068,regular,worksheet-formula,2,filled-column,1,M56:M58,,,0,bha.geometry,local-context,
8b22cd9c8f783873,bha-tools,.xls,16,s0016,worksheet,f000069,regular,worksheet-formula,1,single-cell,1,E57,,,0,bha.geometry,local-context,specific-gravity
8b22cd9c8f783873,bha-tools,.xls,16,s0016,worksheet,f000070,regular,worksheet-formula,2,filled-column,1,M55:M57,SUM,,0,bha.geometry,local-context,
8b22cd9c8f783873,bha-tools,.xls,16,s0016,worksheet,f000071,regular,worksheet-formula,1,single-cell,1,P17,IF,,0,bha.geometry,local-context,in|kg|m
8b22cd9c8f783873,bha-tools,.xls,16,s0016,worksheet,f000072,regular,worksheet-formula,1,single-cell,1,P16,IF,,0,bha.geometry,local-context,in|kg|m
8b22cd9c8f783873,bha-tools,.xls,16,s0016,worksheet,f000073,regular,worksheet-formula,2,filled-row,1,L16:N16,IF,,0,bha.geometry|torque-drag.connection-capacity,local-context,kg|m
8b22cd9c8f783873,bha-tools,.xls,17,s0017,worksheet,f000074,regular,worksheet-formula,4,filled-column,1,M36:M60,,,0,bha.geometry,local-context,
8b22cd9c8f783873,bha-tools,.xls,17,s0017,worksheet,f000075,regular,worksheet-formula,1,single-cell,1,E59,,,0,bha.geometry,local-context,specific-gravity
8b22cd9c8f783873,bha-tools,.xls,17,s0017,worksheet,f000076,regular,worksheet-formula,2,filled-column,1,M57:M59,SUM,,0,bha.geometry,local-context,
8b22cd9c8f783873,bha-tools,.xls,17,s0017,worksheet,f000077,regular,worksheet-formula,1,single-cell,1,P17,IF,,0,bha.geometry,local-context,in|kg|m
8b22cd9c8f783873,bha-tools,.xls,17,s0017,worksheet,f000078,regular,worksheet-formula,1,single-cell,1,P16,IF,,0,bha.geometry,local-context,in|kg|m
8b22cd9c8f783873,bha-tools,.xls,17,s0017,worksheet,f000079,regular,worksheet-formula,2,filled-row,1,L16:N16,IF,,0,bha.geometry|torque-drag.connection-capacity,local-context,kg|m
8b22cd9c8f783873,bha-tools,.xls,17,s0017,worksheet,f000080,regular,worksheet-formula,4,multi-area,2,L38|N36:N38,IF,,0,bha.geometry,local-context,
8b22cd9c8f783873,bha-tools,.xls,18,s0018,worksheet,f000081,regular,worksheet-formula,2,filled-column,1,M58:M60,,,0,bha.geometry,local-context,
8b22cd9c8f783873,bha-tools,.xls,18,s0018,worksheet,f000082,regular,worksheet-formula,1,single-cell,1,E59,,,0,bha.geometry,local-context,specific-gravity
8b22cd9c8f783873,bha-tools,.xls,18,s0018,worksheet,f000083,regular,worksheet-formula,2,filled-column,1,M57:M59,SUM,,0,bha.geometry,local-context,
8b22cd9c8f783873,bha-tools,.xls,18,s0018,worksheet,f000084,regular,worksheet-formula,1,single-cell,1,P17,IF,,0,bha.geometry,local-context,in|kg|m
8b22cd9c8f783873,bha-tools,.xls,18,s0018,worksheet,f000085,regular,worksheet-formula,1,single-cell,1,P16,IF,,0,bha.geometry,local-context,in|kg|m
8b22cd9c8f783873,bha-tools,.xls,18,s0018,worksheet,f000086,regular,worksheet-formula,2,filled-row,1,L16:N16,IF,,0,bha.geometry|torque-drag.connection-capacity,local-context,kg|m
8b22cd9c8f783873,bha-tools,.xls,18,s0018,worksheet,f000087,regular,worksheet-formula,2,filled-row,1,L38:N38,IF,,0,bha.geometry,local-context,
8b22cd9c8f783873,bha-tools,.xls,19,s0019,worksheet,f000088,regular,worksheet-formula,2,filled-column,1,M58:M60,,,0,bha.geometry,local-context,
8b22cd9c8f783873,bha-tools,.xls,19,s0019,worksheet,f000089,regular,worksheet-formula,1,single-cell,1,E59,,,0,bha.geometry,local-context,specific-gravity
8b22cd9c8f783873,bha-tools,.xls,19,s0019,worksheet,f000090,regular,worksheet-formula,2,filled-column,1,M57:M59,SUM,,0,bha.geometry,local-context,
8b22cd9c8f783873,bha-tools,.xls,19,s0019,worksheet,f000091,regular,worksheet-formula,1,single-cell,1,P17,IF,,0,bha.geometry,local-context,in|kg|m
8b22cd9c8f783873,bha-tools,.xls,19,s0019,worksheet,f000092,regular,worksheet-formula,1,single-cell,1,P16,IF,,0,bha.geometry,local-context,in|kg|m
8b22cd9c8f783873,bha-tools,.xls,19,s0019,worksheet,f000093,regular,worksheet-formula,2,filled-row,1,L16:N16,IF,,0,bha.geometry|torque-drag.connection-capacity,local-context,kg|m
8b22cd9c8f783873,bha-tools,.xls,19,s0019,worksheet,f000094,regular,worksheet-formula,2,filled-row,1,L38:N38,IF,,0,bha.geometry,local-context,
8b22cd9c8f783873,bha-tools,.xls,20,s0020,worksheet,f000095,regular,worksheet-formula,7,filled-column,1,M35:M47,,,0,bha.geometry,local-context,
8b22cd9c8f783873,bha-tools,.xls,20,s0020,worksheet,f000096,regular,worksheet-formula,1,single-cell,1,E46,,,0,bha.geometry,local-context,specific-gravity
8b22cd9c8f783873,bha-tools,.xls,20,s0020,worksheet,f000097,regular,worksheet-formula,2,filled-column,1,M44:M46,SUM,,0,bha.geometry,local-context,
8b22cd9c8f783873,bha-tools,.xls,20,s0020,worksheet,f000098,regular,worksheet-formula,1,single-cell,1,P16,IF,,0,bha.geometry,local-context,in|kg|m
8b22cd9c8f783873,bha-tools,.xls,20,s0020,worksheet,f000099,regular,worksheet-formula,3,filled-column,1,C17:C25,SUM,,0,bha.geometry,local-context,in
8b22cd9c8f783873,bha-tools,.xls,20,s0020,worksheet,f000100,regular,worksheet-formula,2,filled-row,1,L16:N16,IF,,0,bha.geometry|torque-drag.connection-capacity,local-context,kg|m
8b22cd9c8f783873,bha-tools,.xls,21,s0021,worksheet,f000101,regular,worksheet-formula,3,filled-column,1,M18:M51,,,0,bha.geometry,local-context,kg
8b22cd9c8f783873,bha-tools,.xls,21,s0021,worksheet,f000102,regular,worksheet-formula,1,single-cell,1,E50,,,0,bha.geometry,local-context,specific-gravity
8b22cd9c8f783873,bha-tools,.xls,21,s0021,worksheet,f000103,regular,worksheet-formula,2,filled-column,1,M48:M50,SUM,,0,bha.geometry,local-context,
8b22cd9c8f783873,bha-tools,.xls,21,s0021,worksheet,f000104,regular,worksheet-formula,1,single-cell,1,P16,IF,,0,bha.geometry,local-context,in|kg|m
8b22cd9c8f783873,bha-tools,.xls,21,s0021,worksheet,f000105,regular,worksheet-formula,2,filled-column,1,C17:C18,SUM,,0,bha.geometry,local-context,in
8b22cd9c8f783873,bha-tools,.xls,21,s0021,worksheet,f000106,regular,worksheet-formula,2,filled-column,1,P19:P38,IF,,0,bha.geometry,local-context,m
8b22cd9c8f783873,bha-tools,.xls,21,s0021,worksheet,f000107,regular,worksheet-formula,2,filled-row,1,L16:N16,IF,,0,bha.geometry|torque-drag.connection-capacity,local-context,kg|m
8b22cd9c8f783873,bha-tools,.xls,21,s0021,worksheet,f000108,regular,worksheet-formula,4,rectangular-table,1,L19:N38,IF,,0,bha.geometry,local-context,kg
8b22cd9c8f783873,bha-tools,.xls,22,s0022,worksheet,f000109,regular,worksheet-formula,2,filled-column,1,M49:M51,,,0,bha.geometry,local-context,
8b22cd9c8f783873,bha-tools,.xls,22,s0022,worksheet,f000110,regular,worksheet-formula,1,single-cell,1,E50,,,0,bha.geometry,local-context,specific-gravity
8b22cd9c8f783873,bha-tools,.xls,22,s0022,worksheet,f000111,regular,worksheet-formula,2,filled-column,1,M48:M50,SUM,,0,bha.geometry,local-context,
8b22cd9c8f783873,bha-tools,.xls,22,s0022,worksheet,f000112,regular,worksheet-formula,1,single-cell,1,P16,IF,,0,bha.geometry,local-context,in|kg|m
8b22cd9c8f783873,bha-tools,.xls,22,s0022,worksheet,f000113,regular,worksheet-formula,2,filled-row,1,L16:N16,IF,,0,bha.geometry|torque-drag.connection-capacity,local-context,kg|m
8b22cd9c8f783873,bha-tools,.xls,9,s0009,worksheet,f000114,regular,worksheet-formula,7,filled-column,1,M16:M45,,,0,bha.geometry,local-context,kg|m
8b22cd9c8f783873,bha-tools,.xls,9,s0009,worksheet,f000115,regular,worksheet-formula,1,single-cell,1,E46,,,0,bha.geometry,local-context,specific-gravity
8b22cd9c8f783873,bha-tools,.xls,9,s0009,worksheet,f000116,regular,worksheet-formula,1,single-cell,1,M44,SUM,,0,bha.geometry,local-context,
8b22cd9c8f783873,bha-tools,.xls,9,s0009,worksheet,f000117,regular,worksheet-formula,1,single-cell,1,P16,IF,,0,bha.geometry,local-context,in|kg|m
8b22cd9c8f783873,bha-tools,.xls,9,s0009,worksheet,f000118,regular,worksheet-formula,1,single-cell,1,C25,SUM,,0,bha.geometry,local-context,
8b22cd9c8f783873,bha-tools,.xls,9,s0009,worksheet,f000119,regular,worksheet-formula,2,filled-column,1,P25:P28,IF,,0,bha.geometry,local-context,
8b22cd9c8f783873,bha-tools,.xls,9,s0009,worksheet,f000120,regular,worksheet-formula,2,filled-row,1,L16:N16,IF,,0,bha.geometry|torque-drag.connection-capacity,local-context,kg|m
8b22cd9c8f783873,bha-tools,.xls,10,s0010,worksheet,f000121,regular,worksheet-formula,2,filled-column,1,M45:M47,,,0,bha.geometry,local-context,
8b22cd9c8f783873,bha-tools,.xls,10,s0010,worksheet,f000122,regular,worksheet-formula,1,single-cell,1,E46,,,0,bha.geometry,local-context,specific-gravity
8b22cd9c8f783873,bha-tools,.xls,10,s0010,worksheet,f000123,regular,worksheet-formula,2,filled-column,1,M44:M46,SUM,,0,bha.geometry,local-context,
8b22cd9c8f783873,bha-tools,.xls,10,s0010,worksheet,f000124,regular,worksheet-formula,1,single-cell,1,P16,IF,,0,bha.geometry,local-context,in|kg|m
8b22cd9c8f783873,bha-tools,.xls,10,s0010,worksheet,f000125,regular,worksheet-formula,1,single-cell,1,C20,SUM,,0,bha.geometry,local-context,
8b22cd9c8f783873,bha-tools,.xls,10,s0010,worksheet,f000126,regular,worksheet-formula,2,filled-row,1,L16:N16,IF,,0,bha.geometry|torque-drag.connection-capacity,local-context,kg|m
8b22cd9c8f783873,bha-tools,.xls,11,s0011,worksheet,f000127,regular,worksheet-formula,4,filled-column,1,M16:M58,,,0,bha.geometry,local-context,kg|m
8b22cd9c8f783873,bha-tools,.xls,11,s0011,worksheet,f000128,regular,worksheet-formula,1,single-cell,1,E57,,,0,bha.geometry,local-context,specific-gravity
8b22cd9c8f783873,bha-tools,.xls,11,s0011,worksheet,f000129,regular,worksheet-formula,2,filled-column,1,M55:M57,SUM,,0,bha.geometry,local-context,
8b22cd9c8f783873,bha-tools,.xls,11,s0011,worksheet,f000130,regular,worksheet-formula,3,filled-column,1,P17:P50,IF,,0,bha.geometry,local-context,in|kg|m
8b22cd9c8f783873,bha-tools,.xls,11,s0011,worksheet,f000131,regular,worksheet-formula,1,single-cell,1,P16,IF,,0,bha.geometry,local-context,in|kg|m
8b22cd9c8f783873,bha-tools,.xls,11,s0011,worksheet,f000132,regular,worksheet-formula,2,filled-row,1,L16:N16,IF,,0,bha.geometry|torque-drag.connection-capacity,local-context,kg|m
8b22cd9c8f783873,bha-tools,.xls,11,s0011,worksheet,f000133,regular,worksheet-formula,2,filled-row,1,L50:N50,IF,,0,bha.geometry,local-context,
8b22cd9c8f783873,bha-tools,.xls,1,s0001,worksheet,f000134,regular,worksheet-formula,2,filled-column,1,M25:M44,,,0,bha.geometry,local-context,
8b22cd9c8f783873,bha-tools,.xls,1,s0001,worksheet,f000135,regular,worksheet-formula,1,single-cell,1,L40,IF,,0,bha.geometry,local-context,
8b22cd9c8f783873,bha-tools,.xls,1,s0001,worksheet,f000136,regular,worksheet-formula,1,single-cell,1,E45,,,0,bha.geometry,local-context,specific-gravity
8b22cd9c8f783873,bha-tools,.xls,1,s0001,worksheet,f000137,regular,worksheet-formula,1,single-cell,1,M43,SUM,,0,bha.geometry,local-context,
8b22cd9c8f783873,bha-tools,.xls,1,s0001,worksheet,f000138,regular,worksheet-formula,1,single-cell,1,P16,IF,,0,bha.geometry,local-context,in|kg|m
8b22cd9c8f783873,bha-tools,.xls,1,s0001,worksheet,f000139,regular,worksheet-formula,1,single-cell,1,C29,SUM,,0,bha.geometry,local-context,
8b22cd9c8f783873,bha-tools,.xls,1,s0001,worksheet,f000140,regular,worksheet-formula,2,filled-column,1,P25:P38,IF,,0,bha.geometry,local-context,
8b22cd9c8f783873,bha-tools,.xls,1,s0001,worksheet,f000141,regular,worksheet-formula,4,rectangular-table,1,L37:N39,IF,,0,bha.geometry,local-context,
8b22cd9c8f783873,bha-tools,.xls,1,s0001,worksheet,f000142,regular,worksheet-formula,1,single-cell,1,M40,IF,,0,bha.geometry,local-context,
8b22cd9c8f783873,bha-tools,.xls,1,s0001,worksheet,f000143,regular,worksheet-formula,2,filled-row,1,L16:N16,IF,,0,bha.geometry|torque-drag.connection-capacity,local-context,kg|m
8b22cd9c8f783873,bha-tools,.xls,1,s0001,worksheet,f000144,regular,worksheet-formula,3,filled-column,1,P37:P40,IF,,0,bha.geometry,local-context,
8b22cd9c8f783873,bha-tools,.xls,1,s0001,worksheet,f000145,regular,worksheet-formula,6,multi-area,5,L25|L38|N25|N35:N36|N38,IF,,0,bha.geometry,local-context,
8b22cd9c8f783873,bha-tools,.xls,2,s0002,worksheet,f000146,regular,worksheet-formula,1,single-cell,1,M44,,,0,bha.geometry,local-context,
8b22cd9c8f783873,bha-tools,.xls,2,s0002,worksheet,f000147,regular,worksheet-formula,1,single-cell,1,L40,IF,,0,bha.geometry,local-context,
8b22cd9c8f783873,bha-tools,.xls,2,s0002,worksheet,f000148,regular,worksheet-formula,1,single-cell,1,E45,,,0,bha.geometry,local-context,specific-gravity
8b22cd9c8f783873,bha-tools,.xls,2,s0002,worksheet,f000149,regular,worksheet-formula,1,single-cell,1,M43,SUM,,0,bha.geometry,local-context,
8b22cd9c8f783873,bha-tools,.xls,2,s0002,worksheet,f000150,regular,worksheet-formula,1,single-cell,1,P16,IF,,0,bha.geometry,local-context,in|kg|m
8b22cd9c8f783873,bha-tools,.xls,2,s0002,worksheet,f000151,regular,worksheet-formula,1,single-cell,1,C29,SUM,,0,bha.geometry,local-context,
8b22cd9c8f783873,bha-tools,.xls,2,s0002,worksheet,f000152,regular,worksheet-formula,3,filled-column,1,P31:P38,IF,,0,bha.geometry,local-context,
8b22cd9c8f783873,bha-tools,.xls,2,s0002,worksheet,f000153,regular,worksheet-formula,4,rectangular-table,1,L37:N39,IF,,0,bha.geometry,local-context,
8b22cd9c8f783873,bha-tools,.xls,2,s0002,worksheet,f000154,regular,worksheet-formula,1,single-cell,1,M40,IF,,0,bha.geometry,local-context,
8b22cd9c8f783873,bha-tools,.xls,2,s0002,worksheet,f000155,regular,worksheet-formula,2,filled-row,1,L16:N16,IF,,0,bha.geometry|torque-drag.connection-capacity,local-context,kg|m
8b22cd9c8f783873,bha-tools,.xls,2,s0002,worksheet,f000156,regular,worksheet-formula,3,filled-column,1,P37:P40,IF,,0,bha.geometry,local-context,
8b22cd9c8f783873,bha-tools,.xls,2,s0002,worksheet,f000157,regular,worksheet-formula,4,rectangular-table,1,L31:N32,IF,,0,bha.geometry,local-context,
8c2e041f05eb97d0,general-drilling,.xls,10,s0010,worksheet,f000001,regular,worksheet-formula,1,single-cell,1,L7,SUM,,0,general-drilling.unresolved,catalog-category,
8c2e041f05eb97d0,general-drilling,.xls,10,s0010,worksheet,f000002,regular,worksheet-formula,1,single-cell,1,M7,SUM,,0,general-drilling.unresolved,catalog-category,
8c2e041f05eb97d0,general-drilling,.xls,10,s0010,worksheet,f000003,regular,worksheet-formula,2,filled-column,1,L25:L28,SUM,,0,general-drilling.unresolved,catalog-category,
8c2e041f05eb97d0,general-drilling,.xls,10,s0010,worksheet,f000004,regular,worksheet-formula,1,single-cell,1,L13,UDF,,0,general-drilling.unresolved,catalog-category,
8c2e041f05eb97d0,general-drilling,.xls,10,s0010,worksheet,f000005,regular,worksheet-formula,1,single-cell,1,F28,,,0,general-drilling.unresolved,catalog-category,bbl|degF
8c2e041f05eb97d0,general-drilling,.xls,10,s0010,worksheet,f000006,regular,worksheet-formula,1,single-cell,1,L22,UDF,,0,general-drilling.unresolved,catalog-category,
8c2e041f05eb97d0,general-drilling,.xls,10,s0010,worksheet,f000007,regular,worksheet-formula,2,filled-column,1,L16:L19,UDF,,0,general-drilling.unresolved,catalog-category,psi
8c2e041f05eb97d0,general-drilling,.xls,10,s0010,worksheet,f000008,regular,worksheet-formula,1,single-cell,1,L10,SUM,,0,general-drilling.unresolved,catalog-category,psi
8c2e041f05eb97d0,general-drilling,.xls,10,s0010,worksheet,f000009,regular,worksheet-formula,1,single-cell,1,L4,SUM,,0,general-drilling.unresolved,catalog-category,
8c2e041f05eb97d0,general-drilling,.xls,10,s0010,worksheet,f000010,regular,worksheet-formula,3,multi-area,2,E20:E21|H18,SUM,,0,hydraulics.hydrostatic-pressure,local-context,ft|psi|psi/ft
8c2e041f05eb97d0,general-drilling,.xls,9,s0009,worksheet,f000011,regular,worksheet-formula,1,single-cell,1,K10,UDF,,0,hydraulics.fluid-properties,local-context,g/cm^3|psi|psi/ft
8c2e041f05eb97d0,general-drilling,.xls,9,s0009,worksheet,f000012,regular,worksheet-formula,1,single-cell,1,K8,UDF,,0,general-drilling.unresolved,catalog-category,g/cm^3|psi
8c2e041f05eb97d0,general-drilling,.xls,9,s0009,worksheet,f000013,regular,worksheet-formula,1,single-cell,1,K12,UDF,,0,hydraulics.hydrostatic-pressure,local-context,g/cm^3|psi/ft|rad
8c2e041f05eb97d0,general-drilling,.xls,9,s0009,worksheet,f000014,regular,worksheet-formula,1,single-cell,1,K14,UDF,,0,general-drilling.unresolved,catalog-category,cP|psi/ft
8c2e041f05eb97d0,general-drilling,.xls,9,s0009,worksheet,f000015,regular,worksheet-formula,1,single-cell,1,K16,UDF,,0,general-drilling.unresolved,catalog-category,cP|psi
8c2e041f05eb97d0,general-drilling,.xls,9,s0009,worksheet,f000016,regular,worksheet-formula,1,single-cell,1,K20,UDF,,0,hydraulics.fluid-properties,local-context,ppg|psi
8c2e041f05eb97d0,general-drilling,.xls,9,s0009,worksheet,f000017,regular,worksheet-formula,1,single-cell,1,K18,UDF,,0,general-drilling.unresolved,catalog-category,cP|ppg|psi
8c2e041f05eb97d0,general-drilling,.xls,19,s0019,worksheet,f000018,regular,worksheet-formula,1,single-cell,1,G16,IF|SQRT,,0,general-drilling.unresolved,catalog-category,
8c2e041f05eb97d0,general-drilling,.xls,19,s0019,worksheet,f000019,regular,worksheet-formula,1,single-cell,1,I13,UDF,,0,general-drilling.unresolved,catalog-category,lbm/gal
8c2e041f05eb97d0,general-drilling,.xls,18,s0018,worksheet,f000020,regular,worksheet-formula,1,single-cell,1,G18,,,0,hydraulics.equivalent-circulating-density|hydraulics.fluid-properties,local-context,lbm/gal
8c2e041f05eb97d0,general-drilling,.xls,7,s0007,worksheet,f000021,regular,worksheet-formula,4,filled-column,1,J8:J17,,,0,general-drilling.unresolved,catalog-category,bbl/min
8c2e041f05eb97d0,general-drilling,.xls,7,s0007,worksheet,f000022,regular,worksheet-formula,1,single-cell,1,H25,,,0,general-drilling.unresolved,catalog-category,
8c2e041f05eb97d0,general-drilling,.xls,7,s0007,worksheet,f000023,regular,worksheet-formula,2,filled-column,1,H21:H23,,,0,general-drilling.unresolved,catalog-category,
8c2e041f05eb97d0,general-drilling,.xls,5,s0005,worksheet,f000024,regular,worksheet-formula,1,single-cell,1,F29,IF,,0,general-drilling.unresolved,catalog-category,
8c2e041f05eb97d0,general-drilling,.xls,5,s0005,worksheet,f000025,regular,worksheet-formula,1,single-cell,1,H27,IF,,0,general-drilling.unresolved,catalog-category,ft
8c2e041f05eb97d0,general-drilling,.xls,5,s0005,worksheet,f000026,regular,worksheet-formula,2,filled-column,1,F25:F26,IF,,0,general-drilling.unresolved,catalog-category,ft|rad
8c2e041f05eb97d0,general-drilling,.xls,5,s0005,worksheet,f000027,regular,worksheet-formula,1,single-cell,1,F28,IF,,0,general-drilling.unresolved,catalog-category,rad
8c2e041f05eb97d0,general-drilling,.xls,5,s0005,worksheet,f000028,regular,worksheet-formula,6,multi-area,6,E23|F23|H20|I27|K11|K14,IF,,0,general-drilling.unresolved,catalog-category,bbl|ft
8c2e041f05eb97d0,general-drilling,.xls,5,s0005,worksheet,f000029,regular,worksheet-formula,1,single-cell,1,J8,,,0,general-drilling.unresolved,catalog-category,
8c2e041f05eb97d0,general-drilling,.xls,5,s0005,worksheet,f000030,regular,worksheet-formula,2,filled-row,1,E24:F24,SUM,,0,general-drilling.unresolved,catalog-category,ft|rad
8c2e041f05eb97d0,general-drilling,.xls,5,s0005,worksheet,f000031,regular,worksheet-formula,2,multi-area,2,E26|J14,SUM,,0,general-drilling.unresolved,catalog-category,rad
8c2e041f05eb97d0,general-drilling,.xls,5,s0005,worksheet,f000032,regular,worksheet-formula,2,multi-area,2,E25|J11,SUM,,0,general-drilling.unresolved,catalog-category,rad
8c2e041f05eb97d0,general-drilling,.xls,5,s0005,worksheet,f000033,regular,worksheet-formula,1,single-cell,1,J20,IF,,0,general-drilling.unresolved,catalog-category,bbl
8c2e041f05eb97d0,general-drilling,.xls,5,s0005,worksheet,f000034,regular,worksheet-formula,2,multi-area,2,F27|G20,PI,,0,general-drilling.unresolved,catalog-category,bbl|rad
8c2e041f05eb97d0,general-drilling,.xls,17,s0017,worksheet,f000035,regular,worksheet-formula,1,single-cell,1,H15,,,0,hydraulics.bit-nozzle,local-context,hp
8c2e041f05eb97d0,general-drilling,.xls,23,s0023,worksheet,f000036,regular,worksheet-formula,2,filled-column,1,I17:I26,,,0,general-drilling.unresolved,catalog-category,cP
8c2e041f05eb97d0,general-drilling,.xls,23,s0023,worksheet,f000037,regular,worksheet-formula,3,filled-column,1,I11:I20,,,0,general-drilling.unresolved,catalog-category,ft|psi
8c2e041f05eb97d0,general-drilling,.xls,23,s0023,worksheet,f000038,regular,worksheet-formula,1,single-cell,1,I23,,,0,general-drilling.unresolved,catalog-category,
8c2e041f05eb97d0,general-drilling,.xls,23,s0023,worksheet,f000039,regular,worksheet-formula,1,single-cell,1,G33,LN,,0,general-drilling.unresolved,catalog-category,
8c2e041f05eb97d0,general-drilling,.xls,23,s0023,worksheet,f000040,regular,worksheet-formula,1,single-cell,1,I29,,,0,general-drilling.unresolved,catalog-category,
8c2e041f05eb97d0,general-drilling,.xls,15,s0015,worksheet,f000041,unparsed,worksheet-formula,1,single-cell,1,C73,UDF,CELL,0,general-drilling.unresolved,catalog-category,bbl
8c2e041f05eb97d0,general-drilling,.xls,15,s0015,worksheet,f000042,unparsed,worksheet-formula,1,single-cell,1,H48,UDF,CELL,0,general-drilling.unresolved,catalog-category,bbl
8c2e041f05eb97d0,general-drilling,.xls,15,s0015,worksheet,f000043,unparsed,worksheet-formula,1,single-cell,1,I21,UDF,CELL,0,general-drilling.unresolved,catalog-category,bbl
8c2e041f05eb97d0,general-drilling,.xls,15,s0015,worksheet,f000044,regular,worksheet-formula,5,multi-area,4,F68|H68|I12:I13|J68,,,0,general-drilling.unresolved,catalog-category,bbl
8c2e041f05eb97d0,general-drilling,.xls,15,s0015,worksheet,f000045,regular,worksheet-formula,1,single-cell,1,B73,PI,,0,general-drilling.unresolved,catalog-category,bbl
8c2e041f05eb97d0,general-drilling,.xls,15,s0015,worksheet,f000046,regular,worksheet-formula,1,single-cell,1,I68,,,0,general-drilling.unresolved,catalog-category,bbl
8c2e041f05eb97d0,general-drilling,.xls,15,s0015,worksheet,f000047,unparsed,worksheet-formula,1,single-cell,1,H50,UDF,CELL,0,general-drilling.unresolved,catalog-category,bbl
8c2e041f05eb97d0,general-drilling,.xls,15,s0015,worksheet,f000048,unparsed,worksheet-formula,1,single-cell,1,I20,UDF,CELL,0,general-drilling.unresolved,catalog-category,bbl|ft
8c2e041f05eb97d0,general-drilling,.xls,15,s0015,worksheet,f000049,unparsed,worksheet-formula,1,single-cell,1,H52,UDF,CELL,0,general-drilling.unresolved,catalog-category,bbl
8c2e041f05eb97d0,general-drilling,.xls,15,s0015,worksheet,f000050,regular,worksheet-formula,1,single-cell,1,I11,,,0,general-drilling.unresolved,catalog-category,bbl|ft
8c2e041f05eb97d0,general-drilling,.xls,15,s0015,worksheet,f000051,unparsed,worksheet-formula,1,single-cell,1,H54,UDF,CELL,0,general-drilling.unresolved,catalog-category,bbl
8c2e041f05eb97d0,general-drilling,.xls,15,s0015,worksheet,f000052,unparsed,worksheet-formula,1,single-cell,1,I28,UDF,CELL,0,general-drilling.unresolved,catalog-category,bbl|ft
8c2e041f05eb97d0,general-drilling,.xls,15,s0015,worksheet,f000053,regular,worksheet-formula,1,single-cell,1,E68,SUM,,0,general-drilling.unresolved,catalog-category,
8c2e041f05eb97d0,general-drilling,.xls,15,s0015,worksheet,f000054,unparsed,worksheet-formula,1,single-cell,1,H56,UDF,CELL,0,general-drilling.unresolved,catalog-category,bbl
8c2e041f05eb97d0,general-drilling,.xls,15,s0015,worksheet,f000055,unparsed,worksheet-formula,1,single-cell,1,H46,UDF,CELL,0,general-drilling.unresolved,catalog-category,bbl
8c2e041f05eb97d0,general-drilling,.xls,15,s0015,worksheet,f000056,regular,worksheet-formula,16,multi-area,10,B68|C68|D68|G68|H11:H13|H20:H21|H28|J11:J13|J20:J21|J28,PI,,0,general-drilling.unresolved,catalog-category,bbl|ft|in
8c2e041f05eb97d0,general-drilling,.xls,11,s0011,worksheet,f000057,regular,worksheet-formula,1,single-cell,1,G14,UDF,,0,hydraulics.fluid-properties,local-context,g/cm^3|psi
8c2e041f05eb97d0,general-drilling,.xls,16,s0016,worksheet,f000058,regular,worksheet-formula,2,filled-column,1,H51:H53,,,0,general-drilling.unresolved,catalog-category,
8c2e041f05eb97d0,general-drilling,.xls,16,s0016,worksheet,f000059,regular,worksheet-formula,1,single-cell,1,H41,SUM,,0,general-drilling.unresolved,catalog-category,
8c2e041f05eb97d0,general-drilling,.xls,16,s0016,worksheet,f000060,regular,worksheet-formula,1,single-cell,1,H45,,,0,general-drilling.unresolved,catalog-category,
8c2e041f05eb97d0,general-drilling,.xls,16,s0016,worksheet,f000061,regular,worksheet-formula,6,filled-column,1,J17:J32,SUM,,0,general-drilling.unresolved,catalog-category,
8c2e041f05eb97d0,general-drilling,.xls,16,s0016,worksheet,f000062,regular,worksheet-formula,1,single-cell,1,H43,,,0,general-drilling.unresolved,catalog-category,
8c2e041f05eb97d0,general-drilling,.xls,16,s0016,worksheet,f000063,regular,worksheet-formula,1,single-cell,1,J8,SUM,,0,general-drilling.unresolved,catalog-category,
8c2e041f05eb97d0,general-drilling,.xls,16,s0016,worksheet,f000064,regular,worksheet-formula,1,single-cell,1,J35,INDEX,,0,general-drilling.unresolved,catalog-category,
8c2e041f05eb97d0,general-drilling,.xls,16,s0016,worksheet,f000065,regular,worksheet-formula,1,single-cell,1,J11,SUM,,0,general-drilling.unresolved,catalog-category,
8c2e041f05eb97d0,general-drilling,.xls,16,s0016,worksheet,f000066,regular,worksheet-formula,1,single-cell,1,J14,SUM,,0,general-drilling.unresolved,catalog-category,psi
8c2e041f05eb97d0,general-drilling,.xls,16,s0016,worksheet,f000067,regular,worksheet-formula,1,single-cell,1,H49,,,0,general-drilling.unresolved,catalog-category,
8c2e041f05eb97d0,general-drilling,.xls,20,s0020,worksheet,f000068,unparsed,worksheet-formula,1,single-cell,1,H31,UDF,CELL,0,general-drilling.unresolved,catalog-category,
8c2e041f05eb97d0,general-drilling,.xls,20,s0020,worksheet,f000069,regular,worksheet-formula,1,single-cell,1,H33,,,0,general-drilling.unresolved,catalog-category,
8c2e041f05eb97d0,general-drilling,.xls,20,s0020,worksheet,f000070,regular,worksheet-formula,2,filled-column,1,I11:I20,,,0,general-drilling.unresolved,catalog-category,
8c2e041f05eb97d0,general-drilling,.xls,20,s0020,worksheet,f000071,regular,worksheet-formula,2,filled-column,1,I23:I26,,,0,general-drilling.unresolved,catalog-category,
8c2e041f05eb97d0,general-drilling,.xls,20,s0020,worksheet,f000072,regular,worksheet-formula,1,single-cell,1,L3,LOG,,0,general-drilling.unresolved,catalog-category,
8c2e041f05eb97d0,general-drilling,.xls,21,s0021,worksheet,f000073,regular,worksheet-formula,1,single-cell,1,H8,,,0,general-drilling.unresolved,catalog-category,
8c2e041f05eb97d0,general-drilling,.xls,21,s0021,worksheet,f000074,regular,worksheet-formula,1,single-cell,1,G14,,,0,general-drilling.unresolved,catalog-category,
8c2e041f05eb97d0,general-drilling,.xls,8,s0008,worksheet,f000075,regular,worksheet-formula,3,filled-column,1,J8:J17,,,0,hydraulics.bit-nozzle|hydraulics.pressure-loss,local-context,bbl/min|ppg|psi
8c2e041f05eb97d0,general-drilling,.xls,8,s0008,worksheet,f000076,regular,worksheet-formula,1,single-cell,1,G19,,,0,hydraulics.bit-nozzle|hydraulics.pressure-loss,local-context,psi
8c2e041f05eb97d0,general-drilling,.xls,8,s0008,worksheet,f000077,regular,worksheet-formula,1,single-cell,1,J14,,,0,hydraulics.bit-nozzle|hydraulics.pressure-loss,local-context,
8c2e041f05eb97d0,general-drilling,.xls,6,s0006,worksheet,f000078,regular,worksheet-formula,3,multi-area,3,E20|E22|M26,,,0,casing.capacity,local-context,bbl
8c2e041f05eb97d0,general-drilling,.xls,6,s0006,worksheet,f000079,regular,worksheet-formula,6,multi-area,4,E32:E34|J8|J10|J12,,,0,general-drilling.unresolved,catalog-category,
8c2e041f05eb97d0,general-drilling,.xls,6,s0006,worksheet,f000080,regular,worksheet-formula,4,multi-area,3,E35:E36|J14|J16,,,0,general-drilling.unresolved,catalog-category,ft
8c2e041f05eb97d0,general-drilling,.xls,6,s0006,worksheet,f000081,regular,worksheet-formula,1,single-cell,1,M22,,,0,general-drilling.unresolved,catalog-category,bbl
8c2e041f05eb97d0,general-drilling,.xls,6,s0006,worksheet,f000082,regular,worksheet-formula,3,multi-area,3,E24|M20|M24,,,0,general-drilling.unresolved,catalog-category,bbl
8c2e041f05eb97d0,general-drilling,.xls,22,s0022,worksheet,f000083,regular,worksheet-formula,1,single-cell,1,G16,POWER,,0,general-drilling.unresolved,catalog-category,psi
8c2e041f05eb97d0,general-drilling,.xls,22,s0022,worksheet,f000084,regular,worksheet-formula,1,single-cell,1,H11,,,0,general-drilling.unresolved,catalog-category,
8c2e041f05eb97d0,general-drilling,.xls,22,s0022,worksheet,f000085,regular,worksheet-formula,1,single-cell,1,K2,,,0,general-drilling.unresolved,catalog-category,
919d5d19a825b186,hydraulics,.xls,1,s0001,worksheet,f000001,regular,worksheet-formula,2,filled-row,1,C20:D20,,,0,hydraulics.annular-velocity|hydraulics.reynolds-number,local-context,in
919d5d19a825b186,hydraulics,.xls,1,s0001,worksheet,f000002,regular,worksheet-formula,2,filled-row,1,C17:D17,OFFSET,OFFSET,0,bha.motor-performance|hydraulics.annular-velocity,local-context,in
919d5d19a825b186,hydraulics,.xls,1,s0001,worksheet,f000003,regular,worksheet-formula,2,filled-row,1,C13:D13,OFFSET,OFFSET,0,bha.motor-performance,local-context,in
919d5d19a825b186,hydraulics,.xls,1,s0001,worksheet,f000004,regular,worksheet-formula,2,filled-row,1,C23:D23,,,0,hydraulics.unresolved,catalog-category,
919d5d19a825b186,hydraulics,.xls,1,s0001,worksheet,f000005,regular,worksheet-formula,2,filled-row,1,C19:D19,OFFSET|PI|SQRT,OFFSET,0,hydraulics.annular-velocity|hydraulics.reynolds-number,local-context,in
919d5d19a825b186,hydraulics,.xls,1,s0001,worksheet,f000006,regular,worksheet-formula,2,filled-row,1,C26:D26,,,0,bha.motor-performance|hydraulics.pressure-loss,local-context,psi
919d5d19a825b186,hydraulics,.xls,1,s0001,worksheet,f000007,regular,worksheet-formula,2,filled-row,1,C18:D18,OFFSET,OFFSET,0,bha.motor-performance|hydraulics.annular-velocity|hydraulics.reynolds-number,local-context,in
919d5d19a825b186,hydraulics,.xls,1,s0001,worksheet,f000008,regular,worksheet-formula,2,filled-row,1,C14:D14,OFFSET,OFFSET,0,bha.motor-performance,local-context,in
919d5d19a825b186,hydraulics,.xls,1,s0001,worksheet,f000009,regular,worksheet-formula,2,filled-row,1,C16:D16,OFFSET,OFFSET,0,bha.motor-performance|hydraulics.annular-velocity,local-context,in
919d5d19a825b186,hydraulics,.xls,1,s0001,worksheet,f000010,regular,worksheet-formula,1,single-cell,1,C6,IF|OFFSET,OFFSET,0,hydraulics.unresolved,catalog-category,ft^2|gal/min
919d5d19a825b186,hydraulics,.xls,1,s0001,worksheet,f000011,regular,worksheet-formula,2,filled-row,1,C22:D22,LOG,,0,hydraulics.reynolds-number,local-context,
919d5d19a825b186,hydraulics,.xls,1,s0001,worksheet,f000012,regular,worksheet-formula,2,filled-row,1,C15:D15,OFFSET,OFFSET,0,bha.motor-performance,local-context,in
919d5d19a825b186,hydraulics,.xls,1,s0001,worksheet,f000013,regular,worksheet-formula,2,filled-row,1,C21:D21,LOG,,0,hydraulics.reynolds-number,local-context,in
9900762f1edd4ae6,directional,.xls,9,s0009,worksheet,f000001,regular,worksheet-formula,1,single-cell,1,B11,,,0,directional.coordinates,local-context,
9900762f1edd4ae6,directional,.xls,9,s0009,worksheet,f000002,regular,worksheet-formula,1,single-cell,1,G8,RADIANS|TAN,,0,directional.coordinates,local-context,
9900762f1edd4ae6,directional,.xls,4,s0004,worksheet,f000003,regular,worksheet-formula,1,single-cell,1,V16,ASIN|DEGREES,,0,directional.coordinates,local-context,
9900762f1edd4ae6,directional,.xls,4,s0004,worksheet,f000004,regular,worksheet-formula,32,multi-area,12,C4|D4|E4|F4|F79:F81|F100:F103|M5|M33:M36|M43:M46|M54:M58|M89:M91|M100:M103,,,0,directional.coordinates,local-context,
9900762f1edd4ae6,directional,.xls,4,s0004,worksheet,f000005,regular,worksheet-formula,45,multi-area,12,H12:H16|H33:H36|H43:H46|H54:H58|H89:H91|H100:H103|H123:H124|K43:K46|K54:K58|K89:K91|K100:K103|K123:K124,IF,,0,directional.unresolved,catalog-category,
9900762f1edd4ae6,directional,.xls,4,s0004,worksheet,f000006,regular,worksheet-formula,54,rectangular-table,1,I12:J124,AVERAGE|IF,,0,directional.unresolved,catalog-category,
9900762f1edd4ae6,directional,.xls,4,s0004,worksheet,f000007,regular,worksheet-formula,24,filled-column,1,O5:O103,PI|SIN,,0,directional.coordinates,local-context,
9900762f1edd4ae6,directional,.xls,4,s0004,worksheet,f000008,regular,worksheet-formula,1,single-cell,1,U15,VLOOKUP,,0,directional.coordinates,local-context,
9900762f1edd4ae6,directional,.xls,4,s0004,worksheet,f000009,regular,worksheet-formula,1,single-cell,1,N91,,,0,directional.unresolved,catalog-category,
9900762f1edd4ae6,directional,.xls,4,s0004,worksheet,f000010,regular,worksheet-formula,1,single-cell,1,T15,MAX,,0,directional.coordinates,local-context,
9900762f1edd4ae6,directional,.xls,4,s0004,worksheet,f000011,regular,worksheet-formula,7,filled-column,1,A91:A103,,,0,directional.unresolved,catalog-category,
9900762f1edd4ae6,directional,.xls,4,s0004,worksheet,f000012,regular,worksheet-formula,22,filled-column,1,G33:G124,ATAN|IF|PI,,0,directional.unresolved,catalog-category,
9900762f1edd4ae6,directional,.xls,4,s0004,worksheet,f000013,regular,worksheet-formula,24,filled-column,1,L5:L103,PI|SIN,,0,directional.unresolved,catalog-category,
9900762f1edd4ae6,directional,.xls,4,s0004,worksheet,f000014,regular,worksheet-formula,12,multi-area,5,C5|C12:C16|C33:C35|D5|F123:F124,IF|SUM,,0,directional.unresolved,catalog-category,
9900762f1edd4ae6,directional,.xls,4,s0004,worksheet,f000015,regular,worksheet-formula,1,single-cell,1,V15,VLOOKUP,,0,directional.coordinates,local-context,
9900762f1edd4ae6,directional,.xls,2,s0002,worksheet,f000016,regular,worksheet-formula,1443,rectangular-table,1,B21:D501,,,0,directional.unresolved,catalog-category,deg|ft
9900762f1edd4ae6,directional,.xls,2,s0002,worksheet,f000017,regular,worksheet-formula,1,single-cell,1,S20,ACOS|COS|IF|SIN,,0,directional.unresolved,catalog-category,rad
9900762f1edd4ae6,directional,.xls,2,s0002,worksheet,f000018,regular,worksheet-formula,2,filled-column,1,R10:R11,IF,,0,directional.coordinates,local-context,deg|ft
9900762f1edd4ae6,directional,.xls,2,s0002,worksheet,f000019,regular,worksheet-formula,7,filled-column,1,L106:L112,ATAN2|IF|PI,,0,directional.unresolved,catalog-category,
9900762f1edd4ae6,directional,.xls,2,s0002,worksheet,f000020,regular,worksheet-formula,1,single-cell,1,T111,IF|PI|SIN,,0,directional.unresolved,catalog-category,
9900762f1edd4ae6,directional,.xls,3,s0003,worksheet,f000021,regular,worksheet-formula,2,filled-column,1,H3:H4,IF|INDEX|MATCH|UDF,,0,directional.unresolved,catalog-category,
9900762f1edd4ae6,directional,.xls,3,s0003,worksheet,f000022,regular,worksheet-formula,1,single-cell,1,AR61,,,0,directional.unresolved,catalog-category,
9900762f1edd4ae6,directional,.xls,3,s0003,worksheet,f000023,regular,worksheet-formula,2,filled-row,1,O4:P4,,,0,directional.coordinates,local-context,
9900762f1edd4ae6,directional,.xls,3,s0003,worksheet,f000024,regular,worksheet-formula,2,filled-column,1,J3:J4,ACOS|COS|IF|INDEX|MATCH|PI|RADIANS|SIN|TAN,,0,directional.coordinates,local-context,
9900762f1edd4ae6,directional,.xls,3,s0003,worksheet,f000025,regular,worksheet-formula,1,single-cell,1,AR62,,,0,directional.unresolved,catalog-category,
9900762f1edd4ae6,directional,.xls,3,s0003,worksheet,f000026,regular,worksheet-formula,15,multi-area,11,B6|C4|C6|D3:D6|F3:F4|K4|L4|M4|N4|AJ4|AK4,,,0,directional.coordinates,local-context,
9900762f1edd4ae6,directional,.xls,3,s0003,worksheet,f000027,regular,worksheet-formula,2,filled-row,1,R4:AI4,,,0,directional.coordinates,local-context,
9900762f1edd4ae6,directional,.xls,3,s0003,worksheet,f000028,regular,worksheet-formula,2,filled-column,1,G3:G4,IF|INDEX|MATCH|UDF,,0,directional.unresolved,catalog-category,
9900762f1edd4ae6,directional,.xls,3,s0003,worksheet,f000029,regular,worksheet-formula,2,filled-column,1,I3:I4,IF|INDEX|MATCH,,0,directional.coordinates,local-context,
9900762f1edd4ae6,directional,.xls,3,s0003,worksheet,f000030,regular,worksheet-formula,2,filled-row,1,Q4:AH4,ASIN|DEGREES,,0,directional.coordinates,local-context,
9900762f1edd4ae6,directional,.xls,3,s0003,worksheet,f000031,regular,worksheet-formula,1,single-cell,1,AR59,,,0,directional.unresolved,catalog-category,
9900762f1edd4ae6,directional,.xls,3,s0003,worksheet,f000032,regular,worksheet-formula,2,filled-column,1,C3:C5,,,0,directional.unresolved,catalog-category,
9900762f1edd4ae6,directional,.xls,3,s0003,worksheet,f000033,regular,worksheet-formula,2,filled-row,1,S4:T4,VLOOKUP,,0,directional.unresolved,catalog-category,s
9900762f1edd4ae6,directional,.xls,7,s0007,worksheet,f000034,regular,worksheet-formula,10,filled-column,1,HX24:HX33,,,0,directional.unresolved,catalog-category,percent
9900762f1edd4ae6,directional,.xls,7,s0007,worksheet,f000035,regular,worksheet-formula,12,rectangular-table,1,ID44:IG113,IF,,0,directional.unresolved,catalog-category,
9900762f1edd4ae6,directional,.xls,7,s0007,worksheet,f000036,regular,worksheet-formula,13,multi-area,10,IR56|IR92:IR93|IR114|IS56|IS92:IS93|IT47|IT56|IT92:IT93|IT116|IT137,,,0,directional.unresolved,catalog-category,
9900762f1edd4ae6,directional,.xls,7,s0007,worksheet,f000037,regular,worksheet-formula,9,multi-area,6,S12|U44|U55|U149|U151|U201:U204,IF|OR|PI|SIN,,0,directional.unresolved,catalog-category,
9900762f1edd4ae6,directional,.xls,7,s0007,worksheet,f000038,regular,worksheet-formula,5,filled-column,1,HI35:HI39,,,0,directional.unresolved,catalog-category,
9900762f1edd4ae6,directional,.xls,7,s0007,worksheet,f000039,regular,worksheet-formula,18,multi-area,13,O12|HH35:HH39|IR90:IR91|IR113|IS121|IS149|IS151|IT43|IT114|IT121|IT130|IT145|IT150,,,0,directional.unresolved,catalog-category,
9900762f1edd4ae6,directional,.xls,7,s0007,worksheet,f000040,regular,worksheet-formula,12,filled-column,1,P12:P412,IF,,0,directional.unresolved,catalog-category,
9900762f1edd4ae6,directional,.xls,7,s0007,worksheet,f000041,regular,worksheet-formula,1,single-cell,1,M415,IF|INDEX|MATCH,,0,directional.dogleg-severity,local-context,
9900762f1edd4ae6,directional,.xls,7,s0007,worksheet,f000042,regular,worksheet-formula,1,single-cell,1,I415,ACOS|COS|IF|INDEX|MATCH|PI|SIN|TAN,,0,directional.dogleg-severity,local-context,
9900762f1edd4ae6,directional,.xls,7,s0007,worksheet,f000043,regular,worksheet-formula,1,single-cell,1,L415,IF|INDEX|MATCH,,0,directional.dogleg-severity,local-context,
9900762f1edd4ae6,directional,.xls,7,s0007,worksheet,f000044,regular,worksheet-formula,16,filled-column,1,K13:K413,ACOS|COS|IF|PI|SIN,,0,directional.dogleg-severity,local-context,
9900762f1edd4ae6,directional,.xls,7,s0007,worksheet,f000045,regular,worksheet-formula,1,single-cell,1,J415,ACOS|COS|IF|INDEX|MATCH|PI|SIN|TAN,,0,directional.dogleg-severity,local-context,
9900762f1edd4ae6,directional,.xls,7,s0007,worksheet,f000046,regular,worksheet-formula,12,filled-column,1,J13:J413,ACOS|COS|IF|PI|SIN|TAN,,0,directional.dogleg-severity,local-context,
9900762f1edd4ae6,directional,.xls,7,s0007,worksheet,f000047,regular,worksheet-formula,4,filled-row,1,ID57:IG57,IF,,0,directional.unresolved,catalog-category,
9900762f1edd4ae6,directional,.xls,7,s0007,worksheet,f000048,regular,worksheet-formula,8,multi-area,8,FK45|FK56|FS45|FS56|ID12|IE12|IF12|IG12,,,0,directional.dogleg-severity,local-context,
9900762f1edd4ae6,directional,.xls,7,s0007,worksheet,f000049,regular,worksheet-formula,1,single-cell,1,ES58,,,0,directional.unresolved,catalog-category,
9900762f1edd4ae6,directional,.xls,7,s0007,worksheet,f000050,regular,worksheet-formula,1,single-cell,1,F415,IF|INDEX|MATCH,,0,directional.unresolved,catalog-category,
9900762f1edd4ae6,directional,.xls,7,s0007,worksheet,f000051,regular,worksheet-formula,1,single-cell,1,D415,IF|INDEX|MATCH|UDF,,0,directional.unresolved,catalog-category,
9900762f1edd4ae6,directional,.xls,7,s0007,worksheet,f000052,regular,worksheet-formula,1,single-cell,1,HJ35,,,0,directional.unresolved,catalog-category,
9900762f1edd4ae6,directional,.xls,7,s0007,worksheet,f000053,regular,worksheet-formula,1,single-cell,1,E415,IF|INDEX|MATCH|UDF,,0,directional.unresolved,catalog-category,
9900762f1edd4ae6,directional,.xls,7,s0007,worksheet,f000054,regular,worksheet-formula,7,multi-area,4,R12|T44|T55|T201:T204,IF,,0,directional.unresolved,catalog-category,
9900762f1edd4ae6,directional,.xls,7,s0007,worksheet,f000055,regular,worksheet-formula,1,single-cell,1,B413,IF,,0,directional.unresolved,catalog-category,
9900762f1edd4ae6,directional,.xls,7,s0007,worksheet,f000056,regular,worksheet-formula,5,multi-area,2,Q12|S201:S204,ATAN|DEGREES|IF,,0,directional.unresolved,catalog-category,
9900762f1edd4ae6,directional,.xls,7,s0007,worksheet,f000057,regular,worksheet-formula,6,filled-column,1,R44:R204,IF|SQRT|UDF,,0,directional.unresolved,catalog-category,
9900762f1edd4ae6,directional,.xls,7,s0007,worksheet,f000058,regular,worksheet-formula,1,single-cell,1,GJ113,,,0,directional.unresolved,catalog-category,
9900762f1edd4ae6,directional,.xls,7,s0007,worksheet,f000059,regular,worksheet-formula,2,filled-column,1,H13:H415,ATAN2|COS|IF|PI|SQRT,,0,directional.unresolved,catalog-category,
9900762f1edd4ae6,directional,.xls,7,s0007,worksheet,f000060,regular,worksheet-formula,1,single-cell,1,HH28,,,0,directional.unresolved,catalog-category,
9900762f1edd4ae6,directional,.xls,7,s0007,worksheet,f000061,regular,worksheet-formula,2,filled-column,1,FW48:FW49,,,0,directional.unresolved,catalog-category,
9900762f1edd4ae6,directional,.xls,7,s0007,worksheet,f000062,regular,worksheet-formula,38,filled-column,1,W164:W201,AVERAGE|IF,,0,directional.unresolved,catalog-category,
9900762f1edd4ae6,directional,.xls,7,s0007,worksheet,f000063,regular,worksheet-formula,12,filled-column,1,I13:I413,ACOS|COS|IF|PI|SIN|TAN,,0,directional.dogleg-severity,local-context,
9900762f1edd4ae6,directional,.xls,7,s0007,worksheet,f000064,regular,worksheet-formula,16,rectangular-table,1,ID56:IG114,IF,,0,directional.unresolved,catalog-category,
9900762f1edd4ae6,directional,.xls,7,s0007,worksheet,f000065,regular,worksheet-formula,1,single-cell,1,GW48,,,0,directional.unresolved,catalog-category,
9900762f1edd4ae6,directional,.xls,7,s0007,worksheet,f000066,regular,worksheet-formula,1,single-cell,1,G415,ACOS|COS|IF|INDEX|MATCH|PI|RADIANS|SIN|TAN,,0,directional.unresolved,catalog-category,
9900762f1edd4ae6,directional,.xls,7,s0007,worksheet,f000067,regular,worksheet-formula,6,filled-column,1,F13:F205,IF,,0,directional.unresolved,catalog-category,
9900762f1edd4ae6,directional,.xls,7,s0007,worksheet,f000068,regular,worksheet-formula,1,single-cell,1,GR24,,,0,directional.unresolved,catalog-category,
9900762f1edd4ae6,directional,.xls,7,s0007,worksheet,f000069,regular,worksheet-formula,12,filled-column,1,G13:G413,ACOS|COS|IF|PI|SIN|TAN,,0,directional.unresolved,catalog-category,
9900762f1edd4ae6,directional,.xls,7,s0007,worksheet,f000070,regular,worksheet-formula,1,single-cell,1,K415,ACOS|COS|IF|INDEX|MATCH|PI|SIN,,0,directional.dogleg-severity,local-context,
9900762f1edd4ae6,directional,.xls,7,s0007,worksheet,f000071,regular,worksheet-formula,6,filled-column,1,Q44:Q204,ATAN2|DEGREES|IF,,0,directional.unresolved,catalog-category,
9900762f1edd4ae6,directional,.xls,7,s0007,worksheet,f000072,regular,worksheet-formula,1,single-cell,1,HZ33,,,0,directional.unresolved,catalog-category,
9900762f1edd4ae6,directional,.xls,7,s0007,worksheet,f000073,regular,worksheet-formula,5,filled-column,1,M13:M151,IF,,0,directional.dogleg-severity,local-context,
9900762f1edd4ae6,directional,.xls,7,s0007,worksheet,f000074,regular,worksheet-formula,10,filled-column,1,L13:L413,IF,,0,directional.dogleg-severity,local-context,
9900762f1edd4ae6,directional,.xls,7,s0007,worksheet,f000075,regular,worksheet-formula,24,filled-column,1,W140:W163,AVERAGE,,0,directional.unresolved,catalog-category,
9900762f1edd4ae6,directional,.xls,6,s0006,worksheet,f000076,regular,worksheet-formula,5,multi-area,5,I6|I16|I169|J6|K6,,,0,directional.unresolved,catalog-category,
9900762f1edd4ae6,directional,.xls,6,s0006,worksheet,f000077,regular,worksheet-formula,3,filled-row,1,H1359:J1359,IF,,0,directional.unresolved,catalog-category,
9900762f1edd4ae6,directional,.xls,1,s0001,worksheet,f000078,regular,worksheet-formula,10,filled-column,1,HX24:HX33,,,0,directional.unresolved,catalog-category,percent
9900762f1edd4ae6,directional,.xls,1,s0001,worksheet,f000079,regular,worksheet-formula,8,rectangular-table,1,ID113:IG157,IF,,0,directional.unresolved,catalog-category,
9900762f1edd4ae6,directional,.xls,1,s0001,worksheet,f000080,regular,worksheet-formula,13,multi-area,10,IR56|IR92:IR93|IR114|IS56|IS92:IS93|IT47|IT56|IT92:IT93|IT116|IT137,,,0,directional.unresolved,catalog-category,
9900762f1edd4ae6,directional,.xls,1,s0001,worksheet,f000081,regular,worksheet-formula,9,multi-area,6,S12|U12:U14|U111:U112|U130|U143|U157,IF|OR|PI|SIN,,0,directional.unresolved,catalog-category,
9900762f1edd4ae6,directional,.xls,1,s0001,worksheet,f000082,regular,worksheet-formula,5,filled-column,1,HI35:HI39,,,0,directional.unresolved,catalog-category,
9900762f1edd4ae6,directional,.xls,1,s0001,worksheet,f000083,regular,worksheet-formula,23,multi-area,10,O12:O14|O268|HH35:HH39|IR111:IR113|IR157|IS113|IS157|IT43:IT46|IT113:IT115|IT130,,,0,directional.unresolved,catalog-category,
9900762f1edd4ae6,directional,.xls,1,s0001,worksheet,f000084,regular,worksheet-formula,8,filled-column,1,P12:P290,IF,,0,directional.unresolved,catalog-category,
9900762f1edd4ae6,directional,.xls,1,s0001,worksheet,f000085,regular,worksheet-formula,1,single-cell,1,M415,IF|INDEX|MATCH,,0,directional.dogleg-severity,local-context,
9900762f1edd4ae6,directional,.xls,1,s0001,worksheet,f000086,regular,worksheet-formula,4,filled-column,1,J13:J158,ACOS|COS|IF|PI|SIN|TAN,,0,directional.dogleg-severity,local-context,
9900762f1edd4ae6,directional,.xls,1,s0001,worksheet,f000087,regular,worksheet-formula,1,single-cell,1,I415,ACOS|COS|IF|INDEX|MATCH|PI|SIN|TAN,,0,directional.dogleg-severity,local-context,
9900762f1edd4ae6,directional,.xls,1,s0001,worksheet,f000088,regular,worksheet-formula,1,single-cell,1,L415,IF|INDEX|MATCH,,0,directional.dogleg-severity,local-context,
9900762f1edd4ae6,directional,.xls,1,s0001,worksheet,f000089,regular,worksheet-formula,6,filled-column,1,K13:K158,ACOS|COS|IF|PI|SIN,,0,directional.dogleg-severity,local-context,
9900762f1edd4ae6,directional,.xls,1,s0001,worksheet,f000090,regular,worksheet-formula,1,single-cell,1,J415,ACOS|COS|IF|INDEX|MATCH|PI|SIN|TAN,,0,directional.dogleg-severity,local-context,
9900762f1edd4ae6,directional,.xls,1,s0001,worksheet,f000091,regular,worksheet-formula,1,single-cell,1,J413,ACOS|COS|IF|PI|SIN|TAN,,0,directional.dogleg-severity,local-context,
9900762f1edd4ae6,directional,.xls,1,s0001,worksheet,f000092,regular,worksheet-formula,4,filled-row,1,ID57:IG57,IF,,0,directional.unresolved,catalog-category,
9900762f1edd4ae6,directional,.xls,1,s0001,worksheet,f000093,regular,worksheet-formula,8,multi-area,8,FK45|FK56|FS45|FS56|ID12|IE12|IF12|IG12,,,0,directional.dogleg-severity,local-context,
9900762f1edd4ae6,directional,.xls,1,s0001,worksheet,f000094,regular,worksheet-formula,1,single-cell,1,ES58,,,0,directional.unresolved,catalog-category,
9900762f1edd4ae6,directional,.xls,1,s0001,worksheet,f000095,regular,worksheet-formula,1,single-cell,1,F415,IF|INDEX|MATCH,,0,directional.unresolved,catalog-category,
9900762f1edd4ae6,directional,.xls,1,s0001,worksheet,f000096,regular,worksheet-formula,1,single-cell,1,D415,IF|INDEX|MATCH|UDF,,0,directional.unresolved,catalog-category,
9900762f1edd4ae6,directional,.xls,1,s0001,worksheet,f000097,regular,worksheet-formula,1,single-cell,1,HJ35,,,0,directional.unresolved,catalog-category,
9900762f1edd4ae6,directional,.xls,1,s0001,worksheet,f000098,regular,worksheet-formula,1,single-cell,1,E415,IF|INDEX|MATCH|UDF,,0,directional.unresolved,catalog-category,
9900762f1edd4ae6,directional,.xls,1,s0001,worksheet,f000099,regular,worksheet-formula,7,multi-area,4,R12|T12:T14|T111:T112|T157,IF,,0,directional.coordinates,local-context,
9900762f1edd4ae6,directional,.xls,1,s0001,worksheet,f000100,regular,worksheet-formula,6,multi-area,4,Q12|S13:S14|S111:S112|S157,ATAN|DEGREES|IF,,0,directional.unresolved,catalog-category,
9900762f1edd4ae6,directional,.xls,1,s0001,worksheet,f000101,regular,worksheet-formula,5,filled-column,1,R13:R157,IF|SQRT|UDF,,0,directional.unresolved,catalog-category,
9900762f1edd4ae6,directional,.xls,1,s0001,worksheet,f000102,regular,worksheet-formula,1,single-cell,1,GJ113,,,0,directional.unresolved,catalog-category,
9900762f1edd4ae6,directional,.xls,1,s0001,worksheet,f000103,regular,worksheet-formula,8,filled-column,1,H13:H415,ATAN2|COS|IF|PI|SQRT,,0,directional.unresolved,catalog-category,
9900762f1edd4ae6,directional,.xls,1,s0001,worksheet,f000104,regular,worksheet-formula,1,single-cell,1,HH28,,,0,directional.unresolved,catalog-category,
9900762f1edd4ae6,directional,.xls,1,s0001,worksheet,f000105,regular,worksheet-formula,2,filled-column,1,FW48:FW49,,,0,directional.unresolved,catalog-category,
9900762f1edd4ae6,directional,.xls,1,s0001,worksheet,f000106,regular,worksheet-formula,2,filled-column,1,X146:X157,ROUND,,0,directional.unresolved,catalog-category,
9900762f1edd4ae6,directional,.xls,1,s0001,worksheet,f000107,regular,worksheet-formula,38,filled-column,1,W164:W201,AVERAGE|IF,,0,directional.unresolved,catalog-category,
9900762f1edd4ae6,directional,.xls,1,s0001,worksheet,f000108,regular,worksheet-formula,4,filled-column,1,I13:I158,ACOS|COS|IF|PI|SIN|TAN,,0,directional.dogleg-severity,local-context,
9900762f1edd4ae6,directional,.xls,1,s0001,worksheet,f000109,regular,worksheet-formula,16,rectangular-table,1,ID56:IG114,IF,,0,directional.unresolved,catalog-category,
9900762f1edd4ae6,directional,.xls,1,s0001,worksheet,f000110,regular,worksheet-formula,1,single-cell,1,GW48,,,0,directional.unresolved,catalog-category,
9900762f1edd4ae6,directional,.xls,1,s0001,worksheet,f000111,regular,worksheet-formula,1,single-cell,1,G415,ACOS|COS|IF|INDEX|MATCH|PI|RADIANS|SIN|TAN,,0,directional.unresolved,catalog-category,
9900762f1edd4ae6,directional,.xls,1,s0001,worksheet,f000112,regular,worksheet-formula,7,filled-column,1,F13:F158,IF,,0,directional.unresolved,catalog-category,
9900762f1edd4ae6,directional,.xls,1,s0001,worksheet,f000113,regular,worksheet-formula,1,single-cell,1,GR24,,,0,directional.unresolved,catalog-category,
9900762f1edd4ae6,directional,.xls,1,s0001,worksheet,f000114,regular,worksheet-formula,5,filled-column,1,G13:G269,ACOS|COS|IF|PI|SIN|TAN,,0,directional.unresolved,catalog-category,
9900762f1edd4ae6,directional,.xls,1,s0001,worksheet,f000115,regular,worksheet-formula,1,single-cell,1,K415,ACOS|COS|IF|INDEX|MATCH|PI|SIN,,0,directional.dogleg-severity,local-context,
9900762f1edd4ae6,directional,.xls,1,s0001,worksheet,f000116,regular,worksheet-formula,5,filled-column,1,Q13:Q157,ATAN2|DEGREES|IF,,0,directional.unresolved,catalog-category,
9900762f1edd4ae6,directional,.xls,1,s0001,worksheet,f000117,regular,worksheet-formula,1,single-cell,1,HZ33,,,0,directional.unresolved,catalog-category,
9900762f1edd4ae6,directional,.xls,1,s0001,worksheet,f000118,regular,worksheet-formula,2,filled-column,1,M13:M14,IF,,0,directional.dogleg-severity,local-context,
9900762f1edd4ae6,directional,.xls,1,s0001,worksheet,f000119,regular,worksheet-formula,4,filled-column,1,L13:L158,IF,,0,directional.dogleg-severity,local-context,
9900762f1edd4ae6,directional,.xls,1,s0001,worksheet,f000120,regular,worksheet-formula,24,filled-column,1,W140:W163,AVERAGE,,0,directional.unresolved,catalog-category,
9900762f1edd4ae6,directional,.xls,8,s0008,worksheet,f000121,regular,worksheet-formula,2,filled-row,1,D2:G2,,,0,directional.coordinates,local-context,ft
9900762f1edd4ae6,directional,.xls,8,s0008,worksheet,f000122,regular,worksheet-formula,1,single-cell,1,E2,,,0,directional.coordinates,local-context,ft
9900762f1edd4ae6,directional,.xls,8,s0008,worksheet,f000123,regular,worksheet-formula,1,single-cell,1,J2,,,0,directional.coordinates,local-context,
9900762f1edd4ae6,directional,.xls,8,s0008,worksheet,f000124,regular,worksheet-formula,1,single-cell,1,F2,,,0,directional.coordinates,local-context,ft
99541520e60d10a5,hydraulics,.xlsx,1,s0001,worksheet,f000001,regular,worksheet-formula,12828,filled-column,1,P2:P12829,,,0,cross-cutting.validation|hydraulics.reynolds-number,local-context,percent
9c1a98952c10d8be,bha-tools,.xlsx,1,s0001,worksheet,f000001,regular,worksheet-formula,60,rectangular-table,1,J11:N30,,,0,bha.geometry|torque-drag.connection-capacity,local-context,ft
9c1a98952c10d8be,bha-tools,.xlsx,1,s0001,worksheet,f000002,regular,worksheet-formula,19,filled-column,1,A12:A30,,,0,bha.geometry,local-context,
9c1a98952c10d8be,bha-tools,.xlsx,1,s0001,worksheet,f000003,regular,worksheet-formula,19,filled-column,1,G12:G30,SUM,,0,bha.geometry,local-context,ft
9c1a98952c10d8be,bha-tools,.xlsx,1,s0001,worksheet,f000004,regular,worksheet-formula,9,multi-area,5,G11|I31:I32|J33:J34|K31:K32|L33:L34,SUM,,0,bha.geometry,local-context,ft
9c1a98952c10d8be,bha-tools,.xlsx,1,s0001,worksheet,f000005,regular,worksheet-formula,40,rectangular-table,1,I11:K30,,,0,bha.geometry,local-context,ft
9c1a98952c10d8be,bha-tools,.xlsx,1,s0001,worksheet,f000006,regular,worksheet-formula,1,single-cell,1,C8,,,0,bha.geometry,local-context,ft|ppg
9c1a98952c10d8be,bha-tools,.xlsx,1,s0001,worksheet,f000007,regular,worksheet-formula,40,rectangular-table,1,F11:H30,,,0,bha.geometry,local-context,ft
9c1a98952c10d8be,bha-tools,.xlsx,4,s0004,worksheet,f000008,regular,worksheet-formula,26,filled-column,1,O8:O33,SQRT,,0,bha.geometry,local-context,
9c1a98952c10d8be,bha-tools,.xlsx,3,s0003,worksheet,f000009,regular,worksheet-formula,1,single-cell,1,T16,SIN,,0,bha.geometry|directional.coordinates,local-context,
9c1a98952c10d8be,bha-tools,.xlsx,3,s0003,worksheet,f000010,regular,worksheet-formula,1,single-cell,1,T12,,,0,bha.geometry,local-context,
9c1a98952c10d8be,bha-tools,.xlsx,3,s0003,worksheet,f000011,regular,worksheet-formula,1,single-cell,1,T13,ACOS|COS|SIN,,0,bha.geometry,local-context,
9c1a98952c10d8be,bha-tools,.xlsx,3,s0003,worksheet,f000012,regular,worksheet-formula,1,single-cell,1,T15,COS|SIN,,0,bha.geometry|directional.coordinates,local-context,
9c1a98952c10d8be,bha-tools,.xlsx,3,s0003,worksheet,f000013,regular,worksheet-formula,1,single-cell,1,T14,TAN,,0,bha.geometry,local-context,
9c1a98952c10d8be,bha-tools,.xlsx,3,s0003,worksheet,f000014,regular,worksheet-formula,1,single-cell,1,T17,COS,,0,bha.geometry|directional.coordinates,local-context,
9c1a98952c10d8be,bha-tools,.xlsx,3,s0003,worksheet,f000015,regular,worksheet-formula,26,filled-column,1,N8:N33,SQRT,,0,bha.geometry,local-context,rad
9c1a98952c10d8be,bha-tools,.xlsx,3,s0003,worksheet,f000016,regular,worksheet-formula,4,rectangular-table,1,S8:T9,RADIANS,,0,bha.geometry,local-context,rad
9d94e7c93c53521d,hydraulics,.xlsx,1,s0001,worksheet,f000001,regular,worksheet-formula,2,filled-row,1,Z2:AH2,,,0,hydraulics.reynolds-number,local-context,
9d94e7c93c53521d,hydraulics,.xlsx,1,s0001,worksheet,f000002,regular,worksheet-formula,1,single-cell,1,AC2,LOG10,,0,hydraulics.reynolds-number,local-context,
9d94e7c93c53521d,hydraulics,.xlsx,1,s0001,worksheet,f000003,regular,worksheet-formula,44913,filled-column,1,Y2:Y44914,,,0,hydraulics.unresolved,catalog-category,
9d94e7c93c53521d,hydraulics,.xlsx,1,s0001,worksheet,f000004,regular,worksheet-formula,1,single-cell,1,AB2,LOG10,,0,hydraulics.reynolds-number,local-context,
9d94e7c93c53521d,hydraulics,.xlsx,1,s0001,worksheet,f000005,regular,worksheet-formula,1,single-cell,1,AA2,,,0,hydraulics.unresolved,catalog-category,
9d94e7c93c53521d,hydraulics,.xlsx,1,s0001,worksheet,f000006,regular,worksheet-formula,2,filled-row,1,AF2:AG2,POWER,,0,hydraulics.reynolds-number,local-context,
9d94e7c93c53521d,hydraulics,.xlsx,1,s0001,worksheet,f000007,regular,worksheet-formula,2,filled-row,1,AD2:AE2,,,0,hydraulics.reynolds-number,local-context,
9d94e7c93c53521d,hydraulics,.xlsx,1,s0001,worksheet,f000008,regular,worksheet-formula,89826,rectangular-table,1,V2:X44914,,,0,hydraulics.unresolved,catalog-category,
9dbc746eb3c5e468,cementing-casing,.xls,1,s0001,worksheet,f000001,regular,worksheet-formula,1,single-cell,1,I13,IF,,0,casing-cementing.unresolved,catalog-category,ft|psi
9dbc746eb3c5e468,cementing-casing,.xls,1,s0001,worksheet,f000002,regular,worksheet-formula,6,filled-column,1,Z11:Z17,,,0,casing-cementing.unresolved,catalog-category,
9dbc746eb3c5e468,cementing-casing,.xls,1,s0001,worksheet,f000003,regular,worksheet-formula,1,single-cell,1,F13,,,0,cross-cutting.lookup,local-context,ft
9dbc746eb3c5e468,cementing-casing,.xls,1,s0001,worksheet,f000004,regular,worksheet-formula,1,single-cell,1,Z10,,,0,casing-cementing.unresolved,catalog-category,
9dbc746eb3c5e468,cementing-casing,.xls,1,s0001,worksheet,f000005,regular,worksheet-formula,1,single-cell,1,E13,,,0,casing-cementing.unresolved,catalog-category,ft
9dbc746eb3c5e468,cementing-casing,.xls,1,s0001,worksheet,f000006,regular,worksheet-formula,1,single-cell,1,M6,,,0,casing.strength|torque-drag.stress-capacity,local-context,psi
9dbc746eb3c5e468,cementing-casing,.xls,1,s0001,worksheet,f000007,regular,worksheet-formula,1,single-cell,1,M7,IF,,0,casing.strength|torque-drag.stress-capacity,local-context,psi
9dbc746eb3c5e468,cementing-casing,.xls,1,s0001,worksheet,f000008,regular,worksheet-formula,3,filled-row,1,G20:K20,SUM,,0,casing-cementing.unresolved,catalog-category,
9dbc746eb3c5e468,cementing-casing,.xls,1,s0001,worksheet,f000009,regular,worksheet-formula,7,filled-column,1,J13:J19,IF,,0,casing-cementing.unresolved,catalog-category,psi
a09760979bc979fd,torque-drag-drillstring,.xlsm,8,s0008,worksheet,f000001,regular,worksheet-formula,1,single-cell,1,D17,PI,,0,torque-drag.connection-capacity,local-context,
a09760979bc979fd,torque-drag-drillstring,.xlsm,8,s0008,worksheet,f000002,array,worksheet-formula,4,filled-row,1,C5:K5,,,0,torque-drag.connection-capacity,local-context,
a09760979bc979fd,torque-drag-drillstring,.xlsm,8,s0008,worksheet,f000003,regular,worksheet-formula,1,single-cell,1,B6,,,0,torque-drag.connection-capacity,local-context,
a09760979bc979fd,torque-drag-drillstring,.xlsm,8,s0008,worksheet,f000004,regular,worksheet-formula,81,filled-column,1,C21:C101,,,0,torque-drag.axial-load|torque-drag.connection-capacity,local-context,ft
a09760979bc979fd,torque-drag-drillstring,.xlsm,8,s0008,worksheet,f000005,regular,worksheet-formula,1,single-cell,1,D18,PI,,0,torque-drag.axial-load|torque-drag.connection-capacity,local-context,ft
a09760979bc979fd,torque-drag-drillstring,.xlsm,8,s0008,worksheet,f000006,regular,worksheet-formula,1,single-cell,1,D15,,,0,torque-drag.connection-capacity,local-context,percent
a09760979bc979fd,torque-drag-drillstring,.xlsm,6,s0006,worksheet,f000007,regular,worksheet-formula,1,single-cell,1,B19,,,0,torque-drag.connection-capacity,local-context,
a09760979bc979fd,torque-drag-drillstring,.xlsm,6,s0006,worksheet,f000008,regular,worksheet-formula,1,single-cell,1,B28,VLOOKUP,,0,torque-drag.connection-capacity,local-context,psi
a09760979bc979fd,torque-drag-drillstring,.xlsm,6,s0006,worksheet,f000009,regular,worksheet-formula,1,single-cell,1,B10,VLOOKUP,,0,bha.geometry|torque-drag.connection-capacity,local-context,ft
a09760979bc979fd,torque-drag-drillstring,.xlsm,6,s0006,worksheet,f000010,regular,worksheet-formula,1,single-cell,1,B32,,,0,torque-drag.connection-capacity,local-context,ft
a09760979bc979fd,torque-drag-drillstring,.xlsm,6,s0006,worksheet,f000011,regular,worksheet-formula,1,single-cell,1,B31,,,0,torque-drag.connection-capacity,local-context,ft
a09760979bc979fd,torque-drag-drillstring,.xlsm,6,s0006,worksheet,f000012,regular,worksheet-formula,1,single-cell,1,B27,VLOOKUP,,0,torque-drag.connection-capacity,local-context,psi
a09760979bc979fd,torque-drag-drillstring,.xlsm,6,s0006,worksheet,f000013,regular,worksheet-formula,1,single-cell,1,B11,VLOOKUP,,0,bha.geometry|torque-drag.connection-capacity,local-context,
a09760979bc979fd,torque-drag-drillstring,.xlsm,6,s0006,worksheet,f000014,regular,worksheet-formula,2,filled-column,1,B33:B34,COS|IF|PI,,0,torque-drag.connection-capacity,local-context,ft
a09760979bc979fd,torque-drag-drillstring,.xlsm,6,s0006,worksheet,f000015,regular,worksheet-formula,1,single-cell,1,B16,PI,,0,torque-drag.connection-capacity,local-context,
a09760979bc979fd,torque-drag-drillstring,.xlsm,6,s0006,worksheet,f000016,regular,worksheet-formula,1,single-cell,1,B9,VLOOKUP,,0,bha.geometry|torque-drag.connection-capacity,local-context,ft
a09760979bc979fd,torque-drag-drillstring,.xlsm,6,s0006,worksheet,f000017,regular,worksheet-formula,1,single-cell,1,B8,VLOOKUP,,0,bha.geometry|torque-drag.connection-capacity,local-context,ft
a09760979bc979fd,torque-drag-drillstring,.xlsm,6,s0006,worksheet,f000018,regular,worksheet-formula,1,single-cell,1,B17,PI,,0,torque-drag.connection-capacity,local-context,
a09760979bc979fd,torque-drag-drillstring,.xlsm,6,s0006,worksheet,f000019,regular,worksheet-formula,1,single-cell,1,B12,VLOOKUP,,0,bha.geometry|torque-drag.connection-capacity,local-context,
a09760979bc979fd,torque-drag-drillstring,.xlsm,7,s0007,worksheet,f000020,regular,worksheet-formula,1,single-cell,1,B19,,,0,torque-drag.connection-capacity,local-context,
a09760979bc979fd,torque-drag-drillstring,.xlsm,7,s0007,worksheet,f000021,regular,worksheet-formula,2,filled-column,1,B33:B34,COS|PI,,0,torque-drag.connection-capacity,local-context,ft
a09760979bc979fd,torque-drag-drillstring,.xlsm,7,s0007,worksheet,f000022,regular,worksheet-formula,1,single-cell,1,B9,VLOOKUP,,0,bha.geometry|torque-drag.connection-capacity,local-context,ft
a09760979bc979fd,torque-drag-drillstring,.xlsm,7,s0007,worksheet,f000023,regular,worksheet-formula,1,single-cell,1,B36,COS|PI,,0,torque-drag.axial-load|torque-drag.connection-capacity,local-context,
a09760979bc979fd,torque-drag-drillstring,.xlsm,7,s0007,worksheet,f000024,regular,worksheet-formula,1,single-cell,1,B11,VLOOKUP,,0,bha.geometry|torque-drag.connection-capacity,local-context,
a09760979bc979fd,torque-drag-drillstring,.xlsm,7,s0007,worksheet,f000025,regular,worksheet-formula,1,single-cell,1,B32,,,0,torque-drag.connection-capacity,local-context,ft
a09760979bc979fd,torque-drag-drillstring,.xlsm,7,s0007,worksheet,f000026,regular,worksheet-formula,1,single-cell,1,B31,,,0,torque-drag.connection-capacity,local-context,ft
a09760979bc979fd,torque-drag-drillstring,.xlsm,7,s0007,worksheet,f000027,regular,worksheet-formula,1,single-cell,1,B12,VLOOKUP,,0,bha.geometry|torque-drag.connection-capacity,local-context,
a09760979bc979fd,torque-drag-drillstring,.xlsm,7,s0007,worksheet,f000028,regular,worksheet-formula,10,multi-area,7,E45|F44:F45|H44:H45|K44:K45|L45|N45|O45,,,0,torque-drag.connection-capacity,local-context,
a09760979bc979fd,torque-drag-drillstring,.xlsm,7,s0007,worksheet,f000029,regular,worksheet-formula,1,single-cell,1,B10,VLOOKUP,,0,bha.geometry|torque-drag.connection-capacity,local-context,ft
a09760979bc979fd,torque-drag-drillstring,.xlsm,7,s0007,worksheet,f000030,regular,worksheet-formula,1,single-cell,1,B37,COS|PI,,0,torque-drag.axial-load|torque-drag.connection-capacity,local-context,
a09760979bc979fd,torque-drag-drillstring,.xlsm,7,s0007,worksheet,f000031,regular,worksheet-formula,1,single-cell,1,B16,PI,,0,torque-drag.connection-capacity,local-context,
a09760979bc979fd,torque-drag-drillstring,.xlsm,7,s0007,worksheet,f000032,regular,worksheet-formula,1,single-cell,1,B28,VLOOKUP,,0,torque-drag.connection-capacity,local-context,psi
a09760979bc979fd,torque-drag-drillstring,.xlsm,7,s0007,worksheet,f000033,regular,worksheet-formula,1,single-cell,1,B35,,,0,torque-drag.axial-load|torque-drag.connection-capacity,local-context,ft
a09760979bc979fd,torque-drag-drillstring,.xlsm,7,s0007,worksheet,f000034,regular,worksheet-formula,1,single-cell,1,B17,PI,,0,torque-drag.connection-capacity,local-context,
a09760979bc979fd,torque-drag-drillstring,.xlsm,7,s0007,worksheet,f000035,regular,worksheet-formula,1,single-cell,1,B8,VLOOKUP,,0,bha.geometry|torque-drag.connection-capacity,local-context,ft
a09760979bc979fd,torque-drag-drillstring,.xlsm,7,s0007,worksheet,f000036,regular,worksheet-formula,1,single-cell,1,B27,VLOOKUP,,0,torque-drag.connection-capacity,local-context,psi
a09760979bc979fd,torque-drag-drillstring,.xlsm,2,s0002,worksheet,f000037,regular,worksheet-formula,1,single-cell,1,F9,VLOOKUP,,0,torque-drag.unresolved,catalog-category,
a09760979bc979fd,torque-drag-drillstring,.xlsm,2,s0002,worksheet,f000038,regular,worksheet-formula,1,single-cell,1,C18,CONCATENATE,,0,torque-drag.unresolved,catalog-category,
a09760979bc979fd,torque-drag-drillstring,.xlsm,2,s0002,worksheet,f000039,regular,worksheet-formula,1,single-cell,1,F12,,,0,torque-drag.unresolved,catalog-category,
a09760979bc979fd,torque-drag-drillstring,.xlsm,2,s0002,worksheet,f000040,regular,worksheet-formula,1,single-cell,1,F10,,,0,torque-drag.unresolved,catalog-category,
a09760979bc979fd,torque-drag-drillstring,.xlsm,2,s0002,worksheet,f000041,regular,worksheet-formula,72,rectangular-table,1,C19:K26,SIN,,0,torque-drag.unresolved,catalog-category,
a09760979bc979fd,torque-drag-drillstring,.xlsm,2,s0002,worksheet,f000042,regular,worksheet-formula,1,single-cell,1,F11,,,0,torque-drag.unresolved,catalog-category,
a09760979bc979fd,torque-drag-drillstring,.xlsm,2,s0002,worksheet,f000043,regular,worksheet-formula,1,single-cell,1,F8,VLOOKUP,,0,torque-drag.unresolved,catalog-category,
a09760979bc979fd,torque-drag-drillstring,.xlsm,3,s0003,worksheet,f000044,regular,worksheet-formula,1,single-cell,1,C1,,,0,torque-drag.unresolved,catalog-category,
a09760979bc979fd,torque-drag-drillstring,.xlsm,9,s0009,worksheet,f000045,regular,worksheet-formula,24,filled-column,1,E6:E37,,,0,torque-drag.unresolved,catalog-category,
a09760979bc979fd,torque-drag-drillstring,.xlsm,5,s0005,worksheet,f000046,regular,worksheet-formula,1,single-cell,1,D23,PI,,0,torque-drag.unresolved,catalog-category,percent
a09760979bc979fd,torque-drag-drillstring,.xlsm,5,s0005,worksheet,f000047,regular,worksheet-formula,324,rectangular-table,1,C28:F108,,,0,torque-drag.axial-load,local-context,ft
a09760979bc979fd,torque-drag-drillstring,.xlsm,5,s0005,worksheet,f000048,regular,worksheet-formula,1,single-cell,1,D24,PI,,0,torque-drag.unresolved,catalog-category,ft|percent
a09760979bc979fd,torque-drag-drillstring,.xlsm,5,s0005,worksheet,f000049,regular,worksheet-formula,1,single-cell,1,D22,,,0,torque-drag.unresolved,catalog-category,percent
a09760979bc979fd,torque-drag-drillstring,.xlsm,4,s0004,worksheet,f000050,regular,worksheet-formula,1,single-cell,1,K24,VLOOKUP,,0,casing.strength|torque-drag.axial-load,local-context,psi
a09760979bc979fd,torque-drag-drillstring,.xlsm,4,s0004,worksheet,f000051,regular,worksheet-formula,1,single-cell,1,J16,,,0,casing.strength|torque-drag.axial-load,local-context,
a09760979bc979fd,torque-drag-drillstring,.xlsm,4,s0004,worksheet,f000052,regular,worksheet-formula,1,single-cell,1,J15,VLOOKUP,,0,casing.strength|torque-drag.axial-load,local-context,
a20de360a6901fad,bha-tools,.xlsm,18,s0018,worksheet,f000001,regular,worksheet-formula,236,rectangular-table,1,G27:H144,,,0,bha.geometry,local-context,
a20de360a6901fad,bha-tools,.xlsm,18,s0018,worksheet,f000002,regular,worksheet-formula,236,rectangular-table,1,I27:J144,,,0,bha.geometry,local-context,
a20de360a6901fad,bha-tools,.xlsm,18,s0018,worksheet,f000003,regular,worksheet-formula,119,filled-column,1,F26:F144,ABS,,0,bha.geometry,local-context,
a20de360a6901fad,bha-tools,.xlsm,18,s0018,worksheet,f000004,regular,worksheet-formula,119,filled-column,1,E25:E144,,,0,bha.geometry,local-context,
a20de360a6901fad,bha-tools,.xlsm,17,s0017,worksheet,f000005,regular,worksheet-formula,1,single-cell,1,B73,UDF,,0,bha.geometry,local-context,
a20de360a6901fad,bha-tools,.xlsm,17,s0017,worksheet,f000006,regular,worksheet-formula,1,single-cell,1,B63,UDF,,0,bha.geometry,local-context,
a20de360a6901fad,bha-tools,.xlsm,17,s0017,worksheet,f000007,regular,worksheet-formula,1,single-cell,1,B53,UDF,,0,bha.geometry,local-context,
a20de360a6901fad,bha-tools,.xlsm,17,s0017,worksheet,f000008,regular,worksheet-formula,1,single-cell,1,B43,UDF,,0,bha.geometry,local-context,
a20de360a6901fad,bha-tools,.xlsm,45,s0045,worksheet,f000009,regular,worksheet-formula,1044,filled-column,1,T2:T1045,,,0,torque-drag.connection-capacity|torque-drag.stress-capacity,local-context,ft|psi
a20de360a6901fad,bha-tools,.xlsm,45,s0045,worksheet,f000010,regular,worksheet-formula,1033,filled-column,1,AS2:AS1045,IF,,0,torque-drag.connection-capacity,local-context,
a20de360a6901fad,bha-tools,.xlsm,45,s0045,worksheet,f000011,regular,worksheet-formula,2088,rectangular-table,1,R2:S1045,COS|PI,,0,torque-drag.connection-capacity,local-context,ft
a20de360a6901fad,bha-tools,.xlsm,45,s0045,worksheet,f000012,regular,worksheet-formula,1044,filled-column,1,AI2:AI1045,,,0,torque-drag.connection-capacity,local-context,
a20de360a6901fad,bha-tools,.xlsm,45,s0045,worksheet,f000013,regular,worksheet-formula,1044,filled-column,1,AM2:AM1045,PI,,0,torque-drag.connection-capacity,local-context,in
a20de360a6901fad,bha-tools,.xlsm,45,s0045,worksheet,f000014,regular,worksheet-formula,1044,filled-column,1,AQ2:AQ1045,,,0,torque-drag.connection-capacity,local-context,
a20de360a6901fad,bha-tools,.xlsm,45,s0045,worksheet,f000015,regular,worksheet-formula,1044,filled-column,1,AP2:AP1045,,,0,torque-drag.connection-capacity,local-context,
a20de360a6901fad,bha-tools,.xlsm,45,s0045,worksheet,f000016,regular,worksheet-formula,1044,filled-column,1,O2:O1045,PI,,0,torque-drag.connection-capacity,local-context,ft|gal
a20de360a6901fad,bha-tools,.xlsm,45,s0045,worksheet,f000017,regular,worksheet-formula,1044,filled-column,1,I2:I1045,,,0,torque-drag.connection-capacity,local-context,ft|in^2|lbm/ft
a20de360a6901fad,bha-tools,.xlsm,45,s0045,worksheet,f000018,regular,worksheet-formula,1044,filled-column,1,AJ2:AJ1045,PI,,0,torque-drag.connection-capacity,local-context,
a20de360a6901fad,bha-tools,.xlsm,45,s0045,worksheet,f000019,regular,worksheet-formula,1044,filled-column,1,M2:M1045,,,0,torque-drag.connection-capacity,local-context,ft|gal
a20de360a6901fad,bha-tools,.xlsm,45,s0045,worksheet,f000020,regular,worksheet-formula,878,filled-column,1,AK18:AK920,PI,,0,torque-drag.connection-capacity,local-context,
a20de360a6901fad,bha-tools,.xlsm,45,s0045,worksheet,f000021,regular,worksheet-formula,1044,filled-column,1,AO2:AO1045,,,0,torque-drag.connection-capacity,local-context,in
a20de360a6901fad,bha-tools,.xlsm,45,s0045,worksheet,f000022,regular,worksheet-formula,1044,filled-column,1,AR2:AR1045,PI|SQRT,,0,torque-drag.connection-capacity,local-context,
a20de360a6901fad,bha-tools,.xlsm,45,s0045,worksheet,f000023,regular,worksheet-formula,3132,rectangular-table,1,J2:L1045,MIN,,0,torque-drag.connection-capacity,local-context,ft|gal|in^2|lbm/ft
a20de360a6901fad,bha-tools,.xlsm,45,s0045,worksheet,f000024,regular,worksheet-formula,1044,filled-column,1,N2:N1045,PI,,0,torque-drag.connection-capacity,local-context,ft|gal
a20de360a6901fad,bha-tools,.xlsm,45,s0045,worksheet,f000025,regular,worksheet-formula,2088,rectangular-table,1,P2:Q1045,COS|PI,,0,torque-drag.connection-capacity,local-context,ft|gal
a20de360a6901fad,bha-tools,.xlsm,45,s0045,worksheet,f000026,regular,worksheet-formula,1044,filled-column,1,AH2:AH1045,,,0,torque-drag.connection-capacity,local-context,
a20de360a6901fad,bha-tools,.xlsm,45,s0045,worksheet,f000027,regular,worksheet-formula,1044,filled-column,1,AL2:AL1045,,,0,torque-drag.connection-capacity,local-context,in
a20de360a6901fad,bha-tools,.xlsm,45,s0045,worksheet,f000028,regular,worksheet-formula,1044,filled-column,1,U2:U1045,PI,,0,torque-drag.connection-capacity|torque-drag.stress-capacity,local-context,ft|psi
a20de360a6901fad,bha-tools,.xlsm,45,s0045,worksheet,f000029,regular,worksheet-formula,1044,filled-column,1,AN2:AN1045,,,0,torque-drag.connection-capacity,local-context,in
a20de360a6901fad,bha-tools,.xlsm,41,s0041,worksheet,f000030,regular,worksheet-formula,2,multi-area,2,F45|S49,,,0,directional.dogleg-severity|directional.toolface,local-context,percent
a20de360a6901fad,bha-tools,.xlsm,41,s0041,worksheet,f000031,regular,worksheet-formula,13,multi-area,5,J45|O59:O61|Q59:Q61|S59:S61|W57:W59,,,0,directional.coordinates,local-context,s
a20de360a6901fad,bha-tools,.xlsm,41,s0041,worksheet,f000032,regular,worksheet-formula,3,filled-column,1,N59:N61,COS,,0,directional.coordinates,local-context,
a20de360a6901fad,bha-tools,.xlsm,41,s0041,worksheet,f000033,regular,worksheet-formula,6,multi-area,6,I49|I53|M45|O49|P49|T49,,,0,directional.dogleg-severity,local-context,percent
a20de360a6901fad,bha-tools,.xlsm,41,s0041,worksheet,f000034,regular,worksheet-formula,3,filled-column,1,L59:L61,ACOS|COS|SIN,,0,bha.unresolved,catalog-category,
a20de360a6901fad,bha-tools,.xlsm,41,s0041,worksheet,f000035,regular,worksheet-formula,3,filled-column,1,P59:P61,COS|SIN,,0,bha.unresolved,catalog-category,
a20de360a6901fad,bha-tools,.xlsm,41,s0041,worksheet,f000036,regular,worksheet-formula,3,filled-column,1,M59:M61,TAN,,0,bha.unresolved,catalog-category,
a20de360a6901fad,bha-tools,.xlsm,41,s0041,worksheet,f000037,regular,worksheet-formula,7,multi-area,4,O57:O58|Q57:Q58|S57:S58|W56,,,0,directional.coordinates,local-context,s
a20de360a6901fad,bha-tools,.xlsm,41,s0041,worksheet,f000038,regular,worksheet-formula,2,multi-area,2,H53|K49,,,0,directional.dogleg-severity,local-context,
a20de360a6901fad,bha-tools,.xlsm,41,s0041,worksheet,f000039,regular,worksheet-formula,3,filled-column,1,R59:R61,SIN,,0,bha.unresolved,catalog-category,
a20de360a6901fad,bha-tools,.xlsm,41,s0041,worksheet,f000040,regular,worksheet-formula,1,single-cell,1,G41,RADIANS|SIN,,0,directional.coordinates,local-context,
a20de360a6901fad,bha-tools,.xlsm,41,s0041,worksheet,f000041,regular,worksheet-formula,2,multi-area,2,L45|N49,IF,,0,bha.unresolved,catalog-category,
a20de360a6901fad,bha-tools,.xlsm,41,s0041,worksheet,f000042,regular,worksheet-formula,2,multi-area,2,K53|R49,ABS|ACOS|COS|DEGREES|RADIANS|SIN,,0,directional.dogleg-severity|directional.toolface,local-context,percent|rad
a20de360a6901fad,bha-tools,.xlsm,41,s0041,worksheet,f000043,regular,worksheet-formula,2,multi-area,2,J53|U49,IF,,0,directional.dogleg-severity|directional.toolface,local-context,rad
a20de360a6901fad,bha-tools,.xlsm,41,s0041,worksheet,f000044,regular,worksheet-formula,2,multi-area,2,N45|Q49,ACOS|COS|DEGREES|IF|RADIANS|SIN,,0,directional.dogleg-severity,local-context,percent
a20de360a6901fad,bha-tools,.xlsm,41,s0041,worksheet,f000045,regular,worksheet-formula,10,multi-area,3,T59:T61|U59:U61|V56:V59,COS|SQRT,,0,bha.unresolved,catalog-category,s
a20de360a6901fad,bha-tools,.xlsm,41,s0041,worksheet,f000046,regular,worksheet-formula,2,multi-area,2,J49|L53,ACOS|COS|DEGREES|IF|RADIANS|SIN,,0,directional.dogleg-severity|directional.toolface,local-context,
a20de360a6901fad,bha-tools,.xlsm,41,s0041,worksheet,f000047,regular,worksheet-formula,2,multi-area,2,K45|M49,COS|DEGREES|RADIANS,,0,directional.dogleg-severity,local-context,
a20de360a6901fad,bha-tools,.xlsm,41,s0041,worksheet,f000048,regular,worksheet-formula,10,rectangular-table,1,J57:K61,RADIANS,,0,bha.unresolved,catalog-category,rad
a20de360a6901fad,bha-tools,.xlsm,38,s0038,worksheet,f000049,regular,worksheet-formula,1,single-cell,1,B203,UDF,,0,bha.unresolved,catalog-category,
a20de360a6901fad,bha-tools,.xlsm,38,s0038,worksheet,f000050,regular,worksheet-formula,1,single-cell,1,B73,UDF,,0,bha.unresolved,catalog-category,
a20de360a6901fad,bha-tools,.xlsm,38,s0038,worksheet,f000051,regular,worksheet-formula,1,single-cell,1,B63,UDF,,0,bha.unresolved,catalog-category,
a20de360a6901fad,bha-tools,.xlsm,38,s0038,worksheet,f000052,regular,worksheet-formula,1,single-cell,1,B243,UDF,,0,bha.unresolved,catalog-category,
a20de360a6901fad,bha-tools,.xlsm,38,s0038,worksheet,f000053,regular,worksheet-formula,1,single-cell,1,B233,UDF,,0,bha.unresolved,catalog-category,
a20de360a6901fad,bha-tools,.xlsm,38,s0038,worksheet,f000054,regular,worksheet-formula,1,single-cell,1,B83,UDF,,0,bha.unresolved,catalog-category,
a20de360a6901fad,bha-tools,.xlsm,38,s0038,worksheet,f000055,regular,worksheet-formula,1,single-cell,1,B93,UDF,,0,bha.unresolved,catalog-category,
a20de360a6901fad,bha-tools,.xlsm,38,s0038,worksheet,f000056,regular,worksheet-formula,1,single-cell,1,B53,UDF,,0,bha.unresolved,catalog-category,
a20de360a6901fad,bha-tools,.xlsm,38,s0038,worksheet,f000057,regular,worksheet-formula,1,single-cell,1,B213,UDF,,0,bha.unresolved,catalog-category,
a20de360a6901fad,bha-tools,.xlsm,38,s0038,worksheet,f000058,regular,worksheet-formula,1,single-cell,1,B223,UDF,,0,bha.unresolved,catalog-category,
a20de360a6901fad,bha-tools,.xlsm,38,s0038,worksheet,f000059,regular,worksheet-formula,1,single-cell,1,B43,UDF,,0,bha.unresolved,catalog-category,
a20de360a6901fad,bha-tools,.xlsm,37,s0037,worksheet,f000060,regular,worksheet-formula,1,single-cell,1,AQ41,RANDBETWEEN,RANDBETWEEN,0,bha.unresolved,catalog-category,
a20de360a6901fad,bha-tools,.xlsm,37,s0037,worksheet,f000061,regular,worksheet-formula,14,filled-column,1,AL28:AL41,MAX,,0,bha.unresolved,catalog-category,
a20de360a6901fad,bha-tools,.xlsm,37,s0037,worksheet,f000062,regular,worksheet-formula,14,filled-column,1,AO8:AO40,RANDBETWEEN,RANDBETWEEN,0,bha.unresolved,catalog-category,
a20de360a6901fad,bha-tools,.xlsm,37,s0037,worksheet,f000063,regular,worksheet-formula,8,multi-area,7,D8|D11|D14:D15|AA5|AD5|AG5|AH5,,,0,bha.unresolved,catalog-category,
a20de360a6901fad,bha-tools,.xlsm,37,s0037,worksheet,f000064,regular,worksheet-formula,1,single-cell,1,D22,,,0,bha.unresolved,catalog-category,
a20de360a6901fad,bha-tools,.xlsm,37,s0037,worksheet,f000065,regular,worksheet-formula,14,filled-column,1,AK28:AK41,MIN,,0,bha.unresolved,catalog-category,
a20de360a6901fad,bha-tools,.xlsm,39,s0039,worksheet,f000066,regular,worksheet-formula,1,single-cell,1,B78,UDF,,0,bha.unresolved,catalog-category,
a20de360a6901fad,bha-tools,.xlsm,39,s0039,worksheet,f000067,regular,worksheet-formula,1,single-cell,1,B68,UDF,,0,bha.unresolved,catalog-category,
a20de360a6901fad,bha-tools,.xlsm,39,s0039,worksheet,f000068,regular,worksheet-formula,1,single-cell,1,B58,UDF,,0,bha.unresolved,catalog-category,
a20de360a6901fad,bha-tools,.xlsm,39,s0039,worksheet,f000069,regular,worksheet-formula,1,single-cell,1,B48,UDF,,0,bha.unresolved,catalog-category,
a20de360a6901fad,bha-tools,.xlsm,10,s0010,worksheet,f000070,regular,worksheet-formula,2,filled-column,1,E20:E24,,,0,bha.unresolved,catalog-category,
a20de360a6901fad,bha-tools,.xlsm,10,s0010,worksheet,f000071,regular,worksheet-formula,1,single-cell,1,S4,,,0,bha.unresolved,catalog-category,
a20de360a6901fad,bha-tools,.xlsm,10,s0010,worksheet,f000072,regular,worksheet-formula,2,filled-column,1,E23:E25,,,0,bha.unresolved,catalog-category,
a20de360a6901fad,bha-tools,.xlsm,10,s0010,worksheet,f000073,regular,worksheet-formula,1,single-cell,1,P92,,,0,bha.unresolved,catalog-category,
a20de360a6901fad,bha-tools,.xlsm,10,s0010,worksheet,f000074,regular,worksheet-formula,1,single-cell,1,P91,,,0,bha.unresolved,catalog-category,
a20de360a6901fad,bha-tools,.xlsm,10,s0010,worksheet,f000075,regular,worksheet-formula,1,single-cell,1,U4,,,0,bha.unresolved,catalog-category,
a20de360a6901fad,bha-tools,.xlsm,10,s0010,worksheet,f000076,regular,worksheet-formula,1,single-cell,1,R4,,,0,bha.unresolved,catalog-category,
a20de360a6901fad,bha-tools,.xlsm,10,s0010,worksheet,f000077,regular,worksheet-formula,28,multi-area,23,E26|F51:F52|F58:F59|F65:F66|F72:F73|F80:F81|G57|G64|G66|G71|G73|G79|G81|G87|H66|H73|H81|I66|I73|I81|J66|J73|J81,,,0,bha.unresolved,catalog-category,
a20de360a6901fad,bha-tools,.xlsm,10,s0010,worksheet,f000078,regular,worksheet-formula,2,filled-column,1,T91:T92,ABS|SUM,,0,bha.unresolved,catalog-category,
a20de360a6901fad,bha-tools,.xlsm,10,s0010,worksheet,f000079,regular,worksheet-formula,1,single-cell,1,O4,SUM,,0,bha.unresolved,catalog-category,
a20de360a6901fad,bha-tools,.xlsm,10,s0010,worksheet,f000080,regular,worksheet-formula,26,multi-area,12,J50:J52|J57:J59|J64:J65|J71:J72|J79:J80|J87:J88|R53:R54|R60:R61|R67:R68|R75:R76|R83:R84|R91:R92,ABS,,0,bha.unresolved,catalog-category,
a20de360a6901fad,bha-tools,.xlsm,10,s0010,worksheet,f000081,regular,worksheet-formula,1,single-cell,1,P93,,,0,bha.unresolved,catalog-category,
a20de360a6901fad,bha-tools,.xlsm,10,s0010,worksheet,f000082,regular,worksheet-formula,6,filled-column,1,O54:O92,,,0,bha.unresolved,catalog-category,
a20de360a6901fad,bha-tools,.xlsm,10,s0010,worksheet,f000083,regular,worksheet-formula,10,filled-column,1,P53:P84,,,0,bha.unresolved,catalog-category,
a20de360a6901fad,bha-tools,.xlsm,10,s0010,worksheet,f000084,regular,worksheet-formula,1,single-cell,1,O38,,,0,bha.unresolved,catalog-category,
a20de360a6901fad,bha-tools,.xlsm,10,s0010,worksheet,f000085,regular,worksheet-formula,1,single-cell,1,T4,,,0,bha.unresolved,catalog-category,
a20de360a6901fad,bha-tools,.xlsm,10,s0010,worksheet,f000086,regular,worksheet-formula,14,filled-column,1,H50:H88,,,0,bha.unresolved,catalog-category,
a20de360a6901fad,bha-tools,.xlsm,16,s0016,worksheet,f000087,regular,worksheet-formula,28,multi-area,23,N4:N5|N11:N12|N18:N19|N25:N26|N33:N34|N41|O10|O17|O19|O24|O26|O32|O34|O40|P19|P26|P34|Q19|Q26|Q34|R19|R26|R34,,,0,bha.unresolved,catalog-category,
a20de360a6901fad,bha-tools,.xlsm,16,s0016,worksheet,f000088,regular,worksheet-formula,26,multi-area,12,R3:R5|R10:R12|R17:R18|R24:R25|R32:R33|R40:R41|Z6:Z7|Z13:Z14|Z20:Z21|Z28:Z29|Z36:Z37|Z44:Z45,ABS,,0,bha.unresolved,catalog-category,
a20de360a6901fad,bha-tools,.xlsm,16,s0016,worksheet,f000089,regular,worksheet-formula,6,filled-column,1,W7:W45,,,0,bha.unresolved,catalog-category,
a20de360a6901fad,bha-tools,.xlsm,16,s0016,worksheet,f000090,regular,worksheet-formula,12,filled-column,1,X6:X45,,,0,bha.unresolved,catalog-category,
a20de360a6901fad,bha-tools,.xlsm,16,s0016,worksheet,f000091,regular,worksheet-formula,14,filled-column,1,P3:P41,,,0,bha.unresolved,catalog-category,
a20de360a6901fad,bha-tools,.xlsm,11,s0011,worksheet,f000092,regular,worksheet-formula,29,multi-area,24,L6:L7|L14:L15|L21:L22|L28:L29|L36:L37|L44|M11|M13|M20|M22|M27|M29|M35|M37|M43|N22|N29|N37|O22|O29|O37|P22|P29|P37,,,0,bha.unresolved,catalog-category,
a20de360a6901fad,bha-tools,.xlsm,11,s0011,worksheet,f000093,regular,worksheet-formula,26,multi-area,12,P5:P7|P13:P15|P20:P21|P27:P28|P35:P36|P43:P44|X9:X10|X16:X17|X23:X24|X31:X32|X39:X40|X47:X48,ABS,,0,bha.unresolved,catalog-category,
a20de360a6901fad,bha-tools,.xlsm,11,s0011,worksheet,f000094,regular,worksheet-formula,6,filled-column,1,U10:U48,,,0,bha.unresolved,catalog-category,
a20de360a6901fad,bha-tools,.xlsm,11,s0011,worksheet,f000095,regular,worksheet-formula,12,filled-column,1,V9:V48,,,0,bha.unresolved,catalog-category,
a20de360a6901fad,bha-tools,.xlsm,11,s0011,worksheet,f000096,regular,worksheet-formula,14,filled-column,1,N5:N44,,,0,bha.unresolved,catalog-category,
a20de360a6901fad,bha-tools,.xlsm,33,s0033,worksheet,f000097,array,worksheet-formula,1,single-cell,1,J138,IF,,0,bha.unresolved,catalog-category,percent|rpm
a20de360a6901fad,bha-tools,.xlsm,33,s0033,worksheet,f000098,regular,worksheet-formula,2,filled-column,1,J130:J146,IF,,0,bha.unresolved,catalog-category,percent|rpm
a20de360a6901fad,bha-tools,.xlsm,33,s0033,worksheet,f000099,regular,worksheet-formula,115,multi-area,2,V13:V126|AJ13,,,0,torque-drag.axial-load,local-context,
a20de360a6901fad,bha-tools,.xlsm,33,s0033,worksheet,f000100,array,worksheet-formula,1,single-cell,1,I22,IF,,0,bha.unresolved,catalog-category,
a20de360a6901fad,bha-tools,.xlsm,33,s0033,worksheet,f000101,regular,worksheet-formula,14,filled-column,1,I13:I27,IF,,0,bha.unresolved,catalog-category,ft/h|h
a20de360a6901fad,bha-tools,.xlsm,33,s0033,worksheet,f000102,regular,worksheet-formula,36,rectangular-table,1,D129:I150,,,0,directional.dogleg-severity,local-context,percent|rpm
a20de360a6901fad,bha-tools,.xlsm,33,s0033,worksheet,f000103,regular,worksheet-formula,420,rectangular-table,1,AQ13:AU117,IF,,0,bha.unresolved,catalog-category,
a20de360a6901fad,bha-tools,.xlsm,33,s0033,worksheet,f000104,regular,worksheet-formula,3,filled-column,1,J134:J150,,,0,directional.dogleg-severity,local-context,
a20de360a6901fad,bha-tools,.xlsm,33,s0033,worksheet,f000105,regular,worksheet-formula,105,filled-column,1,AS13:AS117,IF,,0,bha.unresolved,catalog-category,
a20de360a6901fad,bha-tools,.xlsm,33,s0033,worksheet,f000106,array,worksheet-formula,105,filled-column,1,AV13:AV117,,,0,bha.unresolved,catalog-category,rpm
a20de360a6901fad,bha-tools,.xlsm,33,s0033,worksheet,f000107,regular,worksheet-formula,895,multi-area,17,A14|A16:A19|A21|A23:A27|A29:A98|A100:A126|C14:C27|C103:C119|C123:C126|F14:F30|AM13:AM117|AN13:AN117|AO13:AO117|AP13:AP117|AW13:AW117|AX13:AX117|AY13:AY117,,,0,bha.geometry|torque-drag.axial-load,local-context,ft|mm|rpm
a20de360a6901fad,bha-tools,.xlsm,33,s0033,worksheet,f000108,regular,worksheet-formula,15,filled-column,1,E13:E27,IF,,0,bha.unresolved,catalog-category,ft
a20de360a6901fad,bha-tools,.xlsm,33,s0033,worksheet,f000109,regular,worksheet-formula,22,filled-column,1,H102:H126,IF,,0,bha.unresolved,catalog-category,
a20de360a6901fad,bha-tools,.xlsm,33,s0033,worksheet,f000110,array,worksheet-formula,12,filled-column,1,E129:E142,IF|SUM,,0,bha.unresolved,catalog-category,percent
a20de360a6901fad,bha-tools,.xlsm,33,s0033,worksheet,f000111,regular,worksheet-formula,9,filled-column,1,J131:J149,IF,,0,directional.dogleg-severity,local-context,rpm
a20de360a6901fad,bha-tools,.xlsm,33,s0033,worksheet,f000112,regular,worksheet-formula,3,filled-column,1,J129:J145,IF,,0,bha.unresolved,catalog-category,percent|rpm
a20de360a6901fad,bha-tools,.xlsm,33,s0033,worksheet,f000113,regular,worksheet-formula,6,filled-column,1,E145:E150,SUM,,0,bha.unresolved,catalog-category,percent
a20de360a6901fad,bha-tools,.xlsm,33,s0033,worksheet,f000114,regular,worksheet-formula,1,single-cell,1,AI13,IF|OR,,0,torque-drag.axial-load,local-context,
a20de360a6901fad,bha-tools,.xlsm,33,s0033,worksheet,f000115,array,worksheet-formula,1,single-cell,1,H22,IF,,0,bha.unresolved,catalog-category,
a20de360a6901fad,bha-tools,.xlsm,33,s0033,worksheet,f000116,regular,worksheet-formula,14,filled-column,1,H13:H27,IF,,0,bha.unresolved,catalog-category,ft/h|h
a20de360a6901fad,bha-tools,.xlsm,42,s0042,worksheet,f000117,regular,worksheet-formula,1,single-cell,1,F21,,,0,bha.unresolved,catalog-category,
a20de360a6901fad,bha-tools,.xlsm,42,s0042,worksheet,f000118,regular,worksheet-formula,1,single-cell,1,F20,SQRT,,0,bha.unresolved,catalog-category,
a20de360a6901fad,bha-tools,.xlsm,42,s0042,worksheet,f000119,regular,worksheet-formula,1,single-cell,1,F10,EXP,,0,bha.unresolved,catalog-category,
a20de360a6901fad,bha-tools,.xlsm,42,s0042,worksheet,f000120,regular,worksheet-formula,1,single-cell,1,F15,,,0,bha.unresolved,catalog-category,
a20de360a6901fad,bha-tools,.xlsm,42,s0042,worksheet,f000121,regular,worksheet-formula,20,filled-column,1,E5:E24,TRIM,,0,bha.unresolved,catalog-category,
a20de360a6901fad,bha-tools,.xlsm,42,s0042,worksheet,f000122,regular,worksheet-formula,20,filled-column,1,C5:C24,,,0,bha.unresolved,catalog-category,
a20de360a6901fad,bha-tools,.xlsm,42,s0042,worksheet,f000123,regular,worksheet-formula,1,single-cell,1,F13,,,0,bha.unresolved,catalog-category,
a20de360a6901fad,bha-tools,.xlsm,42,s0042,worksheet,f000124,regular,worksheet-formula,1,single-cell,1,F22,UDF,,0,bha.unresolved,catalog-category,
a20de360a6901fad,bha-tools,.xlsm,42,s0042,worksheet,f000125,regular,worksheet-formula,1,single-cell,1,F19,UDF,,0,bha.unresolved,catalog-category,
a20de360a6901fad,bha-tools,.xlsm,42,s0042,worksheet,f000126,regular,worksheet-formula,1,single-cell,1,F23,UDF,,0,bha.unresolved,catalog-category,
a20de360a6901fad,bha-tools,.xlsm,42,s0042,worksheet,f000127,regular,worksheet-formula,1,single-cell,1,F11,EXP,,0,bha.unresolved,catalog-category,
a20de360a6901fad,bha-tools,.xlsm,42,s0042,worksheet,f000128,regular,worksheet-formula,1,single-cell,1,F17,EXP|SIN,,0,bha.unresolved,catalog-category,
a20de360a6901fad,bha-tools,.xlsm,42,s0042,worksheet,f000129,regular,worksheet-formula,1,single-cell,1,F6,,,0,bha.unresolved,catalog-category,
a20de360a6901fad,bha-tools,.xlsm,42,s0042,worksheet,f000130,regular,worksheet-formula,1,single-cell,1,F8,,,0,bha.unresolved,catalog-category,
a20de360a6901fad,bha-tools,.xlsm,42,s0042,worksheet,f000131,regular,worksheet-formula,1,single-cell,1,F12,EXP,,0,bha.unresolved,catalog-category,
a20de360a6901fad,bha-tools,.xlsm,42,s0042,worksheet,f000132,regular,worksheet-formula,1,single-cell,1,F18,UDF,,0,bha.unresolved,catalog-category,
a20de360a6901fad,bha-tools,.xlsm,42,s0042,worksheet,f000133,regular,worksheet-formula,1,single-cell,1,F24,UDF,,0,bha.unresolved,catalog-category,
a20de360a6901fad,bha-tools,.xlsm,42,s0042,worksheet,f000134,regular,worksheet-formula,1,single-cell,1,F7,SIN,,0,bha.unresolved,catalog-category,
a20de360a6901fad,bha-tools,.xlsm,42,s0042,worksheet,f000135,regular,worksheet-formula,1,single-cell,1,F16,,,0,bha.unresolved,catalog-category,
a20de360a6901fad,bha-tools,.xlsm,42,s0042,worksheet,f000136,regular,worksheet-formula,1,single-cell,1,F14,,,0,bha.unresolved,catalog-category,
a20de360a6901fad,bha-tools,.xlsm,42,s0042,worksheet,f000137,regular,worksheet-formula,1,single-cell,1,F9,,,0,bha.unresolved,catalog-category,
a20de360a6901fad,bha-tools,.xlsm,19,s0019,worksheet,f000138,regular,worksheet-formula,3,filled-column,1,F8:F64,,,0,bha.unresolved,catalog-category,
a20de360a6901fad,bha-tools,.xlsm,19,s0019,worksheet,f000139,regular,worksheet-formula,5,filled-column,1,F49:F69,,,0,bha.unresolved,catalog-category,
a20de360a6901fad,bha-tools,.xlsm,19,s0019,worksheet,f000140,regular,worksheet-formula,3,filled-column,1,F73:F75,,,0,bha.unresolved,catalog-category,
a20de360a6901fad,bha-tools,.xlsm,19,s0019,worksheet,f000141,regular,worksheet-formula,3,filled-column,1,F45:F47,,,0,bha.unresolved,catalog-category,
a20de360a6901fad,bha-tools,.xlsm,19,s0019,worksheet,f000142,regular,worksheet-formula,1,single-cell,1,F58,,,0,bha.unresolved,catalog-category,
a20de360a6901fad,bha-tools,.xlsm,19,s0019,worksheet,f000143,regular,worksheet-formula,4,filled-column,1,F63:F68,,,0,bha.unresolved,catalog-category,
a20de360a6901fad,bha-tools,.xlsm,19,s0019,worksheet,f000144,regular,worksheet-formula,4,filled-column,1,F54:F62,,,0,bha.unresolved,catalog-category,
a20de360a6901fad,bha-tools,.xlsm,19,s0019,worksheet,f000145,regular,worksheet-formula,1,single-cell,1,F11,,,0,bha.unresolved,catalog-category,
a20de360a6901fad,bha-tools,.xlsm,19,s0019,worksheet,f000146,regular,worksheet-formula,1,single-cell,1,F20,,,0,bha.unresolved,catalog-category,
a20de360a6901fad,bha-tools,.xlsm,19,s0019,worksheet,f000147,regular,worksheet-formula,1,single-cell,1,F53,,,0,bha.unresolved,catalog-category,
a20de360a6901fad,bha-tools,.xlsm,19,s0019,worksheet,f000148,regular,worksheet-formula,1,single-cell,1,F57,,,0,bha.unresolved,catalog-category,
a20de360a6901fad,bha-tools,.xlsm,19,s0019,worksheet,f000149,regular,worksheet-formula,1,single-cell,1,F71,,,0,bha.unresolved,catalog-category,
a20de360a6901fad,bha-tools,.xlsm,19,s0019,worksheet,f000150,regular,worksheet-formula,1,single-cell,1,F60,,,0,bha.unresolved,catalog-category,
a20de360a6901fad,bha-tools,.xlsm,19,s0019,worksheet,f000151,regular,worksheet-formula,2,filled-column,1,F59:F70,,,0,bha.unresolved,catalog-category,
a20de360a6901fad,bha-tools,.xlsm,43,s0043,worksheet,f000152,regular,worksheet-formula,12,rectangular-table,1,B25:C30,,,0,bha.unresolved,catalog-category,
a20de360a6901fad,bha-tools,.xlsm,43,s0043,worksheet,f000153,regular,worksheet-formula,12,rectangular-table,1,K8:L13,,,0,bha.unresolved,catalog-category,
a20de360a6901fad,bha-tools,.xlsm,43,s0043,worksheet,f000154,regular,worksheet-formula,12,rectangular-table,1,K23:T28,COS|RADIANS|SIN,,0,bha.unresolved,catalog-category,
a20de360a6901fad,bha-tools,.xlsm,43,s0043,worksheet,f000155,regular,worksheet-formula,6,filled-column,1,U6:U11,COS|RADIANS|SIN,,0,bha.unresolved,catalog-category,
a20de360a6901fad,bha-tools,.xlsm,43,s0043,worksheet,f000156,regular,worksheet-formula,28,rectangular-table,1,P33:Q47,,,0,bha.unresolved,catalog-category,
a20de360a6901fad,bha-tools,.xlsm,43,s0043,worksheet,f000157,regular,worksheet-formula,1,single-cell,1,C8,,,0,bha.unresolved,catalog-category,
a20de360a6901fad,bha-tools,.xlsm,43,s0043,worksheet,f000158,regular,worksheet-formula,12,rectangular-table,1,L23:U28,COS|RADIANS|SIN,,0,bha.unresolved,catalog-category,
a20de360a6901fad,bha-tools,.xlsm,43,s0043,worksheet,f000159,regular,worksheet-formula,6,filled-column,1,T6:T11,COS|RADIANS|SIN,,0,bha.unresolved,catalog-category,
a20de360a6901fad,bha-tools,.xlsm,21,s0021,worksheet,f000160,regular,worksheet-formula,90,filled-column,1,M7:M96,COS,,0,directional.coordinates,local-context,
a20de360a6901fad,bha-tools,.xlsm,21,s0021,worksheet,f000161,regular,worksheet-formula,90,filled-column,1,K7:K96,ACOS|COS|SIN,,0,bha.unresolved,catalog-category,
a20de360a6901fad,bha-tools,.xlsm,21,s0021,worksheet,f000162,regular,worksheet-formula,90,filled-column,1,O7:O96,COS|SIN,,0,bha.unresolved,catalog-category,
a20de360a6901fad,bha-tools,.xlsm,21,s0021,worksheet,f000163,regular,worksheet-formula,90,filled-column,1,L7:L96,TAN,,0,bha.unresolved,catalog-category,
a20de360a6901fad,bha-tools,.xlsm,21,s0021,worksheet,f000164,regular,worksheet-formula,3,filled-row,1,N5:R5,,,0,directional.coordinates,local-context,s
a20de360a6901fad,bha-tools,.xlsm,21,s0021,worksheet,f000165,regular,worksheet-formula,90,filled-column,1,Q7:Q96,SIN,,0,bha.unresolved,catalog-category,
a20de360a6901fad,bha-tools,.xlsm,21,s0021,worksheet,f000166,regular,worksheet-formula,360,rectangular-table,1,N7:V96,SUM,,0,directional.coordinates,local-context,s
a20de360a6901fad,bha-tools,.xlsm,21,s0021,worksheet,f000167,regular,worksheet-formula,271,multi-area,3,S7:S96|T7:T96|U6:U96,COS|SQRT,,0,bha.unresolved,catalog-category,s
a20de360a6901fad,bha-tools,.xlsm,21,s0021,worksheet,f000168,regular,worksheet-formula,184,rectangular-table,1,H5:I96,RADIANS,,0,bha.unresolved,catalog-category,rad
a20de360a6901fad,bha-tools,.xlsm,40,s0040,worksheet,f000169,regular,worksheet-formula,19,filled-column,1,E27:E45,,,0,bha.unresolved,catalog-category,h|rpm
a20de360a6901fad,bha-tools,.xlsm,40,s0040,worksheet,f000170,regular,worksheet-formula,19,filled-column,1,C27:C45,RANDBETWEEN,RANDBETWEEN,0,bha.unresolved,catalog-category,h|rpm
a20de360a6901fad,bha-tools,.xlsm,40,s0040,worksheet,f000171,regular,worksheet-formula,1,single-cell,1,G27,,,0,bha.unresolved,catalog-category,h
a20de360a6901fad,bha-tools,.xlsm,40,s0040,worksheet,f000172,regular,worksheet-formula,2,filled-row,1,I27:J27,MAX,,0,bha.unresolved,catalog-category,
a20de360a6901fad,bha-tools,.xlsm,40,s0040,worksheet,f000173,regular,worksheet-formula,9547,filled-column,1,G479:G10025,,,0,bha.unresolved,catalog-category,
a20de360a6901fad,bha-tools,.xlsm,40,s0040,worksheet,f000174,regular,worksheet-formula,1,single-cell,1,F27,,,0,bha.unresolved,catalog-category,h
a20de360a6901fad,bha-tools,.xlsm,40,s0040,worksheet,f000175,regular,worksheet-formula,19,filled-column,1,B27:B45,RANDBETWEEN,RANDBETWEEN,0,bha.unresolved,catalog-category,h|rpm
a20de360a6901fad,bha-tools,.xlsm,40,s0040,worksheet,f000176,regular,worksheet-formula,18,filled-column,1,G28:G45,,,0,bha.unresolved,catalog-category,
a20de360a6901fad,bha-tools,.xlsm,40,s0040,worksheet,f000177,regular,worksheet-formula,9565,filled-column,1,F28:F10025,,,0,bha.unresolved,catalog-category,
a20de360a6901fad,bha-tools,.xlsm,40,s0040,worksheet,f000178,regular,worksheet-formula,19,filled-column,1,D27:D45,RANDBETWEEN,RANDBETWEEN,0,bha.unresolved,catalog-category,h|rpm
a20de360a6901fad,bha-tools,.xlsm,31,s0031,worksheet,f000179,regular,worksheet-formula,1180,filled-column,1,B4:B1183,IF|UDF,,0,bha.geometry|cross-cutting.unit-conversion|hydraulics.bit-nozzle|hydraulics.hydrostatic-pressure,local-context,Btu|Hz|J|K|L/min|L/s|MPa|MPa/m|N|Pa|W|bar|bbl|cP|cm|deg|degC|degC/100m|degF|degF/100ft|ft|ft/h|ft/min|ft/s|ft^2|ft^3|g/cm^3|gal|gal/min|h|hp|in|in^2|in^3|kJ|kN|kPa|kPa/m|kW|kg|kg/m|kg/m^3|klbf|lbf|lbf/(100*ft^2)|lbm|lbm/ft|lbm/ft^3|lbm/gal|m|m/h|m/s|m^2|m^3|m^3/min|m^3/s|min|mm|percent|ppm|psi|psi/ft|psia|psig|rad|rad/s|rpm|s
a86a606c50c1000a,hydraulics,.xls,4,s0004,worksheet,f000001,regular,worksheet-formula,2,filled-column,1,C32:C33,,,0,hydraulics.unresolved,catalog-category,rpm
a86a606c50c1000a,hydraulics,.xls,4,s0004,worksheet,f000002,regular,worksheet-formula,1,single-cell,1,C34,,,0,hydraulics.unresolved,catalog-category,
a86a606c50c1000a,hydraulics,.xls,4,s0004,worksheet,f000003,regular,worksheet-formula,3,filled-column,1,E24:E26,,,0,hydraulics.unresolved,catalog-category,rpm
a86a606c50c1000a,hydraulics,.xls,4,s0004,worksheet,f000004,regular,worksheet-formula,3,filled-column,1,E32:E34,,,0,hydraulics.unresolved,catalog-category,rpm
a86a606c50c1000a,hydraulics,.xls,3,s0003,worksheet,f000005,regular,worksheet-formula,1,single-cell,1,I20,,,0,hydraulics.unresolved,catalog-category,
a86a606c50c1000a,hydraulics,.xls,3,s0003,worksheet,f000006,regular,worksheet-formula,1,single-cell,1,I23,,,0,hydraulics.unresolved,catalog-category,
a86a606c50c1000a,hydraulics,.xls,3,s0003,worksheet,f000007,regular,worksheet-formula,1,single-cell,1,I5,,,0,hydraulics.unresolved,catalog-category,degC
a86a606c50c1000a,hydraulics,.xls,3,s0003,worksheet,f000008,regular,worksheet-formula,1,single-cell,1,H4,,,0,hydraulics.unresolved,catalog-category,degC
a86a606c50c1000a,hydraulics,.xls,3,s0003,worksheet,f000009,regular,worksheet-formula,5,filled-column,1,E8:E21,EXP,,0,hydraulics.unresolved,catalog-category,
a86a606c50c1000a,hydraulics,.xls,3,s0003,worksheet,f000010,regular,worksheet-formula,1,single-cell,1,I9,,,0,hydraulics.unresolved,catalog-category,
a86a606c50c1000a,hydraulics,.xls,2,s0002,worksheet,f000011,regular,worksheet-formula,8,rectangular-table,1,E19:H27,EXP,,0,hydraulics.unresolved,catalog-category,degC|psi
a86a606c50c1000a,hydraulics,.xls,2,s0002,worksheet,f000012,regular,worksheet-formula,1,single-cell,1,J27,EXP,,0,hydraulics.unresolved,catalog-category,
a86a606c50c1000a,hydraulics,.xls,2,s0002,worksheet,f000013,regular,worksheet-formula,1,single-cell,1,C18,,,0,hydraulics.unresolved,catalog-category,degC|psi
a86a606c50c1000a,hydraulics,.xls,2,s0002,worksheet,f000014,regular,worksheet-formula,3,multi-area,3,I19|I27|J19,EXP,,0,hydraulics.unresolved,catalog-category,
aaa642ca1d4178f6,hydraulics,.xlsx,3,s0003,worksheet,f000001,regular,worksheet-formula,440,multi-area,44,B3:B12|B16:B25|B29:B38|B49:B58|B62:B71|B75:B84|C3:C12|C16:C25|C29:C38|C49:C58|C62:C71|C75:C84|D3:D12|D16:D25|D29:D38|D49:D58|D62:D71|D75:D84|E3:E12|E16:E25|E29:E38|E49:E58|E62:E71|E75:E84|F16:F25|F29:F38|F62:F71|F75:F84|G3:G12|G16:G25|G29:G38|G49:G58|G62:G71|G75:G84|H3:H12|H16:H25|H29:H38|H49:H58|H62:H71|H75:H84|I16:I25|I29:I38|I62:I71|I75:I84,,,0,hydraulics.equivalent-circulating-density|hydraulics.pressure-loss,local-context,gal/min|ppg|psi|rpm
aaa642ca1d4178f6,hydraulics,.xlsx,3,s0003,worksheet,f000002,regular,worksheet-formula,80,rectangular-table,1,J3:M58,ABS,,0,hydraulics.unresolved,catalog-category,
aaa642ca1d4178f6,hydraulics,.xlsx,1,s0001,worksheet,f000003,regular,worksheet-formula,1,single-cell,1,I4,SUM,,0,cross-cutting.validation,local-context,ft|in
ad8281d5b5ff5bf8,torque-drag-drillstring,.xls,1,s0001,worksheet,f000001,regular,worksheet-formula,1,single-cell,1,E15,,,0,torque-drag.unresolved,catalog-category,ft
ad8281d5b5ff5bf8,torque-drag-drillstring,.xls,1,s0001,worksheet,f000002,regular,worksheet-formula,1,single-cell,1,G15,,,0,torque-drag.unresolved,catalog-category,ft
ad8281d5b5ff5bf8,torque-drag-drillstring,.xls,1,s0001,worksheet,f000003,regular,worksheet-formula,1,single-cell,1,G14,,,0,torque-drag.unresolved,catalog-category,ft
ad8281d5b5ff5bf8,torque-drag-drillstring,.xls,1,s0001,worksheet,f000004,regular,worksheet-formula,1,single-cell,1,E14,,,0,torque-drag.unresolved,catalog-category,ft
ae621c1b35daafb1,directional,.xlsx,2,s0002,worksheet,f000001,regular,worksheet-formula,1,single-cell,1,B11,,,0,directional.coordinates,local-context,
ae621c1b35daafb1,directional,.xlsx,2,s0002,worksheet,f000002,regular,worksheet-formula,1,single-cell,1,G8,RADIANS|TAN,,0,directional.coordinates,local-context,
ae621c1b35daafb1,directional,.xlsx,1,s0001,worksheet,f000003,regular,worksheet-formula,1,single-cell,1,D29,,,0,directional.dogleg-severity,local-context,
ae621c1b35daafb1,directional,.xlsx,1,s0001,worksheet,f000004,regular,worksheet-formula,2,filled-column,1,E11:E12,,,0,directional.dogleg-severity,local-context,ft
ae621c1b35daafb1,directional,.xlsx,1,s0001,worksheet,f000005,regular,worksheet-formula,1,single-cell,1,H21,RADIANS,,0,directional.unresolved,catalog-category,
ae621c1b35daafb1,directional,.xlsx,1,s0001,worksheet,f000006,regular,worksheet-formula,2,filled-column,1,H11:H27,ATAN|COS|DEGREES|SIN|TAN,,0,directional.dogleg-severity,local-context,
ae621c1b35daafb1,directional,.xlsx,1,s0001,worksheet,f000007,regular,worksheet-formula,4,filled-column,1,D11:D28,,,0,directional.dogleg-severity,local-context,ft
ae621c1b35daafb1,directional,.xlsx,1,s0001,worksheet,f000008,regular,worksheet-formula,2,filled-column,1,H13:H29,ACOS|COS|DEGREES|SIN,,0,directional.dogleg-severity,local-context,
ae621c1b35daafb1,directional,.xlsx,1,s0001,worksheet,f000009,regular,worksheet-formula,2,filled-column,1,E27:E28,,,0,directional.dogleg-severity,local-context,
ae621c1b35daafb1,directional,.xlsx,1,s0001,worksheet,f000010,regular,worksheet-formula,1,single-cell,1,D13,,,0,directional.dogleg-severity,local-context,ft
ae621c1b35daafb1,directional,.xlsx,1,s0001,worksheet,f000011,regular,worksheet-formula,1,single-cell,1,H10,ATAN|COS|PI|SIN,,0,directional.dogleg-severity,local-context,
ae621c1b35daafb1,directional,.xlsx,1,s0001,worksheet,f000012,regular,worksheet-formula,1,single-cell,1,H5,RADIANS,,0,directional.unresolved,catalog-category,rad
ae621c1b35daafb1,directional,.xlsx,1,s0001,worksheet,f000013,regular,worksheet-formula,6,filled-column,1,H6:H24,RADIANS,,0,directional.unresolved,catalog-category,rad
ae9533001ab5aa68,torque-drag-drillstring,.xls,1,s0001,worksheet,f000001,regular,worksheet-formula,3,multi-area,3,G17|G39|O17,,,0,torque-drag.unresolved,catalog-category,in|in^2|psi
ae9533001ab5aa68,torque-drag-drillstring,.xls,1,s0001,worksheet,f000002,regular,worksheet-formula,2,filled-row,1,G15:O15,,,0,torque-drag.unresolved,catalog-category,in|in^2|psi
ae9533001ab5aa68,torque-drag-drillstring,.xls,1,s0001,worksheet,f000003,regular,worksheet-formula,1,single-cell,1,G22,,,0,torque-drag.unresolved,catalog-category,in
ae9533001ab5aa68,torque-drag-drillstring,.xls,1,s0001,worksheet,f000004,regular,worksheet-formula,1,single-cell,1,G9,,,0,torque-drag.stress-capacity,local-context,h|psi
ae9533001ab5aa68,torque-drag-drillstring,.xls,1,s0001,worksheet,f000005,regular,worksheet-formula,1,single-cell,1,K7,,,0,torque-drag.stress-capacity,local-context,h|in|psi|rad
ae9533001ab5aa68,torque-drag-drillstring,.xls,1,s0001,worksheet,f000006,regular,worksheet-formula,1,single-cell,1,G23,RADIANS|SIN,,0,torque-drag.unresolved,catalog-category,in
ae9533001ab5aa68,torque-drag-drillstring,.xls,1,s0001,worksheet,f000007,regular,worksheet-formula,1,single-cell,1,K9,,,0,torque-drag.stress-capacity,local-context,deg|h|in|psi|rad
ae9533001ab5aa68,torque-drag-drillstring,.xls,1,s0001,worksheet,f000008,regular,worksheet-formula,1,single-cell,1,G27,,,0,torque-drag.unresolved,catalog-category,
ae9533001ab5aa68,torque-drag-drillstring,.xls,1,s0001,worksheet,f000009,regular,worksheet-formula,1,single-cell,1,K8,,,0,torque-drag.stress-capacity,local-context,deg|h|in|psi|rad
ae9533001ab5aa68,torque-drag-drillstring,.xls,1,s0001,worksheet,f000010,regular,worksheet-formula,1,single-cell,1,K6,,,0,bha.bending-loading|torque-drag.stress-capacity,local-context,h|in|psi
ae9533001ab5aa68,torque-drag-drillstring,.xls,1,s0001,worksheet,f000011,regular,worksheet-formula,1,single-cell,1,O31,,,0,torque-drag.unresolved,catalog-category,
ae9533001ab5aa68,torque-drag-drillstring,.xls,1,s0001,worksheet,f000012,regular,worksheet-formula,1,single-cell,1,O14,PI,,0,torque-drag.unresolved,catalog-category,in^2|psi
ae9533001ab5aa68,torque-drag-drillstring,.xls,1,s0001,worksheet,f000013,regular,worksheet-formula,2,multi-area,2,G34|O33,PI,,0,torque-drag.unresolved,catalog-category,in|psi
ae9533001ab5aa68,torque-drag-drillstring,.xls,1,s0001,worksheet,f000014,regular,worksheet-formula,1,single-cell,1,G26,,,0,torque-drag.unresolved,catalog-category,
ae9533001ab5aa68,torque-drag-drillstring,.xls,1,s0001,worksheet,f000015,regular,worksheet-formula,1,single-cell,1,G38,PI,,0,torque-drag.unresolved,catalog-category,in|in^2
ae9533001ab5aa68,torque-drag-drillstring,.xls,1,s0001,worksheet,f000016,regular,worksheet-formula,3,filled-column,1,G6:G31,PI,,0,bha.bending-loading|torque-drag.stress-capacity,local-context,h|in|psi
ae9533001ab5aa68,torque-drag-drillstring,.xls,1,s0001,worksheet,f000017,regular,worksheet-formula,1,single-cell,1,G21,RADIANS|SIN,,0,torque-drag.unresolved,catalog-category,in
ae9533001ab5aa68,torque-drag-drillstring,.xls,1,s0001,worksheet,f000018,regular,worksheet-formula,1,single-cell,1,O9,,,0,torque-drag.unresolved,catalog-category,deg|in|rad
ae9533001ab5aa68,torque-drag-drillstring,.xls,1,s0001,worksheet,f000019,regular,worksheet-formula,1,single-cell,1,O34,,,0,torque-drag.unresolved,catalog-category,
ae9533001ab5aa68,torque-drag-drillstring,.xls,1,s0001,worksheet,f000020,regular,worksheet-formula,1,single-cell,1,G7,PI,,0,torque-drag.stress-capacity,local-context,h|psi
ae9533001ab5aa68,torque-drag-drillstring,.xls,1,s0001,worksheet,f000021,regular,worksheet-formula,1,single-cell,1,G10,,,0,torque-drag.stress-capacity,local-context,h|psi
ae9533001ab5aa68,torque-drag-drillstring,.xls,1,s0001,worksheet,f000022,regular,worksheet-formula,1,single-cell,1,O10,DEGREES,,0,torque-drag.unresolved,catalog-category,deg|rad
ae9533001ab5aa68,torque-drag-drillstring,.xls,1,s0001,worksheet,f000023,regular,worksheet-formula,1,single-cell,1,G14,PI,,0,torque-drag.unresolved,catalog-category,in|in^2|psi
aeba21cbab05dedc,hydraulics,.xls,1,s0001,worksheet,f000001,regular,worksheet-formula,2,filled-column,1,I10:I16,PI,,0,hydraulics.unresolved,catalog-category,ft|gal/min|percent|s|strokes/min
aeba21cbab05dedc,hydraulics,.xls,1,s0001,worksheet,f000002,regular,worksheet-formula,4,rectangular-table,1,F16:G22,IF,,0,hydraulics.bit-nozzle|hydraulics.rheology,local-context,ft|gal/min|percent|s|strokes/min
aeba21cbab05dedc,hydraulics,.xls,1,s0001,worksheet,f000003,regular,worksheet-formula,2,multi-area,2,I22|O24,,,0,hydraulics.bit-nozzle|hydraulics.rheology,local-context,gal/min
aeba21cbab05dedc,hydraulics,.xls,1,s0001,worksheet,f000004,regular,worksheet-formula,5,filled-column,1,Q9:Q13,EXP|LN,,0,hydraulics.unresolved,catalog-category,
aeba21cbab05dedc,hydraulics,.xls,1,s0001,worksheet,f000005,regular,worksheet-formula,2,filled-row,1,F11:G11,EXP|IF|UDF,,0,hydraulics.unresolved,catalog-category,gal/min|s|strokes/min
aeba21cbab05dedc,hydraulics,.xls,1,s0001,worksheet,f000006,regular,worksheet-formula,1,single-cell,1,O15,,,0,hydraulics.unresolved,catalog-category,
aeba21cbab05dedc,hydraulics,.xls,1,s0001,worksheet,f000007,regular,worksheet-formula,5,filled-column,1,K9:K13,,,0,hydraulics.unresolved,catalog-category,gal/min|s|strokes/min
aeba21cbab05dedc,hydraulics,.xls,1,s0001,worksheet,f000008,regular,worksheet-formula,1,single-cell,1,L3,,,0,hydraulics.unresolved,catalog-category,
aeba21cbab05dedc,hydraulics,.xls,1,s0001,worksheet,f000009,regular,worksheet-formula,5,filled-column,1,L25:L29,,,0,hydraulics.bit-nozzle,local-context,ppg|psi
aeba21cbab05dedc,hydraulics,.xls,1,s0001,worksheet,f000010,regular,worksheet-formula,1,single-cell,1,C3,NOW|TEXT,NOW,0,hydraulics.unresolved,catalog-category,s
aeba21cbab05dedc,hydraulics,.xls,1,s0001,worksheet,f000011,regular,worksheet-formula,5,filled-column,1,R9:R13,EXP|LN,,0,hydraulics.unresolved,catalog-category,
aeba21cbab05dedc,hydraulics,.xls,1,s0001,worksheet,f000012,regular,worksheet-formula,1,single-cell,1,R24,,,0,hydraulics.unresolved,catalog-category,
aeba21cbab05dedc,hydraulics,.xls,1,s0001,worksheet,f000013,regular,worksheet-formula,5,filled-column,1,R2:R6,EXP|LN,,0,hydraulics.unresolved,catalog-category,
aeba21cbab05dedc,hydraulics,.xls,1,s0001,worksheet,f000014,regular,worksheet-formula,1,single-cell,1,P24,,,0,hydraulics.unresolved,catalog-category,
aeba21cbab05dedc,hydraulics,.xls,1,s0001,worksheet,f000015,regular,worksheet-formula,3,filled-row,1,C12:E12,,,0,hydraulics.unresolved,catalog-category,s
aeba21cbab05dedc,hydraulics,.xls,1,s0001,worksheet,f000016,regular,worksheet-formula,5,filled-column,1,L19:L23,EXP,,0,hydraulics.bit-nozzle|hydraulics.rheology,local-context,gal/min|ppg
aeba21cbab05dedc,hydraulics,.xls,1,s0001,worksheet,f000017,regular,worksheet-formula,1,single-cell,1,S15,,,0,hydraulics.unresolved,catalog-category,
aeba21cbab05dedc,hydraulics,.xls,1,s0001,worksheet,f000018,regular,worksheet-formula,2,filled-row,1,F12:G12,IF|UDF,,0,hydraulics.unresolved,catalog-category,gal/min|percent|s
aeba21cbab05dedc,hydraulics,.xls,1,s0001,worksheet,f000019,regular,worksheet-formula,5,filled-column,1,Q2:Q6,EXP|LN,,0,hydraulics.unresolved,catalog-category,
aeba21cbab05dedc,hydraulics,.xls,1,s0001,worksheet,f000020,regular,worksheet-formula,2,filled-column,1,G13:G18,IF,,0,hydraulics.rheology,local-context,ft|gal/min|percent|ppg|s|strokes/min
aeba21cbab05dedc,hydraulics,.xls,1,s0001,worksheet,f000021,regular,worksheet-formula,1,single-cell,1,F17,IF,,0,hydraulics.unresolved,catalog-category,ft|gal/min|s
aeba21cbab05dedc,hydraulics,.xls,1,s0001,worksheet,f000022,regular,worksheet-formula,1,single-cell,1,G25,,,0,hydraulics.bit-nozzle,local-context,psi
aeba21cbab05dedc,hydraulics,.xls,1,s0001,worksheet,f000023,regular,worksheet-formula,3,filled-row,1,C17:E17,,,0,hydraulics.unresolved,catalog-category,s
aeba21cbab05dedc,hydraulics,.xls,1,s0001,worksheet,f000024,regular,worksheet-formula,1,single-cell,1,E28,,,0,hydraulics.unresolved,catalog-category,hp|percent|ppg|psi
aeba21cbab05dedc,hydraulics,.xls,1,s0001,worksheet,f000025,regular,worksheet-formula,5,filled-column,1,M19:M23,EXP,,0,hydraulics.unresolved,catalog-category,
aeba21cbab05dedc,hydraulics,.xls,1,s0001,worksheet,f000026,regular,worksheet-formula,5,filled-column,1,N2:N6,LN,,0,hydraulics.unresolved,catalog-category,
aeba21cbab05dedc,hydraulics,.xls,1,s0001,worksheet,f000027,regular,worksheet-formula,8,rectangular-table,1,C13:F18,IF,,0,hydraulics.equivalent-circulating-density|hydraulics.rheology,local-context,ft|gal/min|percent|ppg|s|strokes/min
aeba21cbab05dedc,hydraulics,.xls,1,s0001,worksheet,f000028,regular,worksheet-formula,5,filled-column,1,L9:L13,,,0,hydraulics.unresolved,catalog-category,gal/min|strokes/min
aeba21cbab05dedc,hydraulics,.xls,1,s0001,worksheet,f000029,regular,worksheet-formula,1,single-cell,1,N24,,,0,hydraulics.unresolved,catalog-category,
aeba21cbab05dedc,hydraulics,.xls,1,s0001,worksheet,f000030,regular,worksheet-formula,5,filled-column,1,S9:S13,EXP|LN,,0,hydraulics.unresolved,catalog-category,
aeba21cbab05dedc,hydraulics,.xls,1,s0001,worksheet,f000031,regular,worksheet-formula,1,single-cell,1,C24,,,0,hydraulics.bit-nozzle,local-context,hp
aeba21cbab05dedc,hydraulics,.xls,1,s0001,worksheet,f000032,regular,worksheet-formula,1,single-cell,1,L8,,,0,hydraulics.unresolved,catalog-category,percent
aeba21cbab05dedc,hydraulics,.xls,1,s0001,worksheet,f000033,regular,worksheet-formula,1,single-cell,1,Q15,,,0,hydraulics.unresolved,catalog-category,
aeba21cbab05dedc,hydraulics,.xls,1,s0001,worksheet,f000034,regular,worksheet-formula,5,filled-column,1,M14:M18,LN,,0,hydraulics.unresolved,catalog-category,
aeba21cbab05dedc,hydraulics,.xls,1,s0001,worksheet,f000035,regular,worksheet-formula,5,filled-column,1,K25:K29,,,0,hydraulics.bit-nozzle,local-context,ppg|psi
aeba21cbab05dedc,hydraulics,.xls,1,s0001,worksheet,f000036,regular,worksheet-formula,5,filled-row,1,C14:G14,IF|UDF,,0,hydraulics.unresolved,catalog-category,gal/min|percent|s|strokes/min
aeba21cbab05dedc,hydraulics,.xls,1,s0001,worksheet,f000037,regular,worksheet-formula,1,single-cell,1,E25,,,0,hydraulics.bit-nozzle,local-context,hp
aeba21cbab05dedc,hydraulics,.xls,1,s0001,worksheet,f000038,regular,worksheet-formula,1,single-cell,1,R15,,,0,hydraulics.unresolved,catalog-category,
aeba21cbab05dedc,hydraulics,.xls,1,s0001,worksheet,f000039,regular,worksheet-formula,21,multi-area,17,C16|C22|D16|D22|E16|E22|O7|O14|P7|P14|Q7|Q14|R7|R14|S7|S14|T9:T13,IF,,0,hydraulics.bit-nozzle|hydraulics.equivalent-circulating-density|hydraulics.hole-cleaning,local-context,gal/min|hp|s
aeba21cbab05dedc,hydraulics,.xls,1,s0001,worksheet,f000040,regular,worksheet-formula,1,single-cell,1,G17,IF,,0,hydraulics.unresolved,catalog-category,ft|gal/min|ppg|s|strokes/min
aeba21cbab05dedc,hydraulics,.xls,1,s0001,worksheet,f000041,regular,worksheet-formula,1,single-cell,1,Q24,,,0,hydraulics.unresolved,catalog-category,
aeba21cbab05dedc,hydraulics,.xls,1,s0001,worksheet,f000042,regular,worksheet-formula,1,single-cell,1,E27,,,0,hydraulics.unresolved,catalog-category,hp|percent|psi
aeba21cbab05dedc,hydraulics,.xls,1,s0001,worksheet,f000043,regular,worksheet-formula,1,single-cell,1,L2,,,0,hydraulics.unresolved,catalog-category,
aeba21cbab05dedc,hydraulics,.xls,1,s0001,worksheet,f000044,regular,worksheet-formula,5,filled-column,1,M25:M29,,,0,hydraulics.unresolved,catalog-category,
aeba21cbab05dedc,hydraulics,.xls,1,s0001,worksheet,f000045,regular,worksheet-formula,10,filled-column,1,M2:M13,LN,,0,hydraulics.unresolved,catalog-category,
aeba21cbab05dedc,hydraulics,.xls,1,s0001,worksheet,f000046,regular,worksheet-formula,3,filled-column,1,C25:C28,SUM,,0,hydraulics.bit-nozzle,local-context,hp|percent|psi
aeba21cbab05dedc,hydraulics,.xls,1,s0001,worksheet,f000047,regular,worksheet-formula,1,single-cell,1,C27,,,0,hydraulics.unresolved,catalog-category,hp|percent|psi
aeba21cbab05dedc,hydraulics,.xls,1,s0001,worksheet,f000048,regular,worksheet-formula,3,filled-row,1,C11:E11,EXP,,0,hydraulics.unresolved,catalog-category,s
aeba21cbab05dedc,hydraulics,.xls,1,s0001,worksheet,f000049,regular,worksheet-formula,1,single-cell,1,G24,LN,,0,hydraulics.bit-nozzle,local-context,gal/min
aeba21cbab05dedc,hydraulics,.xls,1,s0001,worksheet,f000050,regular,worksheet-formula,1,single-cell,1,E24,SQRT,,0,hydraulics.bit-nozzle,local-context,hp
aeba21cbab05dedc,hydraulics,.xls,1,s0001,worksheet,f000051,regular,worksheet-formula,1,single-cell,1,P15,,,0,hydraulics.unresolved,catalog-category,
aeba21cbab05dedc,hydraulics,.xls,1,s0001,worksheet,f000052,regular,worksheet-formula,5,filled-column,1,L14:L18,LN,,0,hydraulics.unresolved,catalog-category,ft|gal/min|percent|strokes/min
aeba21cbab05dedc,hydraulics,.xls,1,s0001,worksheet,f000053,regular,worksheet-formula,1,single-cell,1,J25,,,0,hydraulics.bit-nozzle,local-context,psi
aeba21cbab05dedc,hydraulics,.xls,1,s0001,worksheet,f000054,regular,worksheet-formula,5,filled-column,1,N25:N29,SQRT,,0,hydraulics.unresolved,catalog-category,
aeba21cbab05dedc,hydraulics,.xls,1,s0001,worksheet,f000055,regular,worksheet-formula,1,single-cell,1,E26,,,0,hydraulics.unresolved,catalog-category,hp|percent
af96303bd2882c28,hydraulics,.xlsx,3,s0003,worksheet,f000001,regular,worksheet-formula,480,rectangular-table,1,B3:I84,,,0,hydraulics.equivalent-circulating-density|hydraulics.pressure-loss,local-context,gal/min|ppg|psi|rpm
af96303bd2882c28,hydraulics,.xlsx,1,s0001,worksheet,f000002,regular,worksheet-formula,1,single-cell,1,I4,SUM,,0,cross-cutting.validation,local-context,ft|in
b147eb91b2f2fd18,thermal,.xlsm,28,s0028,worksheet,f000001,regular,worksheet-formula,4,filled-column,1,J23:J36,,,0,cross-cutting.lookup,local-context,
b147eb91b2f2fd18,thermal,.xlsm,28,s0028,worksheet,f000002,regular,worksheet-formula,1,single-cell,1,I23,,,0,cross-cutting.lookup,local-context,
b147eb91b2f2fd18,thermal,.xlsm,28,s0028,worksheet,f000003,regular,worksheet-formula,30,rectangular-table,1,S21:U35,,,0,cross-cutting.lookup,local-context,N
b147eb91b2f2fd18,thermal,.xlsm,28,s0028,worksheet,f000004,regular,worksheet-formula,100,filled-column,1,AG21:AG120,COUNTIF|IF,,0,cross-cutting.lookup,local-context,
b147eb91b2f2fd18,thermal,.xlsm,28,s0028,worksheet,f000005,regular,worksheet-formula,2,filled-row,1,R27:T27,,,0,cross-cutting.lookup,local-context,
b147eb91b2f2fd18,thermal,.xlsm,28,s0028,worksheet,f000006,regular,worksheet-formula,1,single-cell,1,H23,,,0,cross-cutting.lookup,local-context,mm
b147eb91b2f2fd18,thermal,.xlsm,28,s0028,worksheet,f000007,regular,worksheet-formula,100,filled-column,1,AI21:AI120,IF|UDF,,0,cross-cutting.lookup,local-context,
b147eb91b2f2fd18,thermal,.xlsm,28,s0028,worksheet,f000008,regular,worksheet-formula,100,filled-column,1,AH21:AH120,IF|INDEX|MATCH|MAX|ROWS,,0,cross-cutting.lookup,local-context,
b147eb91b2f2fd18,thermal,.xlsm,28,s0028,worksheet,f000009,regular,worksheet-formula,1,single-cell,1,K23,,,0,bha.motor-performance|cross-cutting.lookup,local-context,
b147eb91b2f2fd18,thermal,.xlsm,28,s0028,worksheet,f000010,regular,worksheet-formula,12,rectangular-table,1,G16:L17,COLUMN|VLOOKUP,,0,bha.motor-performance|cross-cutting.lookup,local-context,mm
b147eb91b2f2fd18,thermal,.xlsm,28,s0028,worksheet,f000011,regular,worksheet-formula,36,rectangular-table,1,E16:AB17,COLUMN|VLOOKUP,,0,bha.motor-performance|cross-cutting.lookup,local-context,N|ft|lbf|mm|rpm
b147eb91b2f2fd18,thermal,.xlsm,43,s0043,worksheet,f000012,regular,worksheet-formula,49,filled-column,1,L25:L83,,,0,thermal.unresolved,catalog-category,
b147eb91b2f2fd18,thermal,.xlsm,43,s0043,worksheet,f000013,regular,worksheet-formula,49,filled-column,1,F25:F83,COS|RADIANS,,0,thermal.unresolved,catalog-category,ft|min
b147eb91b2f2fd18,thermal,.xlsm,43,s0043,worksheet,f000014,regular,worksheet-formula,49,filled-column,1,M25:M83,,,0,thermal.unresolved,catalog-category,
b147eb91b2f2fd18,thermal,.xlsm,43,s0043,worksheet,f000015,regular,worksheet-formula,49,filled-column,1,G25:G83,COS|RADIANS|SIN,,0,thermal.unresolved,catalog-category,ft|min
b147eb91b2f2fd18,thermal,.xlsm,43,s0043,worksheet,f000016,regular,worksheet-formula,32,filled-column,1,E47:E83,MAX,,0,thermal.unresolved,catalog-category,ft|min
b147eb91b2f2fd18,thermal,.xlsm,43,s0043,worksheet,f000017,regular,worksheet-formula,49,filled-column,1,H25:H83,RADIANS|SIN,,0,thermal.unresolved,catalog-category,
b147eb91b2f2fd18,thermal,.xlsm,43,s0043,worksheet,f000018,regular,worksheet-formula,17,filled-column,1,E25:E41,MAX,,0,thermal.unresolved,catalog-category,ft|min
b147eb91b2f2fd18,thermal,.xlsm,43,s0043,worksheet,f000019,regular,worksheet-formula,49,filled-column,1,I25:I83,COS|RADIANS,,0,thermal.unresolved,catalog-category,
b147eb91b2f2fd18,thermal,.xlsm,43,s0043,worksheet,f000020,regular,worksheet-formula,49,filled-column,1,K25:K83,,,0,thermal.unresolved,catalog-category,
b147eb91b2f2fd18,thermal,.xlsm,43,s0043,worksheet,f000021,regular,worksheet-formula,49,filled-column,1,J25:J83,RADIANS|SIN,,0,thermal.unresolved,catalog-category,
b147eb91b2f2fd18,thermal,.xlsm,43,s0043,worksheet,f000022,regular,worksheet-formula,1,single-cell,1,B86,CONCATENATE|TODAY|UDF,TODAY,0,thermal.unresolved,catalog-category,
b147eb91b2f2fd18,thermal,.xlsm,36,s0036,worksheet,f000023,regular,worksheet-formula,708,rectangular-table,1,AZ32:BE149,ABS|IF|IFERROR|OR|UDF,,0,thermal.unresolved,catalog-category,
b147eb91b2f2fd18,thermal,.xlsm,3,s0003,worksheet,f000024,regular,worksheet-formula,1,single-cell,1,D40,IF,,0,bha.motor-performance,local-context,
b147eb91b2f2fd18,thermal,.xlsm,3,s0003,worksheet,f000025,regular,worksheet-formula,10,filled-column,1,AL40:AL49,IF,,0,thermal.unresolved,catalog-category,kPa
b147eb91b2f2fd18,thermal,.xlsm,3,s0003,worksheet,f000026,regular,worksheet-formula,1,single-cell,1,AF30,IF,,0,thermal.unresolved,catalog-category,
b147eb91b2f2fd18,thermal,.xlsm,3,s0003,worksheet,f000027,regular,worksheet-formula,10,filled-column,1,AA40:AA49,IF,,0,thermal.unresolved,catalog-category,N*m
b147eb91b2f2fd18,thermal,.xlsm,3,s0003,worksheet,f000028,regular,worksheet-formula,1,single-cell,1,M72,CONCATENATE|ROUND,,0,thermal.unresolved,catalog-category,
b147eb91b2f2fd18,thermal,.xlsm,3,s0003,worksheet,f000029,regular,worksheet-formula,1,single-cell,1,O58,,,0,thermal.unresolved,catalog-category,
b147eb91b2f2fd18,thermal,.xlsm,3,s0003,worksheet,f000030,regular,worksheet-formula,10,filled-column,1,S40:S49,IF,,0,thermal.unresolved,catalog-category,N*m|kPa
b147eb91b2f2fd18,thermal,.xlsm,3,s0003,worksheet,f000031,regular,worksheet-formula,89,multi-area,9,D41:D49|J40:J49|M40:M49|Q40:Q49|V40:V49|Y40:Y49|AC40:AC49|AG40:AG49|AJ40:AJ49,IF,,0,bha.motor-performance,local-context,ft|gal|hp|psi|rpm
b147eb91b2f2fd18,thermal,.xlsm,3,s0003,worksheet,f000032,regular,worksheet-formula,10,filled-column,1,AE40:AE49,IF,,0,thermal.unresolved,catalog-category,kW
b147eb91b2f2fd18,thermal,.xlsm,3,s0003,worksheet,f000033,regular,worksheet-formula,1,single-cell,1,Y28,CONCATENATE|ROUND,,0,thermal.unresolved,catalog-category,
b147eb91b2f2fd18,thermal,.xlsm,3,s0003,worksheet,f000034,regular,worksheet-formula,1,single-cell,1,P28,CONCATENATE|IF|ROUND,,0,thermal.unresolved,catalog-category,
b147eb91b2f2fd18,thermal,.xlsm,3,s0003,worksheet,f000035,regular,worksheet-formula,1,single-cell,1,AM50,CONCATENATE|ROUND,,0,thermal.unresolved,catalog-category,
b147eb91b2f2fd18,thermal,.xlsm,3,s0003,worksheet,f000036,regular,worksheet-formula,1,single-cell,1,M74,CONCATENATE|ROUND,,0,thermal.unresolved,catalog-category,
b147eb91b2f2fd18,thermal,.xlsm,3,s0003,worksheet,f000037,regular,worksheet-formula,10,filled-column,1,O40:O49,IF,,0,thermal.unresolved,catalog-category,
b147eb91b2f2fd18,thermal,.xlsm,3,s0003,worksheet,f000038,regular,worksheet-formula,1,single-cell,1,M75,CONCATENATE|IF|ROUND,,0,thermal.unresolved,catalog-category,
b147eb91b2f2fd18,thermal,.xlsm,3,s0003,worksheet,f000039,regular,worksheet-formula,2,filled-column,1,M67:M73,CONCATENATE|ROUND,,0,thermal.unresolved,catalog-category,
b147eb91b2f2fd18,thermal,.xlsm,3,s0003,worksheet,f000040,regular,worksheet-formula,1,single-cell,1,O30,IF,,0,thermal.unresolved,catalog-category,
b147eb91b2f2fd18,thermal,.xlsm,3,s0003,worksheet,f000041,regular,worksheet-formula,1,single-cell,1,AH28,CONCATENATE|ROUND,,0,thermal.unresolved,catalog-category,
b147eb91b2f2fd18,thermal,.xlsm,3,s0003,worksheet,f000042,regular,worksheet-formula,1,single-cell,1,M77,CONCATENATE|ROUND,,0,thermal.unresolved,catalog-category,
b147eb91b2f2fd18,thermal,.xlsm,3,s0003,worksheet,f000043,regular,worksheet-formula,1,single-cell,1,M70,CONCATENATE|ROUND,,0,thermal.unresolved,catalog-category,
b147eb91b2f2fd18,thermal,.xlsm,3,s0003,worksheet,f000044,regular,worksheet-formula,2,filled-column,1,AL177:AL272,CONCATENATE|ROUND,,0,thermal.unresolved,catalog-category,
b147eb91b2f2fd18,thermal,.xlsm,3,s0003,worksheet,f000045,regular,worksheet-formula,1,single-cell,1,M76,CONCATENATE|IF|ROUND,,0,thermal.unresolved,catalog-category,
b147eb91b2f2fd18,thermal,.xlsm,3,s0003,worksheet,f000046,regular,worksheet-formula,1,single-cell,1,M68,CONCATENATE|ROUND,,0,thermal.unresolved,catalog-category,
b147eb91b2f2fd18,thermal,.xlsm,3,s0003,worksheet,f000047,regular,worksheet-formula,1,single-cell,1,G12,CONCATENATE,,0,thermal.unresolved,catalog-category,
b147eb91b2f2fd18,thermal,.xlsm,3,s0003,worksheet,f000048,regular,worksheet-formula,1,single-cell,1,Y30,CONCATENATE|IF|ROUND,,0,thermal.unresolved,catalog-category,
b147eb91b2f2fd18,thermal,.xlsm,3,s0003,worksheet,f000049,regular,worksheet-formula,1,single-cell,1,M64,CONCATENATE|ROUND,,0,thermal.unresolved,catalog-category,
b147eb91b2f2fd18,thermal,.xlsm,3,s0003,worksheet,f000050,regular,worksheet-formula,1,single-cell,1,I30,CONCATENATE,,0,thermal.unresolved,catalog-category,
b147eb91b2f2fd18,thermal,.xlsm,3,s0003,worksheet,f000051,regular,worksheet-formula,2,filled-column,1,M69:M71,CONCATENATE|ROUND,,0,thermal.unresolved,catalog-category,
b147eb91b2f2fd18,thermal,.xlsm,3,s0003,worksheet,f000052,regular,worksheet-formula,10,filled-column,1,C40:C49,IF,,0,bha.motor-performance,local-context,
b147eb91b2f2fd18,thermal,.xlsm,3,s0003,worksheet,f000053,regular,worksheet-formula,1,single-cell,1,H28,CONCATENATE|ROUND,,0,thermal.unresolved,catalog-category,
b147eb91b2f2fd18,thermal,.xlsm,3,s0003,worksheet,f000054,regular,worksheet-formula,2,filled-column,1,M63:M65,CONCATENATE|ROUND,,0,thermal.unresolved,catalog-category,
b147eb91b2f2fd18,thermal,.xlsm,3,s0003,worksheet,f000055,regular,worksheet-formula,3,filled-column,1,B90:B280,CONCATENATE|TODAY|UDF,TODAY,0,thermal.unresolved,catalog-category,
b147eb91b2f2fd18,thermal,.xlsm,7,s0007,worksheet,f000056,regular,worksheet-formula,38,rectangular-table,1,H67:L85,HLOOKUP|ROW,,0,directional.dogleg-severity,local-context,rpm
b147eb91b2f2fd18,thermal,.xlsm,7,s0007,worksheet,f000057,regular,worksheet-formula,2,filled-row,1,Y41:AO41,MIN,,0,directional.dogleg-severity,local-context,percent
b147eb91b2f2fd18,thermal,.xlsm,7,s0007,worksheet,f000058,regular,worksheet-formula,1,single-cell,1,J51,,,0,directional.dogleg-severity,local-context,N|in|rpm
b147eb91b2f2fd18,thermal,.xlsm,7,s0007,worksheet,f000059,regular,worksheet-formula,43,filled-column,1,N204:N246,ATAN|COS|IF|PI|SIN,,0,directional.dogleg-severity,local-context,deg/100ft|in|rad
b147eb91b2f2fd18,thermal,.xlsm,7,s0007,worksheet,f000060,regular,worksheet-formula,19,filled-column,1,R149:R167,IF,,0,directional.dogleg-severity,local-context,deg/100ft|in|rad
b147eb91b2f2fd18,thermal,.xlsm,7,s0007,worksheet,f000061,regular,worksheet-formula,1,single-cell,1,Y71,,,0,directional.dogleg-severity,local-context,
b147eb91b2f2fd18,thermal,.xlsm,7,s0007,worksheet,f000062,regular,worksheet-formula,43,filled-column,1,S204:S246,COS|IF|PI|SQRT|TAN,,0,directional.dogleg-severity,local-context,deg/100ft|in
b147eb91b2f2fd18,thermal,.xlsm,7,s0007,worksheet,f000063,regular,worksheet-formula,1,single-cell,1,L43,LOOKUP|MAX,,0,directional.dogleg-severity,local-context,in
b147eb91b2f2fd18,thermal,.xlsm,7,s0007,worksheet,f000064,regular,worksheet-formula,57,multi-area,3,J175:J193|Q149:Q167|R175:R193,IF|SQRT,,0,directional.dogleg-severity,local-context,deg/100ft|in|rad
b147eb91b2f2fd18,thermal,.xlsm,7,s0007,worksheet,f000065,regular,worksheet-formula,11,multi-area,11,R43|R53|R63|Z43|Z53|Z63|AH43|AH53|AH63|AP43|AP53,AND|IF,,0,directional.dogleg-severity,local-context,mm
b147eb91b2f2fd18,thermal,.xlsm,7,s0007,worksheet,f000066,regular,worksheet-formula,1,single-cell,1,Y78,,,0,directional.dogleg-severity,local-context,
b147eb91b2f2fd18,thermal,.xlsm,7,s0007,worksheet,f000067,regular,worksheet-formula,43,filled-column,1,AF256:AF298,IF|UDF,,0,bha.bending-loading|directional.dogleg-severity|torque-drag.contact-force,local-context,ft
b147eb91b2f2fd18,thermal,.xlsm,7,s0007,worksheet,f000068,regular,worksheet-formula,1,single-cell,1,AD58,MAX,,0,directional.dogleg-severity,local-context,percent
b147eb91b2f2fd18,thermal,.xlsm,7,s0007,worksheet,f000069,regular,worksheet-formula,1,single-cell,1,AL41,MIN,,0,directional.dogleg-severity,local-context,percent
b147eb91b2f2fd18,thermal,.xlsm,7,s0007,worksheet,f000070,regular,worksheet-formula,1,single-cell,1,L204,COS|IF|PI|SIN,,0,directional.dogleg-severity,local-context,deg/100ft|in|rad
b147eb91b2f2fd18,thermal,.xlsm,7,s0007,worksheet,f000071,regular,worksheet-formula,43,filled-column,1,AC256:AC298,IF,,0,directional.dogleg-severity,local-context,ft
b147eb91b2f2fd18,thermal,.xlsm,7,s0007,worksheet,f000072,regular,worksheet-formula,1,single-cell,1,AP62,AND|IF,,0,directional.dogleg-severity,local-context,
b147eb91b2f2fd18,thermal,.xlsm,7,s0007,worksheet,f000073,regular,worksheet-formula,11,multi-area,11,R41|R51|R61|Z41|Z51|Z61|AH41|AH51|AH61|AP41|AP51,AND|IF,,0,directional.dogleg-severity,local-context,
b147eb91b2f2fd18,thermal,.xlsm,7,s0007,worksheet,f000074,regular,worksheet-formula,43,filled-column,1,T256:T298,IF,,0,directional.dogleg-severity,local-context,lbf|rpm
b147eb91b2f2fd18,thermal,.xlsm,7,s0007,worksheet,f000075,regular,worksheet-formula,2,filled-row,1,Y43:AO43,MIN,,0,directional.dogleg-severity,local-context,mm|percent
b147eb91b2f2fd18,thermal,.xlsm,7,s0007,worksheet,f000076,regular,worksheet-formula,43,filled-column,1,Q256:Q298,ASIN|IF|PI,,0,directional.dogleg-severity,local-context,lbf
b147eb91b2f2fd18,thermal,.xlsm,7,s0007,worksheet,f000077,regular,worksheet-formula,43,filled-column,1,R256:R298,IF|SIN,,0,directional.dogleg-severity,local-context,lbf
b147eb91b2f2fd18,thermal,.xlsm,7,s0007,worksheet,f000078,regular,worksheet-formula,42,filled-column,1,X257:X298,IF,,0,directional.dogleg-severity,local-context,rpm
b147eb91b2f2fd18,thermal,.xlsm,7,s0007,worksheet,f000079,regular,worksheet-formula,2,filled-column,1,AT61:AT62,MAX,,0,directional.dogleg-severity,local-context,percent
b147eb91b2f2fd18,thermal,.xlsm,7,s0007,worksheet,f000080,regular,worksheet-formula,38,rectangular-table,1,N175:V193,,,0,directional.dogleg-severity,local-context,deg/100ft|in|rad
b147eb91b2f2fd18,thermal,.xlsm,7,s0007,worksheet,f000081,regular,worksheet-formula,1,single-cell,1,AL42,MIN,,0,directional.dogleg-severity,local-context,percent
b147eb91b2f2fd18,thermal,.xlsm,7,s0007,worksheet,f000082,regular,worksheet-formula,2,filled-column,1,Y68:Y69,LOOKUP,,0,directional.dogleg-severity,local-context,percent
b147eb91b2f2fd18,thermal,.xlsm,7,s0007,worksheet,f000083,regular,worksheet-formula,1,single-cell,1,I32,,,0,directional.dogleg-severity,local-context,ft|in
b147eb91b2f2fd18,thermal,.xlsm,7,s0007,worksheet,f000084,regular,worksheet-formula,1,single-cell,1,V66,,,0,directional.dogleg-severity,local-context,
b147eb91b2f2fd18,thermal,.xlsm,7,s0007,worksheet,f000085,regular,worksheet-formula,19,filled-column,1,F367:F385,IF|VLOOKUP,,0,directional.dogleg-severity,local-context,ft
b147eb91b2f2fd18,thermal,.xlsm,7,s0007,worksheet,f000086,regular,worksheet-formula,12,rectangular-table,1,R39:AP59,AND|IF,,0,directional.dogleg-severity,local-context,
b147eb91b2f2fd18,thermal,.xlsm,7,s0007,worksheet,f000087,regular,worksheet-formula,1,single-cell,1,Y73,,,0,directional.dogleg-severity,local-context,
b147eb91b2f2fd18,thermal,.xlsm,7,s0007,worksheet,f000088,regular,worksheet-formula,1,single-cell,1,AP61,AND|IF,,0,directional.dogleg-severity,local-context,
b147eb91b2f2fd18,thermal,.xlsm,7,s0007,worksheet,f000089,regular,worksheet-formula,43,filled-column,1,F310:F352,IF|MAX|ROUND,,0,directional.dogleg-severity,local-context,deg/100ft|min
b147eb91b2f2fd18,thermal,.xlsm,7,s0007,worksheet,f000090,regular,worksheet-formula,1,single-cell,1,I55,,,0,directional.dogleg-severity,local-context,ft|in
b147eb91b2f2fd18,thermal,.xlsm,7,s0007,worksheet,f000091,regular,worksheet-formula,43,filled-column,1,N256:N298,IF,,0,directional.dogleg-severity,local-context,lbf
b147eb91b2f2fd18,thermal,.xlsm,7,s0007,worksheet,f000092,regular,worksheet-formula,1,single-cell,1,J53,,,0,directional.dogleg-severity,local-context,in|rpm
b147eb91b2f2fd18,thermal,.xlsm,7,s0007,worksheet,f000093,regular,worksheet-formula,43,filled-column,1,I310:I352,IF,,0,directional.dogleg-severity,local-context,deg/100ft|min
b147eb91b2f2fd18,thermal,.xlsm,7,s0007,worksheet,f000094,regular,worksheet-formula,43,filled-column,1,AH256:AH298,IF|UDF,,0,bha.bending-loading|directional.dogleg-severity|torque-drag.contact-force,local-context,rpm
b147eb91b2f2fd18,thermal,.xlsm,7,s0007,worksheet,f000095,regular,worksheet-formula,1,single-cell,1,X242,,,0,directional.dogleg-severity,local-context,in
b147eb91b2f2fd18,thermal,.xlsm,7,s0007,worksheet,f000096,regular,worksheet-formula,53,multi-area,15,V38:V43|V48:V53|V58:V63|AD38:AD43|AD48:AD49|AD59|AD61:AD63|AL38|AL40|AL48:AL53|AL58:AL59|AT38:AT40|AT43|AT48:AT53|AT58:AT60,,,0,directional.dogleg-severity,local-context,percent
b147eb91b2f2fd18,thermal,.xlsm,7,s0007,worksheet,f000097,regular,worksheet-formula,43,filled-column,1,L310:L352,AVERAGE|IF,,0,directional.dogleg-severity,local-context,min
b147eb91b2f2fd18,thermal,.xlsm,7,s0007,worksheet,f000098,regular,worksheet-formula,43,filled-column,1,O204:O246,ATAN|IF,,0,directional.dogleg-severity,local-context,deg/100ft|in|rad
b147eb91b2f2fd18,thermal,.xlsm,7,s0007,worksheet,f000099,regular,worksheet-formula,2,multi-area,2,AD53|AL63,MAX,,0,directional.dogleg-severity,local-context,percent
b147eb91b2f2fd18,thermal,.xlsm,7,s0007,worksheet,f000100,regular,worksheet-formula,43,filled-column,1,G204:G246,COS|IF|PI|SIN,,0,directional.dogleg-severity,local-context,deg|in|rad
b147eb91b2f2fd18,thermal,.xlsm,7,s0007,worksheet,f000101,regular,worksheet-formula,43,filled-column,1,F256:F298,COS|IF|PI|SIN,,0,directional.dogleg-severity,local-context,in|lbf
b147eb91b2f2fd18,thermal,.xlsm,7,s0007,worksheet,f000102,regular,worksheet-formula,19,filled-column,1,AB149:AB167,IF|RADIANS|SIN,,0,directional.dogleg-severity,local-context,in|rad
b147eb91b2f2fd18,thermal,.xlsm,7,s0007,worksheet,f000103,regular,worksheet-formula,1,single-cell,1,J56,,,0,directional.dogleg-severity,local-context,in
b147eb91b2f2fd18,thermal,.xlsm,7,s0007,worksheet,f000104,regular,worksheet-formula,12,rectangular-table,1,R38:AP58,AND|IF,,0,directional.dogleg-severity,local-context,
b147eb91b2f2fd18,thermal,.xlsm,7,s0007,worksheet,f000105,regular,worksheet-formula,43,filled-column,1,M256:M298,IF,,0,directional.dogleg-severity,local-context,lbf
b147eb91b2f2fd18,thermal,.xlsm,7,s0007,worksheet,f000106,regular,worksheet-formula,43,filled-column,1,P256:P298,IF,,0,directional.dogleg-severity,local-context,lbf
b147eb91b2f2fd18,thermal,.xlsm,7,s0007,worksheet,f000107,regular,worksheet-formula,33,filled-column,1,L21:L57,LOOKUP,,0,directional.dogleg-severity,local-context,deg|ft|in|lbf|rpm
b147eb91b2f2fd18,thermal,.xlsm,7,s0007,worksheet,f000108,regular,worksheet-formula,1,single-cell,1,AP63,AND|IF,,0,directional.dogleg-severity,local-context,
b147eb91b2f2fd18,thermal,.xlsm,7,s0007,worksheet,f000109,regular,worksheet-formula,1,single-cell,1,J39,,,0,bha.motor-performance|directional.dogleg-severity,local-context,ft|in
b147eb91b2f2fd18,thermal,.xlsm,7,s0007,worksheet,f000110,regular,worksheet-formula,1,single-cell,1,I54,,,0,directional.dogleg-severity,local-context,ft|in|rpm
b147eb91b2f2fd18,thermal,.xlsm,7,s0007,worksheet,f000111,regular,worksheet-formula,43,filled-column,1,U256:U298,IF|SQRT,,0,directional.dogleg-severity,local-context,lbf|rpm
b147eb91b2f2fd18,thermal,.xlsm,7,s0007,worksheet,f000112,regular,worksheet-formula,1,single-cell,1,J27,,,0,directional.dogleg-severity,local-context,lbf
b147eb91b2f2fd18,thermal,.xlsm,7,s0007,worksheet,f000113,regular,worksheet-formula,57,multi-area,23,Y38:Y40|Y42|Y48|Y50:Y51|Y53|Y59:Y63|AG38:AG43|AG48|AG50:AG51|AG53|AG58:AG63|AO38:AO40|AO42|AO48:AO53|AO58|AO60:AO61|AO63|AW38:AW40|AW43|AW48:AW53|AW58|AW60:AW61|AW63,,,0,directional.dogleg-severity,local-context,mm|percent
b147eb91b2f2fd18,thermal,.xlsm,7,s0007,worksheet,f000114,regular,worksheet-formula,1,single-cell,1,I24,,,0,bha.motor-performance|directional.dogleg-severity,local-context,in
b147eb91b2f2fd18,thermal,.xlsm,7,s0007,worksheet,f000115,regular,worksheet-formula,4,multi-area,4,Y52|AG52|AO62|AW62,MIN,,0,directional.dogleg-severity,local-context,percent
b147eb91b2f2fd18,thermal,.xlsm,7,s0007,worksheet,f000116,regular,worksheet-formula,1,single-cell,1,AT63,MAX,,0,directional.dogleg-severity,local-context,percent
b147eb91b2f2fd18,thermal,.xlsm,7,s0007,worksheet,f000117,regular,worksheet-formula,1,single-cell,1,I53,,,0,directional.dogleg-severity,local-context,ft|in|rpm
b147eb91b2f2fd18,thermal,.xlsm,7,s0007,worksheet,f000118,regular,worksheet-formula,43,filled-column,1,H256:H298,IF,,0,directional.dogleg-severity,local-context,in|lbf
b147eb91b2f2fd18,thermal,.xlsm,7,s0007,worksheet,f000119,regular,worksheet-formula,86,rectangular-table,1,H310:K352,IF,,0,directional.dogleg-severity,local-context,min
b147eb91b2f2fd18,thermal,.xlsm,7,s0007,worksheet,f000120,regular,worksheet-formula,1,single-cell,1,Y79,,,0,directional.dogleg-severity,local-context,
b147eb91b2f2fd18,thermal,.xlsm,7,s0007,worksheet,f000121,regular,worksheet-formula,19,filled-column,1,AC149:AC167,IF|PI|RADIANS|SIN,,0,directional.dogleg-severity,local-context,deg/100ft|in
b147eb91b2f2fd18,thermal,.xlsm,7,s0007,worksheet,f000122,regular,worksheet-formula,1,single-cell,1,AT42,MAX,,0,directional.dogleg-severity,local-context,percent
b147eb91b2f2fd18,thermal,.xlsm,7,s0007,worksheet,f000123,regular,worksheet-formula,12,rectangular-table,1,W36:AU56,VLOOKUP,,0,directional.dogleg-severity,local-context,percent
b147eb91b2f2fd18,thermal,.xlsm,7,s0007,worksheet,f000124,regular,worksheet-formula,559,multi-area,27,E149:E167|E175:E193|E367:E385|F175:F193|G175:G193|H66|H175:H193|I175:I193|K175:K193|L66|L175:L193|M310:M352|N310:N352|O310:O352|P175:P193|P310:P352|Q175:Q193|Q310:Q352|S175:S193|T175:T193|U32|U69:U83|V69:V83|X175:X193|Y70|Y72|AE256:AE298,,,0,bha.bending-loading|directional.dogleg-severity|torque-drag.contact-force,local-context,deg|deg/100ft|ft|in|mm|percent|rad|rpm
b147eb91b2f2fd18,thermal,.xlsm,7,s0007,worksheet,f000125,regular,worksheet-formula,1,single-cell,1,J35,,,0,directional.dogleg-severity,local-context,in
b147eb91b2f2fd18,thermal,.xlsm,7,s0007,worksheet,f000126,regular,worksheet-formula,11,multi-area,11,R42|R52|R62|Z42|Z52|Z62|AH42|AH52|AH62|AP42|AP52,AND|IF,,0,directional.dogleg-severity,local-context,
b147eb91b2f2fd18,thermal,.xlsm,7,s0007,worksheet,f000127,regular,worksheet-formula,43,filled-column,1,AS96:AS138,IF|PI|RADIANS,,0,directional.dogleg-severity,local-context,ft
b147eb91b2f2fd18,thermal,.xlsm,7,s0007,worksheet,f000128,regular,worksheet-formula,44,multi-area,2,G256:G298|X256,IF,,0,directional.dogleg-severity,local-context,in|lbf|rpm
b147eb91b2f2fd18,thermal,.xlsm,7,s0007,worksheet,f000129,regular,worksheet-formula,258,multi-area,6,G96:G138|P96:P138|AB96:AB138|AD256:AD298|AK96:AK138|AT96:AT138,IF|PI,,0,directional.dogleg-severity,local-context,ft
b147eb91b2f2fd18,thermal,.xlsm,7,s0007,worksheet,f000130,regular,worksheet-formula,38,rectangular-table,1,K149:V167,IF,,0,directional.dogleg-severity,local-context,in|rad
b147eb91b2f2fd18,thermal,.xlsm,7,s0007,worksheet,f000131,regular,worksheet-formula,76,multi-area,4,O175:O193|S149:S167|W175:W193|AE149:AE167,IF,,0,directional.dogleg-severity,local-context,deg/100ft|in|rad
b147eb91b2f2fd18,thermal,.xlsm,7,s0007,worksheet,f000132,regular,worksheet-formula,42,filled-column,1,L205:L246,COS|IF|PI|SIN,,0,directional.dogleg-severity,local-context,deg/100ft|in|rad
b147eb91b2f2fd18,thermal,.xlsm,7,s0007,worksheet,f000133,regular,worksheet-formula,43,filled-column,1,K204:K246,COS|IF,,0,directional.dogleg-severity,local-context,deg/100ft|in|rad
b147eb91b2f2fd18,thermal,.xlsm,7,s0007,worksheet,f000134,regular,worksheet-formula,1,single-cell,1,I56,,,0,directional.dogleg-severity,local-context,ft|in
b147eb91b2f2fd18,thermal,.xlsm,7,s0007,worksheet,f000135,regular,worksheet-formula,1,single-cell,1,AL43,MIN,,0,directional.dogleg-severity,local-context,percent
b147eb91b2f2fd18,thermal,.xlsm,7,s0007,worksheet,f000136,regular,worksheet-formula,1,single-cell,1,I39,,,0,bha.motor-performance|directional.dogleg-severity,local-context,ft|in
b147eb91b2f2fd18,thermal,.xlsm,7,s0007,worksheet,f000137,regular,worksheet-formula,62,multi-area,2,T204:T246|AF149:AF167,IF|MAX,,0,directional.dogleg-severity,local-context,deg/100ft|in
b147eb91b2f2fd18,thermal,.xlsm,7,s0007,worksheet,f000138,regular,worksheet-formula,86,rectangular-table,1,G310:J352,IF,,0,directional.dogleg-severity,local-context,min
b147eb91b2f2fd18,thermal,.xlsm,7,s0007,worksheet,f000139,regular,worksheet-formula,1,single-cell,1,J44,,,0,directional.dogleg-severity,local-context,in
b147eb91b2f2fd18,thermal,.xlsm,7,s0007,worksheet,f000140,regular,worksheet-formula,1,single-cell,1,I23,,,0,bha.motor-performance|directional.dogleg-severity,local-context,in
b147eb91b2f2fd18,thermal,.xlsm,7,s0007,worksheet,f000141,regular,worksheet-formula,1,single-cell,1,I33,,,0,directional.dogleg-severity,local-context,ft|in
b147eb91b2f2fd18,thermal,.xlsm,7,s0007,worksheet,f000142,regular,worksheet-formula,2,filled-column,1,AW41:AW42,MAX,,0,directional.dogleg-severity,local-context,percent
b147eb91b2f2fd18,thermal,.xlsm,7,s0007,worksheet,f000143,regular,worksheet-formula,43,filled-column,1,AA96:AA138,COS|IF|RADIANS|SIN|SQRT,,0,directional.dogleg-severity,local-context,ft
b147eb91b2f2fd18,thermal,.xlsm,7,s0007,worksheet,f000144,regular,worksheet-formula,43,filled-column,1,V256:V298,IF,,0,directional.dogleg-severity,local-context,rpm
b147eb91b2f2fd18,thermal,.xlsm,7,s0007,worksheet,f000145,regular,worksheet-formula,1,single-cell,1,I57,,,0,directional.dogleg-severity,local-context,in
b147eb91b2f2fd18,thermal,.xlsm,7,s0007,worksheet,f000146,regular,worksheet-formula,1,single-cell,1,J21,,,0,bha.geometry|directional.dogleg-severity,local-context,in
b147eb91b2f2fd18,thermal,.xlsm,7,s0007,worksheet,f000147,regular,worksheet-formula,43,filled-column,1,K256:K298,IF,,0,directional.dogleg-severity,local-context,in|lbf
b147eb91b2f2fd18,thermal,.xlsm,7,s0007,worksheet,f000148,regular,worksheet-formula,10,multi-area,10,Y36|Y46|Y56|AG36|AG46|AG56|AO36|AO46|AW36|AW46,IF,,0,directional.dogleg-severity,local-context,mm|percent
b147eb91b2f2fd18,thermal,.xlsm,7,s0007,worksheet,f000149,regular,worksheet-formula,1,single-cell,1,E73,,,0,directional.dogleg-severity,local-context,
b147eb91b2f2fd18,thermal,.xlsm,7,s0007,worksheet,f000150,regular,worksheet-formula,19,filled-column,1,F149:F167,COS|IF|RADIANS|SIN,,0,directional.dogleg-severity,local-context,deg|in|rad
b147eb91b2f2fd18,thermal,.xlsm,7,s0007,worksheet,f000151,regular,worksheet-formula,1,single-cell,1,I21,,,0,bha.geometry|bha.motor-performance|directional.dogleg-severity,local-context,in
b147eb91b2f2fd18,thermal,.xlsm,7,s0007,worksheet,f000152,regular,worksheet-formula,19,filled-column,1,U149:U167,COS|IF|RADIANS|SIN,,0,directional.dogleg-severity,local-context,in|rad
b147eb91b2f2fd18,thermal,.xlsm,7,s0007,worksheet,f000153,regular,worksheet-formula,1,single-cell,1,J23,,,0,directional.dogleg-severity,local-context,in
b147eb91b2f2fd18,thermal,.xlsm,7,s0007,worksheet,f000154,regular,worksheet-formula,19,filled-column,1,G149:G167,COS|IF|RADIANS|SIN,,0,directional.dogleg-severity,local-context,deg|in|rad
b147eb91b2f2fd18,thermal,.xlsm,7,s0007,worksheet,f000155,regular,worksheet-formula,43,filled-column,1,O96:O138,IF,,0,directional.dogleg-severity,local-context,ft
b147eb91b2f2fd18,thermal,.xlsm,7,s0007,worksheet,f000156,regular,worksheet-formula,43,filled-column,1,F204:F246,COS|IF|PI|SIN,,0,directional.dogleg-severity,local-context,deg|in|rad
b147eb91b2f2fd18,thermal,.xlsm,7,s0007,worksheet,f000157,regular,worksheet-formula,1,single-cell,1,J57,,,0,directional.dogleg-severity,local-context,in
b147eb91b2f2fd18,thermal,.xlsm,7,s0007,worksheet,f000158,regular,worksheet-formula,19,filled-column,1,G367:G385,IF|PI|ROUND,,0,directional.dogleg-severity,local-context,ft
b147eb91b2f2fd18,thermal,.xlsm,7,s0007,worksheet,f000159,regular,worksheet-formula,43,filled-column,1,H204:H246,ATAN|COS|IF|PI|SIN,,0,directional.dogleg-severity,local-context,in|rad
b147eb91b2f2fd18,thermal,.xlsm,7,s0007,worksheet,f000160,regular,worksheet-formula,1,single-cell,1,I52,,,0,directional.dogleg-severity,local-context,ft|in|rpm
b147eb91b2f2fd18,thermal,.xlsm,7,s0007,worksheet,f000161,regular,worksheet-formula,57,rectangular-table,1,O149:Y167,ATAN|IF,,0,directional.dogleg-severity,local-context,deg/100ft|in|rad
b147eb91b2f2fd18,thermal,.xlsm,7,s0007,worksheet,f000162,regular,worksheet-formula,43,filled-column,1,S256:S298,IF|SIN,,0,directional.dogleg-severity,local-context,lbf
b147eb91b2f2fd18,thermal,.xlsm,7,s0007,worksheet,f000163,regular,worksheet-formula,1,single-cell,1,I51,,,0,directional.dogleg-severity,local-context,N|in|rpm
b147eb91b2f2fd18,thermal,.xlsm,7,s0007,worksheet,f000164,regular,worksheet-formula,1,single-cell,1,Y77,,,0,directional.dogleg-severity,local-context,
b147eb91b2f2fd18,thermal,.xlsm,7,s0007,worksheet,f000165,regular,worksheet-formula,12,rectangular-table,1,R40:AP60,AND|IF,,0,directional.dogleg-severity,local-context,
b147eb91b2f2fd18,thermal,.xlsm,7,s0007,worksheet,f000166,regular,worksheet-formula,19,filled-column,1,Z149:Z167,ASIN|COS|IF|RADIANS,,0,directional.dogleg-severity,local-context,in|rad
b147eb91b2f2fd18,thermal,.xlsm,7,s0007,worksheet,f000167,regular,worksheet-formula,1,single-cell,1,J43,,,0,directional.dogleg-severity,local-context,in
b147eb91b2f2fd18,thermal,.xlsm,7,s0007,worksheet,f000168,regular,worksheet-formula,1,single-cell,1,AT41,MAX,,0,directional.dogleg-severity,local-context,percent
b147eb91b2f2fd18,thermal,.xlsm,7,s0007,worksheet,f000169,regular,worksheet-formula,42,filled-column,1,W257:W298,AND|IF,,0,directional.dogleg-severity,local-context,rpm
b147eb91b2f2fd18,thermal,.xlsm,7,s0007,worksheet,f000170,regular,worksheet-formula,19,filled-column,1,N149:N167,IF|SQRT,,0,directional.dogleg-severity,local-context,in
b147eb91b2f2fd18,thermal,.xlsm,7,s0007,worksheet,f000171,regular,worksheet-formula,1,single-cell,1,R204,COS|IF|PI|SIN,,0,directional.dogleg-severity,local-context,deg/100ft|in|rad
b147eb91b2f2fd18,thermal,.xlsm,7,s0007,worksheet,f000172,regular,worksheet-formula,2,multi-area,2,AD52|AL62,MAX,,0,directional.dogleg-severity,local-context,percent
b147eb91b2f2fd18,thermal,.xlsm,7,s0007,worksheet,f000173,regular,worksheet-formula,1,single-cell,1,J52,,,0,directional.dogleg-severity,local-context,in|rpm
b147eb91b2f2fd18,thermal,.xlsm,7,s0007,worksheet,f000174,regular,worksheet-formula,1,single-cell,1,J55,,,0,directional.dogleg-severity,local-context,in
b147eb91b2f2fd18,thermal,.xlsm,7,s0007,worksheet,f000175,regular,worksheet-formula,43,filled-column,1,O256:O298,IF,,0,directional.dogleg-severity,local-context,lbf
b147eb91b2f2fd18,thermal,.xlsm,7,s0007,worksheet,f000176,regular,worksheet-formula,1,single-cell,1,J33,,,0,directional.dogleg-severity,local-context,ft|in
b147eb91b2f2fd18,thermal,.xlsm,7,s0007,worksheet,f000177,regular,worksheet-formula,43,filled-column,1,Q204:Q246,COS|IF,,0,directional.dogleg-severity,local-context,deg/100ft|in|rad
b147eb91b2f2fd18,thermal,.xlsm,7,s0007,worksheet,f000178,regular,worksheet-formula,42,filled-column,1,R205:R246,COS|IF|PI|SIN,,0,directional.dogleg-severity,local-context,deg/100ft|in|rad
b147eb91b2f2fd18,thermal,.xlsm,7,s0007,worksheet,f000179,regular,worksheet-formula,2,filled-row,1,I45:J45,UDF,,0,bha.motor-performance|directional.dogleg-severity,local-context,in
b147eb91b2f2fd18,thermal,.xlsm,7,s0007,worksheet,f000180,regular,worksheet-formula,12,rectangular-table,1,X36:AV56,VLOOKUP,,0,directional.dogleg-severity,local-context,percent
b147eb91b2f2fd18,thermal,.xlsm,7,s0007,worksheet,f000181,regular,worksheet-formula,1,single-cell,1,AD60,MAX,,0,directional.dogleg-severity,local-context,percent
b147eb91b2f2fd18,thermal,.xlsm,7,s0007,worksheet,f000182,regular,worksheet-formula,1,single-cell,1,I43,,,0,bha.motor-performance|directional.dogleg-severity,local-context,in
b147eb91b2f2fd18,thermal,.xlsm,7,s0007,worksheet,f000183,regular,worksheet-formula,1,single-cell,1,J32,,,0,directional.dogleg-severity,local-context,ft|in
b147eb91b2f2fd18,thermal,.xlsm,7,s0007,worksheet,f000184,regular,worksheet-formula,1,single-cell,1,Y58,MIN,,0,directional.dogleg-severity,local-context,percent
b147eb91b2f2fd18,thermal,.xlsm,7,s0007,worksheet,f000185,regular,worksheet-formula,1,single-cell,1,J24,,,0,directional.dogleg-severity,local-context,in
b147eb91b2f2fd18,thermal,.xlsm,7,s0007,worksheet,f000186,regular,worksheet-formula,4,multi-area,4,Y49|AG49|AO59|AW59,MAX,,0,directional.dogleg-severity,local-context,percent
b147eb91b2f2fd18,thermal,.xlsm,7,s0007,worksheet,f000187,regular,worksheet-formula,43,filled-column,1,AJ96:AJ138,IF|PI,,0,directional.dogleg-severity,local-context,ft
b147eb91b2f2fd18,thermal,.xlsm,7,s0007,worksheet,f000188,regular,worksheet-formula,2,multi-area,2,AD50|AL60,MAX,,0,directional.dogleg-severity,local-context,percent
b147eb91b2f2fd18,thermal,.xlsm,7,s0007,worksheet,f000189,regular,worksheet-formula,43,filled-column,1,AI256:AI298,IF,,0,directional.dogleg-severity,local-context,rpm
b147eb91b2f2fd18,thermal,.xlsm,7,s0007,worksheet,f000190,regular,worksheet-formula,38,rectangular-table,1,L149:W167,IF,,0,directional.dogleg-severity,local-context,in|rad
b147eb91b2f2fd18,thermal,.xlsm,7,s0007,worksheet,f000191,regular,worksheet-formula,19,filled-column,1,AD149:AD167,IF,,0,directional.dogleg-severity,local-context,deg/100ft
b147eb91b2f2fd18,thermal,.xlsm,7,s0007,worksheet,f000192,regular,worksheet-formula,86,rectangular-table,1,J204:P246,IF|PI,,0,directional.dogleg-severity,local-context,in|rad
b147eb91b2f2fd18,thermal,.xlsm,7,s0007,worksheet,f000193,regular,worksheet-formula,1,single-cell,1,X246,,,0,directional.dogleg-severity,local-context,in
b147eb91b2f2fd18,thermal,.xlsm,7,s0007,worksheet,f000194,regular,worksheet-formula,19,filled-column,1,H149:H167,COS|IF|RADIANS,,0,directional.dogleg-severity,local-context,in|rad
b147eb91b2f2fd18,thermal,.xlsm,7,s0007,worksheet,f000195,regular,worksheet-formula,19,filled-column,1,T149:T167,ATAN|COS|IF|RADIANS|SIN,,0,directional.dogleg-severity,local-context,deg/100ft|in|rad
b147eb91b2f2fd18,thermal,.xlsm,7,s0007,worksheet,f000196,regular,worksheet-formula,43,filled-column,1,E256:E298,COS|IF|PI|SIN|SQRT,,0,directional.dogleg-severity,local-context,in
b147eb91b2f2fd18,thermal,.xlsm,7,s0007,worksheet,f000197,regular,worksheet-formula,2,multi-area,2,AD51|AL61,MAX,,0,directional.dogleg-severity,local-context,percent
b147eb91b2f2fd18,thermal,.xlsm,7,s0007,worksheet,f000198,regular,worksheet-formula,2,filled-row,1,AO56:AW56,IF,,0,directional.dogleg-severity,local-context,mm|percent
b147eb91b2f2fd18,thermal,.xlsm,7,s0007,worksheet,f000199,regular,worksheet-formula,1,single-cell,1,I44,,,0,bha.motor-performance|directional.dogleg-severity,local-context,in
b147eb91b2f2fd18,thermal,.xlsm,7,s0007,worksheet,f000200,regular,worksheet-formula,1,single-cell,1,J54,,,0,directional.dogleg-severity,local-context,ft|in|rpm
b147eb91b2f2fd18,thermal,.xlsm,7,s0007,worksheet,f000201,regular,worksheet-formula,43,filled-column,1,I256:I298,IF,,0,directional.dogleg-severity,local-context,in|lbf
b147eb91b2f2fd18,thermal,.xlsm,7,s0007,worksheet,f000202,regular,worksheet-formula,43,filled-column,1,F96:F138,IF,,0,directional.dogleg-severity,local-context,ft
b147eb91b2f2fd18,thermal,.xlsm,7,s0007,worksheet,f000203,regular,worksheet-formula,1,single-cell,1,I35,,,0,bha.motor-performance|directional.dogleg-severity,local-context,in
b147eb91b2f2fd18,thermal,.xlsm,7,s0007,worksheet,f000204,regular,worksheet-formula,114,multi-area,6,J149:J167|M149:M167|M175:M193|U175:U193|X149:X167|AA149:AA167,IF|SQRT,,0,directional.dogleg-severity,local-context,deg/100ft|in|rad
b147eb91b2f2fd18,thermal,.xlsm,7,s0007,worksheet,f000205,regular,worksheet-formula,43,filled-column,1,L256:L298,IF,,0,directional.dogleg-severity,local-context,lbf
b147eb91b2f2fd18,thermal,.xlsm,7,s0007,worksheet,f000206,regular,worksheet-formula,19,filled-column,1,I149:I167,IF|RADIANS|SIN,,0,directional.dogleg-severity,local-context,in|rad
b147eb91b2f2fd18,thermal,.xlsm,7,s0007,worksheet,f000207,regular,worksheet-formula,43,filled-column,1,M204:M246,COS|IF|PI|SQRT|TAN,,0,directional.dogleg-severity,local-context,deg/100ft|in|rad
b147eb91b2f2fd18,thermal,.xlsm,7,s0007,worksheet,f000208,regular,worksheet-formula,1,single-cell,1,I27,,,0,directional.dogleg-severity,local-context,lbf
b147eb91b2f2fd18,thermal,.xlsm,7,s0007,worksheet,f000209,regular,worksheet-formula,43,filled-column,1,J256:J298,IF,,0,directional.dogleg-severity,local-context,in|lbf
b147eb91b2f2fd18,thermal,.xlsm,7,s0007,worksheet,f000210,regular,worksheet-formula,1,single-cell,1,AL39,MIN,,0,directional.dogleg-severity,local-context,percent
b147eb91b2f2fd18,thermal,.xlsm,7,s0007,worksheet,f000211,regular,worksheet-formula,43,filled-column,1,I204:I246,ATAN|IF,,0,directional.dogleg-severity,local-context,in|rad
b147eb91b2f2fd18,thermal,.xlsm,8,s0008,worksheet,f000212,regular,worksheet-formula,2,filled-column,1,F53:F93,VLOOKUP,,0,directional.dogleg-severity,local-context,
b147eb91b2f2fd18,thermal,.xlsm,8,s0008,worksheet,f000213,regular,worksheet-formula,78,multi-area,6,D106:D124|D135:D153|E106:E124|E128|E135:E153|E157,,,0,directional.dogleg-severity,local-context,deg/100ft|min
b147eb91b2f2fd18,thermal,.xlsm,8,s0008,worksheet,f000214,regular,worksheet-formula,2,filled-column,1,F128:F157,LOOKUP,,0,directional.dogleg-severity,local-context,
b147eb91b2f2fd18,thermal,.xlsm,8,s0008,worksheet,f000215,regular,worksheet-formula,10,rectangular-table,1,E21:I61,VLOOKUP,,0,bha.geometry|directional.dogleg-severity,local-context,
b147eb91b2f2fd18,thermal,.xlsm,8,s0008,worksheet,f000216,regular,worksheet-formula,2,filled-column,1,E127:E156,MAX,,0,directional.dogleg-severity,local-context,
b147eb91b2f2fd18,thermal,.xlsm,8,s0008,worksheet,f000217,regular,worksheet-formula,310,rectangular-table,1,E22:I92,,,0,directional.dogleg-severity,local-context,
b147eb91b2f2fd18,thermal,.xlsm,8,s0008,worksheet,f000218,regular,worksheet-formula,38,filled-column,1,G106:G153,IF,,0,directional.dogleg-severity,local-context,min
b147eb91b2f2fd18,thermal,.xlsm,8,s0008,worksheet,f000219,regular,worksheet-formula,2,filled-column,1,G20:G60,VLOOKUP,,0,directional.dogleg-severity,local-context,deg
b147eb91b2f2fd18,thermal,.xlsm,8,s0008,worksheet,f000220,regular,worksheet-formula,38,filled-column,1,F106:F153,IF,,0,directional.dogleg-severity,local-context,min
b147eb91b2f2fd18,thermal,.xlsm,8,s0008,worksheet,f000221,regular,worksheet-formula,1,single-cell,1,E93,,,0,directional.dogleg-severity,local-context,
b147eb91b2f2fd18,thermal,.xlsm,8,s0008,worksheet,f000222,regular,worksheet-formula,1,single-cell,1,AA6,,,0,cross-cutting.unit-conversion|directional.dogleg-severity,local-context,
b147eb91b2f2fd18,thermal,.xlsm,8,s0008,worksheet,f000223,regular,worksheet-formula,2,filled-column,1,L47:L87,IF,,0,directional.dogleg-severity,local-context,
b147eb91b2f2fd18,thermal,.xlsm,8,s0008,worksheet,f000224,regular,worksheet-formula,4,rectangular-table,1,H20:I60,IF|INDEX|MATCH|MAX,,0,directional.dogleg-severity,local-context,deg
b147eb91b2f2fd18,thermal,.xlsm,8,s0008,worksheet,f000225,regular,worksheet-formula,4,rectangular-table,1,E20:F60,IF|INDEX|MATCH,,0,bha.geometry|directional.dogleg-severity,local-context,deg
b147eb91b2f2fd18,thermal,.xlsm,8,s0008,worksheet,f000226,regular,worksheet-formula,2,filled-column,1,M47:M87,,,0,directional.dogleg-severity,local-context,
b147eb91b2f2fd18,thermal,.xlsm,8,s0008,worksheet,f000227,regular,worksheet-formula,1,single-cell,1,AE6,,,0,cross-cutting.unit-conversion|directional.dogleg-severity,local-context,
b147eb91b2f2fd18,thermal,.xlsm,8,s0008,worksheet,f000228,regular,worksheet-formula,1,single-cell,1,E53,,,0,directional.dogleg-severity,local-context,
b147eb91b2f2fd18,thermal,.xlsm,6,s0006,worksheet,f000229,regular,worksheet-formula,1,single-cell,1,E40,IF,,0,bha.geometry|bha.motor-performance|directional.dogleg-severity,local-context,
b147eb91b2f2fd18,thermal,.xlsm,6,s0006,worksheet,f000230,regular,worksheet-formula,1,single-cell,1,AI40,IF|UDF,,0,directional.dogleg-severity,local-context,
b147eb91b2f2fd18,thermal,.xlsm,6,s0006,worksheet,f000231,regular,worksheet-formula,1,single-cell,1,AI37,IF,,0,directional.dogleg-severity,local-context,
b147eb91b2f2fd18,thermal,.xlsm,6,s0006,worksheet,f000232,regular,worksheet-formula,1,single-cell,1,N121,IF,,0,directional.dogleg-severity,local-context,
b147eb91b2f2fd18,thermal,.xlsm,6,s0006,worksheet,f000233,regular,worksheet-formula,1,single-cell,1,K121,IF|LOOKUP,,0,directional.dogleg-severity,local-context,
b147eb91b2f2fd18,thermal,.xlsm,6,s0006,worksheet,f000234,regular,worksheet-formula,228,rectangular-table,1,E54:S146,,,0,bha.bending-loading|bha.geometry|cross-cutting.lookup|directional.dogleg-severity|torque-drag.contact-force,local-context,rad|rpm
b147eb91b2f2fd18,thermal,.xlsm,6,s0006,worksheet,f000235,regular,worksheet-formula,18,filled-column,1,I129:I146,IF,,0,directional.dogleg-severity,local-context,rad
b147eb91b2f2fd18,thermal,.xlsm,6,s0006,worksheet,f000236,regular,worksheet-formula,1,single-cell,1,G12,CONCATENATE,,0,directional.dogleg-severity,local-context,
b147eb91b2f2fd18,thermal,.xlsm,6,s0006,worksheet,f000237,regular,worksheet-formula,1,single-cell,1,E111,IF,,0,bha.motor-performance|directional.dogleg-severity,local-context,
b147eb91b2f2fd18,thermal,.xlsm,6,s0006,worksheet,f000238,regular,worksheet-formula,1,single-cell,1,O40,IF,,0,directional.dogleg-severity,local-context,
b147eb91b2f2fd18,thermal,.xlsm,6,s0006,worksheet,f000239,regular,worksheet-formula,1,single-cell,1,AD111,IF,,0,directional.dogleg-severity,local-context,
b147eb91b2f2fd18,thermal,.xlsm,6,s0006,worksheet,f000240,regular,worksheet-formula,1,single-cell,1,O114,IF,,0,directional.dogleg-severity,local-context,
b147eb91b2f2fd18,thermal,.xlsm,6,s0006,worksheet,f000241,regular,worksheet-formula,1,single-cell,1,K40,IF,,0,directional.dogleg-severity,local-context,
b147eb91b2f2fd18,thermal,.xlsm,6,s0006,worksheet,f000242,regular,worksheet-formula,1,single-cell,1,F197,CONCATENATE|IF,,0,bha.geometry|directional.dogleg-severity,local-context,
b147eb91b2f2fd18,thermal,.xlsm,6,s0006,worksheet,f000243,regular,worksheet-formula,1,single-cell,1,V40,IF,,0,directional.dogleg-severity,local-context,
b147eb91b2f2fd18,thermal,.xlsm,6,s0006,worksheet,f000244,regular,worksheet-formula,1,single-cell,1,AD40,IF,,0,directional.dogleg-severity,local-context,
b147eb91b2f2fd18,thermal,.xlsm,6,s0006,worksheet,f000245,regular,worksheet-formula,19,filled-column,1,D128:D146,IF,,0,directional.dogleg-severity,local-context,
b147eb91b2f2fd18,thermal,.xlsm,6,s0006,worksheet,f000246,regular,worksheet-formula,1,single-cell,1,V114,IF,,0,directional.dogleg-severity,local-context,
b147eb91b2f2fd18,thermal,.xlsm,6,s0006,worksheet,f000247,regular,worksheet-formula,19,filled-column,1,G54:G72,IF,,0,directional.dogleg-severity,local-context,rad
b147eb91b2f2fd18,thermal,.xlsm,6,s0006,worksheet,f000248,regular,worksheet-formula,1,single-cell,1,V37,IF,,0,directional.dogleg-severity,local-context,
b147eb91b2f2fd18,thermal,.xlsm,6,s0006,worksheet,f000249,regular,worksheet-formula,20,multi-area,20,G111|M114|O53|O127|Q53|Q114|Q127|X40|X111|X114|AB40|AB111|AB114|AF40|AF111|AF114|AK37|AK40|AK111|AK114,,,0,bha.bending-loading|bha.geometry|bha.motor-performance|directional.dogleg-severity|torque-drag.contact-force,local-context,rpm
b147eb91b2f2fd18,thermal,.xlsm,6,s0006,worksheet,f000250,regular,worksheet-formula,1,single-cell,1,AI114,IF|UDF,,0,directional.dogleg-severity,local-context,
b147eb91b2f2fd18,thermal,.xlsm,6,s0006,worksheet,f000251,regular,worksheet-formula,1,single-cell,1,AD37,IF,,0,directional.dogleg-severity,local-context,
b147eb91b2f2fd18,thermal,.xlsm,6,s0006,worksheet,f000252,regular,worksheet-formula,19,filled-column,1,G128:G146,IF,,0,directional.dogleg-severity,local-context,rad
b147eb91b2f2fd18,thermal,.xlsm,6,s0006,worksheet,f000253,regular,worksheet-formula,19,filled-column,1,I54:I72,IF,,0,directional.dogleg-severity,local-context,rad
b147eb91b2f2fd18,thermal,.xlsm,6,s0006,worksheet,f000254,regular,worksheet-formula,12,multi-area,12,G53|G127|I53|I127|M40|M53|M127|N47|Q40|X37|AB37|AF37,IF,,0,bha.bending-loading|bha.geometry|directional.dogleg-severity|torque-drag.contact-force,local-context,rad
b147eb91b2f2fd18,thermal,.xlsm,6,s0006,worksheet,f000255,regular,worksheet-formula,1,single-cell,1,E37,,,0,bha.motor-performance|directional.dogleg-severity,local-context,
b147eb91b2f2fd18,thermal,.xlsm,6,s0006,worksheet,f000256,regular,worksheet-formula,1,single-cell,1,I128,IF,,0,directional.dogleg-severity,local-context,rad
b147eb91b2f2fd18,thermal,.xlsm,6,s0006,worksheet,f000257,regular,worksheet-formula,1,single-cell,1,I37,,,0,directional.dogleg-severity,local-context,
b147eb91b2f2fd18,thermal,.xlsm,6,s0006,worksheet,f000258,regular,worksheet-formula,1,single-cell,1,AD114,IF,,0,directional.dogleg-severity,local-context,
b147eb91b2f2fd18,thermal,.xlsm,6,s0006,worksheet,f000259,regular,worksheet-formula,1,single-cell,1,Z40,IF,,0,directional.dogleg-severity,local-context,
b147eb91b2f2fd18,thermal,.xlsm,6,s0006,worksheet,f000260,regular,worksheet-formula,19,filled-column,1,D54:D72,IF,,0,directional.dogleg-severity,local-context,
b147eb91b2f2fd18,thermal,.xlsm,6,s0006,worksheet,f000261,regular,worksheet-formula,1,single-cell,1,Z114,IF,,0,directional.dogleg-severity,local-context,
b147eb91b2f2fd18,thermal,.xlsm,6,s0006,worksheet,f000262,regular,worksheet-formula,1,single-cell,1,K114,IF,,0,directional.dogleg-severity,local-context,
b147eb91b2f2fd18,thermal,.xlsm,6,s0006,worksheet,f000263,regular,worksheet-formula,1,single-cell,1,Z37,IF,,0,directional.dogleg-severity,local-context,
b147eb91b2f2fd18,thermal,.xlsm,6,s0006,worksheet,f000264,regular,worksheet-formula,1,single-cell,1,K47,LOOKUP,,0,directional.dogleg-severity,local-context,
b147eb91b2f2fd18,thermal,.xlsm,6,s0006,worksheet,f000265,regular,worksheet-formula,65,filled-column,1,F198:F262,CONCATENATE|IF,,0,bha.geometry|directional.dogleg-severity,local-context,
b147eb91b2f2fd18,thermal,.xlsm,6,s0006,worksheet,f000266,regular,worksheet-formula,1,single-cell,1,AI111,IF,,0,directional.dogleg-severity,local-context,
b147eb91b2f2fd18,thermal,.xlsm,6,s0006,worksheet,f000267,regular,worksheet-formula,1,single-cell,1,V111,IF,,0,directional.dogleg-severity,local-context,
b147eb91b2f2fd18,thermal,.xlsm,6,s0006,worksheet,f000268,regular,worksheet-formula,1,single-cell,1,Z111,IF,,0,directional.dogleg-severity,local-context,
b147eb91b2f2fd18,thermal,.xlsm,6,s0006,worksheet,f000269,regular,worksheet-formula,1,single-cell,1,E114,IF,,0,bha.geometry|bha.motor-performance|directional.dogleg-severity,local-context,
b147eb91b2f2fd18,thermal,.xlsm,6,s0006,worksheet,f000270,regular,worksheet-formula,1,single-cell,1,I111,IF,,0,directional.dogleg-severity,local-context,
b147eb91b2f2fd18,thermal,.xlsm,6,s0006,worksheet,f000271,regular,worksheet-formula,3,filled-column,1,B85:B266,CONCATENATE|TODAY|UDF,TODAY,0,directional.dogleg-severity,local-context,
b147eb91b2f2fd18,thermal,.xlsm,32,s0032,worksheet,f000272,regular,worksheet-formula,1,single-cell,1,N26,PI,,0,thermal.unresolved,catalog-category,
b147eb91b2f2fd18,thermal,.xlsm,32,s0032,worksheet,f000273,regular,worksheet-formula,1,single-cell,1,N28,,,0,thermal.unresolved,catalog-category,
b147eb91b2f2fd18,thermal,.xlsm,32,s0032,worksheet,f000274,regular,worksheet-formula,6,multi-area,6,N19|N22|S19|S22|AC6|AG6,,,0,cross-cutting.unit-conversion,local-context,
b147eb91b2f2fd18,thermal,.xlsm,32,s0032,worksheet,f000275,regular,worksheet-formula,2,filled-row,1,N27:S27,,,0,thermal.unresolved,catalog-category,
b147eb91b2f2fd18,thermal,.xlsm,32,s0032,worksheet,f000276,regular,worksheet-formula,3,multi-area,3,N18|N31|S18,,,0,thermal.unresolved,catalog-category,
b147eb91b2f2fd18,thermal,.xlsm,32,s0032,worksheet,f000277,regular,worksheet-formula,10,filled-row,1,L43:AD43,IF,,0,thermal.unresolved,catalog-category,
b147eb91b2f2fd18,thermal,.xlsm,32,s0032,worksheet,f000278,regular,worksheet-formula,1,single-cell,1,S28,,,0,thermal.unresolved,catalog-category,
b147eb91b2f2fd18,thermal,.xlsm,32,s0032,worksheet,f000279,regular,worksheet-formula,8,filled-column,1,S20:S32,,,0,thermal.unresolved,catalog-category,
b147eb91b2f2fd18,thermal,.xlsm,32,s0032,worksheet,f000280,regular,worksheet-formula,4,multi-area,2,N23:N25|S23,,,0,thermal.unresolved,catalog-category,
b147eb91b2f2fd18,thermal,.xlsm,32,s0032,worksheet,f000281,regular,worksheet-formula,1,single-cell,1,N29,,,0,thermal.unresolved,catalog-category,
b147eb91b2f2fd18,thermal,.xlsm,32,s0032,worksheet,f000282,regular,worksheet-formula,20,rectangular-table,1,L41:AD42,,,0,thermal.unresolved,catalog-category,
b147eb91b2f2fd18,thermal,.xlsm,32,s0032,worksheet,f000283,regular,worksheet-formula,20,rectangular-table,1,L47:AD51,,,0,thermal.unresolved,catalog-category,
b147eb91b2f2fd18,thermal,.xlsm,32,s0032,worksheet,f000284,regular,worksheet-formula,20,rectangular-table,1,L45:AD49,IF,,0,thermal.unresolved,catalog-category,
b147eb91b2f2fd18,thermal,.xlsm,32,s0032,worksheet,f000285,regular,worksheet-formula,2,filled-row,1,N21:S21,,,0,thermal.unresolved,catalog-category,
b147eb91b2f2fd18,thermal,.xlsm,32,s0032,worksheet,f000286,regular,worksheet-formula,2,filled-column,1,K45:K49,,,0,thermal.unresolved,catalog-category,
b147eb91b2f2fd18,thermal,.xlsm,32,s0032,worksheet,f000287,regular,worksheet-formula,1,single-cell,1,N30,,,0,thermal.unresolved,catalog-category,
b147eb91b2f2fd18,thermal,.xlsm,32,s0032,worksheet,f000288,regular,worksheet-formula,1,single-cell,1,N32,,,0,thermal.unresolved,catalog-category,
b147eb91b2f2fd18,thermal,.xlsm,32,s0032,worksheet,f000289,regular,worksheet-formula,1,single-cell,1,N20,,,0,thermal.unresolved,catalog-category,
b147eb91b2f2fd18,thermal,.xlsm,32,s0032,worksheet,f000290,regular,worksheet-formula,20,rectangular-table,1,L46:AD50,IF,,0,thermal.unresolved,catalog-category,
b147eb91b2f2fd18,thermal,.xlsm,38,s0038,worksheet,f000291,regular,worksheet-formula,2,filled-row,1,N22:S22,,,0,thermal.unresolved,catalog-category,
b147eb91b2f2fd18,thermal,.xlsm,38,s0038,worksheet,f000292,regular,worksheet-formula,2,filled-row,1,N25:S25,,,0,thermal.unresolved,catalog-category,
b147eb91b2f2fd18,thermal,.xlsm,38,s0038,worksheet,f000293,regular,worksheet-formula,6,rectangular-table,1,P18:U26,,,0,thermal.unresolved,catalog-category,
b147eb91b2f2fd18,thermal,.xlsm,38,s0038,worksheet,f000294,regular,worksheet-formula,2,filled-column,1,L47:L68,,,0,thermal.unresolved,catalog-category,
b147eb91b2f2fd18,thermal,.xlsm,38,s0038,worksheet,f000295,regular,worksheet-formula,3,multi-area,3,N18|N20|S18,,,0,thermal.unresolved,catalog-category,
b147eb91b2f2fd18,thermal,.xlsm,38,s0038,worksheet,f000296,regular,worksheet-formula,20,filled-column,1,AD41:AD71,IF,,0,thermal.unresolved,catalog-category,
b147eb91b2f2fd18,thermal,.xlsm,38,s0038,worksheet,f000297,regular,worksheet-formula,2,filled-column,1,L49:L70,,,0,thermal.unresolved,catalog-category,
b147eb91b2f2fd18,thermal,.xlsm,38,s0038,worksheet,f000298,regular,worksheet-formula,20,filled-column,1,AB41:AB71,IF,,0,thermal.unresolved,catalog-category,
b147eb91b2f2fd18,thermal,.xlsm,38,s0038,worksheet,f000299,regular,worksheet-formula,20,filled-column,1,N41:N71,IF,,0,thermal.unresolved,catalog-category,
b147eb91b2f2fd18,thermal,.xlsm,38,s0038,worksheet,f000300,regular,worksheet-formula,2,filled-row,1,N27:S27,,,0,thermal.unresolved,catalog-category,percent
b147eb91b2f2fd18,thermal,.xlsm,38,s0038,worksheet,f000301,regular,worksheet-formula,2,filled-column,1,L46:L67,,,0,thermal.unresolved,catalog-category,
b147eb91b2f2fd18,thermal,.xlsm,38,s0038,worksheet,f000302,regular,worksheet-formula,1,single-cell,1,AA27,,,0,thermal.unresolved,catalog-category,
b147eb91b2f2fd18,thermal,.xlsm,38,s0038,worksheet,f000303,regular,worksheet-formula,20,filled-column,1,AF41:AF71,IF,,0,thermal.unresolved,catalog-category,
b147eb91b2f2fd18,thermal,.xlsm,38,s0038,worksheet,f000304,regular,worksheet-formula,2,filled-row,1,N24:S24,,,0,thermal.unresolved,catalog-category,
b147eb91b2f2fd18,thermal,.xlsm,38,s0038,worksheet,f000305,regular,worksheet-formula,20,filled-column,1,T41:T71,IF,,0,thermal.unresolved,catalog-category,
b147eb91b2f2fd18,thermal,.xlsm,38,s0038,worksheet,f000306,regular,worksheet-formula,20,rectangular-table,1,N52:AF73,IF|SUM,,0,thermal.unresolved,catalog-category,
b147eb91b2f2fd18,thermal,.xlsm,38,s0038,worksheet,f000307,regular,worksheet-formula,18,multi-area,7,L40:L45|L48|L51|L61:L66|L69|L72|S19:S20,,,0,thermal.unresolved,catalog-category,
b147eb91b2f2fd18,thermal,.xlsm,38,s0038,worksheet,f000308,regular,worksheet-formula,20,filled-column,1,P41:P71,IF,,0,thermal.unresolved,catalog-category,
b147eb91b2f2fd18,thermal,.xlsm,38,s0038,worksheet,f000309,regular,worksheet-formula,2,filled-row,1,N26:S26,IF|MAX,,0,thermal.unresolved,catalog-category,
b147eb91b2f2fd18,thermal,.xlsm,38,s0038,worksheet,f000310,regular,worksheet-formula,20,filled-column,1,X41:X71,IF,,0,thermal.unresolved,catalog-category,
b147eb91b2f2fd18,thermal,.xlsm,38,s0038,worksheet,f000311,regular,worksheet-formula,2,filled-column,1,L50:L71,,,0,thermal.unresolved,catalog-category,
b147eb91b2f2fd18,thermal,.xlsm,38,s0038,worksheet,f000312,regular,worksheet-formula,20,filled-column,1,V41:V71,IF,,0,thermal.unresolved,catalog-category,
b147eb91b2f2fd18,thermal,.xlsm,38,s0038,worksheet,f000313,regular,worksheet-formula,20,filled-column,1,R41:R71,IF,,0,thermal.unresolved,catalog-category,
b147eb91b2f2fd18,thermal,.xlsm,38,s0038,worksheet,f000314,regular,worksheet-formula,1,single-cell,1,N19,,,0,thermal.unresolved,catalog-category,
b147eb91b2f2fd18,thermal,.xlsm,38,s0038,worksheet,f000315,regular,worksheet-formula,4,filled-row,1,N28:U28,,,0,thermal.unresolved,catalog-category,
b147eb91b2f2fd18,thermal,.xlsm,38,s0038,worksheet,f000316,regular,worksheet-formula,2,filled-row,1,N23:S23,,,0,thermal.unresolved,catalog-category,
b147eb91b2f2fd18,thermal,.xlsm,38,s0038,worksheet,f000317,regular,worksheet-formula,2,filled-row,1,N21:S21,,,0,thermal.unresolved,catalog-category,
b147eb91b2f2fd18,thermal,.xlsm,38,s0038,worksheet,f000318,regular,worksheet-formula,20,filled-column,1,Z41:Z71,IF,,0,thermal.unresolved,catalog-category,
b147eb91b2f2fd18,thermal,.xlsm,21,s0021,worksheet,f000319,regular,worksheet-formula,2,filled-column,1,H29:H35,IF,,0,hydraulics.fluid-properties|hydraulics.rheology,local-context,N|deg|kg|kg/m^3|ppg
b147eb91b2f2fd18,thermal,.xlsm,21,s0021,worksheet,f000320,regular,worksheet-formula,331,filled-column,1,D94:D424,IF|INDEX|MATCH|MAX|ROWS,,0,bha.geometry|bha.motor-performance,local-context,
b147eb91b2f2fd18,thermal,.xlsm,21,s0021,worksheet,f000321,regular,worksheet-formula,1,single-cell,1,Y120,PI,,0,thermal.unresolved,catalog-category,in^2
b147eb91b2f2fd18,thermal,.xlsm,21,s0021,worksheet,f000322,regular,worksheet-formula,1,single-cell,1,X119,RADIANS|SIN,,0,thermal.unresolved,catalog-category,
b147eb91b2f2fd18,thermal,.xlsm,21,s0021,worksheet,f000323,regular,worksheet-formula,1,single-cell,1,I29,,,0,thermal.unresolved,catalog-category,deg
b147eb91b2f2fd18,thermal,.xlsm,21,s0021,worksheet,f000324,regular,worksheet-formula,1,single-cell,1,Q20,,,0,cross-cutting.unit-conversion,local-context,in^2|m^2
b147eb91b2f2fd18,thermal,.xlsm,21,s0021,worksheet,f000325,regular,worksheet-formula,1,single-cell,1,Z120,,,0,thermal.unresolved,catalog-category,in^2
b147eb91b2f2fd18,thermal,.xlsm,21,s0021,worksheet,f000326,regular,worksheet-formula,1,single-cell,1,Q31,IF,,0,hydraulics.annular-velocity|hydraulics.flow-regime|hydraulics.rheology,local-context,ft/min|m|min
b147eb91b2f2fd18,thermal,.xlsm,21,s0021,worksheet,f000327,regular,worksheet-formula,1,single-cell,1,I46,IF,,0,thermal.unresolved,catalog-category,gal/min
b147eb91b2f2fd18,thermal,.xlsm,21,s0021,worksheet,f000328,regular,worksheet-formula,2,filled-row,1,H28:I28,,,0,thermal.unresolved,catalog-category,deg|mm
b147eb91b2f2fd18,thermal,.xlsm,21,s0021,worksheet,f000329,regular,worksheet-formula,1,single-cell,1,Q21,PI,,0,thermal.unresolved,catalog-category,in^2|m^2|percent
b147eb91b2f2fd18,thermal,.xlsm,21,s0021,worksheet,f000330,regular,worksheet-formula,1,single-cell,1,R47,ASIN|DEGREES,,0,thermal.unresolved,catalog-category,deg|in^2|m^2
b147eb91b2f2fd18,thermal,.xlsm,21,s0021,worksheet,f000331,regular,worksheet-formula,1,single-cell,1,R24,,,0,thermal.unresolved,catalog-category,in^2|m^2|mm|percent
b147eb91b2f2fd18,thermal,.xlsm,21,s0021,worksheet,f000332,regular,worksheet-formula,1,single-cell,1,X113,,,0,thermal.unresolved,catalog-category,deg
b147eb91b2f2fd18,thermal,.xlsm,21,s0021,worksheet,f000333,regular,worksheet-formula,1,single-cell,1,H67,,,0,thermal.unresolved,catalog-category,gal/min
b147eb91b2f2fd18,thermal,.xlsm,21,s0021,worksheet,f000334,regular,worksheet-formula,1,single-cell,1,H32,,,0,thermal.unresolved,catalog-category,in^2|m^2
b147eb91b2f2fd18,thermal,.xlsm,21,s0021,worksheet,f000335,regular,worksheet-formula,1,single-cell,1,H46,IF,,0,thermal.unresolved,catalog-category,gal/min
b147eb91b2f2fd18,thermal,.xlsm,21,s0021,worksheet,f000336,regular,worksheet-formula,1,single-cell,1,H38,IF,,0,hydraulics.fluid-properties|hydraulics.rheology,local-context,cP|lbf/(100*ft^2)
b147eb91b2f2fd18,thermal,.xlsm,21,s0021,worksheet,f000337,regular,worksheet-formula,1,single-cell,1,R28,,,0,hydraulics.annular-velocity,local-context,ft/min|lbf*s^n/(100*ft^2)|m|min
b147eb91b2f2fd18,thermal,.xlsm,21,s0021,worksheet,f000338,regular,worksheet-formula,1,single-cell,1,I35,IF,,0,hydraulics.rheology,local-context,N|kg|kg/m^3|ppg
b147eb91b2f2fd18,thermal,.xlsm,21,s0021,worksheet,f000339,regular,worksheet-formula,1,single-cell,1,X117,ASIN|DEGREES|RADIANS|SIN|TAN,,0,thermal.unresolved,catalog-category,deg
b147eb91b2f2fd18,thermal,.xlsm,21,s0021,worksheet,f000340,regular,worksheet-formula,1,single-cell,1,Y20,ACOS|SIN,,0,thermal.unresolved,catalog-category,
b147eb91b2f2fd18,thermal,.xlsm,21,s0021,worksheet,f000341,regular,worksheet-formula,331,filled-column,1,C94:C424,COUNTIF|IF,,0,bha.geometry|bha.motor-performance,local-context,
b147eb91b2f2fd18,thermal,.xlsm,21,s0021,worksheet,f000342,regular,worksheet-formula,1,single-cell,1,R18,,,0,cross-cutting.unit-conversion,local-context,in^2|m^2
b147eb91b2f2fd18,thermal,.xlsm,21,s0021,worksheet,f000343,regular,worksheet-formula,1,single-cell,1,R33,SQRT,,0,hydraulics.rheology,local-context,ft/min|m|min
b147eb91b2f2fd18,thermal,.xlsm,21,s0021,worksheet,f000344,regular,worksheet-formula,2,filled-row,1,H45:I45,,,0,thermal.unresolved,catalog-category,gal/min
b147eb91b2f2fd18,thermal,.xlsm,21,s0021,worksheet,f000345,regular,worksheet-formula,1,single-cell,1,H36,,,0,hydraulics.fluid-properties|hydraulics.rheology,local-context,N|kg|kg/m^3|ppg
b147eb91b2f2fd18,thermal,.xlsm,21,s0021,worksheet,f000346,regular,worksheet-formula,2,filled-column,1,H30:H31,IF,,0,thermal.unresolved,catalog-category,in^2|m^2
b147eb91b2f2fd18,thermal,.xlsm,21,s0021,worksheet,f000347,regular,worksheet-formula,1,single-cell,1,Q28,,,0,hydraulics.annular-velocity|hydraulics.rheology,local-context,ft/min|lbf*s^n/(100*ft^2)|m|min
b147eb91b2f2fd18,thermal,.xlsm,21,s0021,worksheet,f000348,regular,worksheet-formula,1,single-cell,1,Q46,RADIANS|SIN,,0,thermal.unresolved,catalog-category,
b147eb91b2f2fd18,thermal,.xlsm,21,s0021,worksheet,f000349,regular,worksheet-formula,1,single-cell,1,Q24,,,0,thermal.unresolved,catalog-category,in^2|m^2|mm|percent
b147eb91b2f2fd18,thermal,.xlsm,21,s0021,worksheet,f000350,regular,worksheet-formula,1,single-cell,1,Q33,,,0,hydraulics.annular-velocity|hydraulics.flow-regime|hydraulics.rheology,local-context,ft/min|m|min
b147eb91b2f2fd18,thermal,.xlsm,21,s0021,worksheet,f000351,regular,worksheet-formula,1,single-cell,1,Q25,PI|SQRT,,0,thermal.unresolved,catalog-category,lbf*s^n/(100*ft^2)|mm|percent
b147eb91b2f2fd18,thermal,.xlsm,21,s0021,worksheet,f000352,regular,worksheet-formula,1,single-cell,1,Z121,PI,,0,thermal.unresolved,catalog-category,in^2
b147eb91b2f2fd18,thermal,.xlsm,21,s0021,worksheet,f000353,regular,worksheet-formula,1,single-cell,1,Y117,ASIN|DEGREES,,0,thermal.unresolved,catalog-category,deg
b147eb91b2f2fd18,thermal,.xlsm,21,s0021,worksheet,f000354,regular,worksheet-formula,8,filled-column,1,H17:H26,IF,,0,cross-cutting.unit-conversion,local-context,deg|mm
b147eb91b2f2fd18,thermal,.xlsm,21,s0021,worksheet,f000355,regular,worksheet-formula,1,single-cell,1,K19,,,0,thermal.unresolved,catalog-category,mm
b147eb91b2f2fd18,thermal,.xlsm,21,s0021,worksheet,f000356,regular,worksheet-formula,1,single-cell,1,G63,,,0,thermal.unresolved,catalog-category,ft/min
b147eb91b2f2fd18,thermal,.xlsm,21,s0021,worksheet,f000357,regular,worksheet-formula,1,single-cell,1,Q27,,,0,hydraulics.annular-velocity|hydraulics.rheology,local-context,ft/min|lbf*s^n/(100*ft^2)|m|min
b147eb91b2f2fd18,thermal,.xlsm,21,s0021,worksheet,f000358,regular,worksheet-formula,1,single-cell,1,Q18,PI,,0,cross-cutting.unit-conversion,local-context,in^2|m^2
b147eb91b2f2fd18,thermal,.xlsm,21,s0021,worksheet,f000359,regular,worksheet-formula,1,single-cell,1,K23,,,0,thermal.unresolved,catalog-category,mm|percent
b147eb91b2f2fd18,thermal,.xlsm,21,s0021,worksheet,f000360,regular,worksheet-formula,1,single-cell,1,X114,,,0,thermal.unresolved,catalog-category,
b147eb91b2f2fd18,thermal,.xlsm,21,s0021,worksheet,f000361,regular,worksheet-formula,1,single-cell,1,R30,,,0,hydraulics.rheology,local-context,ft/min|m|min
b147eb91b2f2fd18,thermal,.xlsm,21,s0021,worksheet,f000362,regular,worksheet-formula,2,filled-row,1,X118:Y118,COS|RADIANS,,0,thermal.unresolved,catalog-category,deg
b147eb91b2f2fd18,thermal,.xlsm,21,s0021,worksheet,f000363,regular,worksheet-formula,1,single-cell,1,Q30,,,0,hydraulics.annular-velocity|hydraulics.flow-regime|hydraulics.rheology,local-context,ft/min|m|min
b147eb91b2f2fd18,thermal,.xlsm,21,s0021,worksheet,f000364,regular,worksheet-formula,1,single-cell,1,S50,,,0,thermal.unresolved,catalog-category,in^2|m^2
b147eb91b2f2fd18,thermal,.xlsm,21,s0021,worksheet,f000365,regular,worksheet-formula,1,single-cell,1,R46,,,0,thermal.unresolved,catalog-category,deg
b147eb91b2f2fd18,thermal,.xlsm,21,s0021,worksheet,f000366,regular,worksheet-formula,1,single-cell,1,F63,,,0,thermal.unresolved,catalog-category,
b147eb91b2f2fd18,thermal,.xlsm,21,s0021,worksheet,f000367,regular,worksheet-formula,1,single-cell,1,R34,,,0,hydraulics.rheology,local-context,ft/min|m|min
b147eb91b2f2fd18,thermal,.xlsm,21,s0021,worksheet,f000368,regular,worksheet-formula,1,single-cell,1,Q49,PI,,0,thermal.unresolved,catalog-category,in^2|m^2
b147eb91b2f2fd18,thermal,.xlsm,21,s0021,worksheet,f000369,regular,worksheet-formula,1,single-cell,1,Q32,,,0,hydraulics.annular-velocity|hydraulics.flow-regime|hydraulics.rheology,local-context,ft/min|m|min
b147eb91b2f2fd18,thermal,.xlsm,21,s0021,worksheet,f000370,regular,worksheet-formula,1,single-cell,1,Q47,ASIN|DEGREES|RADIANS|SIN|TAN,,0,thermal.unresolved,catalog-category,deg
b147eb91b2f2fd18,thermal,.xlsm,21,s0021,worksheet,f000371,regular,worksheet-formula,4,multi-area,4,I36|K28|R31|R35,,,0,hydraulics.annular-velocity|hydraulics.flow-regime|hydraulics.fluid-properties|hydraulics.rheology,local-context,cP|deg|ft/min|kg|kg/m^3|m|min|mm|ppg
b147eb91b2f2fd18,thermal,.xlsm,21,s0021,worksheet,f000372,regular,worksheet-formula,1,single-cell,1,R27,,,0,thermal.unresolved,catalog-category,ft/min|lbf*s^n/(100*ft^2)|m|min|mm
b147eb91b2f2fd18,thermal,.xlsm,21,s0021,worksheet,f000373,regular,worksheet-formula,1,single-cell,1,Q29,,,0,hydraulics.annular-velocity|hydraulics.flow-regime|hydraulics.rheology,local-context,ft/min|lbf*s^n/(100*ft^2)|m|min
b147eb91b2f2fd18,thermal,.xlsm,21,s0021,worksheet,f000374,regular,worksheet-formula,2,filled-row,1,H40:I40,,,0,hydraulics.rheology,local-context,cP|lbf/(100*ft^2)
b147eb91b2f2fd18,thermal,.xlsm,21,s0021,worksheet,f000375,regular,worksheet-formula,1,single-cell,1,I39,,,0,hydraulics.rheology,local-context,cP|lbf/(100*ft^2)
b147eb91b2f2fd18,thermal,.xlsm,21,s0021,worksheet,f000376,regular,worksheet-formula,1,single-cell,1,I32,,,0,thermal.unresolved,catalog-category,in^2|m^2
b147eb91b2f2fd18,thermal,.xlsm,21,s0021,worksheet,f000377,regular,worksheet-formula,2,filled-row,1,H44:I44,,,0,thermal.unresolved,catalog-category,gal/min
b147eb91b2f2fd18,thermal,.xlsm,21,s0021,worksheet,f000378,regular,worksheet-formula,2,filled-column,1,Z21:Z22,,,0,thermal.unresolved,catalog-category,
b147eb91b2f2fd18,thermal,.xlsm,21,s0021,worksheet,f000379,regular,worksheet-formula,1,single-cell,1,Z20,,,0,thermal.unresolved,catalog-category,
b147eb91b2f2fd18,thermal,.xlsm,21,s0021,worksheet,f000380,regular,worksheet-formula,2,filled-column,1,I30:I31,IF,,0,thermal.unresolved,catalog-category,deg|in^2|m^2
b147eb91b2f2fd18,thermal,.xlsm,21,s0021,worksheet,f000381,regular,worksheet-formula,1,single-cell,1,R22,,,0,thermal.unresolved,catalog-category,in^2|m^2
b147eb91b2f2fd18,thermal,.xlsm,21,s0021,worksheet,f000382,regular,worksheet-formula,1,single-cell,1,R26,,,0,thermal.unresolved,catalog-category,ft/min|lbf*s^n/(100*ft^2)|m|min|mm
b147eb91b2f2fd18,thermal,.xlsm,21,s0021,worksheet,f000383,regular,worksheet-formula,1,single-cell,1,R29,SQRT,,0,hydraulics.rheology,local-context,ft/min|lbf*s^n/(100*ft^2)|m|min
b147eb91b2f2fd18,thermal,.xlsm,21,s0021,worksheet,f000384,regular,worksheet-formula,331,filled-column,1,E94:E424,IF,,0,bha.geometry|bha.motor-performance,local-context,
b147eb91b2f2fd18,thermal,.xlsm,21,s0021,worksheet,f000385,regular,worksheet-formula,1,single-cell,1,R19,,,0,cross-cutting.unit-conversion,local-context,in^2|m^2
b147eb91b2f2fd18,thermal,.xlsm,21,s0021,worksheet,f000386,regular,worksheet-formula,1,single-cell,1,Q22,,,0,thermal.unresolved,catalog-category,in^2|m^2|percent
b147eb91b2f2fd18,thermal,.xlsm,21,s0021,worksheet,f000387,regular,worksheet-formula,1,single-cell,1,Q36,PI,,0,bha.geometry|hydraulics.flow-regime|hydraulics.rheology,local-context,ft/min|m|min
b147eb91b2f2fd18,thermal,.xlsm,21,s0021,worksheet,f000388,regular,worksheet-formula,12,rectangular-table,1,G57:H62,,,0,thermal.unresolved,catalog-category,ft/min
b147eb91b2f2fd18,thermal,.xlsm,21,s0021,worksheet,f000389,regular,worksheet-formula,1,single-cell,1,G67,,,0,thermal.unresolved,catalog-category,gal/min
b147eb91b2f2fd18,thermal,.xlsm,21,s0021,worksheet,f000390,regular,worksheet-formula,1,single-cell,1,Q17,PI,,0,cross-cutting.unit-conversion,local-context,in^2|m^2
b147eb91b2f2fd18,thermal,.xlsm,21,s0021,worksheet,f000391,regular,worksheet-formula,8,filled-column,1,I17:I26,IF,,0,cross-cutting.unit-conversion,local-context,deg|mm
b147eb91b2f2fd18,thermal,.xlsm,21,s0021,worksheet,f000392,regular,worksheet-formula,1,single-cell,1,Y21,ACOS|SIN,,0,thermal.unresolved,catalog-category,
b147eb91b2f2fd18,thermal,.xlsm,21,s0021,worksheet,f000393,regular,worksheet-formula,1,single-cell,1,F62,MAX,,0,thermal.unresolved,catalog-category,
b147eb91b2f2fd18,thermal,.xlsm,21,s0021,worksheet,f000394,regular,worksheet-formula,1,single-cell,1,G66,IF,,0,thermal.unresolved,catalog-category,ft/min
b147eb91b2f2fd18,thermal,.xlsm,21,s0021,worksheet,f000395,regular,worksheet-formula,2,filled-row,1,H41:I41,,,0,hydraulics.rheology,local-context,lbf/(100*ft^2)
b147eb91b2f2fd18,thermal,.xlsm,21,s0021,worksheet,f000396,regular,worksheet-formula,1,single-cell,1,Q19,PI,,0,cross-cutting.unit-conversion,local-context,in^2|m^2
b147eb91b2f2fd18,thermal,.xlsm,21,s0021,worksheet,f000397,regular,worksheet-formula,2,filled-row,1,H27:I27,,,0,thermal.unresolved,catalog-category,deg|mm
b147eb91b2f2fd18,thermal,.xlsm,21,s0021,worksheet,f000398,regular,worksheet-formula,1,single-cell,1,R48,COS|RADIANS,,0,thermal.unresolved,catalog-category,deg|in^2|m^2
b147eb91b2f2fd18,thermal,.xlsm,21,s0021,worksheet,f000399,regular,worksheet-formula,1,single-cell,1,R17,,,0,cross-cutting.unit-conversion,local-context,in^2|m^2
b147eb91b2f2fd18,thermal,.xlsm,21,s0021,worksheet,f000400,regular,worksheet-formula,16,rectangular-table,1,G73:H82,,,0,thermal.unresolved,catalog-category,min
b147eb91b2f2fd18,thermal,.xlsm,21,s0021,worksheet,f000401,regular,worksheet-formula,2,filled-row,1,H42:I42,,,0,thermal.unresolved,catalog-category,
b147eb91b2f2fd18,thermal,.xlsm,21,s0021,worksheet,f000402,regular,worksheet-formula,1,single-cell,1,R23,,,0,thermal.unresolved,catalog-category,in^2|m^2|mm|percent
b147eb91b2f2fd18,thermal,.xlsm,21,s0021,worksheet,f000403,regular,worksheet-formula,1,single-cell,1,Q35,IF,,0,bha.geometry|hydraulics.flow-regime|hydraulics.rheology,local-context,ft/min|m|min
b147eb91b2f2fd18,thermal,.xlsm,21,s0021,worksheet,f000404,regular,worksheet-formula,1,single-cell,1,X120,PI,,0,thermal.unresolved,catalog-category,in^2
b147eb91b2f2fd18,thermal,.xlsm,21,s0021,worksheet,f000405,regular,worksheet-formula,1,single-cell,1,Q34,,,0,bha.geometry|hydraulics.annular-velocity|hydraulics.flow-regime|hydraulics.rheology,local-context,ft/min|m|min
b147eb91b2f2fd18,thermal,.xlsm,21,s0021,worksheet,f000406,regular,worksheet-formula,1,single-cell,1,H39,IF,,0,hydraulics.rheology,local-context,cP|lbf/(100*ft^2)
b147eb91b2f2fd18,thermal,.xlsm,21,s0021,worksheet,f000407,regular,worksheet-formula,1,single-cell,1,Q26,LOG,,0,hydraulics.annular-velocity,local-context,lbf*s^n/(100*ft^2)|mm|percent
b147eb91b2f2fd18,thermal,.xlsm,21,s0021,worksheet,f000408,regular,worksheet-formula,1,single-cell,1,R49,PI,,0,thermal.unresolved,catalog-category,deg|in^2|m^2
b147eb91b2f2fd18,thermal,.xlsm,21,s0021,worksheet,f000409,regular,worksheet-formula,9,multi-area,3,F73:F79|G83|H83,,,0,thermal.unresolved,catalog-category,
b147eb91b2f2fd18,thermal,.xlsm,21,s0021,worksheet,f000410,regular,worksheet-formula,1,single-cell,1,R21,,,0,thermal.unresolved,catalog-category,in^2|m^2
b147eb91b2f2fd18,thermal,.xlsm,21,s0021,worksheet,f000411,regular,worksheet-formula,1,single-cell,1,H63,,,0,thermal.unresolved,catalog-category,ft/min
b147eb91b2f2fd18,thermal,.xlsm,21,s0021,worksheet,f000412,regular,worksheet-formula,1,single-cell,1,Y22,ACOS|SIN,,0,thermal.unresolved,catalog-category,
b147eb91b2f2fd18,thermal,.xlsm,21,s0021,worksheet,f000413,regular,worksheet-formula,1,single-cell,1,R20,,,0,cross-cutting.unit-conversion,local-context,in^2|m^2
b147eb91b2f2fd18,thermal,.xlsm,21,s0021,worksheet,f000414,regular,worksheet-formula,1,single-cell,1,Q23,,,0,thermal.unresolved,catalog-category,in^2|m^2|mm|percent
b147eb91b2f2fd18,thermal,.xlsm,21,s0021,worksheet,f000415,regular,worksheet-formula,1,single-cell,1,R32,,,0,hydraulics.annular-velocity,local-context,ft/min|m|min
b147eb91b2f2fd18,thermal,.xlsm,21,s0021,worksheet,f000416,regular,worksheet-formula,1,single-cell,1,Q48,COS|RADIANS,,0,thermal.unresolved,catalog-category,
b147eb91b2f2fd18,thermal,.xlsm,21,s0021,worksheet,f000417,regular,worksheet-formula,1,single-cell,1,Y119,,,0,thermal.unresolved,catalog-category,deg|in^2
b147eb91b2f2fd18,thermal,.xlsm,21,s0021,worksheet,f000418,regular,worksheet-formula,1,single-cell,1,Y23,ACOS|COS|SQRT,,0,thermal.unresolved,catalog-category,
b147eb91b2f2fd18,thermal,.xlsm,21,s0021,worksheet,f000419,regular,worksheet-formula,4,filled-column,1,F58:F61,,,0,thermal.unresolved,catalog-category,
b147eb91b2f2fd18,thermal,.xlsm,21,s0021,worksheet,f000420,regular,worksheet-formula,3,multi-area,3,H66|Z35|Z39,IF,,0,hydraulics.annular-velocity,local-context,ft/min
b147eb91b2f2fd18,thermal,.xlsm,21,s0021,worksheet,f000421,regular,worksheet-formula,1,single-cell,1,S49,,,0,thermal.unresolved,catalog-category,deg|in^2|m^2
b147eb91b2f2fd18,thermal,.xlsm,21,s0021,worksheet,f000422,regular,worksheet-formula,2,filled-row,1,H43:I43,,,0,thermal.unresolved,catalog-category,
b147eb91b2f2fd18,thermal,.xlsm,21,s0021,worksheet,f000423,regular,worksheet-formula,1,single-cell,1,R25,,,0,thermal.unresolved,catalog-category,lbf*s^n/(100*ft^2)|mm
b147eb91b2f2fd18,thermal,.xlsm,21,s0021,worksheet,f000424,regular,worksheet-formula,1,single-cell,1,I38,,,0,hydraulics.rheology,local-context,cP|kg|lbf/(100*ft^2)
b147eb91b2f2fd18,thermal,.xlsm,21,s0021,worksheet,f000425,regular,worksheet-formula,1,single-cell,1,Y17,AVERAGE,,0,thermal.unresolved,catalog-category,
b147eb91b2f2fd18,thermal,.xlsm,20,s0020,worksheet,f000426,regular,worksheet-formula,1,single-cell,1,H41,CONCATENATE|IF,,0,thermal.unresolved,catalog-category,
b147eb91b2f2fd18,thermal,.xlsm,20,s0020,worksheet,f000427,regular,worksheet-formula,1,single-cell,1,Y64,CONCATENATE|IF|ROUND,,0,bha.geometry|hydraulics.bit-nozzle,local-context,percent
b147eb91b2f2fd18,thermal,.xlsm,20,s0020,worksheet,f000428,regular,worksheet-formula,1,single-cell,1,Q140,CONCATENATE|IF|ROUND,,0,thermal.unresolved,catalog-category,
b147eb91b2f2fd18,thermal,.xlsm,20,s0020,worksheet,f000429,regular,worksheet-formula,1,single-cell,1,AC90,,,0,cross-cutting.unit-conversion,local-context,
b147eb91b2f2fd18,thermal,.xlsm,20,s0020,worksheet,f000430,regular,worksheet-formula,1,single-cell,1,Q117,CONCATENATE|IF|ROUND,,0,hydraulics.annular-velocity,local-context,
b147eb91b2f2fd18,thermal,.xlsm,20,s0020,worksheet,f000431,regular,worksheet-formula,1,single-cell,1,Q134,,,0,hydraulics.flow-regime,local-context,
b147eb91b2f2fd18,thermal,.xlsm,20,s0020,worksheet,f000432,regular,worksheet-formula,1,single-cell,1,J98,,,0,thermal.unresolved,catalog-category,
b147eb91b2f2fd18,thermal,.xlsm,20,s0020,worksheet,f000433,regular,worksheet-formula,1,single-cell,1,Q139,CONCATENATE|IF|ROUND,,0,hydraulics.annular-velocity,local-context,
b147eb91b2f2fd18,thermal,.xlsm,20,s0020,worksheet,f000434,regular,worksheet-formula,1,single-cell,1,Q136,CONCATENATE|IF|ROUND,,0,thermal.unresolved,catalog-category,
b147eb91b2f2fd18,thermal,.xlsm,20,s0020,worksheet,f000435,regular,worksheet-formula,1,single-cell,1,G12,CONCATENATE,,0,thermal.unresolved,catalog-category,
b147eb91b2f2fd18,thermal,.xlsm,20,s0020,worksheet,f000436,regular,worksheet-formula,1,single-cell,1,AA102,IF,,0,thermal.unresolved,catalog-category,
b147eb91b2f2fd18,thermal,.xlsm,20,s0020,worksheet,f000437,regular,worksheet-formula,1,single-cell,1,F64,CONCATENATE|IF|ROUND,,0,hydraulics.bit-nozzle,local-context,
b147eb91b2f2fd18,thermal,.xlsm,20,s0020,worksheet,f000438,regular,worksheet-formula,1,single-cell,1,Y73,CONCATENATE|IF|ROUND,,0,hydraulics.hole-cleaning,local-context,
b147eb91b2f2fd18,thermal,.xlsm,20,s0020,worksheet,f000439,regular,worksheet-formula,2,filled-column,1,H43:H49,CONCATENATE|IF,,0,thermal.unresolved,catalog-category,
b147eb91b2f2fd18,thermal,.xlsm,20,s0020,worksheet,f000440,regular,worksheet-formula,1,single-cell,1,T139,AND|IF,,0,thermal.unresolved,catalog-category,
b147eb91b2f2fd18,thermal,.xlsm,20,s0020,worksheet,f000441,regular,worksheet-formula,1,single-cell,1,Y70,CONCATENATE|IF|ROUND,,0,hydraulics.bit-nozzle|hydraulics.hole-cleaning,local-context,percent
b147eb91b2f2fd18,thermal,.xlsm,20,s0020,worksheet,f000442,regular,worksheet-formula,1,single-cell,1,T102,CONCATENATE|IF,,0,thermal.unresolved,catalog-category,
b147eb91b2f2fd18,thermal,.xlsm,20,s0020,worksheet,f000443,regular,worksheet-formula,1,single-cell,1,H51,CONCATENATE|IF|ROUND,,0,thermal.unresolved,catalog-category,
b147eb91b2f2fd18,thermal,.xlsm,20,s0020,worksheet,f000444,regular,worksheet-formula,3,multi-area,3,Q110|Q132|AC29,CONCATENATE|IF,,0,thermal.unresolved,catalog-category,
b147eb91b2f2fd18,thermal,.xlsm,20,s0020,worksheet,f000445,regular,worksheet-formula,1,single-cell,1,T29,CONCATENATE|IF,,0,thermal.unresolved,catalog-category,
b147eb91b2f2fd18,thermal,.xlsm,20,s0020,worksheet,f000446,regular,worksheet-formula,2,filled-row,1,E102:O102,IF,,0,thermal.unresolved,catalog-category,
b147eb91b2f2fd18,thermal,.xlsm,20,s0020,worksheet,f000447,regular,worksheet-formula,1,single-cell,1,H35,,,0,bha.geometry,local-context,
b147eb91b2f2fd18,thermal,.xlsm,20,s0020,worksheet,f000448,regular,worksheet-formula,1,single-cell,1,AF100,IF,,0,thermal.unresolved,catalog-category,
b147eb91b2f2fd18,thermal,.xlsm,20,s0020,worksheet,f000449,regular,worksheet-formula,1,single-cell,1,R64,CONCATENATE|IF|ROUND,,0,bha.geometry,local-context,
b147eb91b2f2fd18,thermal,.xlsm,20,s0020,worksheet,f000450,regular,worksheet-formula,1,single-cell,1,Q115,CONCATENATE|IF|ROUND,,0,thermal.unresolved,catalog-category,
b147eb91b2f2fd18,thermal,.xlsm,20,s0020,worksheet,f000451,regular,worksheet-formula,1,single-cell,1,Q137,CONCATENATE|IF|ROUND,,0,thermal.unresolved,catalog-category,
b147eb91b2f2fd18,thermal,.xlsm,20,s0020,worksheet,f000452,regular,worksheet-formula,1,single-cell,1,AF102,IF,,0,thermal.unresolved,catalog-category,
b147eb91b2f2fd18,thermal,.xlsm,20,s0020,worksheet,f000453,regular,worksheet-formula,1,single-cell,1,AE66,AND|IF|OR,,0,thermal.unresolved,catalog-category,
b147eb91b2f2fd18,thermal,.xlsm,20,s0020,worksheet,f000454,regular,worksheet-formula,1,single-cell,1,L64,CONCATENATE|IF|ROUND,,0,hydraulics.bit-nozzle,local-context,percent
b147eb91b2f2fd18,thermal,.xlsm,20,s0020,worksheet,f000455,regular,worksheet-formula,2,filled-column,1,O43:O49,CONCATENATE|IF,,0,thermal.unresolved,catalog-category,
b147eb91b2f2fd18,thermal,.xlsm,20,s0020,worksheet,f000456,regular,worksheet-formula,1,single-cell,1,H39,,,0,thermal.unresolved,catalog-category,
b147eb91b2f2fd18,thermal,.xlsm,20,s0020,worksheet,f000457,regular,worksheet-formula,1,single-cell,1,A1,,,0,thermal.unresolved,catalog-category,
b147eb91b2f2fd18,thermal,.xlsm,20,s0020,worksheet,f000458,regular,worksheet-formula,1,single-cell,1,AF101,IF,,0,thermal.unresolved,catalog-category,
b147eb91b2f2fd18,thermal,.xlsm,20,s0020,worksheet,f000459,regular,worksheet-formula,1,single-cell,1,Q114,CONCATENATE|IF|ROUND,,0,thermal.unresolved,catalog-category,
b147eb91b2f2fd18,thermal,.xlsm,20,s0020,worksheet,f000460,regular,worksheet-formula,1,single-cell,1,O45,CONCATENATE|IF,,0,thermal.unresolved,catalog-category,
b147eb91b2f2fd18,thermal,.xlsm,20,s0020,worksheet,f000461,regular,worksheet-formula,1,single-cell,1,J100,,,0,thermal.unresolved,catalog-category,
b147eb91b2f2fd18,thermal,.xlsm,20,s0020,worksheet,f000462,regular,worksheet-formula,1,single-cell,1,L67,,,0,hydraulics.bit-nozzle,local-context,percent
b147eb91b2f2fd18,thermal,.xlsm,20,s0020,worksheet,f000463,regular,worksheet-formula,1,single-cell,1,T117,AND|IF,,0,thermal.unresolved,catalog-category,
b147eb91b2f2fd18,thermal,.xlsm,20,s0020,worksheet,f000464,regular,worksheet-formula,1,single-cell,1,M120,IF,,0,hydraulics.annular-velocity,local-context,
b147eb91b2f2fd18,thermal,.xlsm,20,s0020,worksheet,f000465,regular,worksheet-formula,1,single-cell,1,AA100,IF,,0,thermal.unresolved,catalog-category,
b147eb91b2f2fd18,thermal,.xlsm,20,s0020,worksheet,f000466,regular,worksheet-formula,1,single-cell,1,J102,CONCATENATE|IF,,0,thermal.unresolved,catalog-category,
b147eb91b2f2fd18,thermal,.xlsm,20,s0020,worksheet,f000467,regular,worksheet-formula,1,single-cell,1,Q112,,,0,hydraulics.flow-regime,local-context,
b147eb91b2f2fd18,thermal,.xlsm,20,s0020,worksheet,f000468,regular,worksheet-formula,1,single-cell,1,H47,CONCATENATE|ROUND,,0,thermal.unresolved,catalog-category,
b147eb91b2f2fd18,thermal,.xlsm,20,s0020,worksheet,f000469,regular,worksheet-formula,9,filled-column,1,E161:E169,CONCATENATE|IF,,0,directional.dogleg-severity|hydraulics.annular-velocity|hydraulics.hole-cleaning|hydraulics.reynolds-number|hydraulics.rheology,local-context,Pa|deg|percent
b147eb91b2f2fd18,thermal,.xlsm,20,s0020,worksheet,f000470,regular,worksheet-formula,1,single-cell,1,Y67,,,0,bha.geometry|hydraulics.bit-nozzle,local-context,percent
b147eb91b2f2fd18,thermal,.xlsm,20,s0020,worksheet,f000471,regular,worksheet-formula,1,single-cell,1,O39,,,0,thermal.unresolved,catalog-category,
b147eb91b2f2fd18,thermal,.xlsm,20,s0020,worksheet,f000472,regular,worksheet-formula,1,single-cell,1,O41,CONCATENATE,,0,thermal.unresolved,catalog-category,
b147eb91b2f2fd18,thermal,.xlsm,20,s0020,worksheet,f000473,regular,worksheet-formula,1,single-cell,1,AD73,CONCATENATE|IF|ROUND,,0,thermal.unresolved,catalog-category,
b147eb91b2f2fd18,thermal,.xlsm,20,s0020,worksheet,f000474,regular,worksheet-formula,1,single-cell,1,AG90,,,0,cross-cutting.unit-conversion,local-context,
b147eb91b2f2fd18,thermal,.xlsm,20,s0020,worksheet,f000475,regular,worksheet-formula,1,single-cell,1,AA101,IF,,0,thermal.unresolved,catalog-category,
b147eb91b2f2fd18,thermal,.xlsm,20,s0020,worksheet,f000476,regular,worksheet-formula,1,single-cell,1,H29,CONCATENATE|IF,,0,thermal.unresolved,catalog-category,
b147eb91b2f2fd18,thermal,.xlsm,20,s0020,worksheet,f000477,regular,worksheet-formula,1,single-cell,1,H45,CONCATENATE|IF|ROUND,,0,thermal.unresolved,catalog-category,
b147eb91b2f2fd18,thermal,.xlsm,20,s0020,worksheet,f000478,regular,worksheet-formula,1,single-cell,1,Q118,CONCATENATE|IF|ROUND,,0,thermal.unresolved,catalog-category,
b147eb91b2f2fd18,thermal,.xlsm,20,s0020,worksheet,f000479,regular,worksheet-formula,1,single-cell,1,R142,CONCATENATE|IF|MAX|MIN|ROUND,,0,thermal.unresolved,catalog-category,
b147eb91b2f2fd18,thermal,.xlsm,20,s0020,worksheet,f000480,regular,worksheet-formula,2,filled-column,1,B79:B172,CONCATENATE|TODAY|UDF,TODAY,0,thermal.unresolved,catalog-category,
b147eb91b2f2fd18,thermal,.xlsm,24,s0024,worksheet,f000481,regular,worksheet-formula,1,single-cell,1,R35,IF|OR,,0,thermal.unresolved,catalog-category,
b147eb91b2f2fd18,thermal,.xlsm,24,s0024,worksheet,f000482,regular,worksheet-formula,1,single-cell,1,AB43,IF|OR,,0,thermal.unresolved,catalog-category,
b147eb91b2f2fd18,thermal,.xlsm,24,s0024,worksheet,f000483,regular,worksheet-formula,1,single-cell,1,AE119,IF,,0,thermal.unresolved,catalog-category,
b147eb91b2f2fd18,thermal,.xlsm,24,s0024,worksheet,f000484,regular,worksheet-formula,1,single-cell,1,Z35,IF|OR,,0,bha.motor-performance,local-context,
b147eb91b2f2fd18,thermal,.xlsm,24,s0024,worksheet,f000485,regular,worksheet-formula,20,rectangular-table,1,N37:AF44,IF,,0,thermal.unresolved,catalog-category,
b147eb91b2f2fd18,thermal,.xlsm,24,s0024,worksheet,f000486,regular,worksheet-formula,1,single-cell,1,T43,IF|OR,,0,thermal.unresolved,catalog-category,
b147eb91b2f2fd18,thermal,.xlsm,24,s0024,worksheet,f000487,regular,worksheet-formula,1,single-cell,1,Z36,IF,,0,thermal.unresolved,catalog-category,
b147eb91b2f2fd18,thermal,.xlsm,24,s0024,worksheet,f000488,regular,worksheet-formula,1,single-cell,1,AD43,IF|OR,,0,thermal.unresolved,catalog-category,
b147eb91b2f2fd18,thermal,.xlsm,24,s0024,worksheet,f000489,regular,worksheet-formula,1,single-cell,1,P36,IF,,0,thermal.unresolved,catalog-category,
b147eb91b2f2fd18,thermal,.xlsm,24,s0024,worksheet,f000490,regular,worksheet-formula,1,single-cell,1,X56,,,0,thermal.unresolved,catalog-category,degF
b147eb91b2f2fd18,thermal,.xlsm,24,s0024,worksheet,f000491,regular,worksheet-formula,1,single-cell,1,J119,IF,,0,thermal.unresolved,catalog-category,
b147eb91b2f2fd18,thermal,.xlsm,24,s0024,worksheet,f000492,regular,worksheet-formula,54,multi-area,31,F200|G125|G130|J58|J200|K85|K87|K89|K91|K93|K95|K97|K99|K101|K103|M176:M179|M182:M185|M188:M195|N200|P182:P185|P188:P195|V85|V87|V89|V91|V93|V95|V97|V99|V101|V103,,,0,thermal.unresolved,catalog-category,Hz|m/s|percent
b147eb91b2f2fd18,thermal,.xlsm,24,s0024,worksheet,f000493,regular,worksheet-formula,1,single-cell,1,AM112,IF,,0,thermal.unresolved,catalog-category,
b147eb91b2f2fd18,thermal,.xlsm,24,s0024,worksheet,f000494,regular,worksheet-formula,20,rectangular-table,1,M85:X103,IF,,0,thermal.unresolved,catalog-category,mm
b147eb91b2f2fd18,thermal,.xlsm,24,s0024,worksheet,f000495,regular,worksheet-formula,1,single-cell,1,N36,IF,,0,thermal.unresolved,catalog-category,
b147eb91b2f2fd18,thermal,.xlsm,24,s0024,worksheet,f000496,regular,worksheet-formula,1,single-cell,1,S31,,,0,thermal.unresolved,catalog-category,
b147eb91b2f2fd18,thermal,.xlsm,24,s0024,worksheet,f000497,regular,worksheet-formula,1,single-cell,1,AN113,ROUND,,0,thermal.unresolved,catalog-category,
b147eb91b2f2fd18,thermal,.xlsm,24,s0024,worksheet,f000498,regular,worksheet-formula,1,single-cell,1,P200,IF,,0,thermal.unresolved,catalog-category,Hz
b147eb91b2f2fd18,thermal,.xlsm,24,s0024,worksheet,f000499,regular,worksheet-formula,1,single-cell,1,P35,IF|OR,,0,thermal.unresolved,catalog-category,
b147eb91b2f2fd18,thermal,.xlsm,24,s0024,worksheet,f000500,regular,worksheet-formula,1,single-cell,1,X42,IF|OR,,0,thermal.unresolved,catalog-category,
b147eb91b2f2fd18,thermal,.xlsm,24,s0024,worksheet,f000501,regular,worksheet-formula,1,single-cell,1,S116,HLOOKUP|IF,,0,thermal.unresolved,catalog-category,
b147eb91b2f2fd18,thermal,.xlsm,24,s0024,worksheet,f000502,regular,worksheet-formula,1,single-cell,1,AB36,IF,,0,thermal.unresolved,catalog-category,
b147eb91b2f2fd18,thermal,.xlsm,24,s0024,worksheet,f000503,regular,worksheet-formula,1,single-cell,1,T27,CONCATENATE,,0,thermal.unresolved,catalog-category,
b147eb91b2f2fd18,thermal,.xlsm,24,s0024,worksheet,f000504,regular,worksheet-formula,1,single-cell,1,R43,IF|OR,,0,thermal.unresolved,catalog-category,
b147eb91b2f2fd18,thermal,.xlsm,24,s0024,worksheet,f000505,regular,worksheet-formula,1,single-cell,1,AD58,,,0,thermal.unresolved,catalog-category,ft
b147eb91b2f2fd18,thermal,.xlsm,24,s0024,worksheet,f000506,regular,worksheet-formula,1,single-cell,1,V42,IF|OR,,0,thermal.unresolved,catalog-category,
b147eb91b2f2fd18,thermal,.xlsm,24,s0024,worksheet,f000507,regular,worksheet-formula,1,single-cell,1,AD60,,,0,thermal.unresolved,catalog-category,ppg
b147eb91b2f2fd18,thermal,.xlsm,24,s0024,worksheet,f000508,regular,worksheet-formula,1,single-cell,1,AL112,IF|MIN,,0,thermal.unresolved,catalog-category,
b147eb91b2f2fd18,thermal,.xlsm,24,s0024,worksheet,f000509,regular,worksheet-formula,1,single-cell,1,AI31,,,0,thermal.unresolved,catalog-category,h
b147eb91b2f2fd18,thermal,.xlsm,24,s0024,worksheet,f000510,regular,worksheet-formula,2,multi-area,2,J133|M54,IF,,0,thermal.unresolved,catalog-category,gal/min
b147eb91b2f2fd18,thermal,.xlsm,24,s0024,worksheet,f000511,regular,worksheet-formula,1,single-cell,1,I29,IF,,0,thermal.unresolved,catalog-category,
b147eb91b2f2fd18,thermal,.xlsm,24,s0024,worksheet,f000512,regular,worksheet-formula,1,single-cell,1,AB116,HLOOKUP|IF,,0,thermal.unresolved,catalog-category,
b147eb91b2f2fd18,thermal,.xlsm,24,s0024,worksheet,f000513,regular,worksheet-formula,1,single-cell,1,X35,IF|OR,,0,thermal.unresolved,catalog-category,
b147eb91b2f2fd18,thermal,.xlsm,24,s0024,worksheet,f000514,regular,worksheet-formula,22,rectangular-table,1,K124:U129,AND|IF,,0,thermal.unresolved,catalog-category,
b147eb91b2f2fd18,thermal,.xlsm,24,s0024,worksheet,f000515,regular,worksheet-formula,1,single-cell,1,AD56,,,0,thermal.unresolved,catalog-category,degF
b147eb91b2f2fd18,thermal,.xlsm,24,s0024,worksheet,f000516,regular,worksheet-formula,1,single-cell,1,T35,IF|OR,,0,thermal.unresolved,catalog-category,
b147eb91b2f2fd18,thermal,.xlsm,24,s0024,worksheet,f000517,regular,worksheet-formula,1,single-cell,1,P42,IF|OR,,0,thermal.unresolved,catalog-category,
b147eb91b2f2fd18,thermal,.xlsm,24,s0024,worksheet,f000518,regular,worksheet-formula,1,single-cell,1,X43,IF|OR,,0,thermal.unresolved,catalog-category,
b147eb91b2f2fd18,thermal,.xlsm,24,s0024,worksheet,f000519,regular,worksheet-formula,1,single-cell,1,P43,IF|OR,,0,thermal.unresolved,catalog-category,
b147eb91b2f2fd18,thermal,.xlsm,24,s0024,worksheet,f000520,regular,worksheet-formula,20,rectangular-table,1,P85:AA103,IF,,0,thermal.unresolved,catalog-category,
b147eb91b2f2fd18,thermal,.xlsm,24,s0024,worksheet,f000521,regular,worksheet-formula,1,single-cell,1,AF35,IF|OR,,0,thermal.unresolved,catalog-category,
b147eb91b2f2fd18,thermal,.xlsm,24,s0024,worksheet,f000522,regular,worksheet-formula,1,single-cell,1,AB42,IF|OR,,0,thermal.unresolved,catalog-category,
b147eb91b2f2fd18,thermal,.xlsm,24,s0024,worksheet,f000523,regular,worksheet-formula,2,filled-column,1,J124:J129,IF,,0,thermal.unresolved,catalog-category,
b147eb91b2f2fd18,thermal,.xlsm,24,s0024,worksheet,f000524,regular,worksheet-formula,1,single-cell,1,AD116,HLOOKUP|IF,,0,thermal.unresolved,catalog-category,
b147eb91b2f2fd18,thermal,.xlsm,24,s0024,worksheet,f000525,regular,worksheet-formula,1,single-cell,1,I116,,,0,thermal.unresolved,catalog-category,
b147eb91b2f2fd18,thermal,.xlsm,24,s0024,worksheet,f000526,regular,worksheet-formula,1,single-cell,1,X116,HLOOKUP|IF,,0,thermal.unresolved,catalog-category,
b147eb91b2f2fd18,thermal,.xlsm,24,s0024,worksheet,f000527,regular,worksheet-formula,2,filled-column,1,V124:V129,AND|IF,,0,thermal.unresolved,catalog-category,
b147eb91b2f2fd18,thermal,.xlsm,24,s0024,worksheet,f000528,regular,worksheet-formula,16,rectangular-table,1,W124:AD129,AND|IF,,0,thermal.unresolved,catalog-category,
b147eb91b2f2fd18,thermal,.xlsm,24,s0024,worksheet,f000529,regular,worksheet-formula,1,single-cell,1,X60,,,0,thermal.unresolved,catalog-category,ppg
b147eb91b2f2fd18,thermal,.xlsm,24,s0024,worksheet,f000530,regular,worksheet-formula,1,single-cell,1,AG29,,,0,thermal.unresolved,catalog-category,h
b147eb91b2f2fd18,thermal,.xlsm,24,s0024,worksheet,f000531,regular,worksheet-formula,1,single-cell,1,AF43,IF|OR,,0,thermal.unresolved,catalog-category,
b147eb91b2f2fd18,thermal,.xlsm,24,s0024,worksheet,f000532,regular,worksheet-formula,1,single-cell,1,AF42,IF|OR,,0,thermal.unresolved,catalog-category,
b147eb91b2f2fd18,thermal,.xlsm,24,s0024,worksheet,f000533,regular,worksheet-formula,1,single-cell,1,K116,,,0,thermal.unresolved,catalog-category,
b147eb91b2f2fd18,thermal,.xlsm,24,s0024,worksheet,f000534,regular,worksheet-formula,1,single-cell,1,K31,,,0,thermal.unresolved,catalog-category,degF
b147eb91b2f2fd18,thermal,.xlsm,24,s0024,worksheet,f000535,regular,worksheet-formula,1,single-cell,1,U66,,,0,thermal.unresolved,catalog-category,psi
b147eb91b2f2fd18,thermal,.xlsm,24,s0024,worksheet,f000536,regular,worksheet-formula,14,multi-area,12,A1|F42:F44|J117|L117|N117|P117|R117|T117|Y117|AA117|AC117|AE117,,,0,thermal.unresolved,catalog-category,
b147eb91b2f2fd18,thermal,.xlsm,24,s0024,worksheet,f000537,regular,worksheet-formula,1,single-cell,1,AB112,CONCATENATE|IF|ROUND,,0,thermal.unresolved,catalog-category,
b147eb91b2f2fd18,thermal,.xlsm,24,s0024,worksheet,f000538,regular,worksheet-formula,1,single-cell,1,E140,IF,,0,bha.motor-performance|bha.tool-life|cross-cutting.optimization,local-context,
b147eb91b2f2fd18,thermal,.xlsm,24,s0024,worksheet,f000539,regular,worksheet-formula,1,single-cell,1,X58,,,0,thermal.unresolved,catalog-category,ft
b147eb91b2f2fd18,thermal,.xlsm,24,s0024,worksheet,f000540,regular,worksheet-formula,4,multi-area,2,F35:F37|L29,IF,,0,bha.motor-performance,local-context,degF
b147eb91b2f2fd18,thermal,.xlsm,24,s0024,worksheet,f000541,regular,worksheet-formula,1,single-cell,1,R42,IF|OR,,0,thermal.unresolved,catalog-category,
b147eb91b2f2fd18,thermal,.xlsm,24,s0024,worksheet,f000542,regular,worksheet-formula,1,single-cell,1,O116,HLOOKUP|IF,,0,thermal.unresolved,catalog-category,
b147eb91b2f2fd18,thermal,.xlsm,24,s0024,worksheet,f000543,regular,worksheet-formula,1,single-cell,1,U112,,,0,thermal.unresolved,catalog-category,
b147eb91b2f2fd18,thermal,.xlsm,24,s0024,worksheet,f000544,regular,worksheet-formula,9,filled-column,1,E141:E149,IF,,0,bha.motor-performance|bha.tool-life|cross-cutting.optimization,local-context,
b147eb91b2f2fd18,thermal,.xlsm,24,s0024,worksheet,f000545,regular,worksheet-formula,1,single-cell,1,Z43,IF|OR,,0,thermal.unresolved,catalog-category,
b147eb91b2f2fd18,thermal,.xlsm,24,s0024,worksheet,f000546,regular,worksheet-formula,23,filled-row,1,I118:AE118,AND|IF,,0,thermal.unresolved,catalog-category,
b147eb91b2f2fd18,thermal,.xlsm,24,s0024,worksheet,f000547,regular,worksheet-formula,3,filled-column,1,I120:I130,AND|IF,,0,thermal.unresolved,catalog-category,
b147eb91b2f2fd18,thermal,.xlsm,24,s0024,worksheet,f000548,regular,worksheet-formula,1,single-cell,1,AL111,AVERAGE|MIN|ROUND,,0,thermal.unresolved,catalog-category,
b147eb91b2f2fd18,thermal,.xlsm,24,s0024,worksheet,f000549,regular,worksheet-formula,1,single-cell,1,H200,IF,,0,thermal.unresolved,catalog-category,m/s
b147eb91b2f2fd18,thermal,.xlsm,24,s0024,worksheet,f000550,regular,worksheet-formula,1,single-cell,1,V119,AND|IF,,0,thermal.unresolved,catalog-category,
b147eb91b2f2fd18,thermal,.xlsm,24,s0024,worksheet,f000551,regular,worksheet-formula,1,single-cell,1,Z42,IF|OR,,0,thermal.unresolved,catalog-category,
b147eb91b2f2fd18,thermal,.xlsm,24,s0024,worksheet,f000552,regular,worksheet-formula,1,single-cell,1,G126,IF,,0,thermal.unresolved,catalog-category,
b147eb91b2f2fd18,thermal,.xlsm,24,s0024,worksheet,f000553,regular,worksheet-formula,1,single-cell,1,AD42,IF|OR,,0,thermal.unresolved,catalog-category,
b147eb91b2f2fd18,thermal,.xlsm,24,s0024,worksheet,f000554,regular,worksheet-formula,20,rectangular-table,1,I85:T103,IF,,0,thermal.unresolved,catalog-category,percent
b147eb91b2f2fd18,thermal,.xlsm,24,s0024,worksheet,f000555,regular,worksheet-formula,3,filled-column,1,AF120:AF130,AND|IF,,0,thermal.unresolved,catalog-category,
b147eb91b2f2fd18,thermal,.xlsm,24,s0024,worksheet,f000556,regular,worksheet-formula,2,filled-column,1,M56:M58,,,0,directional.coordinates,local-context,gal/min|h
b147eb91b2f2fd18,thermal,.xlsm,24,s0024,worksheet,f000557,regular,worksheet-formula,1,single-cell,1,AF36,IF,,0,thermal.unresolved,catalog-category,
b147eb91b2f2fd18,thermal,.xlsm,24,s0024,worksheet,f000558,regular,worksheet-formula,1,single-cell,1,I56,AVERAGE,,0,thermal.unresolved,catalog-category,
b147eb91b2f2fd18,thermal,.xlsm,24,s0024,worksheet,f000559,regular,worksheet-formula,12,multi-area,9,K117|M116:M117|O117|Q116:Q117|S117|U116|Z116:Z117|AB117|AD117,AVERAGE,,0,thermal.unresolved,catalog-category,
b147eb91b2f2fd18,thermal,.xlsm,24,s0024,worksheet,f000560,regular,worksheet-formula,1,single-cell,1,G12,CONCATENATE,,0,thermal.unresolved,catalog-category,
b147eb91b2f2fd18,thermal,.xlsm,24,s0024,worksheet,f000561,regular,worksheet-formula,1,single-cell,1,G52,,,0,thermal.unresolved,catalog-category,
b147eb91b2f2fd18,thermal,.xlsm,24,s0024,worksheet,f000562,regular,worksheet-formula,1,single-cell,1,V36,IF,,0,thermal.unresolved,catalog-category,
b147eb91b2f2fd18,thermal,.xlsm,24,s0024,worksheet,f000563,regular,worksheet-formula,1,single-cell,1,T42,IF|OR,,0,thermal.unresolved,catalog-category,
b147eb91b2f2fd18,thermal,.xlsm,24,s0024,worksheet,f000564,regular,worksheet-formula,1,single-cell,1,AF66,,,0,thermal.unresolved,catalog-category,psi
b147eb91b2f2fd18,thermal,.xlsm,24,s0024,worksheet,f000565,regular,worksheet-formula,2,filled-column,1,AE124:AE129,IF,,0,thermal.unresolved,catalog-category,
b147eb91b2f2fd18,thermal,.xlsm,24,s0024,worksheet,f000566,regular,worksheet-formula,1,single-cell,1,G131,IF,,0,thermal.unresolved,catalog-category,
b147eb91b2f2fd18,thermal,.xlsm,24,s0024,worksheet,f000567,regular,worksheet-formula,1,single-cell,1,G54,,,0,hydraulics.bit-nozzle,local-context,
b147eb91b2f2fd18,thermal,.xlsm,24,s0024,worksheet,f000568,regular,worksheet-formula,1,single-cell,1,T36,IF,,0,thermal.unresolved,catalog-category,
b147eb91b2f2fd18,thermal,.xlsm,24,s0024,worksheet,f000569,regular,worksheet-formula,1,single-cell,1,J66,,,0,thermal.unresolved,catalog-category,psi
b147eb91b2f2fd18,thermal,.xlsm,24,s0024,worksheet,f000570,regular,worksheet-formula,1,single-cell,1,R36,IF,,0,thermal.unresolved,catalog-category,
b147eb91b2f2fd18,thermal,.xlsm,24,s0024,worksheet,f000571,regular,worksheet-formula,1,single-cell,1,AM111,AVERAGE|MAX|ROUND,,0,thermal.unresolved,catalog-category,
b147eb91b2f2fd18,thermal,.xlsm,24,s0024,worksheet,f000572,regular,worksheet-formula,8,filled-row,1,W119:AD119,AND|IF,,0,thermal.unresolved,catalog-category,
b147eb91b2f2fd18,thermal,.xlsm,24,s0024,worksheet,f000573,regular,worksheet-formula,1,single-cell,1,H64,,,0,thermal.unresolved,catalog-category,
b147eb91b2f2fd18,thermal,.xlsm,24,s0024,worksheet,f000574,regular,worksheet-formula,22,filled-row,1,J125:AE125,IF,,0,thermal.unresolved,catalog-category,
b147eb91b2f2fd18,thermal,.xlsm,24,s0024,worksheet,f000575,regular,worksheet-formula,20,rectangular-table,1,O85:Z103,IF|OR,,0,thermal.unresolved,catalog-category,
b147eb91b2f2fd18,thermal,.xlsm,24,s0024,worksheet,f000576,regular,worksheet-formula,1,single-cell,1,N42,IF|OR,,0,thermal.unresolved,catalog-category,
b147eb91b2f2fd18,thermal,.xlsm,24,s0024,worksheet,f000577,regular,worksheet-formula,1,single-cell,1,N43,IF|OR,,0,thermal.unresolved,catalog-category,
b147eb91b2f2fd18,thermal,.xlsm,24,s0024,worksheet,f000578,regular,worksheet-formula,1,single-cell,1,AC64,,,0,thermal.unresolved,catalog-category,
b147eb91b2f2fd18,thermal,.xlsm,24,s0024,worksheet,f000579,regular,worksheet-formula,1,single-cell,1,L200,IF,,0,thermal.unresolved,catalog-category,Hz|m/s
b147eb91b2f2fd18,thermal,.xlsm,24,s0024,worksheet,f000580,regular,worksheet-formula,1,single-cell,1,J112,CONCATENATE,,0,bha.motor-performance,local-context,
b147eb91b2f2fd18,thermal,.xlsm,24,s0024,worksheet,f000581,regular,worksheet-formula,22,filled-row,1,J130:AE130,IF,,0,thermal.unresolved,catalog-category,
b147eb91b2f2fd18,thermal,.xlsm,24,s0024,worksheet,f000582,regular,worksheet-formula,1,single-cell,1,M27,,,0,bha.motor-performance,local-context,
b147eb91b2f2fd18,thermal,.xlsm,24,s0024,worksheet,f000583,regular,worksheet-formula,22,filled-row,1,J120:AE120,IF,,0,thermal.unresolved,catalog-category,
b147eb91b2f2fd18,thermal,.xlsm,24,s0024,worksheet,f000584,regular,worksheet-formula,1,single-cell,1,R64,,,0,thermal.unresolved,catalog-category,
b147eb91b2f2fd18,thermal,.xlsm,24,s0024,worksheet,f000585,regular,worksheet-formula,1,single-cell,1,N35,IF|OR,,0,thermal.unresolved,catalog-category,
b147eb91b2f2fd18,thermal,.xlsm,24,s0024,worksheet,f000586,regular,worksheet-formula,1,single-cell,1,AB35,IF|OR,,0,thermal.unresolved,catalog-category,
b147eb91b2f2fd18,thermal,.xlsm,24,s0024,worksheet,f000587,regular,worksheet-formula,11,filled-row,1,K119:U119,AND|IF,,0,thermal.unresolved,catalog-category,
b147eb91b2f2fd18,thermal,.xlsm,24,s0024,worksheet,f000588,regular,worksheet-formula,1,single-cell,1,AN112,AVERAGE|ROUND,,0,thermal.unresolved,catalog-category,
b147eb91b2f2fd18,thermal,.xlsm,24,s0024,worksheet,f000589,regular,worksheet-formula,1,single-cell,1,AD35,IF|OR,,0,thermal.unresolved,catalog-category,
b147eb91b2f2fd18,thermal,.xlsm,24,s0024,worksheet,f000590,regular,worksheet-formula,1,single-cell,1,X36,IF,,0,thermal.unresolved,catalog-category,
b147eb91b2f2fd18,thermal,.xlsm,24,s0024,worksheet,f000591,regular,worksheet-formula,4,filled-row,1,U117:X117,,,0,thermal.unresolved,catalog-category,
b147eb91b2f2fd18,thermal,.xlsm,24,s0024,worksheet,f000592,regular,worksheet-formula,1,single-cell,1,V35,IF|OR,,0,thermal.unresolved,catalog-category,
b147eb91b2f2fd18,thermal,.xlsm,24,s0024,worksheet,f000593,regular,worksheet-formula,2,filled-column,1,B69:B157,CONCATENATE|TODAY|UDF,TODAY,0,thermal.unresolved,catalog-category,
b147eb91b2f2fd18,thermal,.xlsm,24,s0024,worksheet,f000594,regular,worksheet-formula,1,single-cell,1,H62,,,0,thermal.unresolved,catalog-category,
b147eb91b2f2fd18,thermal,.xlsm,24,s0024,worksheet,f000595,regular,worksheet-formula,1,single-cell,1,V43,IF|OR,,0,thermal.unresolved,catalog-category,
b147eb91b2f2fd18,thermal,.xlsm,24,s0024,worksheet,f000596,regular,worksheet-formula,1,single-cell,1,AD36,IF,,0,thermal.unresolved,catalog-category,
b147eb91b2f2fd18,thermal,.xlsm,37,s0037,worksheet,f000597,regular,worksheet-formula,7,filled-column,1,K18:K24,,,0,thermal.unresolved,catalog-category,degC
b147eb91b2f2fd18,thermal,.xlsm,37,s0037,worksheet,f000598,regular,worksheet-formula,7,filled-column,1,O18:O24,,,0,bha.tool-life,local-context,degC
b147eb91b2f2fd18,thermal,.xlsm,37,s0037,worksheet,f000599,regular,worksheet-formula,1,single-cell,1,G25,COUNTIF,,0,thermal.unresolved,catalog-category,
b147eb91b2f2fd18,thermal,.xlsm,27,s0027,worksheet,f000600,regular,worksheet-formula,1000,rectangular-table,1,BE9:BR258,,,0,cross-cutting.lookup,local-context,ft|rpm
b147eb91b2f2fd18,thermal,.xlsm,27,s0027,worksheet,f000601,regular,worksheet-formula,1,single-cell,1,I6,,,0,bha.motor-performance|cross-cutting.lookup,local-context,percent
b147eb91b2f2fd18,thermal,.xlsm,27,s0027,worksheet,f000602,regular,worksheet-formula,1,single-cell,1,BD29,,,0,cross-cutting.lookup,local-context,
b147eb91b2f2fd18,thermal,.xlsm,27,s0027,worksheet,f000603,regular,worksheet-formula,394,filled-column,1,L9:L402,IF|VLOOKUP,,0,cross-cutting.lookup,local-context,ft|psi
b147eb91b2f2fd18,thermal,.xlsm,27,s0027,worksheet,f000604,regular,worksheet-formula,1,single-cell,1,O4,TODAY,TODAY,0,cross-cutting.lookup,local-context,gal/min|mm|rpm
b147eb91b2f2fd18,thermal,.xlsm,27,s0027,worksheet,f000605,regular,worksheet-formula,4,filled-column,1,I2:I5,COUNTA,,0,bha.motor-performance|cross-cutting.lookup,local-context,percent
b147eb91b2f2fd18,thermal,.xlsm,27,s0027,worksheet,f000606,regular,worksheet-formula,394,filled-column,1,I9:I402,FIND|MID|UDF,,0,bha.motor-performance|cross-cutting.lookup,local-context,
b147eb91b2f2fd18,thermal,.xlsm,27,s0027,worksheet,f000607,regular,worksheet-formula,1,single-cell,1,BD186,,,0,cross-cutting.lookup,local-context,
b147eb91b2f2fd18,thermal,.xlsm,27,s0027,worksheet,f000608,regular,worksheet-formula,394,filled-column,1,H9:H402,,,0,bha.motor-performance|cross-cutting.lookup,local-context,percent
b147eb91b2f2fd18,thermal,.xlsm,27,s0027,worksheet,f000609,regular,worksheet-formula,394,filled-column,1,M9:M402,IF|VLOOKUP,,0,cross-cutting.lookup,local-context,ft|gal/min|psi|rpm
b147eb91b2f2fd18,thermal,.xlsm,27,s0027,worksheet,f000610,regular,worksheet-formula,1500,rectangular-table,1,BI9:BT258,,,0,cross-cutting.lookup,local-context,rpm
b147eb91b2f2fd18,thermal,.xlsm,27,s0027,worksheet,f000611,regular,worksheet-formula,394,filled-column,1,AN9:AN402,COUNTIF|IF,,0,cross-cutting.lookup,local-context,
b147eb91b2f2fd18,thermal,.xlsm,27,s0027,worksheet,f000612,regular,worksheet-formula,384,filled-column,1,F9:F402,IF|RIGHT,,0,bha.motor-performance|cross-cutting.lookup,local-context,
b147eb91b2f2fd18,thermal,.xlsm,27,s0027,worksheet,f000613,regular,worksheet-formula,392,filled-column,1,P9:P402,VLOOKUP,,0,cross-cutting.lookup,local-context,ft|gal/min|hp|psi|rpm
b147eb91b2f2fd18,thermal,.xlsm,27,s0027,worksheet,f000614,regular,worksheet-formula,1,single-cell,1,BD13,,,0,cross-cutting.lookup,local-context,
b147eb91b2f2fd18,thermal,.xlsm,27,s0027,worksheet,f000615,regular,worksheet-formula,394,filled-column,1,G9:G402,FIND|MID|UDF,,0,bha.motor-performance|cross-cutting.lookup,local-context,
b147eb91b2f2fd18,thermal,.xlsm,27,s0027,worksheet,f000616,regular,worksheet-formula,613,filled-column,1,AK9:AK621,AVERAGE,,0,cross-cutting.lookup,local-context,min
b147eb91b2f2fd18,thermal,.xlsm,27,s0027,worksheet,f000617,regular,worksheet-formula,250,filled-column,1,BV9:BV258,,,0,cross-cutting.lookup,local-context,
b147eb91b2f2fd18,thermal,.xlsm,27,s0027,worksheet,f000618,regular,worksheet-formula,611,filled-column,1,R9:R621,,,0,cross-cutting.lookup,local-context,gal/min|hp|psi
b147eb91b2f2fd18,thermal,.xlsm,27,s0027,worksheet,f000619,regular,worksheet-formula,250,filled-column,1,AX9:AX258,UDF,,0,cross-cutting.lookup,local-context,min
b147eb91b2f2fd18,thermal,.xlsm,27,s0027,worksheet,f000620,regular,worksheet-formula,613,filled-column,1,AJ9:AJ621,,,0,cross-cutting.lookup,local-context,min
b147eb91b2f2fd18,thermal,.xlsm,27,s0027,worksheet,f000621,regular,worksheet-formula,750,rectangular-table,1,BF9:BP258,,,0,cross-cutting.lookup,local-context,min|rpm
b147eb91b2f2fd18,thermal,.xlsm,27,s0027,worksheet,f000622,regular,worksheet-formula,1,single-cell,1,BD15,,,0,cross-cutting.lookup,local-context,
b147eb91b2f2fd18,thermal,.xlsm,27,s0027,worksheet,f000623,regular,worksheet-formula,610,filled-column,1,AH9:AH621,,,0,bha.motor-performance|cross-cutting.lookup,local-context,min
b147eb91b2f2fd18,thermal,.xlsm,27,s0027,worksheet,f000624,regular,worksheet-formula,10,filled-column,1,F114:F340,IF|RIGHT,,0,cross-cutting.lookup,local-context,
b147eb91b2f2fd18,thermal,.xlsm,27,s0027,worksheet,f000625,regular,worksheet-formula,392,filled-column,1,O9:O402,VLOOKUP,,0,cross-cutting.lookup,local-context,ft|gal/min|psi|rpm
b147eb91b2f2fd18,thermal,.xlsm,27,s0027,worksheet,f000626,regular,worksheet-formula,250,filled-column,1,AZ9:AZ258,AVERAGE,,0,cross-cutting.lookup,local-context,min
b147eb91b2f2fd18,thermal,.xlsm,27,s0027,worksheet,f000627,regular,worksheet-formula,394,filled-column,1,K9:K402,IF|VLOOKUP,,0,cross-cutting.lookup,local-context,
b147eb91b2f2fd18,thermal,.xlsm,27,s0027,worksheet,f000628,regular,worksheet-formula,613,filled-column,1,D9:D621,CONCATENATE|IF,,0,cross-cutting.lookup,local-context,
b147eb91b2f2fd18,thermal,.xlsm,27,s0027,worksheet,f000629,regular,worksheet-formula,394,filled-column,1,J9:J402,IF|VLOOKUP,,0,bha.motor-performance|cross-cutting.lookup,local-context,
b147eb91b2f2fd18,thermal,.xlsm,27,s0027,worksheet,f000630,regular,worksheet-formula,1,single-cell,1,BD185,,,0,cross-cutting.lookup,local-context,
b147eb91b2f2fd18,thermal,.xlsm,27,s0027,worksheet,f000631,regular,worksheet-formula,394,filled-column,1,AO9:AO402,IF|INDEX|MATCH|MAX|ROWS,,0,cross-cutting.lookup,local-context,
b147eb91b2f2fd18,thermal,.xlsm,27,s0027,worksheet,f000632,regular,worksheet-formula,392,filled-column,1,N9:N402,VLOOKUP,,0,cross-cutting.lookup,local-context,ft|gal/min|psi|rpm
b147eb91b2f2fd18,thermal,.xlsm,27,s0027,worksheet,f000633,regular,worksheet-formula,613,filled-column,1,AG9:AG621,PI,,0,bha.motor-performance|cross-cutting.lookup,local-context,min
b147eb91b2f2fd18,thermal,.xlsm,27,s0027,worksheet,f000634,regular,worksheet-formula,1,single-cell,1,BD114,,,0,cross-cutting.lookup,local-context,
b147eb91b2f2fd18,thermal,.xlsm,27,s0027,worksheet,f000635,regular,worksheet-formula,392,filled-column,1,Q9:Q402,VLOOKUP,,0,cross-cutting.lookup,local-context,gal/min|hp|psi|rpm
b147eb91b2f2fd18,thermal,.xlsm,22,s0022,worksheet,f000636,regular,worksheet-formula,11,filled-column,1,AW133:AW143,,,0,thermal.unresolved,catalog-category,min
b147eb91b2f2fd18,thermal,.xlsm,22,s0022,worksheet,f000637,regular,worksheet-formula,1,single-cell,1,S112,ROUNDDOWN,,0,thermal.unresolved,catalog-category,
b147eb91b2f2fd18,thermal,.xlsm,22,s0022,worksheet,f000638,regular,worksheet-formula,3,multi-area,3,S113|AB110|AB113,,,0,thermal.unresolved,catalog-category,N*m|kPa|psi
b147eb91b2f2fd18,thermal,.xlsm,22,s0022,worksheet,f000639,regular,worksheet-formula,1,single-cell,1,S122,,,0,cross-cutting.unit-conversion,local-context,
b147eb91b2f2fd18,thermal,.xlsm,22,s0022,worksheet,f000640,regular,worksheet-formula,1,single-cell,1,AH12,TODAY,TODAY,0,thermal.unresolved,catalog-category,mm
b147eb91b2f2fd18,thermal,.xlsm,22,s0022,worksheet,f000641,regular,worksheet-formula,1,single-cell,1,S127,AVERAGE|PI,,0,thermal.unresolved,catalog-category,
b147eb91b2f2fd18,thermal,.xlsm,22,s0022,worksheet,f000642,regular,worksheet-formula,4,filled-column,1,S105:S115,,,0,cross-cutting.unit-conversion,local-context,ft|gal|hp|psi
b147eb91b2f2fd18,thermal,.xlsm,22,s0022,worksheet,f000643,regular,worksheet-formula,6,filled-row,1,J76:AI76,LOOKUP,,0,thermal.unresolved,catalog-category,hp|rpm
b147eb91b2f2fd18,thermal,.xlsm,22,s0022,worksheet,f000644,regular,worksheet-formula,1,single-cell,1,Q35,,,0,thermal.unresolved,catalog-category,psi
b147eb91b2f2fd18,thermal,.xlsm,22,s0022,worksheet,f000645,regular,worksheet-formula,1,single-cell,1,AU152,,,0,thermal.unresolved,catalog-category,hp|rpm
b147eb91b2f2fd18,thermal,.xlsm,22,s0022,worksheet,f000646,regular,worksheet-formula,2,filled-row,1,AU132:AY132,UDF,,0,thermal.unresolved,catalog-category,gal/min|hp|min|rpm
b147eb91b2f2fd18,thermal,.xlsm,22,s0022,worksheet,f000647,regular,worksheet-formula,1,single-cell,1,AU150,MIN|SQRT,,0,thermal.unresolved,catalog-category,hp|rpm
b147eb91b2f2fd18,thermal,.xlsm,22,s0022,worksheet,f000648,regular,worksheet-formula,1,single-cell,1,S107,AVERAGE,,0,thermal.unresolved,catalog-category,degF
b147eb91b2f2fd18,thermal,.xlsm,22,s0022,worksheet,f000649,regular,worksheet-formula,6,rectangular-table,1,AT125:AV126,,,0,thermal.unresolved,catalog-category,min|rpm
b147eb91b2f2fd18,thermal,.xlsm,22,s0022,worksheet,f000650,regular,worksheet-formula,1,single-cell,1,AT164,MAX,,0,thermal.unresolved,catalog-category,
b147eb91b2f2fd18,thermal,.xlsm,22,s0022,worksheet,f000651,regular,worksheet-formula,2,filled-column,1,AU148:AU151,MIN|SQRT,,0,thermal.unresolved,catalog-category,hp|rpm
b147eb91b2f2fd18,thermal,.xlsm,22,s0022,worksheet,f000652,regular,worksheet-formula,1,single-cell,1,AB107,AVERAGE,,0,thermal.unresolved,catalog-category,degC
b147eb91b2f2fd18,thermal,.xlsm,22,s0022,worksheet,f000653,regular,worksheet-formula,2,filled-row,1,AT132:AX132,,,0,thermal.unresolved,catalog-category,gal/min|hp|min|rpm
b147eb91b2f2fd18,thermal,.xlsm,22,s0022,worksheet,f000654,regular,worksheet-formula,1,single-cell,1,G12,CONCATENATE|ROUND,,0,thermal.unresolved,catalog-category,
b147eb91b2f2fd18,thermal,.xlsm,22,s0022,worksheet,f000655,regular,worksheet-formula,1,single-cell,1,AB103,CONCATENATE|ROUND,,0,cross-cutting.unit-conversion,local-context,
b147eb91b2f2fd18,thermal,.xlsm,22,s0022,worksheet,f000656,regular,worksheet-formula,1,single-cell,1,S123,,,0,cross-cutting.unit-conversion,local-context,
b147eb91b2f2fd18,thermal,.xlsm,22,s0022,worksheet,f000657,regular,worksheet-formula,1,single-cell,1,S98,CONCATENATE,,0,cross-cutting.unit-conversion,local-context,
b147eb91b2f2fd18,thermal,.xlsm,22,s0022,worksheet,f000658,regular,worksheet-formula,39,multi-area,4,AT133:AT143|AU133:AU143|AV133:AV143|AY147:AY152,,,0,thermal.unresolved,catalog-category,hp|min|rpm
b147eb91b2f2fd18,thermal,.xlsm,22,s0022,worksheet,f000659,regular,worksheet-formula,1,single-cell,1,S103,CONCATENATE|ROUND,,0,cross-cutting.unit-conversion,local-context,
b147eb91b2f2fd18,thermal,.xlsm,22,s0022,worksheet,f000660,regular,worksheet-formula,1,single-cell,1,S104,CONCATENATE|ROUND,,0,cross-cutting.unit-conversion,local-context,
b147eb91b2f2fd18,thermal,.xlsm,22,s0022,worksheet,f000661,regular,worksheet-formula,9,filled-column,1,AS134:AS142,,,0,thermal.unresolved,catalog-category,
b147eb91b2f2fd18,thermal,.xlsm,22,s0022,worksheet,f000662,regular,worksheet-formula,30,multi-area,11,S114|AB104|AB112|AM89|AS143|AS154:AS163|AU122|AU124|AV122|AV124|BA133:BA143,,,0,cross-cutting.unit-conversion,local-context,hp|min
b147eb91b2f2fd18,thermal,.xlsm,22,s0022,worksheet,f000663,regular,worksheet-formula,2,filled-column,1,AB109:AB111,,,0,thermal.unresolved,catalog-category,N*m
b147eb91b2f2fd18,thermal,.xlsm,22,s0022,worksheet,f000664,regular,worksheet-formula,1,single-cell,1,S111,,,0,thermal.unresolved,catalog-category,ft
b147eb91b2f2fd18,thermal,.xlsm,22,s0022,worksheet,f000665,regular,worksheet-formula,39,multi-area,4,AW147:AW152|AX133:AX143|AY133:AY143|AZ133:AZ143,,,0,thermal.unresolved,catalog-category,hp|min|rpm
b147eb91b2f2fd18,thermal,.xlsm,22,s0022,worksheet,f000666,regular,worksheet-formula,2,filled-row,1,AV132:AZ132,,,0,thermal.unresolved,catalog-category,gal/min|hp|min|rpm
b147eb91b2f2fd18,thermal,.xlsm,22,s0022,worksheet,f000667,regular,worksheet-formula,26,multi-area,4,AI69:AI70|AI74|AI77:AI78|AJ48:AJ68,IF,,0,thermal.unresolved,catalog-category,hp
b147eb91b2f2fd18,thermal,.xlsm,22,s0022,worksheet,f000668,regular,worksheet-formula,1,single-cell,1,AZ144,MAX|UDF,,0,thermal.unresolved,catalog-category,
b147eb91b2f2fd18,thermal,.xlsm,22,s0022,worksheet,f000669,regular,worksheet-formula,1,single-cell,1,C48,IF,,0,bha.motor-performance,local-context,
b147eb91b2f2fd18,thermal,.xlsm,22,s0022,worksheet,f000670,regular,worksheet-formula,1,single-cell,1,S106,CONCATENATE|ROUND,,0,cross-cutting.unit-conversion,local-context,
b147eb91b2f2fd18,thermal,.xlsm,22,s0022,worksheet,f000671,regular,worksheet-formula,20,filled-column,1,C49:C68,IF,,0,thermal.unresolved,catalog-category,
b147eb91b2f2fd18,thermal,.xlsm,22,s0022,worksheet,f000672,regular,worksheet-formula,2,filled-column,1,P25:P37,LOOKUP,,0,thermal.unresolved,catalog-category,psi
b147eb91b2f2fd18,thermal,.xlsm,22,s0022,worksheet,f000673,regular,worksheet-formula,3,filled-column,1,AB123:AB125,,,0,cross-cutting.unit-conversion,local-context,
b147eb91b2f2fd18,thermal,.xlsm,22,s0022,worksheet,f000674,regular,worksheet-formula,1,single-cell,1,AU149,,,0,thermal.unresolved,catalog-category,hp|rpm
b147eb91b2f2fd18,thermal,.xlsm,22,s0022,worksheet,f000675,regular,worksheet-formula,21,filled-column,1,B48:B68,IF|OR|UDF,,0,bha.motor-performance,local-context,
b147eb91b2f2fd18,thermal,.xlsm,22,s0022,worksheet,f000676,regular,worksheet-formula,1,single-cell,1,AW144,ROUNDUP,,0,thermal.unresolved,catalog-category,
b147eb91b2f2fd18,thermal,.xlsm,22,s0022,worksheet,f000677,regular,worksheet-formula,3,filled-row,1,AT123:AV123,,,0,thermal.unresolved,catalog-category,min
b147eb91b2f2fd18,thermal,.xlsm,22,s0022,worksheet,f000678,regular,worksheet-formula,1,single-cell,1,AB108,,,0,thermal.unresolved,catalog-category,kPa
b147eb91b2f2fd18,thermal,.xlsm,22,s0022,worksheet,f000679,regular,worksheet-formula,1,single-cell,1,L77,LEFT|UDF,,0,thermal.unresolved,catalog-category,
b147eb91b2f2fd18,thermal,.xlsm,22,s0022,worksheet,f000680,regular,worksheet-formula,2,filled-column,1,AB126:AB127,,,0,thermal.unresolved,catalog-category,kg
b147eb91b2f2fd18,thermal,.xlsm,22,s0022,worksheet,f000681,regular,worksheet-formula,2,filled-column,1,AB121:AB122,,,0,cross-cutting.unit-conversion,local-context,mm
b147eb91b2f2fd18,thermal,.xlsm,22,s0022,worksheet,f000682,regular,worksheet-formula,26,multi-area,4,AJ69:AJ70|AJ74|AJ77:AJ78|AK48:AK68,IF|OR|UDF,,0,thermal.unresolved,catalog-category,hp
b147eb91b2f2fd18,thermal,.xlsm,22,s0022,worksheet,f000683,regular,worksheet-formula,2,multi-area,2,N98|S121,,,0,cross-cutting.unit-conversion,local-context,
b147eb91b2f2fd18,thermal,.xlsm,22,s0022,worksheet,f000684,regular,worksheet-formula,9,filled-column,1,AU155:AU163,MAX,,0,thermal.unresolved,catalog-category,hp|percent
b147eb91b2f2fd18,thermal,.xlsm,22,s0022,worksheet,f000685,regular,worksheet-formula,9,filled-column,1,AT155:AT163,IF|UDF,,0,thermal.unresolved,catalog-category,hp
b147eb91b2f2fd18,thermal,.xlsm,22,s0022,worksheet,f000686,regular,worksheet-formula,1,single-cell,1,W98,IF,,0,thermal.unresolved,catalog-category,
b147eb91b2f2fd18,thermal,.xlsm,22,s0022,worksheet,f000687,regular,worksheet-formula,1,single-cell,1,S108,ROUND,,0,thermal.unresolved,catalog-category,psi
b147eb91b2f2fd18,thermal,.xlsm,22,s0022,worksheet,f000688,regular,worksheet-formula,1,single-cell,1,S126,AVERAGE|PI,,0,thermal.unresolved,catalog-category,
b147eb91b2f2fd18,thermal,.xlsm,22,s0022,worksheet,f000689,regular,worksheet-formula,1,single-cell,1,S124,,,0,cross-cutting.unit-conversion,local-context,
b147eb91b2f2fd18,thermal,.xlsm,22,s0022,worksheet,f000690,regular,worksheet-formula,2,filled-column,1,AB114:AB115,,,0,thermal.unresolved,catalog-category,kW
b147eb91b2f2fd18,thermal,.xlsm,22,s0022,worksheet,f000691,regular,worksheet-formula,1,single-cell,1,AT122,,,0,thermal.unresolved,catalog-category,min
b147eb91b2f2fd18,thermal,.xlsm,22,s0022,worksheet,f000692,regular,worksheet-formula,1,single-cell,1,S125,,,0,thermal.unresolved,catalog-category,
b147eb91b2f2fd18,thermal,.xlsm,22,s0022,worksheet,f000693,regular,worksheet-formula,1,single-cell,1,AT124,,,0,thermal.unresolved,catalog-category,
b147eb91b2f2fd18,thermal,.xlsm,22,s0022,worksheet,f000694,regular,worksheet-formula,1,single-cell,1,AB106,CONCATENATE|ROUND,,0,cross-cutting.unit-conversion,local-context,
b147eb91b2f2fd18,thermal,.xlsm,22,s0022,worksheet,f000695,regular,worksheet-formula,1,single-cell,1,U98,,,0,thermal.unresolved,catalog-category,
b147eb91b2f2fd18,thermal,.xlsm,22,s0022,worksheet,f000696,regular,worksheet-formula,1,single-cell,1,AB105,,,0,cross-cutting.unit-conversion,local-context,
b147eb91b2f2fd18,thermal,.xlsm,22,s0022,worksheet,f000697,regular,worksheet-formula,1,single-cell,1,AU147,MIN|SQRT,,0,thermal.unresolved,catalog-category,hp|rpm
b147eb91b2f2fd18,thermal,.xlsm,23,s0023,worksheet,f000698,regular,worksheet-formula,1,single-cell,1,F35,,,0,thermal.unresolved,catalog-category,m/s|min
b147eb91b2f2fd18,thermal,.xlsm,23,s0023,worksheet,f000699,regular,worksheet-formula,2,multi-area,2,L15|P13,,,0,thermal.unresolved,catalog-category,gal|hp|psi|rpm
b147eb91b2f2fd18,thermal,.xlsm,23,s0023,worksheet,f000700,regular,worksheet-formula,6,multi-area,5,L13|L16:L17|L37|P17|T26,,,0,thermal.unresolved,catalog-category,ft|gal|hp|psi|rpm
b147eb91b2f2fd18,thermal,.xlsm,23,s0023,worksheet,f000701,regular,worksheet-formula,1,single-cell,1,R36,,,0,thermal.unresolved,catalog-category,
b147eb91b2f2fd18,thermal,.xlsm,23,s0023,worksheet,f000702,regular,worksheet-formula,1,single-cell,1,T21,PI,,0,thermal.unresolved,catalog-category,in^2|m/s
b147eb91b2f2fd18,thermal,.xlsm,23,s0023,worksheet,f000703,regular,worksheet-formula,1,single-cell,1,F12,,,0,bha.motor-performance,local-context,
b147eb91b2f2fd18,thermal,.xlsm,23,s0023,worksheet,f000704,regular,worksheet-formula,1,single-cell,1,F19,,,0,thermal.unresolved,catalog-category,psi|rpm
b147eb91b2f2fd18,thermal,.xlsm,23,s0023,worksheet,f000705,regular,worksheet-formula,1,single-cell,1,F31,IF|LOOKUP,,0,thermal.unresolved,catalog-category,m/s
b147eb91b2f2fd18,thermal,.xlsm,23,s0023,worksheet,f000706,regular,worksheet-formula,2,filled-row,1,G94:H94,LOOKUP,,0,thermal.unresolved,catalog-category,
b147eb91b2f2fd18,thermal,.xlsm,23,s0023,worksheet,f000707,regular,worksheet-formula,9,filled-column,1,Q80:Q88,,,0,bha.motor-performance,local-context,
b147eb91b2f2fd18,thermal,.xlsm,23,s0023,worksheet,f000708,regular,worksheet-formula,1,single-cell,1,T19,,,0,thermal.unresolved,catalog-category,in^2
b147eb91b2f2fd18,thermal,.xlsm,23,s0023,worksheet,f000709,regular,worksheet-formula,1,single-cell,1,T25,,,0,thermal.unresolved,catalog-category,m/s
b147eb91b2f2fd18,thermal,.xlsm,23,s0023,worksheet,f000710,regular,worksheet-formula,1,single-cell,1,P14,,,0,thermal.unresolved,catalog-category,ft|gal|hp|rpm
b147eb91b2f2fd18,thermal,.xlsm,23,s0023,worksheet,f000711,regular,worksheet-formula,1,single-cell,1,P15,,,0,thermal.unresolved,catalog-category,ft|hp|psi|rpm
b147eb91b2f2fd18,thermal,.xlsm,23,s0023,worksheet,f000712,regular,worksheet-formula,1,single-cell,1,F15,,,0,bha.motor-performance,local-context,gal/min|min|rpm
b147eb91b2f2fd18,thermal,.xlsm,23,s0023,worksheet,f000713,regular,worksheet-formula,1,single-cell,1,F36,,,0,hydraulics.fluid-properties,local-context,in^3|m/s|min
b147eb91b2f2fd18,thermal,.xlsm,23,s0023,worksheet,f000714,regular,worksheet-formula,1,single-cell,1,T22,,,0,thermal.unresolved,catalog-category,in^2|m/s
b147eb91b2f2fd18,thermal,.xlsm,23,s0023,worksheet,f000715,regular,worksheet-formula,1,single-cell,1,T13,IF,,0,thermal.unresolved,catalog-category,rpm
b147eb91b2f2fd18,thermal,.xlsm,23,s0023,worksheet,f000716,regular,worksheet-formula,1,single-cell,1,T20,,,0,thermal.unresolved,catalog-category,in^2|m/s
b147eb91b2f2fd18,thermal,.xlsm,23,s0023,worksheet,f000717,regular,worksheet-formula,1,single-cell,1,F22,,,0,thermal.unresolved,catalog-category,
b147eb91b2f2fd18,thermal,.xlsm,23,s0023,worksheet,f000718,regular,worksheet-formula,1,single-cell,1,F14,,,0,bha.motor-performance,local-context,gal/min|min
b147eb91b2f2fd18,thermal,.xlsm,23,s0023,worksheet,f000719,regular,worksheet-formula,1,single-cell,1,F37,,,0,hydraulics.fluid-properties,local-context,in^3|min
b147eb91b2f2fd18,thermal,.xlsm,23,s0023,worksheet,f000720,regular,worksheet-formula,1,single-cell,1,T16,,,0,thermal.unresolved,catalog-category,ft
b147eb91b2f2fd18,thermal,.xlsm,23,s0023,worksheet,f000721,regular,worksheet-formula,2,filled-column,1,L38:L39,,,0,thermal.unresolved,catalog-category,ft|gal|hp|psi
b147eb91b2f2fd18,thermal,.xlsm,23,s0023,worksheet,f000722,regular,worksheet-formula,1,single-cell,1,I5,CONCATENATE|ROUND,,0,bha.motor-performance,local-context,
b147eb91b2f2fd18,thermal,.xlsm,23,s0023,worksheet,f000723,regular,worksheet-formula,2,filled-column,1,R24:R25,IF,,0,thermal.unresolved,catalog-category,
b147eb91b2f2fd18,thermal,.xlsm,23,s0023,worksheet,f000724,regular,worksheet-formula,1,single-cell,1,T24,PI,,0,thermal.unresolved,catalog-category,m/s
b147eb91b2f2fd18,thermal,.xlsm,23,s0023,worksheet,f000725,regular,worksheet-formula,1,single-cell,1,F34,,,0,thermal.unresolved,catalog-category,m/s|min
b147eb91b2f2fd18,thermal,.xlsm,23,s0023,worksheet,f000726,regular,worksheet-formula,2,filled-column,1,R22:R23,IF,,0,thermal.unresolved,catalog-category,m/s
b147eb91b2f2fd18,thermal,.xlsm,23,s0023,worksheet,f000727,regular,worksheet-formula,1,single-cell,1,F16,,,0,bha.motor-performance,local-context,gal/min|min|rpm
b147eb91b2f2fd18,thermal,.xlsm,23,s0023,worksheet,f000728,regular,worksheet-formula,1,single-cell,1,F33,,,0,thermal.unresolved,catalog-category,m/s
b147eb91b2f2fd18,thermal,.xlsm,23,s0023,worksheet,f000729,regular,worksheet-formula,1,single-cell,1,L14,,,0,thermal.unresolved,catalog-category,gal|psi
b147eb91b2f2fd18,thermal,.xlsm,23,s0023,worksheet,f000730,regular,worksheet-formula,1,single-cell,1,F21,,,0,thermal.unresolved,catalog-category,psi
b147eb91b2f2fd18,thermal,.xlsm,23,s0023,worksheet,f000731,regular,worksheet-formula,1,single-cell,1,T17,,,0,thermal.unresolved,catalog-category,ft|psi
b147eb91b2f2fd18,thermal,.xlsm,23,s0023,worksheet,f000732,regular,worksheet-formula,1,single-cell,1,T14,,,0,thermal.unresolved,catalog-category,hp
b147eb91b2f2fd18,thermal,.xlsm,23,s0023,worksheet,f000733,regular,worksheet-formula,1,single-cell,1,P16,PI,,0,thermal.unresolved,catalog-category,ft|hp|psi
b147eb91b2f2fd18,thermal,.xlsm,23,s0023,worksheet,f000734,regular,worksheet-formula,1,single-cell,1,F11,,,0,bha.motor-performance,local-context,
b147eb91b2f2fd18,thermal,.xlsm,23,s0023,worksheet,f000735,regular,worksheet-formula,2,filled-column,1,L80:L81,,,0,thermal.unresolved,catalog-category,
b147eb91b2f2fd18,thermal,.xlsm,23,s0023,worksheet,f000736,regular,worksheet-formula,9,filled-column,1,R80:R88,MAX,,0,bha.motor-performance,local-context,
b147eb91b2f2fd18,thermal,.xlsm,23,s0023,worksheet,f000737,regular,worksheet-formula,1,single-cell,1,T15,,,0,thermal.unresolved,catalog-category,hp
b147eb91b2f2fd18,thermal,.xlsm,23,s0023,worksheet,f000738,regular,worksheet-formula,1,single-cell,1,F18,,,0,thermal.unresolved,catalog-category,min|psi|rpm
b147eb91b2f2fd18,thermal,.xlsm,23,s0023,worksheet,f000739,regular,worksheet-formula,1,single-cell,1,T23,PI,,0,thermal.unresolved,catalog-category,in^2|m/s
b147eb91b2f2fd18,thermal,.xlsm,23,s0023,worksheet,f000740,regular,worksheet-formula,1,single-cell,1,F20,,,0,thermal.unresolved,catalog-category,psi
b147eb91b2f2fd18,thermal,.xlsm,23,s0023,worksheet,f000741,regular,worksheet-formula,1,single-cell,1,T18,,,0,thermal.unresolved,catalog-category,
b147eb91b2f2fd18,thermal,.xlsm,23,s0023,worksheet,f000742,regular,worksheet-formula,1,single-cell,1,F23,,,0,thermal.unresolved,catalog-category,
b147eb91b2f2fd18,thermal,.xlsm,17,s0017,worksheet,f000743,regular,worksheet-formula,1,single-cell,1,BK45,,,0,thermal.unresolved,catalog-category,
b147eb91b2f2fd18,thermal,.xlsm,17,s0017,worksheet,f000744,regular,worksheet-formula,1,single-cell,1,BM45,,,0,thermal.unresolved,catalog-category,
b147eb91b2f2fd18,thermal,.xlsm,17,s0017,worksheet,f000745,regular,worksheet-formula,1,single-cell,1,BL63,CONCATENATE|ROUND,,0,thermal.unresolved,catalog-category,
b147eb91b2f2fd18,thermal,.xlsm,17,s0017,worksheet,f000746,regular,worksheet-formula,13,filled-column,1,BH59:BH71,,,0,thermal.unresolved,catalog-category,gal/min
b147eb91b2f2fd18,thermal,.xlsm,17,s0017,worksheet,f000747,regular,worksheet-formula,1,single-cell,1,I38,,,0,thermal.unresolved,catalog-category,degF
b147eb91b2f2fd18,thermal,.xlsm,17,s0017,worksheet,f000748,regular,worksheet-formula,1,single-cell,1,BD45,,,0,thermal.unresolved,catalog-category,
b147eb91b2f2fd18,thermal,.xlsm,17,s0017,worksheet,f000749,regular,worksheet-formula,2,filled-row,1,BP69:BT69,CONCATENATE|ROUND,,0,thermal.unresolved,catalog-category,
b147eb91b2f2fd18,thermal,.xlsm,17,s0017,worksheet,f000750,regular,worksheet-formula,2,filled-row,1,BP65:BT65,CONCATENATE|ROUND,,0,thermal.unresolved,catalog-category,
b147eb91b2f2fd18,thermal,.xlsm,17,s0017,worksheet,f000751,regular,worksheet-formula,1,single-cell,1,BL60,CONCATENATE|ROUND,,0,thermal.unresolved,catalog-category,
b147eb91b2f2fd18,thermal,.xlsm,17,s0017,worksheet,f000752,regular,worksheet-formula,1,single-cell,1,BX64,CONCATENATE|ROUND,,0,thermal.unresolved,catalog-category,
b147eb91b2f2fd18,thermal,.xlsm,17,s0017,worksheet,f000753,regular,worksheet-formula,1,single-cell,1,AQ61,CONCATENATE|ROUND,,0,thermal.unresolved,catalog-category,
b147eb91b2f2fd18,thermal,.xlsm,17,s0017,worksheet,f000754,regular,worksheet-formula,1,single-cell,1,I28,,,0,thermal.unresolved,catalog-category,gal/min
b147eb91b2f2fd18,thermal,.xlsm,17,s0017,worksheet,f000755,regular,worksheet-formula,1,single-cell,1,AQ64,CONCATENATE|ROUND,,0,thermal.unresolved,catalog-category,
b147eb91b2f2fd18,thermal,.xlsm,17,s0017,worksheet,f000756,regular,worksheet-formula,1,single-cell,1,AY45,,,0,thermal.unresolved,catalog-category,
b147eb91b2f2fd18,thermal,.xlsm,17,s0017,worksheet,f000757,regular,worksheet-formula,1,single-cell,1,BG45,,,0,thermal.unresolved,catalog-category,
b147eb91b2f2fd18,thermal,.xlsm,17,s0017,worksheet,f000758,regular,worksheet-formula,1,single-cell,1,BX68,CONCATENATE|ROUND,,0,thermal.unresolved,catalog-category,
b147eb91b2f2fd18,thermal,.xlsm,17,s0017,worksheet,f000759,regular,worksheet-formula,1,single-cell,1,BQ45,,,0,thermal.unresolved,catalog-category,
b147eb91b2f2fd18,thermal,.xlsm,17,s0017,worksheet,f000760,regular,worksheet-formula,1,single-cell,1,BN45,,,0,thermal.unresolved,catalog-category,
b147eb91b2f2fd18,thermal,.xlsm,17,s0017,worksheet,f000761,regular,worksheet-formula,1,single-cell,1,AX45,,,0,thermal.unresolved,catalog-category,
b147eb91b2f2fd18,thermal,.xlsm,17,s0017,worksheet,f000762,regular,worksheet-formula,1,single-cell,1,G30,CONCATENATE,,0,thermal.unresolved,catalog-category,
b147eb91b2f2fd18,thermal,.xlsm,17,s0017,worksheet,f000763,regular,worksheet-formula,1,single-cell,1,BL45,,,0,thermal.unresolved,catalog-category,
b147eb91b2f2fd18,thermal,.xlsm,17,s0017,worksheet,f000764,regular,worksheet-formula,2,filled-row,1,BP60:BT60,CONCATENATE|ROUND,,0,thermal.unresolved,catalog-category,
b147eb91b2f2fd18,thermal,.xlsm,17,s0017,worksheet,f000765,regular,worksheet-formula,1,single-cell,1,BX67,CONCATENATE|ROUND,,0,thermal.unresolved,catalog-category,
b147eb91b2f2fd18,thermal,.xlsm,17,s0017,worksheet,f000766,regular,worksheet-formula,1,single-cell,1,BX70,CONCATENATE|ROUND,,0,thermal.unresolved,catalog-category,
b147eb91b2f2fd18,thermal,.xlsm,17,s0017,worksheet,f000767,regular,worksheet-formula,2,filled-row,1,BP62:BT62,CONCATENATE|ROUND,,0,thermal.unresolved,catalog-category,
b147eb91b2f2fd18,thermal,.xlsm,17,s0017,worksheet,f000768,regular,worksheet-formula,1,single-cell,1,BM19,,,0,thermal.unresolved,catalog-category,ft
b147eb91b2f2fd18,thermal,.xlsm,17,s0017,worksheet,f000769,regular,worksheet-formula,1,single-cell,1,BX69,CONCATENATE|ROUND,,0,thermal.unresolved,catalog-category,
b147eb91b2f2fd18,thermal,.xlsm,17,s0017,worksheet,f000770,regular,worksheet-formula,1,single-cell,1,AW18,,,0,thermal.unresolved,catalog-category,rpm
b147eb91b2f2fd18,thermal,.xlsm,17,s0017,worksheet,f000771,regular,worksheet-formula,1,single-cell,1,BX59,CONCATENATE|ROUND,,0,thermal.unresolved,catalog-category,
b147eb91b2f2fd18,thermal,.xlsm,17,s0017,worksheet,f000772,regular,worksheet-formula,1,single-cell,1,BC45,,,0,thermal.unresolved,catalog-category,
b147eb91b2f2fd18,thermal,.xlsm,17,s0017,worksheet,f000773,regular,worksheet-formula,1,single-cell,1,AO45,,,0,thermal.unresolved,catalog-category,
b147eb91b2f2fd18,thermal,.xlsm,17,s0017,worksheet,f000774,regular,worksheet-formula,2,filled-row,1,BP63:BT63,CONCATENATE|ROUND,,0,thermal.unresolved,catalog-category,
b147eb91b2f2fd18,thermal,.xlsm,17,s0017,worksheet,f000775,regular,worksheet-formula,29,filled-row,1,AP42:BR42,AND|IF|OR,,0,thermal.unresolved,catalog-category,
b147eb91b2f2fd18,thermal,.xlsm,17,s0017,worksheet,f000776,regular,worksheet-formula,2,filled-row,1,BP61:BT61,CONCATENATE|ROUND,,0,thermal.unresolved,catalog-category,
b147eb91b2f2fd18,thermal,.xlsm,17,s0017,worksheet,f000777,regular,worksheet-formula,1,single-cell,1,AI19,,,0,thermal.unresolved,catalog-category,hp
b147eb91b2f2fd18,thermal,.xlsm,17,s0017,worksheet,f000778,regular,worksheet-formula,1,single-cell,1,G35,CONCATENATE|ROUND,,0,thermal.unresolved,catalog-category,
b147eb91b2f2fd18,thermal,.xlsm,17,s0017,worksheet,f000779,regular,worksheet-formula,1,single-cell,1,BI45,,,0,thermal.unresolved,catalog-category,
b147eb91b2f2fd18,thermal,.xlsm,17,s0017,worksheet,f000780,regular,worksheet-formula,1,single-cell,1,AQ66,CONCATENATE|ROUND,,0,thermal.unresolved,catalog-category,
b147eb91b2f2fd18,thermal,.xlsm,17,s0017,worksheet,f000781,regular,worksheet-formula,1,single-cell,1,AR45,,,0,thermal.unresolved,catalog-category,
b147eb91b2f2fd18,thermal,.xlsm,17,s0017,worksheet,f000782,regular,worksheet-formula,1,single-cell,1,BL70,CONCATENATE|ROUND,,0,thermal.unresolved,catalog-category,
b147eb91b2f2fd18,thermal,.xlsm,17,s0017,worksheet,f000783,regular,worksheet-formula,1,single-cell,1,AW45,,,0,thermal.unresolved,catalog-category,
b147eb91b2f2fd18,thermal,.xlsm,17,s0017,worksheet,f000784,regular,worksheet-formula,2,filled-column,1,AQ59:AQ65,CONCATENATE|ROUND,,0,thermal.unresolved,catalog-category,
b147eb91b2f2fd18,thermal,.xlsm,17,s0017,worksheet,f000785,regular,worksheet-formula,1,single-cell,1,AP45,,,0,thermal.unresolved,catalog-category,
b147eb91b2f2fd18,thermal,.xlsm,17,s0017,worksheet,f000786,regular,worksheet-formula,1,single-cell,1,BJ45,,,0,thermal.unresolved,catalog-category,
b147eb91b2f2fd18,thermal,.xlsm,17,s0017,worksheet,f000787,regular,worksheet-formula,1,single-cell,1,BX66,CONCATENATE|ROUND,,0,thermal.unresolved,catalog-category,
b147eb91b2f2fd18,thermal,.xlsm,17,s0017,worksheet,f000788,regular,worksheet-formula,2,filled-row,1,BP59:BT59,CONCATENATE|ROUND,,0,thermal.unresolved,catalog-category,
b147eb91b2f2fd18,thermal,.xlsm,17,s0017,worksheet,f000789,regular,worksheet-formula,1,single-cell,1,AQ67,CONCATENATE|ROUND,,0,thermal.unresolved,catalog-category,
b147eb91b2f2fd18,thermal,.xlsm,17,s0017,worksheet,f000790,regular,worksheet-formula,1,single-cell,1,AO42,AND|IF|OR,,0,thermal.unresolved,catalog-category,
b147eb91b2f2fd18,thermal,.xlsm,17,s0017,worksheet,f000791,regular,worksheet-formula,2,filled-row,1,BP67:BT67,CONCATENATE|ROUND,,0,thermal.unresolved,catalog-category,
b147eb91b2f2fd18,thermal,.xlsm,17,s0017,worksheet,f000792,regular,worksheet-formula,1,single-cell,1,AV45,,,0,thermal.unresolved,catalog-category,
b147eb91b2f2fd18,thermal,.xlsm,17,s0017,worksheet,f000793,regular,worksheet-formula,1,single-cell,1,BL64,CONCATENATE|ROUND,,0,thermal.unresolved,catalog-category,
b147eb91b2f2fd18,thermal,.xlsm,17,s0017,worksheet,f000794,regular,worksheet-formula,1,single-cell,1,I33,,,0,thermal.unresolved,catalog-category,psi
b147eb91b2f2fd18,thermal,.xlsm,17,s0017,worksheet,f000795,regular,worksheet-formula,1,single-cell,1,BL62,CONCATENATE|ROUND,,0,thermal.unresolved,catalog-category,
b147eb91b2f2fd18,thermal,.xlsm,17,s0017,worksheet,f000796,regular,worksheet-formula,1,single-cell,1,BX63,CONCATENATE|ROUND,,0,thermal.unresolved,catalog-category,
b147eb91b2f2fd18,thermal,.xlsm,17,s0017,worksheet,f000797,regular,worksheet-formula,1,single-cell,1,AQ55,CONCATENATE|ROUND,,0,thermal.unresolved,catalog-category,
b147eb91b2f2fd18,thermal,.xlsm,17,s0017,worksheet,f000798,regular,worksheet-formula,1,single-cell,1,BL65,CONCATENATE|ROUND,,0,thermal.unresolved,catalog-category,
b147eb91b2f2fd18,thermal,.xlsm,17,s0017,worksheet,f000799,regular,worksheet-formula,2,filled-row,1,BP64:BT64,CONCATENATE|ROUND,,0,thermal.unresolved,catalog-category,
b147eb91b2f2fd18,thermal,.xlsm,17,s0017,worksheet,f000800,regular,worksheet-formula,1,single-cell,1,BO45,,,0,thermal.unresolved,catalog-category,
b147eb91b2f2fd18,thermal,.xlsm,17,s0017,worksheet,f000801,regular,worksheet-formula,1,single-cell,1,I17,,,0,bha.motor-performance,local-context,
b147eb91b2f2fd18,thermal,.xlsm,17,s0017,worksheet,f000802,regular,worksheet-formula,2,filled-row,1,BP66:BT66,CONCATENATE|ROUND,,0,thermal.unresolved,catalog-category,
b147eb91b2f2fd18,thermal,.xlsm,17,s0017,worksheet,f000803,regular,worksheet-formula,1,single-cell,1,BL61,CONCATENATE|ROUND,,0,thermal.unresolved,catalog-category,
b147eb91b2f2fd18,thermal,.xlsm,17,s0017,worksheet,f000804,regular,worksheet-formula,1,single-cell,1,BB45,,,0,thermal.unresolved,catalog-category,
b147eb91b2f2fd18,thermal,.xlsm,17,s0017,worksheet,f000805,regular,worksheet-formula,1,single-cell,1,BL69,CONCATENATE|ROUND,,0,thermal.unresolved,catalog-category,
b147eb91b2f2fd18,thermal,.xlsm,17,s0017,worksheet,f000806,regular,worksheet-formula,1,single-cell,1,BA45,,,0,thermal.unresolved,catalog-category,
b147eb91b2f2fd18,thermal,.xlsm,17,s0017,worksheet,f000807,regular,worksheet-formula,1,single-cell,1,AQ60,CONCATENATE|ROUND,,0,thermal.unresolved,catalog-category,
b147eb91b2f2fd18,thermal,.xlsm,17,s0017,worksheet,f000808,regular,worksheet-formula,1,single-cell,1,BE45,,,0,thermal.unresolved,catalog-category,
b147eb91b2f2fd18,thermal,.xlsm,17,s0017,worksheet,f000809,regular,worksheet-formula,1,single-cell,1,BH45,,,0,thermal.unresolved,catalog-category,
b147eb91b2f2fd18,thermal,.xlsm,17,s0017,worksheet,f000810,regular,worksheet-formula,1,single-cell,1,BL68,CONCATENATE|ROUND,,0,thermal.unresolved,catalog-category,
b147eb91b2f2fd18,thermal,.xlsm,17,s0017,worksheet,f000811,regular,worksheet-formula,1,single-cell,1,BH72,,,0,thermal.unresolved,catalog-category,
b147eb91b2f2fd18,thermal,.xlsm,17,s0017,worksheet,f000812,regular,worksheet-formula,1,single-cell,1,AZ45,,,0,thermal.unresolved,catalog-category,
b147eb91b2f2fd18,thermal,.xlsm,17,s0017,worksheet,f000813,regular,worksheet-formula,1,single-cell,1,AQ62,CONCATENATE|ROUND,,0,thermal.unresolved,catalog-category,
b147eb91b2f2fd18,thermal,.xlsm,17,s0017,worksheet,f000814,regular,worksheet-formula,1,single-cell,1,BX61,CONCATENATE|ROUND,,0,thermal.unresolved,catalog-category,
b147eb91b2f2fd18,thermal,.xlsm,17,s0017,worksheet,f000815,regular,worksheet-formula,2,filled-row,1,BP68:BT68,CONCATENATE|ROUND,,0,thermal.unresolved,catalog-category,
b147eb91b2f2fd18,thermal,.xlsm,17,s0017,worksheet,f000816,regular,worksheet-formula,1,single-cell,1,AQ45,,,0,thermal.unresolved,catalog-category,
b147eb91b2f2fd18,thermal,.xlsm,17,s0017,worksheet,f000817,regular,worksheet-formula,1,single-cell,1,G40,CONCATENATE,,0,thermal.unresolved,catalog-category,
b147eb91b2f2fd18,thermal,.xlsm,17,s0017,worksheet,f000818,regular,worksheet-formula,1,single-cell,1,BX62,CONCATENATE|ROUND,,0,thermal.unresolved,catalog-category,
b147eb91b2f2fd18,thermal,.xlsm,17,s0017,worksheet,f000819,regular,worksheet-formula,1,single-cell,1,BL66,CONCATENATE|ROUND,,0,thermal.unresolved,catalog-category,
b147eb91b2f2fd18,thermal,.xlsm,17,s0017,worksheet,f000820,regular,worksheet-formula,2,filled-row,1,BP71:BT71,CONCATENATE|ROUND,,0,thermal.unresolved,catalog-category,
b147eb91b2f2fd18,thermal,.xlsm,17,s0017,worksheet,f000821,regular,worksheet-formula,1,single-cell,1,BX60,CONCATENATE|ROUND,,0,thermal.unresolved,catalog-category,
b147eb91b2f2fd18,thermal,.xlsm,17,s0017,worksheet,f000822,regular,worksheet-formula,1,single-cell,1,BP45,,,0,thermal.unresolved,catalog-category,
b147eb91b2f2fd18,thermal,.xlsm,17,s0017,worksheet,f000823,regular,worksheet-formula,1,single-cell,1,AS45,,,0,thermal.unresolved,catalog-category,
b147eb91b2f2fd18,thermal,.xlsm,17,s0017,worksheet,f000824,regular,worksheet-formula,2,filled-row,1,BP70:BT70,CONCATENATE|ROUND,,0,thermal.unresolved,catalog-category,
b147eb91b2f2fd18,thermal,.xlsm,17,s0017,worksheet,f000825,regular,worksheet-formula,1,single-cell,1,BL59,CONCATENATE|ROUND,,0,thermal.unresolved,catalog-category,psi
b147eb91b2f2fd18,thermal,.xlsm,17,s0017,worksheet,f000826,regular,worksheet-formula,1,single-cell,1,BF45,,,0,thermal.unresolved,catalog-category,
b147eb91b2f2fd18,thermal,.xlsm,17,s0017,worksheet,f000827,regular,worksheet-formula,3,multi-area,3,AQ63|BX58|BX72,CONCATENATE|ROUND,,0,thermal.unresolved,catalog-category,
b147eb91b2f2fd18,thermal,.xlsm,17,s0017,worksheet,f000828,regular,worksheet-formula,1,single-cell,1,BL67,CONCATENATE|ROUND,,0,thermal.unresolved,catalog-category,
b147eb91b2f2fd18,thermal,.xlsm,17,s0017,worksheet,f000829,regular,worksheet-formula,1,single-cell,1,BX71,CONCATENATE|ROUND,,0,thermal.unresolved,catalog-category,
b147eb91b2f2fd18,thermal,.xlsm,17,s0017,worksheet,f000830,regular,worksheet-formula,1,single-cell,1,BH58,,,0,thermal.unresolved,catalog-category,gal/min
b147eb91b2f2fd18,thermal,.xlsm,17,s0017,worksheet,f000831,regular,worksheet-formula,1,single-cell,1,O24,,,0,thermal.unresolved,catalog-category,percent
b147eb91b2f2fd18,thermal,.xlsm,17,s0017,worksheet,f000832,regular,worksheet-formula,1,single-cell,1,AU45,,,0,thermal.unresolved,catalog-category,
b147eb91b2f2fd18,thermal,.xlsm,17,s0017,worksheet,f000833,regular,worksheet-formula,1,single-cell,1,BX65,CONCATENATE|ROUND,,0,thermal.unresolved,catalog-category,
b147eb91b2f2fd18,thermal,.xlsm,17,s0017,worksheet,f000834,regular,worksheet-formula,2,filled-column,1,BL58:BL72,CONCATENATE|ROUND,,0,thermal.unresolved,catalog-category,psi
b147eb91b2f2fd18,thermal,.xlsm,17,s0017,worksheet,f000835,regular,worksheet-formula,1,single-cell,1,AT45,,,0,thermal.unresolved,catalog-category,
b147eb91b2f2fd18,thermal,.xlsm,17,s0017,worksheet,f000836,regular,worksheet-formula,1,single-cell,1,AQ56,CONCATENATE|ROUND,,0,thermal.unresolved,catalog-category,
b147eb91b2f2fd18,thermal,.xlsm,17,s0017,worksheet,f000837,regular,worksheet-formula,1,single-cell,1,BR45,,,0,thermal.unresolved,catalog-category,
b147eb91b2f2fd18,thermal,.xlsm,17,s0017,worksheet,f000838,regular,worksheet-formula,4,rectangular-table,1,BP58:BT72,CONCATENATE|ROUND,,0,thermal.unresolved,catalog-category,
b147eb91b2f2fd18,thermal,.xlsm,17,s0017,worksheet,f000839,regular,worksheet-formula,1,single-cell,1,AQ57,CONCATENATE|ROUND,,0,thermal.unresolved,catalog-category,
b147eb91b2f2fd18,thermal,.xlsm,17,s0017,worksheet,f000840,regular,worksheet-formula,1,single-cell,1,BL71,CONCATENATE|ROUND,,0,thermal.unresolved,catalog-category,
b147eb91b2f2fd18,thermal,.xlsm,17,s0017,worksheet,f000841,regular,worksheet-formula,1,single-cell,1,I41,CONCATENATE|IF|ROUND,,0,thermal.unresolved,catalog-category,
b147eb91b2f2fd18,thermal,.xlsm,17,s0017,worksheet,f000842,regular,worksheet-formula,1,single-cell,1,B79,CONCATENATE|TODAY|UDF,TODAY,0,thermal.unresolved,catalog-category,
b147eb91b2f2fd18,thermal,.xlsm,18,s0018,worksheet,f000843,regular,worksheet-formula,1,single-cell,1,D91,IFERROR|MATCH|OFFSET|UDF,OFFSET,0,thermal.unresolved,catalog-category,
b147eb91b2f2fd18,thermal,.xlsm,18,s0018,worksheet,f000844,regular,worksheet-formula,1,single-cell,1,L28,VLOOKUP,,0,thermal.unresolved,catalog-category,
b147eb91b2f2fd18,thermal,.xlsm,18,s0018,worksheet,f000845,regular,worksheet-formula,1,single-cell,1,L41,,,0,thermal.unresolved,catalog-category,
b147eb91b2f2fd18,thermal,.xlsm,18,s0018,worksheet,f000846,regular,worksheet-formula,3,filled-column,1,W75:W77,,,0,thermal.unresolved,catalog-category,kPa|psi
b147eb91b2f2fd18,thermal,.xlsm,18,s0018,worksheet,f000847,regular,worksheet-formula,1,single-cell,1,L33,VLOOKUP,,0,thermal.unresolved,catalog-category,
b147eb91b2f2fd18,thermal,.xlsm,18,s0018,worksheet,f000848,regular,worksheet-formula,1,single-cell,1,W19,,,0,thermal.unresolved,catalog-category,hp|rpm
b147eb91b2f2fd18,thermal,.xlsm,18,s0018,worksheet,f000849,regular,worksheet-formula,1,single-cell,1,N22,,,0,thermal.unresolved,catalog-category,
b147eb91b2f2fd18,thermal,.xlsm,18,s0018,worksheet,f000850,regular,worksheet-formula,1,single-cell,1,AG19,,,0,thermal.unresolved,catalog-category,
b147eb91b2f2fd18,thermal,.xlsm,18,s0018,worksheet,f000851,regular,worksheet-formula,1,single-cell,1,L35,VLOOKUP,,0,thermal.unresolved,catalog-category,
b147eb91b2f2fd18,thermal,.xlsm,18,s0018,worksheet,f000852,regular,worksheet-formula,1,single-cell,1,L22,VLOOKUP,,0,thermal.unresolved,catalog-category,
b147eb91b2f2fd18,thermal,.xlsm,18,s0018,worksheet,f000853,regular,worksheet-formula,5,filled-column,1,N69:N73,MATCH|OFFSET|UDF,OFFSET,0,thermal.unresolved,catalog-category,
b147eb91b2f2fd18,thermal,.xlsm,18,s0018,worksheet,f000854,regular,worksheet-formula,12,filled-column,1,Y29:Y40,MAX,,0,thermal.unresolved,catalog-category,hp|rpm
b147eb91b2f2fd18,thermal,.xlsm,18,s0018,worksheet,f000855,regular,worksheet-formula,1,single-cell,1,L40,VLOOKUP,,0,thermal.unresolved,catalog-category,
b147eb91b2f2fd18,thermal,.xlsm,18,s0018,worksheet,f000856,regular,worksheet-formula,2,filled-row,1,U46:AC46,,,0,thermal.unresolved,catalog-category,rpm
b147eb91b2f2fd18,thermal,.xlsm,18,s0018,worksheet,f000857,regular,worksheet-formula,1,single-cell,1,L50,VLOOKUP,,0,thermal.unresolved,catalog-category,
b147eb91b2f2fd18,thermal,.xlsm,18,s0018,worksheet,f000858,regular,worksheet-formula,1,single-cell,1,S30,,,0,thermal.unresolved,catalog-category,rpm
b147eb91b2f2fd18,thermal,.xlsm,18,s0018,worksheet,f000859,regular,worksheet-formula,8,filled-column,1,S31:S38,,,0,thermal.unresolved,catalog-category,
b147eb91b2f2fd18,thermal,.xlsm,18,s0018,worksheet,f000860,regular,worksheet-formula,1,single-cell,1,L32,VLOOKUP,,0,thermal.unresolved,catalog-category,
b147eb91b2f2fd18,thermal,.xlsm,18,s0018,worksheet,f000861,regular,worksheet-formula,3,filled-row,1,U49:AC49,CONCATENATE|ROUND,,0,thermal.unresolved,catalog-category,hp|rpm
b147eb91b2f2fd18,thermal,.xlsm,18,s0018,worksheet,f000862,regular,worksheet-formula,1,single-cell,1,L42,,,0,thermal.unresolved,catalog-category,
b147eb91b2f2fd18,thermal,.xlsm,18,s0018,worksheet,f000863,regular,worksheet-formula,37,multi-area,4,O66|W29:W40|AA29:AA40|AE29:AE40,,,0,thermal.unresolved,catalog-category,hp|rpm
b147eb91b2f2fd18,thermal,.xlsm,18,s0018,worksheet,f000864,regular,worksheet-formula,1,single-cell,1,L36,VLOOKUP,,0,thermal.unresolved,catalog-category,
b147eb91b2f2fd18,thermal,.xlsm,18,s0018,worksheet,f000865,regular,worksheet-formula,1,single-cell,1,U19,,,0,thermal.unresolved,catalog-category,hp
b147eb91b2f2fd18,thermal,.xlsm,18,s0018,worksheet,f000866,regular,worksheet-formula,3,filled-column,1,AE44:AE46,,,0,thermal.unresolved,catalog-category,hp|rpm
b147eb91b2f2fd18,thermal,.xlsm,18,s0018,worksheet,f000867,regular,worksheet-formula,3,filled-column,1,Y44:Y46,,,0,thermal.unresolved,catalog-category,hp|rpm
b147eb91b2f2fd18,thermal,.xlsm,18,s0018,worksheet,f000868,regular,worksheet-formula,1,single-cell,1,L26,VLOOKUP,,0,thermal.unresolved,catalog-category,
b147eb91b2f2fd18,thermal,.xlsm,18,s0018,worksheet,f000869,regular,worksheet-formula,1,single-cell,1,L54,VLOOKUP,,0,thermal.unresolved,catalog-category,
b147eb91b2f2fd18,thermal,.xlsm,18,s0018,worksheet,f000870,regular,worksheet-formula,1,single-cell,1,L19,CONCATENATE,,0,thermal.unresolved,catalog-category,
b147eb91b2f2fd18,thermal,.xlsm,18,s0018,worksheet,f000871,regular,worksheet-formula,1,single-cell,1,U20,,,0,thermal.unresolved,catalog-category,hp
b147eb91b2f2fd18,thermal,.xlsm,18,s0018,worksheet,f000872,regular,worksheet-formula,1,single-cell,1,L21,VLOOKUP,,0,thermal.unresolved,catalog-category,
b147eb91b2f2fd18,thermal,.xlsm,18,s0018,worksheet,f000873,regular,worksheet-formula,1,single-cell,1,W24,,,0,thermal.unresolved,catalog-category,hp
b147eb91b2f2fd18,thermal,.xlsm,18,s0018,worksheet,f000874,regular,worksheet-formula,1,single-cell,1,O64,,,0,cross-cutting.unit-conversion,local-context,hp|rpm
b147eb91b2f2fd18,thermal,.xlsm,18,s0018,worksheet,f000875,regular,worksheet-formula,1,single-cell,1,AC44,MIN|SQRT,,0,thermal.unresolved,catalog-category,rpm
b147eb91b2f2fd18,thermal,.xlsm,18,s0018,worksheet,f000876,regular,worksheet-formula,1,single-cell,1,L43,,,0,thermal.unresolved,catalog-category,
b147eb91b2f2fd18,thermal,.xlsm,18,s0018,worksheet,f000877,regular,worksheet-formula,1,single-cell,1,W21,,,0,thermal.unresolved,catalog-category,hp|rpm
b147eb91b2f2fd18,thermal,.xlsm,18,s0018,worksheet,f000878,regular,worksheet-formula,1,single-cell,1,S39,,,0,thermal.unresolved,catalog-category,
b147eb91b2f2fd18,thermal,.xlsm,18,s0018,worksheet,f000879,regular,worksheet-formula,1,single-cell,1,L53,VLOOKUP,,0,thermal.unresolved,catalog-category,
b147eb91b2f2fd18,thermal,.xlsm,18,s0018,worksheet,f000880,regular,worksheet-formula,1,single-cell,1,L20,VLOOKUP,,0,thermal.unresolved,catalog-category,
b147eb91b2f2fd18,thermal,.xlsm,18,s0018,worksheet,f000881,regular,worksheet-formula,1,single-cell,1,L52,VLOOKUP,,0,thermal.unresolved,catalog-category,
b147eb91b2f2fd18,thermal,.xlsm,18,s0018,worksheet,f000882,regular,worksheet-formula,63,multi-area,8,E70:E79|H70:H79|U51:U62|W66:W68|Y51:Y62|AC51:AC62|AE23|AE66:AE68,,,0,thermal.unresolved,catalog-category,hp|rpm
b147eb91b2f2fd18,thermal,.xlsm,18,s0018,worksheet,f000883,regular,worksheet-formula,1,single-cell,1,L39,,,0,thermal.unresolved,catalog-category,
b147eb91b2f2fd18,thermal,.xlsm,18,s0018,worksheet,f000884,regular,worksheet-formula,12,filled-column,1,AG51:AG62,,,0,thermal.unresolved,catalog-category,hp
b147eb91b2f2fd18,thermal,.xlsm,18,s0018,worksheet,f000885,regular,worksheet-formula,1,single-cell,1,U21,,,0,thermal.unresolved,catalog-category,hp
b147eb91b2f2fd18,thermal,.xlsm,18,s0018,worksheet,f000886,regular,worksheet-formula,1,single-cell,1,U45,MIN|SQRT,,0,thermal.unresolved,catalog-category,rpm
b147eb91b2f2fd18,thermal,.xlsm,18,s0018,worksheet,f000887,regular,worksheet-formula,1,single-cell,1,L55,VLOOKUP,,0,thermal.unresolved,catalog-category,
b147eb91b2f2fd18,thermal,.xlsm,18,s0018,worksheet,f000888,regular,worksheet-formula,1,single-cell,1,L66,,,0,thermal.unresolved,catalog-category,hp
b147eb91b2f2fd18,thermal,.xlsm,18,s0018,worksheet,f000889,regular,worksheet-formula,1,single-cell,1,I66,LOOKUP,,0,thermal.unresolved,catalog-category,
b147eb91b2f2fd18,thermal,.xlsm,18,s0018,worksheet,f000890,regular,worksheet-formula,3,filled-row,1,U27:AC27,CONCATENATE|ROUND,,0,thermal.unresolved,catalog-category,hp|rpm
b147eb91b2f2fd18,thermal,.xlsm,18,s0018,worksheet,f000891,regular,worksheet-formula,1,single-cell,1,G66,IFERROR|LOOKUP|MIN,,0,thermal.unresolved,catalog-category,
b147eb91b2f2fd18,thermal,.xlsm,18,s0018,worksheet,f000892,regular,worksheet-formula,1,single-cell,1,L48,VLOOKUP,,0,thermal.unresolved,catalog-category,
b147eb91b2f2fd18,thermal,.xlsm,18,s0018,worksheet,f000893,regular,worksheet-formula,1,single-cell,1,L23,VLOOKUP,,0,thermal.unresolved,catalog-category,
b147eb91b2f2fd18,thermal,.xlsm,18,s0018,worksheet,f000894,regular,worksheet-formula,1,single-cell,1,W20,,,0,thermal.unresolved,catalog-category,hp|rpm
b147eb91b2f2fd18,thermal,.xlsm,18,s0018,worksheet,f000895,regular,worksheet-formula,1,single-cell,1,L37,,,0,thermal.unresolved,catalog-category,
b147eb91b2f2fd18,thermal,.xlsm,18,s0018,worksheet,f000896,regular,worksheet-formula,3,filled-column,1,W44:W46,,,0,thermal.unresolved,catalog-category,hp|rpm
b147eb91b2f2fd18,thermal,.xlsm,18,s0018,worksheet,f000897,regular,worksheet-formula,21,multi-area,4,S51:S62|U66:U68|X75:X77|AC66:AC68,,,0,cross-cutting.unit-conversion,local-context,kPa|psi|rpm
b147eb91b2f2fd18,thermal,.xlsm,18,s0018,worksheet,f000898,regular,worksheet-formula,1,single-cell,1,O65,,,0,thermal.unresolved,catalog-category,hp|rpm
b147eb91b2f2fd18,thermal,.xlsm,18,s0018,worksheet,f000899,regular,worksheet-formula,3,filled-column,1,AC19:AC21,,,0,thermal.unresolved,catalog-category,rpm
b147eb91b2f2fd18,thermal,.xlsm,18,s0018,worksheet,f000900,regular,worksheet-formula,12,filled-column,1,AG29:AG40,,,0,thermal.unresolved,catalog-category,hp
b147eb91b2f2fd18,thermal,.xlsm,18,s0018,worksheet,f000901,regular,worksheet-formula,1,single-cell,1,L27,VLOOKUP,,0,thermal.unresolved,catalog-category,
b147eb91b2f2fd18,thermal,.xlsm,18,s0018,worksheet,f000902,regular,worksheet-formula,3,filled-column,1,AG44:AG46,,,0,thermal.unresolved,catalog-category,hp|rpm
b147eb91b2f2fd18,thermal,.xlsm,18,s0018,worksheet,f000903,regular,worksheet-formula,1,single-cell,1,AC45,MIN|SQRT,,0,thermal.unresolved,catalog-category,rpm
b147eb91b2f2fd18,thermal,.xlsm,18,s0018,worksheet,f000904,regular,worksheet-formula,1,single-cell,1,AG21,,,0,thermal.unresolved,catalog-category,
b147eb91b2f2fd18,thermal,.xlsm,18,s0018,worksheet,f000905,regular,worksheet-formula,1,single-cell,1,U44,MIN|SQRT,,0,thermal.unresolved,catalog-category,rpm
b147eb91b2f2fd18,thermal,.xlsm,18,s0018,worksheet,f000906,regular,worksheet-formula,1,single-cell,1,L49,VLOOKUP,,0,thermal.unresolved,catalog-category,
b147eb91b2f2fd18,thermal,.xlsm,18,s0018,worksheet,f000907,regular,worksheet-formula,3,filled-row,1,S73:AA73,CONCATENATE|ROUND,,0,thermal.unresolved,catalog-category,kPa|psi
b147eb91b2f2fd18,thermal,.xlsm,18,s0018,worksheet,f000908,regular,worksheet-formula,42,multi-area,5,W51:W62|Y66:Y68|AA51:AA62|AE51:AE62|AG66:AG68,,,0,thermal.unresolved,catalog-category,hp|rpm
b147eb91b2f2fd18,thermal,.xlsm,18,s0018,worksheet,f000909,regular,worksheet-formula,1,single-cell,1,L47,VLOOKUP,,0,thermal.unresolved,catalog-category,
b147eb91b2f2fd18,thermal,.xlsm,18,s0018,worksheet,f000910,regular,worksheet-formula,12,filled-column,1,U29:U40,MAX,,0,thermal.unresolved,catalog-category,hp|rpm
b147eb91b2f2fd18,thermal,.xlsm,18,s0018,worksheet,f000911,regular,worksheet-formula,12,filled-column,1,AC29:AC40,MAX,,0,thermal.unresolved,catalog-category,hp|rpm
b147eb91b2f2fd18,thermal,.xlsm,18,s0018,worksheet,f000912,regular,worksheet-formula,1,single-cell,1,L34,VLOOKUP,,0,thermal.unresolved,catalog-category,
b147eb91b2f2fd18,thermal,.xlsm,18,s0018,worksheet,f000913,regular,worksheet-formula,1,single-cell,1,AG20,,,0,thermal.unresolved,catalog-category,
b147eb91b2f2fd18,thermal,.xlsm,18,s0018,worksheet,f000914,regular,worksheet-formula,1,single-cell,1,L24,VLOOKUP,,0,thermal.unresolved,catalog-category,
b147eb91b2f2fd18,thermal,.xlsm,18,s0018,worksheet,f000915,regular,worksheet-formula,1,single-cell,1,L51,,,0,thermal.unresolved,catalog-category,
b147eb91b2f2fd18,thermal,.xlsm,35,s0035,worksheet,f000916,regular,worksheet-formula,10,rectangular-table,1,L41:T46,,,0,thermal.unresolved,catalog-category,
b147eb91b2f2fd18,thermal,.xlsm,35,s0035,worksheet,f000917,regular,worksheet-formula,1,single-cell,1,L37,IF,,0,thermal.unresolved,catalog-category,
b147eb91b2f2fd18,thermal,.xlsm,35,s0035,worksheet,f000918,regular,worksheet-formula,1,single-cell,1,L44,IF|ROUND|VLOOKUP,,0,thermal.unresolved,catalog-category,
b147eb91b2f2fd18,thermal,.xlsm,35,s0035,worksheet,f000919,regular,worksheet-formula,26,multi-area,12,L17:L27|L31|N17:N18|N31|P17:P18|P31|R17:R18|R31|T17:T18|T31|AC6|AG6,,,0,cross-cutting.unit-conversion,local-context,
b147eb91b2f2fd18,thermal,.xlsm,35,s0035,worksheet,f000920,regular,worksheet-formula,5,filled-row,1,L33:T33,IF,,0,thermal.unresolved,catalog-category,
b147eb91b2f2fd18,thermal,.xlsm,35,s0035,worksheet,f000921,regular,worksheet-formula,1,single-cell,1,L39,IF|ROUND|VLOOKUP,,0,thermal.unresolved,catalog-category,
b147eb91b2f2fd18,thermal,.xlsm,35,s0035,worksheet,f000922,regular,worksheet-formula,1,single-cell,1,L45,IF|ROUND|VLOOKUP,,0,thermal.unresolved,catalog-category,
b147eb91b2f2fd18,thermal,.xlsm,35,s0035,worksheet,f000923,regular,worksheet-formula,1,single-cell,1,L35,,,0,thermal.unresolved,catalog-category,
b147eb91b2f2fd18,thermal,.xlsm,35,s0035,worksheet,f000924,regular,worksheet-formula,64,rectangular-table,1,N19:T45,,,0,thermal.unresolved,catalog-category,percent
b147eb91b2f2fd18,thermal,.xlsm,35,s0035,worksheet,f000925,regular,worksheet-formula,1,single-cell,1,L34,,,0,thermal.unresolved,catalog-category,
b147eb91b2f2fd18,thermal,.xlsm,35,s0035,worksheet,f000926,regular,worksheet-formula,5,filled-row,1,L32:T32,,,0,thermal.unresolved,catalog-category,
b147eb91b2f2fd18,thermal,.xlsm,35,s0035,worksheet,f000927,regular,worksheet-formula,21,multi-area,21,Y31|Y33|Y35|Y37|Y39|Y41|Z31|Z33|Z35|Z37|Z39|Z41|AA31|AA33|AA35|AA37|AA39|AA41|AA43|AA45|AA47,AVERAGE,,0,thermal.unresolved,catalog-category,
b147eb91b2f2fd18,thermal,.xlsm,35,s0035,worksheet,f000928,regular,worksheet-formula,1,single-cell,1,L40,IF|ROUND|VLOOKUP,,0,thermal.unresolved,catalog-category,
b147eb91b2f2fd18,thermal,.xlsm,35,s0035,worksheet,f000929,regular,worksheet-formula,10,rectangular-table,1,L42:T47,PI,,0,thermal.unresolved,catalog-category,
b147eb91b2f2fd18,thermal,.xlsm,35,s0035,worksheet,f000930,regular,worksheet-formula,5,filled-row,1,L36:T36,,,0,thermal.unresolved,catalog-category,
b147eb91b2f2fd18,thermal,.xlsm,30,s0030,worksheet,f000931,regular,worksheet-formula,1,single-cell,1,L48,VLOOKUP,,0,bha.motor-performance,local-context,
b147eb91b2f2fd18,thermal,.xlsm,30,s0030,worksheet,f000932,regular,worksheet-formula,1,single-cell,1,L21,VLOOKUP,,0,bha.motor-performance,local-context,
b147eb91b2f2fd18,thermal,.xlsm,30,s0030,worksheet,f000933,regular,worksheet-formula,1,single-cell,1,AK44,IF|PI,,0,bha.motor-performance,local-context,
b147eb91b2f2fd18,thermal,.xlsm,30,s0030,worksheet,f000934,regular,worksheet-formula,1,single-cell,1,AA43,PI,,0,bha.motor-performance,local-context,
b147eb91b2f2fd18,thermal,.xlsm,30,s0030,worksheet,f000935,regular,worksheet-formula,1,single-cell,1,L36,,,0,bha.motor-performance,local-context,
b147eb91b2f2fd18,thermal,.xlsm,30,s0030,worksheet,f000936,regular,worksheet-formula,1,single-cell,1,L32,VLOOKUP,,0,bha.motor-performance,local-context,
b147eb91b2f2fd18,thermal,.xlsm,30,s0030,worksheet,f000937,regular,worksheet-formula,1,single-cell,1,AG42,IF|PI,,0,bha.motor-performance,local-context,
b147eb91b2f2fd18,thermal,.xlsm,30,s0030,worksheet,f000938,regular,worksheet-formula,1,single-cell,1,AQ43,PI,,0,bha.motor-performance,local-context,
b147eb91b2f2fd18,thermal,.xlsm,30,s0030,worksheet,f000939,regular,worksheet-formula,1,single-cell,1,AA44,IF|PI,,0,bha.motor-performance,local-context,
b147eb91b2f2fd18,thermal,.xlsm,30,s0030,worksheet,f000940,regular,worksheet-formula,10,filled-row,1,Y31:AQ31,,,0,bha.motor-performance,local-context,
b147eb91b2f2fd18,thermal,.xlsm,30,s0030,worksheet,f000941,regular,worksheet-formula,1,single-cell,1,L40,,,0,bha.motor-performance,local-context,
b147eb91b2f2fd18,thermal,.xlsm,30,s0030,worksheet,f000942,regular,worksheet-formula,10,filled-row,1,Y45:AQ45,,,0,bha.motor-performance,local-context,
b147eb91b2f2fd18,thermal,.xlsm,30,s0030,worksheet,f000943,regular,worksheet-formula,1,single-cell,1,L50,,,0,bha.motor-performance,local-context,
b147eb91b2f2fd18,thermal,.xlsm,30,s0030,worksheet,f000944,regular,worksheet-formula,1,single-cell,1,AQ44,IF|PI,,0,bha.motor-performance,local-context,
b147eb91b2f2fd18,thermal,.xlsm,30,s0030,worksheet,f000945,regular,worksheet-formula,1,single-cell,1,L52,VLOOKUP,,0,bha.motor-performance,local-context,
b147eb91b2f2fd18,thermal,.xlsm,30,s0030,worksheet,f000946,regular,worksheet-formula,1,single-cell,1,L25,VLOOKUP,,0,bha.motor-performance,local-context,
b147eb91b2f2fd18,thermal,.xlsm,30,s0030,worksheet,f000947,regular,worksheet-formula,1,single-cell,1,L35,HLOOKUP,,0,bha.motor-performance,local-context,
b147eb91b2f2fd18,thermal,.xlsm,30,s0030,worksheet,f000948,regular,worksheet-formula,1,single-cell,1,AO44,IF|PI,,0,bha.motor-performance,local-context,
b147eb91b2f2fd18,thermal,.xlsm,30,s0030,worksheet,f000949,regular,worksheet-formula,1,single-cell,1,L47,VLOOKUP,,0,bha.motor-performance,local-context,
b147eb91b2f2fd18,thermal,.xlsm,30,s0030,worksheet,f000950,regular,worksheet-formula,1,single-cell,1,AG30,IF,,0,bha.motor-performance,local-context,
b147eb91b2f2fd18,thermal,.xlsm,30,s0030,worksheet,f000951,regular,worksheet-formula,1,single-cell,1,AQ30,IF,,0,bha.motor-performance,local-context,
b147eb91b2f2fd18,thermal,.xlsm,30,s0030,worksheet,f000952,regular,worksheet-formula,1,single-cell,1,L37,,,0,bha.motor-performance,local-context,
b147eb91b2f2fd18,thermal,.xlsm,30,s0030,worksheet,f000953,regular,worksheet-formula,1,single-cell,1,Y44,IF|PI,,0,bha.motor-performance,local-context,
b147eb91b2f2fd18,thermal,.xlsm,30,s0030,worksheet,f000954,regular,worksheet-formula,1,single-cell,1,AA42,IF|PI,,0,bha.motor-performance,local-context,
b147eb91b2f2fd18,thermal,.xlsm,30,s0030,worksheet,f000955,regular,worksheet-formula,1,single-cell,1,AQ42,IF|PI,,0,bha.motor-performance,local-context,
b147eb91b2f2fd18,thermal,.xlsm,30,s0030,worksheet,f000956,regular,worksheet-formula,1,single-cell,1,AE43,PI,,0,bha.motor-performance,local-context,
b147eb91b2f2fd18,thermal,.xlsm,30,s0030,worksheet,f000957,regular,worksheet-formula,1,single-cell,1,L22,VLOOKUP,,0,bha.motor-performance,local-context,
b147eb91b2f2fd18,thermal,.xlsm,30,s0030,worksheet,f000958,regular,worksheet-formula,1,single-cell,1,L34,HLOOKUP,,0,bha.motor-performance,local-context,
b147eb91b2f2fd18,thermal,.xlsm,30,s0030,worksheet,f000959,regular,worksheet-formula,1,single-cell,1,L26,VLOOKUP,,0,bha.motor-performance,local-context,
b147eb91b2f2fd18,thermal,.xlsm,30,s0030,worksheet,f000960,regular,worksheet-formula,1,single-cell,1,L19,CONCATENATE,,0,bha.motor-performance,local-context,
b147eb91b2f2fd18,thermal,.xlsm,30,s0030,worksheet,f000961,regular,worksheet-formula,1,single-cell,1,L41,,,0,bha.motor-performance,local-context,
b147eb91b2f2fd18,thermal,.xlsm,30,s0030,worksheet,f000962,regular,worksheet-formula,1,single-cell,1,AI43,PI,,0,bha.motor-performance,local-context,
b147eb91b2f2fd18,thermal,.xlsm,30,s0030,worksheet,f000963,regular,worksheet-formula,1,single-cell,1,AC43,PI,,0,bha.motor-performance,local-context,
b147eb91b2f2fd18,thermal,.xlsm,30,s0030,worksheet,f000964,regular,worksheet-formula,1,single-cell,1,L49,VLOOKUP,,0,bha.motor-performance,local-context,
b147eb91b2f2fd18,thermal,.xlsm,30,s0030,worksheet,f000965,regular,worksheet-formula,10,filled-row,1,Y24:AQ24,,,0,bha.motor-performance,local-context,
b147eb91b2f2fd18,thermal,.xlsm,30,s0030,worksheet,f000966,regular,worksheet-formula,1,single-cell,1,L53,VLOOKUP,,0,bha.motor-performance,local-context,
b147eb91b2f2fd18,thermal,.xlsm,30,s0030,worksheet,f000967,regular,worksheet-formula,1,single-cell,1,AG44,IF|PI,,0,bha.motor-performance,local-context,
b147eb91b2f2fd18,thermal,.xlsm,30,s0030,worksheet,f000968,regular,worksheet-formula,1,single-cell,1,L46,VLOOKUP,,0,bha.motor-performance,local-context,
b147eb91b2f2fd18,thermal,.xlsm,30,s0030,worksheet,f000969,regular,worksheet-formula,1,single-cell,1,L39,,,0,bha.motor-performance,local-context,
b147eb91b2f2fd18,thermal,.xlsm,30,s0030,worksheet,f000970,regular,worksheet-formula,1,single-cell,1,AI44,IF|PI,,0,bha.motor-performance,local-context,
b147eb91b2f2fd18,thermal,.xlsm,30,s0030,worksheet,f000971,regular,worksheet-formula,4,filled-row,1,Y30:AE30,IF,,0,bha.motor-performance,local-context,
b147eb91b2f2fd18,thermal,.xlsm,30,s0030,worksheet,f000972,regular,worksheet-formula,1,single-cell,1,L31,VLOOKUP,,0,bha.motor-performance,local-context,
b147eb91b2f2fd18,thermal,.xlsm,30,s0030,worksheet,f000973,regular,worksheet-formula,1,single-cell,1,AC44,IF|PI,,0,bha.motor-performance,local-context,
b147eb91b2f2fd18,thermal,.xlsm,30,s0030,worksheet,f000974,regular,worksheet-formula,1,single-cell,1,AM44,IF|PI,,0,bha.motor-performance,local-context,
b147eb91b2f2fd18,thermal,.xlsm,30,s0030,worksheet,f000975,regular,worksheet-formula,1,single-cell,1,Y42,IF|PI,,0,bha.motor-performance,local-context,
b147eb91b2f2fd18,thermal,.xlsm,30,s0030,worksheet,f000976,regular,worksheet-formula,1,single-cell,1,L33,VLOOKUP,,0,bha.motor-performance,local-context,
b147eb91b2f2fd18,thermal,.xlsm,30,s0030,worksheet,f000977,regular,worksheet-formula,1,single-cell,1,AC42,IF|PI,,0,bha.motor-performance,local-context,
b147eb91b2f2fd18,thermal,.xlsm,30,s0030,worksheet,f000978,regular,worksheet-formula,1,single-cell,1,L20,VLOOKUP,,0,bha.motor-performance,local-context,
b147eb91b2f2fd18,thermal,.xlsm,30,s0030,worksheet,f000979,regular,worksheet-formula,1,single-cell,1,AK43,PI,,0,bha.motor-performance,local-context,
b147eb91b2f2fd18,thermal,.xlsm,30,s0030,worksheet,f000980,regular,worksheet-formula,1,single-cell,1,AM42,IF|PI,,0,bha.motor-performance,local-context,
b147eb91b2f2fd18,thermal,.xlsm,30,s0030,worksheet,f000981,regular,worksheet-formula,1,single-cell,1,L23,VLOOKUP,,0,bha.motor-performance,local-context,
b147eb91b2f2fd18,thermal,.xlsm,30,s0030,worksheet,f000982,regular,worksheet-formula,1,single-cell,1,Y43,PI,,0,bha.motor-performance,local-context,
b147eb91b2f2fd18,thermal,.xlsm,30,s0030,worksheet,f000983,regular,worksheet-formula,1,single-cell,1,AM43,PI,,0,bha.motor-performance,local-context,
b147eb91b2f2fd18,thermal,.xlsm,30,s0030,worksheet,f000984,regular,worksheet-formula,1,single-cell,1,L24,VLOOKUP,,0,bha.motor-performance,local-context,
b147eb91b2f2fd18,thermal,.xlsm,30,s0030,worksheet,f000985,regular,worksheet-formula,1,single-cell,1,AE42,IF|PI,,0,bha.motor-performance,local-context,
b147eb91b2f2fd18,thermal,.xlsm,30,s0030,worksheet,f000986,regular,worksheet-formula,1,single-cell,1,AO42,IF|PI,,0,bha.motor-performance,local-context,
b147eb91b2f2fd18,thermal,.xlsm,30,s0030,worksheet,f000987,regular,worksheet-formula,1,single-cell,1,AR32,IF|SUM,,0,bha.motor-performance,local-context,
b147eb91b2f2fd18,thermal,.xlsm,30,s0030,worksheet,f000988,regular,worksheet-formula,1,single-cell,1,AO30,IF,,0,bha.motor-performance,local-context,
b147eb91b2f2fd18,thermal,.xlsm,30,s0030,worksheet,f000989,regular,worksheet-formula,3,filled-row,1,AI30:AM30,IF,,0,bha.motor-performance,local-context,
b147eb91b2f2fd18,thermal,.xlsm,30,s0030,worksheet,f000990,regular,worksheet-formula,1,single-cell,1,AE44,IF|PI,,0,bha.motor-performance,local-context,
b147eb91b2f2fd18,thermal,.xlsm,30,s0030,worksheet,f000991,regular,worksheet-formula,1,single-cell,1,AG43,PI,,0,bha.motor-performance,local-context,
b147eb91b2f2fd18,thermal,.xlsm,30,s0030,worksheet,f000992,regular,worksheet-formula,1,single-cell,1,AK42,IF|PI,,0,bha.motor-performance,local-context,
b147eb91b2f2fd18,thermal,.xlsm,30,s0030,worksheet,f000993,regular,worksheet-formula,1,single-cell,1,L51,VLOOKUP,,0,bha.motor-performance,local-context,
b147eb91b2f2fd18,thermal,.xlsm,30,s0030,worksheet,f000994,regular,worksheet-formula,1,single-cell,1,AO43,PI,,0,bha.motor-performance,local-context,
b147eb91b2f2fd18,thermal,.xlsm,30,s0030,worksheet,f000995,regular,worksheet-formula,1,single-cell,1,L38,VLOOKUP,,0,bha.motor-performance,local-context,
b147eb91b2f2fd18,thermal,.xlsm,30,s0030,worksheet,f000996,regular,worksheet-formula,1,single-cell,1,AI42,IF|PI,,0,bha.motor-performance,local-context,
b147eb91b2f2fd18,thermal,.xlsm,30,s0030,worksheet,f000997,regular,worksheet-formula,1,single-cell,1,L54,VLOOKUP,,0,bha.motor-performance,local-context,
b147eb91b2f2fd18,thermal,.xlsm,30,s0030,worksheet,f000998,regular,worksheet-formula,10,filled-row,1,Y23:AQ23,AVERAGE,,0,bha.motor-performance,local-context,
b147eb91b2f2fd18,thermal,.xlsm,30,s0030,worksheet,f000999,regular,worksheet-formula,10,filled-row,1,Y25:AQ25,,,0,bha.motor-performance,local-context,
b147eb91b2f2fd18,thermal,.xlsm,42,s0042,worksheet,f001000,regular,worksheet-formula,1,single-cell,1,B7,,,0,cross-cutting.lookup,local-context,Pa|degC|in
b147eb91b2f2fd18,thermal,.xlsm,42,s0042,worksheet,f001001,regular,worksheet-formula,1,single-cell,1,B6,,,0,cross-cutting.lookup,local-context,degC|in
b147eb91b2f2fd18,thermal,.xlsm,42,s0042,worksheet,f001002,regular,worksheet-formula,1,single-cell,1,B22,,,0,bha.motor-performance|bha.tool-life,local-context,
b147eb91b2f2fd18,thermal,.xlsm,42,s0042,worksheet,f001003,regular,worksheet-formula,17,filled-row,1,C5:AI5,IF|UDF,,0,thermal.unresolved,catalog-category,degC|in
b147eb91b2f2fd18,thermal,.xlsm,42,s0042,worksheet,f001004,regular,worksheet-formula,1,single-cell,1,C6,,,0,cross-cutting.lookup,local-context,degC|degF|in
b147eb91b2f2fd18,thermal,.xlsm,11,s0011,worksheet,f001005,regular,worksheet-formula,11,filled-column,1,E155:E168,,,0,thermal.unresolved,catalog-category,N
b147eb91b2f2fd18,thermal,.xlsm,11,s0011,worksheet,f001006,regular,worksheet-formula,220,rectangular-table,1,L115:V164,,,0,thermal.unresolved,catalog-category,
b147eb91b2f2fd18,thermal,.xlsm,11,s0011,worksheet,f001007,regular,worksheet-formula,2,filled-column,1,F55:F83,IF,,0,thermal.unresolved,catalog-category,kPa|mm|psi
b147eb91b2f2fd18,thermal,.xlsm,11,s0011,worksheet,f001008,regular,worksheet-formula,9,multi-area,3,E45:E49|L127:L128|L167:L168,,,0,thermal.unresolved,catalog-category,
b147eb91b2f2fd18,thermal,.xlsm,11,s0011,worksheet,f001009,regular,worksheet-formula,41,multi-area,5,F115:F124|F128|G115:G124|H115:H124|I115:I124,SQRT,,0,thermal.unresolved,catalog-category,N
b147eb91b2f2fd18,thermal,.xlsm,11,s0011,worksheet,f001010,regular,worksheet-formula,41,multi-area,5,F155:F164|F168|G155:G164|H155:H164|I155:I164,SQRT,,0,thermal.unresolved,catalog-category,N
b147eb91b2f2fd18,thermal,.xlsm,11,s0011,worksheet,f001011,regular,worksheet-formula,320,rectangular-table,1,F57:U76,IF|PI|SQRT,,0,thermal.unresolved,catalog-category,psi
b147eb91b2f2fd18,thermal,.xlsm,11,s0011,worksheet,f001012,regular,worksheet-formula,34,multi-area,4,M6|Q6|V36:V51|W36:W51,,,0,cross-cutting.unit-conversion,local-context,
b147eb91b2f2fd18,thermal,.xlsm,11,s0011,worksheet,f001013,regular,worksheet-formula,1,single-cell,1,H48,IF|MOD,,0,thermal.unresolved,catalog-category,
b147eb91b2f2fd18,thermal,.xlsm,11,s0011,worksheet,f001014,regular,worksheet-formula,1,single-cell,1,H20,,,0,thermal.unresolved,catalog-category,N|gal/min|percent|ppg
b147eb91b2f2fd18,thermal,.xlsm,11,s0011,worksheet,f001015,regular,worksheet-formula,1,single-cell,1,P41,,,0,thermal.unresolved,catalog-category,cm
b147eb91b2f2fd18,thermal,.xlsm,11,s0011,worksheet,f001016,regular,worksheet-formula,1,single-cell,1,V19,IF|VLOOKUP,,0,hydraulics.pressure-loss,local-context,psi
b147eb91b2f2fd18,thermal,.xlsm,11,s0011,worksheet,f001017,regular,worksheet-formula,2,filled-column,1,P42:P43,LOOKUP,,0,thermal.unresolved,catalog-category,cm
b147eb91b2f2fd18,thermal,.xlsm,11,s0011,worksheet,f001018,regular,worksheet-formula,10,filled-row,1,M113:V113,,,0,thermal.unresolved,catalog-category,
b147eb91b2f2fd18,thermal,.xlsm,11,s0011,worksheet,f001019,regular,worksheet-formula,14,multi-area,14,H17|L114|L126|M114|N114|O25|O114|P114|Q114|R114|S114|T114|U114|V114,PI,,0,hydraulics.bit-nozzle,local-context,gal/min|in^2
b147eb91b2f2fd18,thermal,.xlsm,11,s0011,worksheet,f001020,regular,worksheet-formula,24,multi-area,3,E116:E123|K116:K123|K156:K163,,,0,thermal.unresolved,catalog-category,
b147eb91b2f2fd18,thermal,.xlsm,11,s0011,worksheet,f001021,regular,worksheet-formula,1,single-cell,1,O18,IF|SQRT,,0,hydraulics.bit-nozzle,local-context,gal/min|in^2
b147eb91b2f2fd18,thermal,.xlsm,11,s0011,worksheet,f001022,regular,worksheet-formula,11,filled-column,1,K41:K51,IF|UDF,,0,hydraulics.bit-nozzle,local-context,
b147eb91b2f2fd18,thermal,.xlsm,11,s0011,worksheet,f001023,regular,worksheet-formula,1,single-cell,1,F56,IF,,0,thermal.unresolved,catalog-category,psi
b147eb91b2f2fd18,thermal,.xlsm,11,s0011,worksheet,f001024,regular,worksheet-formula,1,single-cell,1,O26,SQRT,,0,hydraulics.bit-nozzle,local-context,gal/min|in^2
b147eb91b2f2fd18,thermal,.xlsm,11,s0011,worksheet,f001025,regular,worksheet-formula,4,multi-area,4,E128|F126|K128|M126,,,0,thermal.unresolved,catalog-category,
b147eb91b2f2fd18,thermal,.xlsm,11,s0011,worksheet,f001026,regular,worksheet-formula,20,filled-column,1,E85:E104,,,0,thermal.unresolved,catalog-category,mm
b147eb91b2f2fd18,thermal,.xlsm,11,s0011,worksheet,f001027,regular,worksheet-formula,15,filled-row,1,G56:U56,IF|MIN,,0,thermal.unresolved,catalog-category,psi
b147eb91b2f2fd18,thermal,.xlsm,11,s0011,worksheet,f001028,regular,worksheet-formula,30,rectangular-table,1,G55:U83,IF,,0,thermal.unresolved,catalog-category,kPa|mm|psi
b147eb91b2f2fd18,thermal,.xlsm,11,s0011,worksheet,f001029,regular,worksheet-formula,1,single-cell,1,O24,IF|ROUND,,0,hydraulics.bit-nozzle,local-context,gal/min|in^2
b147eb91b2f2fd18,thermal,.xlsm,11,s0011,worksheet,f001030,regular,worksheet-formula,1,single-cell,1,O17,IF|PI|SQRT,,0,hydraulics.bit-nozzle,local-context,gal/min|in^2
b147eb91b2f2fd18,thermal,.xlsm,11,s0011,worksheet,f001031,regular,worksheet-formula,1,single-cell,1,H38,,,0,hydraulics.bit-nozzle,local-context,ft/s|gal/min
b147eb91b2f2fd18,thermal,.xlsm,11,s0011,worksheet,f001032,regular,worksheet-formula,6,rectangular-table,1,E127:K167,,,0,thermal.unresolved,catalog-category,
b147eb91b2f2fd18,thermal,.xlsm,11,s0011,worksheet,f001033,regular,worksheet-formula,12,multi-area,12,L154|L166|M154|N154|O154|P154|Q154|R154|S154|T154|U154|V154,PI,,0,thermal.unresolved,catalog-category,
b147eb91b2f2fd18,thermal,.xlsm,11,s0011,worksheet,f001034,regular,worksheet-formula,16,filled-row,1,F84:U84,IF,,0,thermal.unresolved,catalog-category,kPa|mm
b147eb91b2f2fd18,thermal,.xlsm,11,s0011,worksheet,f001035,regular,worksheet-formula,1,single-cell,1,O19,IF|SQRT,,0,hydraulics.bit-nozzle,local-context,gal/min|in^2
b147eb91b2f2fd18,thermal,.xlsm,11,s0011,worksheet,f001036,regular,worksheet-formula,1,single-cell,1,H166,,,0,thermal.unresolved,catalog-category,
b147eb91b2f2fd18,thermal,.xlsm,11,s0011,worksheet,f001037,regular,worksheet-formula,12,multi-area,12,L153|M153|M166|N153|O153|P153|Q153|R153|S153|T153|U153|V153,,,0,thermal.unresolved,catalog-category,
b147eb91b2f2fd18,thermal,.xlsm,11,s0011,worksheet,f001038,regular,worksheet-formula,1,single-cell,1,H45,VLOOKUP,,0,thermal.unresolved,catalog-category,
b147eb91b2f2fd18,thermal,.xlsm,11,s0011,worksheet,f001039,regular,worksheet-formula,1,single-cell,1,K168,,,0,thermal.unresolved,catalog-category,
b147eb91b2f2fd18,thermal,.xlsm,11,s0011,worksheet,f001040,regular,worksheet-formula,1,single-cell,1,H37,,,0,hydraulics.bit-nozzle,local-context,ft/s|gal/min
b147eb91b2f2fd18,thermal,.xlsm,11,s0011,worksheet,f001041,regular,worksheet-formula,1,single-cell,1,F166,,,0,thermal.unresolved,catalog-category,
b147eb91b2f2fd18,thermal,.xlsm,11,s0011,worksheet,f001042,regular,worksheet-formula,1,single-cell,1,V21,IF,,0,hydraulics.pressure-loss,local-context,psi
b147eb91b2f2fd18,thermal,.xlsm,11,s0011,worksheet,f001043,regular,worksheet-formula,1,single-cell,1,H21,,,0,thermal.unresolved,catalog-category,N|gal/min|percent|ppg|psi
b147eb91b2f2fd18,thermal,.xlsm,11,s0011,worksheet,f001044,regular,worksheet-formula,1,single-cell,1,V18,,,0,thermal.unresolved,catalog-category,
b147eb91b2f2fd18,thermal,.xlsm,11,s0011,worksheet,f001045,regular,worksheet-formula,1,single-cell,1,V20,IF|VLOOKUP,,0,hydraulics.pressure-loss,local-context,psi
b147eb91b2f2fd18,thermal,.xlsm,11,s0011,worksheet,f001046,regular,worksheet-formula,1,single-cell,1,H28,VLOOKUP,,0,bha.motor-performance|hydraulics.bit-nozzle,local-context,gal/min|psi
b147eb91b2f2fd18,thermal,.xlsm,11,s0011,worksheet,f001047,regular,worksheet-formula,320,rectangular-table,1,F85:U104,IF,,0,thermal.unresolved,catalog-category,kPa
b147eb91b2f2fd18,thermal,.xlsm,10,s0010,worksheet,f001048,regular,worksheet-formula,1,single-cell,1,M30,,,0,thermal.unresolved,catalog-category,
b147eb91b2f2fd18,thermal,.xlsm,10,s0010,worksheet,f001049,regular,worksheet-formula,1,single-cell,1,E77,IF,,0,thermal.unresolved,catalog-category,
b147eb91b2f2fd18,thermal,.xlsm,10,s0010,worksheet,f001050,regular,worksheet-formula,20,filled-column,1,AM56:AM75,IF,,0,thermal.unresolved,catalog-category,
b147eb91b2f2fd18,thermal,.xlsm,10,s0010,worksheet,f001051,regular,worksheet-formula,2,filled-column,1,X40:X41,CONCATENATE|ROUND,,0,thermal.unresolved,catalog-category,
b147eb91b2f2fd18,thermal,.xlsm,10,s0010,worksheet,f001052,regular,worksheet-formula,1,single-cell,1,F143,CONCATENATE|IF,,0,bha.motor-performance,local-context,percent
b147eb91b2f2fd18,thermal,.xlsm,10,s0010,worksheet,f001053,regular,worksheet-formula,2,filled-column,1,X30:X37,IF,,0,hydraulics.bit-nozzle,local-context,
b147eb91b2f2fd18,thermal,.xlsm,10,s0010,worksheet,f001054,regular,worksheet-formula,1,single-cell,1,G12,CONCATENATE,,0,bha.motor-performance,local-context,
b147eb91b2f2fd18,thermal,.xlsm,10,s0010,worksheet,f001055,regular,worksheet-formula,1,single-cell,1,J38,IF,,0,thermal.unresolved,catalog-category,
b147eb91b2f2fd18,thermal,.xlsm,10,s0010,worksheet,f001056,regular,worksheet-formula,10,multi-area,8,N36|N38|N49|N51|AB32|AB37:AB39|AE100|AK100,,,0,cross-cutting.unit-conversion,local-context,
b147eb91b2f2fd18,thermal,.xlsm,10,s0010,worksheet,f001057,regular,worksheet-formula,356,multi-area,17,E56:E75|G55:G75|I55:I75|K55:K75|M55:M75|O55:O75|Q55:Q75|S55:S75|U55:U75|W55:W75|Y55:Y75|AA55:AA75|AC55:AC75|AE55:AE75|AG55:AG75|AI55:AI75|AK55:AK75,IF,,0,thermal.unresolved,catalog-category,
b147eb91b2f2fd18,thermal,.xlsm,10,s0010,worksheet,f001058,regular,worksheet-formula,12,multi-area,10,E53:E54|G54|H109|J131|N32|N34|N40|U131|W109|AB30:AB31,IF|UDF,,0,hydraulics.bit-nozzle,local-context,
b147eb91b2f2fd18,thermal,.xlsm,10,s0010,worksheet,f001059,regular,worksheet-formula,1,single-cell,1,K51,,,0,thermal.unresolved,catalog-category,
b147eb91b2f2fd18,thermal,.xlsm,10,s0010,worksheet,f001060,regular,worksheet-formula,1,single-cell,1,K49,IF,,0,thermal.unresolved,catalog-category,
b147eb91b2f2fd18,thermal,.xlsm,10,s0010,worksheet,f001061,regular,worksheet-formula,29,filled-column,1,F144:F172,CONCATENATE|IF,,0,bha.motor-performance|hydraulics.bit-nozzle,local-context,lbf|percent|rpm
b147eb91b2f2fd18,thermal,.xlsm,10,s0010,worksheet,f001062,regular,worksheet-formula,8,multi-area,6,I40|J34|J36|K32|X31:X32|X38:X39,IF,,0,thermal.unresolved,catalog-category,N
b147eb91b2f2fd18,thermal,.xlsm,10,s0010,worksheet,f001063,regular,worksheet-formula,2,filled-column,1,B82:B176,CONCATENATE|TODAY|UDF,TODAY,0,thermal.unresolved,catalog-category,
b147eb91b2f2fd18,thermal,.xlsm,26,s0026,worksheet,f001064,regular,worksheet-formula,1,single-cell,1,N82,IF,,0,thermal.unresolved,catalog-category,
b147eb91b2f2fd18,thermal,.xlsm,26,s0026,worksheet,f001065,regular,worksheet-formula,1,single-cell,1,Z81,IF,,0,thermal.unresolved,catalog-category,
b147eb91b2f2fd18,thermal,.xlsm,26,s0026,worksheet,f001066,regular,worksheet-formula,1,single-cell,1,R79,IF,,0,thermal.unresolved,catalog-category,
b147eb91b2f2fd18,thermal,.xlsm,26,s0026,worksheet,f001067,regular,worksheet-formula,1,single-cell,1,L79,IF,,0,thermal.unresolved,catalog-category,
b147eb91b2f2fd18,thermal,.xlsm,26,s0026,worksheet,f001068,regular,worksheet-formula,20,rectangular-table,1,L33:AD53,IF,,0,thermal.unresolved,catalog-category,
b147eb91b2f2fd18,thermal,.xlsm,26,s0026,worksheet,f001069,regular,worksheet-formula,1,single-cell,1,N81,IF,,0,thermal.unresolved,catalog-category,
b147eb91b2f2fd18,thermal,.xlsm,26,s0026,worksheet,f001070,regular,worksheet-formula,1,single-cell,1,AD83,IF,,0,thermal.unresolved,catalog-category,
b147eb91b2f2fd18,thermal,.xlsm,26,s0026,worksheet,f001071,regular,worksheet-formula,12,filled-column,1,AO92:AO108,,,0,bha.motor-performance|bha.tool-life,local-context,percent
b147eb91b2f2fd18,thermal,.xlsm,26,s0026,worksheet,f001072,regular,worksheet-formula,1,single-cell,1,M97,HLOOKUP,,0,thermal.unresolved,catalog-category,
b147eb91b2f2fd18,thermal,.xlsm,26,s0026,worksheet,f001073,regular,worksheet-formula,1,single-cell,1,N115,,,0,thermal.unresolved,catalog-category,Hz
b147eb91b2f2fd18,thermal,.xlsm,26,s0026,worksheet,f001074,regular,worksheet-formula,1,single-cell,1,P79,IF,,0,thermal.unresolved,catalog-category,
b147eb91b2f2fd18,thermal,.xlsm,26,s0026,worksheet,f001075,regular,worksheet-formula,1,single-cell,1,N84,,,0,thermal.unresolved,catalog-category,
b147eb91b2f2fd18,thermal,.xlsm,26,s0026,worksheet,f001076,regular,worksheet-formula,3,multi-area,3,M106|P106|P110,HLOOKUP,,0,thermal.unresolved,catalog-category,percent
b147eb91b2f2fd18,thermal,.xlsm,26,s0026,worksheet,f001077,regular,worksheet-formula,2,filled-row,1,M107:P107,HLOOKUP,,0,thermal.unresolved,catalog-category,percent
b147eb91b2f2fd18,thermal,.xlsm,26,s0026,worksheet,f001078,regular,worksheet-formula,1,single-cell,1,AD81,IF,,0,thermal.unresolved,catalog-category,
b147eb91b2f2fd18,thermal,.xlsm,26,s0026,worksheet,f001079,regular,worksheet-formula,20,rectangular-table,1,L34:AD54,IF|ROUND,,0,thermal.unresolved,catalog-category,percent
b147eb91b2f2fd18,thermal,.xlsm,26,s0026,worksheet,f001080,regular,worksheet-formula,9,rectangular-table,1,V63:Z67,IF,,0,thermal.unresolved,catalog-category,
b147eb91b2f2fd18,thermal,.xlsm,26,s0026,worksheet,f001081,regular,worksheet-formula,1,single-cell,1,L78,IF,,0,thermal.unresolved,catalog-category,
b147eb91b2f2fd18,thermal,.xlsm,26,s0026,worksheet,f001082,regular,worksheet-formula,1,single-cell,1,AB78,IF,,0,thermal.unresolved,catalog-category,
b147eb91b2f2fd18,thermal,.xlsm,26,s0026,worksheet,f001083,regular,worksheet-formula,1,single-cell,1,AD84,,,0,thermal.unresolved,catalog-category,
b147eb91b2f2fd18,thermal,.xlsm,26,s0026,worksheet,f001084,regular,worksheet-formula,1,single-cell,1,AB82,IF,,0,thermal.unresolved,catalog-category,
b147eb91b2f2fd18,thermal,.xlsm,26,s0026,worksheet,f001085,regular,worksheet-formula,1,single-cell,1,AD78,IF,,0,thermal.unresolved,catalog-category,
b147eb91b2f2fd18,thermal,.xlsm,26,s0026,worksheet,f001086,regular,worksheet-formula,1,single-cell,1,Z83,IF,,0,thermal.unresolved,catalog-category,
b147eb91b2f2fd18,thermal,.xlsm,26,s0026,worksheet,f001087,regular,worksheet-formula,1,single-cell,1,L84,,,0,thermal.unresolved,catalog-category,
b147eb91b2f2fd18,thermal,.xlsm,26,s0026,worksheet,f001088,regular,worksheet-formula,1,single-cell,1,N83,IF,,0,thermal.unresolved,catalog-category,
b147eb91b2f2fd18,thermal,.xlsm,26,s0026,worksheet,f001089,regular,worksheet-formula,1,single-cell,1,AB79,IF,,0,thermal.unresolved,catalog-category,
b147eb91b2f2fd18,thermal,.xlsm,26,s0026,worksheet,f001090,regular,worksheet-formula,12,filled-column,1,AV92:AV108,ABS|IF|SUM,,0,thermal.unresolved,catalog-category,percent
b147eb91b2f2fd18,thermal,.xlsm,26,s0026,worksheet,f001091,regular,worksheet-formula,1,single-cell,1,P115,IF,,0,thermal.unresolved,catalog-category,Hz
b147eb91b2f2fd18,thermal,.xlsm,26,s0026,worksheet,f001092,regular,worksheet-formula,3,filled-column,1,AD63:AD67,IF,,0,thermal.unresolved,catalog-category,
b147eb91b2f2fd18,thermal,.xlsm,26,s0026,worksheet,f001093,regular,worksheet-formula,1,single-cell,1,M110,HLOOKUP,,0,thermal.unresolved,catalog-category,percent
b147eb91b2f2fd18,thermal,.xlsm,26,s0026,worksheet,f001094,regular,worksheet-formula,1,single-cell,1,L80,IF,,0,thermal.unresolved,catalog-category,
b147eb91b2f2fd18,thermal,.xlsm,26,s0026,worksheet,f001095,regular,worksheet-formula,1,single-cell,1,P83,IF,,0,thermal.unresolved,catalog-category,
b147eb91b2f2fd18,thermal,.xlsm,26,s0026,worksheet,f001096,regular,worksheet-formula,1,single-cell,1,R82,IF,,0,thermal.unresolved,catalog-category,
b147eb91b2f2fd18,thermal,.xlsm,26,s0026,worksheet,f001097,regular,worksheet-formula,100,rectangular-table,1,L19:AD51,IF,,0,thermal.unresolved,catalog-category,percent
b147eb91b2f2fd18,thermal,.xlsm,26,s0026,worksheet,f001098,regular,worksheet-formula,1,single-cell,1,N78,IF,,0,thermal.unresolved,catalog-category,
b147eb91b2f2fd18,thermal,.xlsm,26,s0026,worksheet,f001099,regular,worksheet-formula,1,single-cell,1,V80,IF,,0,thermal.unresolved,catalog-category,
b147eb91b2f2fd18,thermal,.xlsm,26,s0026,worksheet,f001100,regular,worksheet-formula,1,single-cell,1,T81,IF,,0,thermal.unresolved,catalog-category,
b147eb91b2f2fd18,thermal,.xlsm,26,s0026,worksheet,f001101,regular,worksheet-formula,12,filled-column,1,AR92:AR108,IF|MAX,,0,thermal.unresolved,catalog-category,percent
b147eb91b2f2fd18,thermal,.xlsm,26,s0026,worksheet,f001102,regular,worksheet-formula,1,single-cell,1,AD82,IF,,0,thermal.unresolved,catalog-category,
b147eb91b2f2fd18,thermal,.xlsm,26,s0026,worksheet,f001103,regular,worksheet-formula,2,filled-row,1,M109:P109,HLOOKUP,,0,thermal.unresolved,catalog-category,percent
b147eb91b2f2fd18,thermal,.xlsm,26,s0026,worksheet,f001104,regular,worksheet-formula,1,single-cell,1,V84,,,0,thermal.unresolved,catalog-category,
b147eb91b2f2fd18,thermal,.xlsm,26,s0026,worksheet,f001105,regular,worksheet-formula,1,single-cell,1,P84,,,0,thermal.unresolved,catalog-category,
b147eb91b2f2fd18,thermal,.xlsm,26,s0026,worksheet,f001106,regular,worksheet-formula,1,single-cell,1,T80,IF,,0,thermal.unresolved,catalog-category,
b147eb91b2f2fd18,thermal,.xlsm,26,s0026,worksheet,f001107,regular,worksheet-formula,1,single-cell,1,V82,IF,,0,thermal.unresolved,catalog-category,
b147eb91b2f2fd18,thermal,.xlsm,26,s0026,worksheet,f001108,regular,worksheet-formula,1,single-cell,1,L81,IF,,0,thermal.unresolved,catalog-category,
b147eb91b2f2fd18,thermal,.xlsm,26,s0026,worksheet,f001109,regular,worksheet-formula,1,single-cell,1,V83,IF,,0,thermal.unresolved,catalog-category,
b147eb91b2f2fd18,thermal,.xlsm,26,s0026,worksheet,f001110,regular,worksheet-formula,1,single-cell,1,P81,IF,,0,thermal.unresolved,catalog-category,
b147eb91b2f2fd18,thermal,.xlsm,26,s0026,worksheet,f001111,regular,worksheet-formula,1,single-cell,1,Z80,IF,,0,thermal.unresolved,catalog-category,
b147eb91b2f2fd18,thermal,.xlsm,26,s0026,worksheet,f001112,regular,worksheet-formula,12,filled-column,1,AT92:AT108,IF|MAX|MIN,,0,thermal.unresolved,catalog-category,percent
b147eb91b2f2fd18,thermal,.xlsm,26,s0026,worksheet,f001113,regular,worksheet-formula,1,single-cell,1,Z82,IF,,0,thermal.unresolved,catalog-category,
b147eb91b2f2fd18,thermal,.xlsm,26,s0026,worksheet,f001114,regular,worksheet-formula,2,filled-row,1,M103:P103,HLOOKUP,,0,thermal.unresolved,catalog-category,percent
b147eb91b2f2fd18,thermal,.xlsm,26,s0026,worksheet,f001115,regular,worksheet-formula,1,single-cell,1,P80,IF,,0,thermal.unresolved,catalog-category,
b147eb91b2f2fd18,thermal,.xlsm,26,s0026,worksheet,f001116,regular,worksheet-formula,10,filled-row,1,L32:AD32,IF,,0,thermal.unresolved,catalog-category,
b147eb91b2f2fd18,thermal,.xlsm,26,s0026,worksheet,f001117,regular,worksheet-formula,1,single-cell,1,Z84,,,0,thermal.unresolved,catalog-category,
b147eb91b2f2fd18,thermal,.xlsm,26,s0026,worksheet,f001118,regular,worksheet-formula,1,single-cell,1,AB80,IF,,0,thermal.unresolved,catalog-category,
b147eb91b2f2fd18,thermal,.xlsm,26,s0026,worksheet,f001119,regular,worksheet-formula,87,multi-area,60,L38:L39|L62|L64|L66|L68:L69|N38:N39|N62|N64|N66|N68:N69|P38:P39|P62|P64|P66|P68:P69|P97:P98|R38:R39|R62|R64|R66|R68:R69|T38:T39|T62|T64|T66|T68:T69|V38:V39|V62|V64|V66|V68:V69|X38:X39|X62|X64|X66|X68:X69|Z38:Z39|Z62|Z64|Z66|Z68:Z69|AB38:AB39|AB62|AB64|AB66|AB68:AB69|AD38:AD39|AD62|AD64|AD66|AD68:AD69|AN92:AN93|AN95|AN103:AN108|AO91|AO102|AP91|AP102|AQ98|AQ109,,,0,bha.motor-performance|bha.tool-life,local-context,percent
b147eb91b2f2fd18,thermal,.xlsm,26,s0026,worksheet,f001120,regular,worksheet-formula,12,filled-column,1,AS92:AS108,IF|MAX,,0,thermal.unresolved,catalog-category,percent
b147eb91b2f2fd18,thermal,.xlsm,26,s0026,worksheet,f001121,regular,worksheet-formula,1,single-cell,1,X84,,,0,thermal.unresolved,catalog-category,
b147eb91b2f2fd18,thermal,.xlsm,26,s0026,worksheet,f001122,regular,worksheet-formula,1,single-cell,1,N80,IF,,0,thermal.unresolved,catalog-category,
b147eb91b2f2fd18,thermal,.xlsm,26,s0026,worksheet,f001123,regular,worksheet-formula,1,single-cell,1,J115,HLOOKUP,,0,thermal.unresolved,catalog-category,m/s
b147eb91b2f2fd18,thermal,.xlsm,26,s0026,worksheet,f001124,regular,worksheet-formula,1,single-cell,1,M98,HLOOKUP,,0,thermal.unresolved,catalog-category,
b147eb91b2f2fd18,thermal,.xlsm,26,s0026,worksheet,f001125,regular,worksheet-formula,1,single-cell,1,M93,HLOOKUP,,0,thermal.unresolved,catalog-category,
b147eb91b2f2fd18,thermal,.xlsm,26,s0026,worksheet,f001126,regular,worksheet-formula,1,single-cell,1,AD80,IF,,0,thermal.unresolved,catalog-category,
b147eb91b2f2fd18,thermal,.xlsm,26,s0026,worksheet,f001127,regular,worksheet-formula,1,single-cell,1,V78,IF,,0,thermal.unresolved,catalog-category,
b147eb91b2f2fd18,thermal,.xlsm,26,s0026,worksheet,f001128,regular,worksheet-formula,2,filled-row,1,M104:P104,HLOOKUP,,0,thermal.unresolved,catalog-category,percent
b147eb91b2f2fd18,thermal,.xlsm,26,s0026,worksheet,f001129,regular,worksheet-formula,1,single-cell,1,H115,IF,,0,thermal.unresolved,catalog-category,m/s
b147eb91b2f2fd18,thermal,.xlsm,26,s0026,worksheet,f001130,regular,worksheet-formula,1,single-cell,1,X78,IF,,0,thermal.unresolved,catalog-category,
b147eb91b2f2fd18,thermal,.xlsm,26,s0026,worksheet,f001131,regular,worksheet-formula,2,filled-row,1,M105:P105,HLOOKUP,,0,thermal.unresolved,catalog-category,percent
b147eb91b2f2fd18,thermal,.xlsm,26,s0026,worksheet,f001132,regular,worksheet-formula,10,filled-row,1,L77:AD77,IF,,0,thermal.unresolved,catalog-category,
b147eb91b2f2fd18,thermal,.xlsm,26,s0026,worksheet,f001133,regular,worksheet-formula,10,filled-row,1,L52:AD52,IF,,0,thermal.unresolved,catalog-category,
b147eb91b2f2fd18,thermal,.xlsm,26,s0026,worksheet,f001134,regular,worksheet-formula,1,single-cell,1,M91,,,0,thermal.unresolved,catalog-category,
b147eb91b2f2fd18,thermal,.xlsm,26,s0026,worksheet,f001135,regular,worksheet-formula,1,single-cell,1,L83,IF,,0,thermal.unresolved,catalog-category,
b147eb91b2f2fd18,thermal,.xlsm,26,s0026,worksheet,f001136,regular,worksheet-formula,1,single-cell,1,R80,IF,,0,thermal.unresolved,catalog-category,
b147eb91b2f2fd18,thermal,.xlsm,26,s0026,worksheet,f001137,regular,worksheet-formula,1,single-cell,1,X83,IF,,0,thermal.unresolved,catalog-category,
b147eb91b2f2fd18,thermal,.xlsm,26,s0026,worksheet,f001138,regular,worksheet-formula,1,single-cell,1,X79,IF,,0,thermal.unresolved,catalog-category,
b147eb91b2f2fd18,thermal,.xlsm,26,s0026,worksheet,f001139,regular,worksheet-formula,1,single-cell,1,P78,IF,,0,thermal.unresolved,catalog-category,
b147eb91b2f2fd18,thermal,.xlsm,26,s0026,worksheet,f001140,regular,worksheet-formula,1,single-cell,1,M99,HLOOKUP,,0,thermal.unresolved,catalog-category,
b147eb91b2f2fd18,thermal,.xlsm,26,s0026,worksheet,f001141,regular,worksheet-formula,1,single-cell,1,M100,HLOOKUP,,0,thermal.unresolved,catalog-category,
b147eb91b2f2fd18,thermal,.xlsm,26,s0026,worksheet,f001142,regular,worksheet-formula,50,rectangular-table,1,L22:AD50,IF,,0,thermal.unresolved,catalog-category,
b147eb91b2f2fd18,thermal,.xlsm,26,s0026,worksheet,f001143,regular,worksheet-formula,1,single-cell,1,R78,IF,,0,thermal.unresolved,catalog-category,
b147eb91b2f2fd18,thermal,.xlsm,26,s0026,worksheet,f001144,regular,worksheet-formula,1,single-cell,1,P82,IF,,0,thermal.unresolved,catalog-category,
b147eb91b2f2fd18,thermal,.xlsm,26,s0026,worksheet,f001145,regular,worksheet-formula,20,rectangular-table,1,L26:AD46,IF,,0,thermal.unresolved,catalog-category,
b147eb91b2f2fd18,thermal,.xlsm,26,s0026,worksheet,f001146,regular,worksheet-formula,1,single-cell,1,P100,HLOOKUP,,0,thermal.unresolved,catalog-category,
b147eb91b2f2fd18,thermal,.xlsm,26,s0026,worksheet,f001147,regular,worksheet-formula,1,single-cell,1,T82,IF,,0,thermal.unresolved,catalog-category,
b147eb91b2f2fd18,thermal,.xlsm,26,s0026,worksheet,f001148,regular,worksheet-formula,1,single-cell,1,X81,IF,,0,thermal.unresolved,catalog-category,
b147eb91b2f2fd18,thermal,.xlsm,26,s0026,worksheet,f001149,regular,worksheet-formula,1,single-cell,1,L82,IF,,0,thermal.unresolved,catalog-category,
b147eb91b2f2fd18,thermal,.xlsm,26,s0026,worksheet,f001150,regular,worksheet-formula,3,filled-column,1,T63:T67,IF,,0,thermal.unresolved,catalog-category,
b147eb91b2f2fd18,thermal,.xlsm,26,s0026,worksheet,f001151,regular,worksheet-formula,1,single-cell,1,T78,IF,,0,thermal.unresolved,catalog-category,
b147eb91b2f2fd18,thermal,.xlsm,26,s0026,worksheet,f001152,regular,worksheet-formula,1,single-cell,1,Z79,IF,,0,thermal.unresolved,catalog-category,
b147eb91b2f2fd18,thermal,.xlsm,26,s0026,worksheet,f001153,regular,worksheet-formula,1,single-cell,1,V81,IF,,0,thermal.unresolved,catalog-category,
b147eb91b2f2fd18,thermal,.xlsm,26,s0026,worksheet,f001154,regular,worksheet-formula,1,single-cell,1,Z78,IF,,0,thermal.unresolved,catalog-category,
b147eb91b2f2fd18,thermal,.xlsm,26,s0026,worksheet,f001155,regular,worksheet-formula,1,single-cell,1,AB84,,,0,thermal.unresolved,catalog-category,
b147eb91b2f2fd18,thermal,.xlsm,26,s0026,worksheet,f001156,regular,worksheet-formula,1,single-cell,1,T79,IF,,0,thermal.unresolved,catalog-category,
b147eb91b2f2fd18,thermal,.xlsm,26,s0026,worksheet,f001157,regular,worksheet-formula,10,filled-row,1,L18:AD18,IF,,0,thermal.unresolved,catalog-category,
b147eb91b2f2fd18,thermal,.xlsm,26,s0026,worksheet,f001158,regular,worksheet-formula,3,filled-column,1,AB63:AB67,IF,,0,thermal.unresolved,catalog-category,
b147eb91b2f2fd18,thermal,.xlsm,26,s0026,worksheet,f001159,regular,worksheet-formula,2,filled-column,1,AN98:AN109,SUM,,0,bha.motor-performance|bha.tool-life,local-context,percent
b147eb91b2f2fd18,thermal,.xlsm,26,s0026,worksheet,f001160,regular,worksheet-formula,1,single-cell,1,AD79,IF,,0,thermal.unresolved,catalog-category,
b147eb91b2f2fd18,thermal,.xlsm,26,s0026,worksheet,f001161,regular,worksheet-formula,1,single-cell,1,X82,IF,,0,thermal.unresolved,catalog-category,
b147eb91b2f2fd18,thermal,.xlsm,26,s0026,worksheet,f001162,regular,worksheet-formula,1,single-cell,1,V79,IF,,0,thermal.unresolved,catalog-category,
b147eb91b2f2fd18,thermal,.xlsm,26,s0026,worksheet,f001163,regular,worksheet-formula,12,filled-column,1,AW92:AW108,ABS|IF|SUM,,0,thermal.unresolved,catalog-category,percent
b147eb91b2f2fd18,thermal,.xlsm,26,s0026,worksheet,f001164,regular,worksheet-formula,1,single-cell,1,AB81,IF,,0,thermal.unresolved,catalog-category,
b147eb91b2f2fd18,thermal,.xlsm,26,s0026,worksheet,f001165,regular,worksheet-formula,1,single-cell,1,AB83,IF,,0,thermal.unresolved,catalog-category,
b147eb91b2f2fd18,thermal,.xlsm,26,s0026,worksheet,f001166,regular,worksheet-formula,2,filled-column,1,AN91:AN102,,,0,thermal.unresolved,catalog-category,percent
b147eb91b2f2fd18,thermal,.xlsm,26,s0026,worksheet,f001167,regular,worksheet-formula,20,rectangular-table,1,L20:AD40,IF,,0,thermal.unresolved,catalog-category,
b147eb91b2f2fd18,thermal,.xlsm,26,s0026,worksheet,f001168,regular,worksheet-formula,12,rectangular-table,1,L63:R67,IF,,0,thermal.unresolved,catalog-category,
b147eb91b2f2fd18,thermal,.xlsm,26,s0026,worksheet,f001169,regular,worksheet-formula,1,single-cell,1,L115,IF,,0,thermal.unresolved,catalog-category,Hz|m/s
b147eb91b2f2fd18,thermal,.xlsm,26,s0026,worksheet,f001170,regular,worksheet-formula,1,single-cell,1,R83,IF,,0,thermal.unresolved,catalog-category,
b147eb91b2f2fd18,thermal,.xlsm,26,s0026,worksheet,f001171,regular,worksheet-formula,12,filled-column,1,AU92:AU108,IF|MIN,,0,thermal.unresolved,catalog-category,percent
b147eb91b2f2fd18,thermal,.xlsm,26,s0026,worksheet,f001172,regular,worksheet-formula,1,single-cell,1,X80,IF,,0,thermal.unresolved,catalog-category,
b147eb91b2f2fd18,thermal,.xlsm,26,s0026,worksheet,f001173,regular,worksheet-formula,1,single-cell,1,M94,,,0,thermal.unresolved,catalog-category,
b147eb91b2f2fd18,thermal,.xlsm,26,s0026,worksheet,f001174,regular,worksheet-formula,1,single-cell,1,P99,HLOOKUP,,0,thermal.unresolved,catalog-category,
b147eb91b2f2fd18,thermal,.xlsm,26,s0026,worksheet,f001175,regular,worksheet-formula,1,single-cell,1,N79,IF,,0,thermal.unresolved,catalog-category,
b147eb91b2f2fd18,thermal,.xlsm,26,s0026,worksheet,f001176,regular,worksheet-formula,2,filled-row,1,M108:P108,HLOOKUP,,0,thermal.unresolved,catalog-category,percent
b147eb91b2f2fd18,thermal,.xlsm,26,s0026,worksheet,f001177,regular,worksheet-formula,1,single-cell,1,T84,,,0,thermal.unresolved,catalog-category,
b147eb91b2f2fd18,thermal,.xlsm,26,s0026,worksheet,f001178,regular,worksheet-formula,1,single-cell,1,R84,,,0,thermal.unresolved,catalog-category,
b147eb91b2f2fd18,thermal,.xlsm,26,s0026,worksheet,f001179,regular,worksheet-formula,1,single-cell,1,T83,IF,,0,thermal.unresolved,catalog-category,
b147eb91b2f2fd18,thermal,.xlsm,26,s0026,worksheet,f001180,regular,worksheet-formula,1,single-cell,1,F115,HLOOKUP,,0,thermal.unresolved,catalog-category,m/s
b147eb91b2f2fd18,thermal,.xlsm,26,s0026,worksheet,f001181,regular,worksheet-formula,1,single-cell,1,R81,IF,,0,thermal.unresolved,catalog-category,
b147eb91b2f2fd18,thermal,.xlsm,19,s0019,worksheet,f001182,regular,worksheet-formula,1,single-cell,1,AE31,CONCATENATE|IF|ROUND,,0,thermal.unresolved,catalog-category,h
b147eb91b2f2fd18,thermal,.xlsm,19,s0019,worksheet,f001183,regular,worksheet-formula,1,single-cell,1,AA48,,,0,bha.motor-performance,local-context,
b147eb91b2f2fd18,thermal,.xlsm,19,s0019,worksheet,f001184,regular,worksheet-formula,1,single-cell,1,BT13,,,0,thermal.unresolved,catalog-category,degC
b147eb91b2f2fd18,thermal,.xlsm,19,s0019,worksheet,f001185,regular,worksheet-formula,1,single-cell,1,BT22,MAX,,0,thermal.unresolved,catalog-category,
b147eb91b2f2fd18,thermal,.xlsm,19,s0019,worksheet,f001186,regular,worksheet-formula,1,single-cell,1,BU22,,,0,thermal.unresolved,catalog-category,in^2
b147eb91b2f2fd18,thermal,.xlsm,19,s0019,worksheet,f001187,regular,worksheet-formula,1,single-cell,1,BT21,MAX,,0,thermal.unresolved,catalog-category,
b147eb91b2f2fd18,thermal,.xlsm,19,s0019,worksheet,f001188,regular,worksheet-formula,1,single-cell,1,U48,,,0,thermal.unresolved,catalog-category,mm
b147eb91b2f2fd18,thermal,.xlsm,19,s0019,worksheet,f001189,regular,worksheet-formula,1,single-cell,1,BT29,,,0,thermal.unresolved,catalog-category,in^2
b147eb91b2f2fd18,thermal,.xlsm,19,s0019,worksheet,f001190,regular,worksheet-formula,1,single-cell,1,E72,CONCATENATE|IF,,0,bha.motor-performance|bha.tool-life,local-context,
b147eb91b2f2fd18,thermal,.xlsm,19,s0019,worksheet,f001191,regular,worksheet-formula,1,single-cell,1,AD27,,,0,thermal.unresolved,catalog-category,
b147eb91b2f2fd18,thermal,.xlsm,19,s0019,worksheet,f001192,regular,worksheet-formula,1,single-cell,1,BT31,,,0,thermal.unresolved,catalog-category,in^2
b147eb91b2f2fd18,thermal,.xlsm,19,s0019,worksheet,f001193,regular,worksheet-formula,1,single-cell,1,BT30,,,0,thermal.unresolved,catalog-category,in^2
b147eb91b2f2fd18,thermal,.xlsm,19,s0019,worksheet,f001194,regular,worksheet-formula,1,single-cell,1,K59,,,0,thermal.unresolved,catalog-category,percent
b147eb91b2f2fd18,thermal,.xlsm,19,s0019,worksheet,f001195,regular,worksheet-formula,1,single-cell,1,AC29,,,0,thermal.unresolved,catalog-category,h
b147eb91b2f2fd18,thermal,.xlsm,19,s0019,worksheet,f001196,regular,worksheet-formula,1,single-cell,1,BT26,,,0,thermal.unresolved,catalog-category,
b147eb91b2f2fd18,thermal,.xlsm,19,s0019,worksheet,f001197,regular,worksheet-formula,1,single-cell,1,A1,,,0,thermal.unresolved,catalog-category,
b147eb91b2f2fd18,thermal,.xlsm,19,s0019,worksheet,f001198,regular,worksheet-formula,1,single-cell,1,F61,IF,,0,bha.tool-life,local-context,
b147eb91b2f2fd18,thermal,.xlsm,19,s0019,worksheet,f001199,regular,worksheet-formula,1,single-cell,1,BT16,PI,,0,thermal.unresolved,catalog-category,in^2
b147eb91b2f2fd18,thermal,.xlsm,19,s0019,worksheet,f001200,regular,worksheet-formula,1,single-cell,1,H57,IF,,0,bha.tool-life,local-context,percent
b147eb91b2f2fd18,thermal,.xlsm,19,s0019,worksheet,f001201,regular,worksheet-formula,1,single-cell,1,K57,IF,,0,thermal.unresolved,catalog-category,
b147eb91b2f2fd18,thermal,.xlsm,19,s0019,worksheet,f001202,regular,worksheet-formula,1,single-cell,1,BT27,,,0,thermal.unresolved,catalog-category,in^2
b147eb91b2f2fd18,thermal,.xlsm,19,s0019,worksheet,f001203,regular,worksheet-formula,1,single-cell,1,Q48,,,0,bha.motor-performance,local-context,
b147eb91b2f2fd18,thermal,.xlsm,19,s0019,worksheet,f001204,regular,worksheet-formula,1,single-cell,1,BT32,IF,,0,thermal.unresolved,catalog-category,
b147eb91b2f2fd18,thermal,.xlsm,19,s0019,worksheet,f001205,regular,worksheet-formula,1,single-cell,1,BT28,,,0,thermal.unresolved,catalog-category,in^2
b147eb91b2f2fd18,thermal,.xlsm,19,s0019,worksheet,f001206,regular,worksheet-formula,8,filled-column,1,E73:E80,CONCATENATE|IF,,0,bha.motor-performance|bha.tool-life,local-context,degF
b147eb91b2f2fd18,thermal,.xlsm,19,s0019,worksheet,f001207,regular,worksheet-formula,1,single-cell,1,H61,AND|IF|OR,,0,thermal.unresolved,catalog-category,
b147eb91b2f2fd18,thermal,.xlsm,19,s0019,worksheet,f001208,regular,worksheet-formula,1,single-cell,1,AE48,,,0,thermal.unresolved,catalog-category,mm
b147eb91b2f2fd18,thermal,.xlsm,19,s0019,worksheet,f001209,regular,worksheet-formula,1,single-cell,1,N59,IF,,0,thermal.unresolved,catalog-category,percent
b147eb91b2f2fd18,thermal,.xlsm,19,s0019,worksheet,f001210,regular,worksheet-formula,1,single-cell,1,G12,CONCATENATE,,0,thermal.unresolved,catalog-category,
b147eb91b2f2fd18,thermal,.xlsm,19,s0019,worksheet,f001211,regular,worksheet-formula,1,single-cell,1,BU21,,,0,thermal.unresolved,catalog-category,in^2
b147eb91b2f2fd18,thermal,.xlsm,19,s0019,worksheet,f001212,regular,worksheet-formula,1,single-cell,1,BT18,PI,,0,thermal.unresolved,catalog-category,in^2
b147eb91b2f2fd18,thermal,.xlsm,19,s0019,worksheet,f001213,regular,worksheet-formula,1,single-cell,1,B83,CONCATENATE|TODAY|UDF,TODAY,0,thermal.unresolved,catalog-category,
b147eb91b2f2fd18,thermal,.xlsm,14,s0014,worksheet,f001214,regular,worksheet-formula,1,single-cell,1,AG32,IF|PI,,0,thermal.unresolved,catalog-category,
b147eb91b2f2fd18,thermal,.xlsm,14,s0014,worksheet,f001215,regular,worksheet-formula,1,single-cell,1,AG31,PI,,0,thermal.unresolved,catalog-category,
b147eb91b2f2fd18,thermal,.xlsm,14,s0014,worksheet,f001216,regular,worksheet-formula,1,single-cell,1,AG38,VLOOKUP,,0,thermal.unresolved,catalog-category,
b147eb91b2f2fd18,thermal,.xlsm,14,s0014,worksheet,f001217,regular,worksheet-formula,1,single-cell,1,L25,VLOOKUP,,0,thermal.unresolved,catalog-category,
b147eb91b2f2fd18,thermal,.xlsm,14,s0014,worksheet,f001218,regular,worksheet-formula,1,single-cell,1,L26,VLOOKUP,,0,thermal.unresolved,catalog-category,
b147eb91b2f2fd18,thermal,.xlsm,14,s0014,worksheet,f001219,regular,worksheet-formula,14,multi-area,2,U48:U58|W62:W64,,,0,thermal.unresolved,catalog-category,hp|rpm
b147eb91b2f2fd18,thermal,.xlsm,14,s0014,worksheet,f001220,regular,worksheet-formula,1,single-cell,1,AC40,VLOOKUP,,0,thermal.unresolved,catalog-category,rpm
b147eb91b2f2fd18,thermal,.xlsm,14,s0014,worksheet,f001221,regular,worksheet-formula,1,single-cell,1,AC39,VLOOKUP,,0,thermal.unresolved,catalog-category,rpm
b147eb91b2f2fd18,thermal,.xlsm,14,s0014,worksheet,f001222,regular,worksheet-formula,4,filled-row,1,Y32:AE32,IF|PI,,0,thermal.unresolved,catalog-category,
b147eb91b2f2fd18,thermal,.xlsm,14,s0014,worksheet,f001223,regular,worksheet-formula,1,single-cell,1,L33,VLOOKUP,,0,thermal.unresolved,catalog-category,
b147eb91b2f2fd18,thermal,.xlsm,14,s0014,worksheet,f001224,regular,worksheet-formula,1,single-cell,1,W39,VLOOKUP,,0,thermal.unresolved,catalog-category,hp|rpm
b147eb91b2f2fd18,thermal,.xlsm,14,s0014,worksheet,f001225,regular,worksheet-formula,1,single-cell,1,L36,VLOOKUP,,0,thermal.unresolved,catalog-category,
b147eb91b2f2fd18,thermal,.xlsm,14,s0014,worksheet,f001226,regular,worksheet-formula,10,filled-row,1,Y33:AQ33,,,0,thermal.unresolved,catalog-category,
b147eb91b2f2fd18,thermal,.xlsm,14,s0014,worksheet,f001227,regular,worksheet-formula,2,filled-row,1,U64:AC64,,,0,thermal.unresolved,catalog-category,rpm
b147eb91b2f2fd18,thermal,.xlsm,14,s0014,worksheet,f001228,regular,worksheet-formula,1,single-cell,1,L54,VLOOKUP,,0,thermal.unresolved,catalog-category,
b147eb91b2f2fd18,thermal,.xlsm,14,s0014,worksheet,f001229,regular,worksheet-formula,1,single-cell,1,S49,,,0,thermal.unresolved,catalog-category,rpm
b147eb91b2f2fd18,thermal,.xlsm,14,s0014,worksheet,f001230,regular,worksheet-formula,8,filled-column,1,S50:S57,,,0,thermal.unresolved,catalog-category,
b147eb91b2f2fd18,thermal,.xlsm,14,s0014,worksheet,f001231,regular,worksheet-formula,1,single-cell,1,N14,,,0,thermal.unresolved,catalog-category,
b147eb91b2f2fd18,thermal,.xlsm,14,s0014,worksheet,f001232,regular,worksheet-formula,11,filled-column,1,Y48:Y58,,,0,thermal.unresolved,catalog-category,hp|rpm
b147eb91b2f2fd18,thermal,.xlsm,14,s0014,worksheet,f001233,regular,worksheet-formula,1,single-cell,1,L53,VLOOKUP,,0,thermal.unresolved,catalog-category,
b147eb91b2f2fd18,thermal,.xlsm,14,s0014,worksheet,f001234,regular,worksheet-formula,3,filled-row,1,U67:AC67,CONCATENATE|ROUND,,0,thermal.unresolved,catalog-category,hp|rpm
b147eb91b2f2fd18,thermal,.xlsm,14,s0014,worksheet,f001235,regular,worksheet-formula,1,single-cell,1,AG30,IF|PI,,0,thermal.unresolved,catalog-category,
b147eb91b2f2fd18,thermal,.xlsm,14,s0014,worksheet,f001236,regular,worksheet-formula,1,single-cell,1,AE39,VLOOKUP,,0,thermal.unresolved,catalog-category,rpm
b147eb91b2f2fd18,thermal,.xlsm,14,s0014,worksheet,f001237,regular,worksheet-formula,1,single-cell,1,L52,VLOOKUP,,0,thermal.unresolved,catalog-category,
b147eb91b2f2fd18,thermal,.xlsm,14,s0014,worksheet,f001238,regular,worksheet-formula,14,multi-area,2,AC48:AC58|AE62:AE64,,,0,thermal.unresolved,catalog-category,hp|rpm
b147eb91b2f2fd18,thermal,.xlsm,14,s0014,worksheet,f001239,regular,worksheet-formula,1,single-cell,1,AG40,VLOOKUP,,0,thermal.unresolved,catalog-category,
b147eb91b2f2fd18,thermal,.xlsm,14,s0014,worksheet,f001240,regular,worksheet-formula,1,single-cell,1,L55,VLOOKUP,,0,thermal.unresolved,catalog-category,
b147eb91b2f2fd18,thermal,.xlsm,14,s0014,worksheet,f001241,regular,worksheet-formula,1,single-cell,1,U39,VLOOKUP,,0,thermal.unresolved,catalog-category,hp
b147eb91b2f2fd18,thermal,.xlsm,14,s0014,worksheet,f001242,regular,worksheet-formula,1,single-cell,1,AC62,MIN|SQRT,,0,thermal.unresolved,catalog-category,rpm
b147eb91b2f2fd18,thermal,.xlsm,14,s0014,worksheet,f001243,regular,worksheet-formula,1,single-cell,1,AO32,IF|PI,,0,thermal.unresolved,catalog-category,
b147eb91b2f2fd18,thermal,.xlsm,14,s0014,worksheet,f001244,regular,worksheet-formula,1,single-cell,1,W40,VLOOKUP,,0,thermal.unresolved,catalog-category,hp|rpm
b147eb91b2f2fd18,thermal,.xlsm,14,s0014,worksheet,f001245,regular,worksheet-formula,1,single-cell,1,L51,,,0,thermal.unresolved,catalog-category,
b147eb91b2f2fd18,thermal,.xlsm,14,s0014,worksheet,f001246,regular,worksheet-formula,1,single-cell,1,L23,VLOOKUP,,0,thermal.unresolved,catalog-category,
b147eb91b2f2fd18,thermal,.xlsm,14,s0014,worksheet,f001247,regular,worksheet-formula,1,single-cell,1,L41,,,0,thermal.unresolved,catalog-category,
b147eb91b2f2fd18,thermal,.xlsm,14,s0014,worksheet,f001248,regular,worksheet-formula,1,single-cell,1,U40,VLOOKUP,,0,thermal.unresolved,catalog-category,hp
b147eb91b2f2fd18,thermal,.xlsm,14,s0014,worksheet,f001249,regular,worksheet-formula,1,single-cell,1,L22,VLOOKUP,,0,thermal.unresolved,catalog-category,
b147eb91b2f2fd18,thermal,.xlsm,14,s0014,worksheet,f001250,regular,worksheet-formula,1,single-cell,1,L39,,,0,thermal.unresolved,catalog-category,
b147eb91b2f2fd18,thermal,.xlsm,14,s0014,worksheet,f001251,regular,worksheet-formula,1,single-cell,1,U62,MIN|SQRT,,0,thermal.unresolved,catalog-category,rpm
b147eb91b2f2fd18,thermal,.xlsm,14,s0014,worksheet,f001252,regular,worksheet-formula,14,multi-area,2,AE48:AE58|AG62:AG64,,,0,thermal.unresolved,catalog-category,hp|rpm
b147eb91b2f2fd18,thermal,.xlsm,14,s0014,worksheet,f001253,regular,worksheet-formula,3,filled-row,1,AI30:AM30,IF|PI,,0,thermal.unresolved,catalog-category,
b147eb91b2f2fd18,thermal,.xlsm,14,s0014,worksheet,f001254,regular,worksheet-formula,1,single-cell,1,L43,,,0,thermal.unresolved,catalog-category,
b147eb91b2f2fd18,thermal,.xlsm,14,s0014,worksheet,f001255,regular,worksheet-formula,1,single-cell,1,L27,VLOOKUP,,0,thermal.unresolved,catalog-category,
b147eb91b2f2fd18,thermal,.xlsm,14,s0014,worksheet,f001256,regular,worksheet-formula,1,single-cell,1,L28,VLOOKUP,,0,thermal.unresolved,catalog-category,
b147eb91b2f2fd18,thermal,.xlsm,14,s0014,worksheet,f001257,regular,worksheet-formula,1,single-cell,1,W38,VLOOKUP,,0,thermal.unresolved,catalog-category,hp|rpm
b147eb91b2f2fd18,thermal,.xlsm,14,s0014,worksheet,f001258,regular,worksheet-formula,1,single-cell,1,L35,VLOOKUP,,0,thermal.unresolved,catalog-category,
b147eb91b2f2fd18,thermal,.xlsm,14,s0014,worksheet,f001259,regular,worksheet-formula,1,single-cell,1,AO30,IF|PI,,0,thermal.unresolved,catalog-category,
b147eb91b2f2fd18,thermal,.xlsm,14,s0014,worksheet,f001260,regular,worksheet-formula,1,single-cell,1,L50,VLOOKUP,,0,thermal.unresolved,catalog-category,
b147eb91b2f2fd18,thermal,.xlsm,14,s0014,worksheet,f001261,regular,worksheet-formula,1,single-cell,1,L21,VLOOKUP,,0,thermal.unresolved,catalog-category,
b147eb91b2f2fd18,thermal,.xlsm,14,s0014,worksheet,f001262,regular,worksheet-formula,1,single-cell,1,U43,VLOOKUP,,0,thermal.unresolved,catalog-category,rpm
b147eb91b2f2fd18,thermal,.xlsm,14,s0014,worksheet,f001263,regular,worksheet-formula,4,filled-row,1,Y30:AE30,IF|PI,,0,thermal.unresolved,catalog-category,
b147eb91b2f2fd18,thermal,.xlsm,14,s0014,worksheet,f001264,regular,worksheet-formula,10,filled-row,1,Y24:AQ24,,,0,thermal.unresolved,catalog-category,
b147eb91b2f2fd18,thermal,.xlsm,14,s0014,worksheet,f001265,regular,worksheet-formula,1,single-cell,1,L19,CONCATENATE,,0,thermal.unresolved,catalog-category,
b147eb91b2f2fd18,thermal,.xlsm,14,s0014,worksheet,f001266,regular,worksheet-formula,39,multi-area,5,U69:U79|W83:W85|Y69:Y79|AC69:AC79|AE83:AE85,,,0,thermal.unresolved,catalog-category,hp|rpm
b147eb91b2f2fd18,thermal,.xlsm,14,s0014,worksheet,f001267,regular,worksheet-formula,11,filled-column,1,AG69:AG79,,,0,thermal.unresolved,catalog-category,hp
b147eb91b2f2fd18,thermal,.xlsm,14,s0014,worksheet,f001268,regular,worksheet-formula,3,filled-row,1,AI31:AM31,PI,,0,thermal.unresolved,catalog-category,
b147eb91b2f2fd18,thermal,.xlsm,14,s0014,worksheet,f001269,regular,worksheet-formula,1,single-cell,1,L40,VLOOKUP,,0,thermal.unresolved,catalog-category,
b147eb91b2f2fd18,thermal,.xlsm,14,s0014,worksheet,f001270,regular,worksheet-formula,1,single-cell,1,AE40,VLOOKUP,,0,thermal.unresolved,catalog-category,rpm
b147eb91b2f2fd18,thermal,.xlsm,14,s0014,worksheet,f001271,regular,worksheet-formula,1,single-cell,1,L49,VLOOKUP,,0,thermal.unresolved,catalog-category,
b147eb91b2f2fd18,thermal,.xlsm,14,s0014,worksheet,f001272,regular,worksheet-formula,1,single-cell,1,L32,VLOOKUP,,0,thermal.unresolved,catalog-category,
b147eb91b2f2fd18,thermal,.xlsm,14,s0014,worksheet,f001273,regular,worksheet-formula,4,filled-row,1,Y31:AE31,PI,,0,thermal.unresolved,catalog-category,
b147eb91b2f2fd18,thermal,.xlsm,14,s0014,worksheet,f001274,regular,worksheet-formula,1,single-cell,1,AQ31,PI,,0,thermal.unresolved,catalog-category,
b147eb91b2f2fd18,thermal,.xlsm,14,s0014,worksheet,f001275,regular,worksheet-formula,11,filled-column,1,AA48:AA58,,,0,thermal.unresolved,catalog-category,hp|rpm
b147eb91b2f2fd18,thermal,.xlsm,14,s0014,worksheet,f001276,regular,worksheet-formula,3,filled-row,1,AI32:AM32,IF|PI,,0,thermal.unresolved,catalog-category,
b147eb91b2f2fd18,thermal,.xlsm,14,s0014,worksheet,f001277,regular,worksheet-formula,1,single-cell,1,AO31,PI,,0,thermal.unresolved,catalog-category,
b147eb91b2f2fd18,thermal,.xlsm,14,s0014,worksheet,f001278,regular,worksheet-formula,3,filled-row,1,U46:AC46,CONCATENATE|ROUND,,0,thermal.unresolved,catalog-category,hp|rpm
b147eb91b2f2fd18,thermal,.xlsm,14,s0014,worksheet,f001279,regular,worksheet-formula,1,single-cell,1,AC38,VLOOKUP,,0,thermal.unresolved,catalog-category,rpm
b147eb91b2f2fd18,thermal,.xlsm,14,s0014,worksheet,f001280,regular,worksheet-formula,1,single-cell,1,L20,VLOOKUP,,0,thermal.unresolved,catalog-category,
b147eb91b2f2fd18,thermal,.xlsm,14,s0014,worksheet,f001281,regular,worksheet-formula,17,multi-area,3,S69:S79|U83:U85|AC83:AC85,,,0,cross-cutting.unit-conversion,local-context,rpm
b147eb91b2f2fd18,thermal,.xlsm,14,s0014,worksheet,f001282,regular,worksheet-formula,1,single-cell,1,L24,VLOOKUP,,0,thermal.unresolved,catalog-category,
b147eb91b2f2fd18,thermal,.xlsm,14,s0014,worksheet,f001283,regular,worksheet-formula,1,single-cell,1,L37,,,0,thermal.unresolved,catalog-category,
b147eb91b2f2fd18,thermal,.xlsm,14,s0014,worksheet,f001284,regular,worksheet-formula,1,single-cell,1,U38,VLOOKUP,,0,thermal.unresolved,catalog-category,hp
b147eb91b2f2fd18,thermal,.xlsm,14,s0014,worksheet,f001285,regular,worksheet-formula,1,single-cell,1,L34,VLOOKUP,,0,thermal.unresolved,catalog-category,
b147eb91b2f2fd18,thermal,.xlsm,14,s0014,worksheet,f001286,regular,worksheet-formula,1,single-cell,1,S58,,,0,cross-cutting.unit-conversion,local-context,
b147eb91b2f2fd18,thermal,.xlsm,14,s0014,worksheet,f001287,regular,worksheet-formula,1,single-cell,1,L42,,,0,thermal.unresolved,catalog-category,
b147eb91b2f2fd18,thermal,.xlsm,14,s0014,worksheet,f001288,regular,worksheet-formula,1,single-cell,1,L47,VLOOKUP,,0,thermal.unresolved,catalog-category,
b147eb91b2f2fd18,thermal,.xlsm,14,s0014,worksheet,f001289,regular,worksheet-formula,1,single-cell,1,L48,VLOOKUP,,0,thermal.unresolved,catalog-category,
b147eb91b2f2fd18,thermal,.xlsm,14,s0014,worksheet,f001290,regular,worksheet-formula,1,single-cell,1,AQ30,IF|PI,,0,thermal.unresolved,catalog-category,
b147eb91b2f2fd18,thermal,.xlsm,14,s0014,worksheet,f001291,regular,worksheet-formula,1,single-cell,1,N22,,,0,thermal.unresolved,catalog-category,
b147eb91b2f2fd18,thermal,.xlsm,14,s0014,worksheet,f001292,regular,worksheet-formula,11,filled-column,1,AG48:AG58,,,0,thermal.unresolved,catalog-category,hp
b147eb91b2f2fd18,thermal,.xlsm,14,s0014,worksheet,f001293,regular,worksheet-formula,1,single-cell,1,AQ32,IF|PI,,0,thermal.unresolved,catalog-category,
b147eb91b2f2fd18,thermal,.xlsm,14,s0014,worksheet,f001294,regular,worksheet-formula,3,filled-row,1,E62:M62,CONCATENATE|ROUND,,0,thermal.unresolved,catalog-category,
b147eb91b2f2fd18,thermal,.xlsm,14,s0014,worksheet,f001295,regular,worksheet-formula,14,multi-area,2,W48:W58|Y62:Y64,,,0,thermal.unresolved,catalog-category,hp|rpm
b147eb91b2f2fd18,thermal,.xlsm,14,s0014,worksheet,f001296,regular,worksheet-formula,39,multi-area,5,W69:W79|Y83:Y85|AA69:AA79|AE69:AE79|AG83:AG85,,,0,thermal.unresolved,catalog-category,hp|rpm
b147eb91b2f2fd18,thermal,.xlsm,14,s0014,worksheet,f001297,regular,worksheet-formula,1,single-cell,1,AE38,VLOOKUP,,0,thermal.unresolved,catalog-category,rpm
b147eb91b2f2fd18,thermal,.xlsm,14,s0014,worksheet,f001298,regular,worksheet-formula,1,single-cell,1,U63,MIN|SQRT,,0,thermal.unresolved,catalog-category,rpm
b147eb91b2f2fd18,thermal,.xlsm,14,s0014,worksheet,f001299,regular,worksheet-formula,1,single-cell,1,W43,VLOOKUP,,0,thermal.unresolved,catalog-category,hp
b147eb91b2f2fd18,thermal,.xlsm,14,s0014,worksheet,f001300,regular,worksheet-formula,1,single-cell,1,AG39,VLOOKUP,,0,thermal.unresolved,catalog-category,
b147eb91b2f2fd18,thermal,.xlsm,14,s0014,worksheet,f001301,regular,worksheet-formula,10,filled-row,1,Y23:AQ23,AVERAGE,,0,thermal.unresolved,catalog-category,
b147eb91b2f2fd18,thermal,.xlsm,14,s0014,worksheet,f001302,regular,worksheet-formula,10,filled-row,1,Y25:AQ25,,,0,thermal.unresolved,catalog-category,
b147eb91b2f2fd18,thermal,.xlsm,14,s0014,worksheet,f001303,regular,worksheet-formula,1,single-cell,1,AC63,MIN|SQRT,,0,thermal.unresolved,catalog-category,rpm
b147eb91b2f2fd18,thermal,.xlsm,25,s0025,worksheet,f001304,regular,worksheet-formula,1,single-cell,1,BP32,HLOOKUP,,0,cross-cutting.optimization,local-context,
b147eb91b2f2fd18,thermal,.xlsm,25,s0025,worksheet,f001305,regular,worksheet-formula,1,single-cell,1,BX18,IF,,0,cross-cutting.optimization,local-context,percent
b147eb91b2f2fd18,thermal,.xlsm,25,s0025,worksheet,f001306,regular,worksheet-formula,1,single-cell,1,BW43,,,0,cross-cutting.optimization,local-context,
b147eb91b2f2fd18,thermal,.xlsm,25,s0025,worksheet,f001307,regular,worksheet-formula,1,single-cell,1,AK22,,,0,cross-cutting.optimization,local-context,kPa|psi
b147eb91b2f2fd18,thermal,.xlsm,25,s0025,worksheet,f001308,regular,worksheet-formula,2,filled-row,1,BW48:BY48,HLOOKUP,,0,cross-cutting.optimization,local-context,percent
b147eb91b2f2fd18,thermal,.xlsm,25,s0025,worksheet,f001309,regular,worksheet-formula,1,single-cell,1,CH45,,,0,cross-cutting.optimization,local-context,
b147eb91b2f2fd18,thermal,.xlsm,25,s0025,worksheet,f001310,regular,worksheet-formula,1,single-cell,1,BP85,HLOOKUP,,0,cross-cutting.optimization,local-context,
b147eb91b2f2fd18,thermal,.xlsm,25,s0025,worksheet,f001311,regular,worksheet-formula,1,single-cell,1,CH46,,,0,cross-cutting.optimization,local-context,
b147eb91b2f2fd18,thermal,.xlsm,25,s0025,worksheet,f001312,regular,worksheet-formula,2,filled-column,1,BP28:BP43,,,0,cross-cutting.optimization,local-context,min
b147eb91b2f2fd18,thermal,.xlsm,25,s0025,worksheet,f001313,regular,worksheet-formula,1,single-cell,1,BP36,,,0,cross-cutting.optimization,local-context,
b147eb91b2f2fd18,thermal,.xlsm,25,s0025,worksheet,f001314,regular,worksheet-formula,8,filled-column,1,BP15:BP74,,,0,cross-cutting.optimization,local-context,kW
b147eb91b2f2fd18,thermal,.xlsm,25,s0025,worksheet,f001315,regular,worksheet-formula,2,filled-row,1,BW45:BY45,MAX,,0,cross-cutting.optimization,local-context,in^2
b147eb91b2f2fd18,thermal,.xlsm,25,s0025,worksheet,f001316,regular,worksheet-formula,2,filled-row,1,Y47:AG47,HLOOKUP,,0,cross-cutting.optimization,local-context,percent
b147eb91b2f2fd18,thermal,.xlsm,25,s0025,worksheet,f001317,regular,worksheet-formula,10,rectangular-table,1,AC34:AK42,IF,,0,cross-cutting.optimization,local-context,mm
b147eb91b2f2fd18,thermal,.xlsm,25,s0025,worksheet,f001318,regular,worksheet-formula,2,filled-column,1,BW27:BW29,MAX,,0,cross-cutting.optimization|cross-cutting.unit-conversion,local-context,
b147eb91b2f2fd18,thermal,.xlsm,25,s0025,worksheet,f001319,regular,worksheet-formula,1,single-cell,1,BP26,,,0,cross-cutting.optimization,local-context,
b147eb91b2f2fd18,thermal,.xlsm,25,s0025,worksheet,f001320,regular,worksheet-formula,1,single-cell,1,CH42,,,0,cross-cutting.optimization,local-context,percent
b147eb91b2f2fd18,thermal,.xlsm,25,s0025,worksheet,f001321,regular,worksheet-formula,1,single-cell,1,AK20,,,0,cross-cutting.optimization,local-context,psi
b147eb91b2f2fd18,thermal,.xlsm,25,s0025,worksheet,f001322,regular,worksheet-formula,4,filled-column,1,BM52:BM56,,,0,cross-cutting.optimization,local-context,
b147eb91b2f2fd18,thermal,.xlsm,25,s0025,worksheet,f001323,regular,worksheet-formula,1,single-cell,1,BY27,ROUND,,0,cross-cutting.optimization|cross-cutting.unit-conversion,local-context,
b147eb91b2f2fd18,thermal,.xlsm,25,s0025,worksheet,f001324,regular,worksheet-formula,2,filled-row,1,BW46:BY46,MAX,,0,cross-cutting.optimization,local-context,in
b147eb91b2f2fd18,thermal,.xlsm,25,s0025,worksheet,f001325,regular,worksheet-formula,1,single-cell,1,G22,,,0,cross-cutting.optimization,local-context,gal/min
b147eb91b2f2fd18,thermal,.xlsm,25,s0025,worksheet,f001326,regular,worksheet-formula,1,single-cell,1,BP23,,,0,cross-cutting.optimization,local-context,
b147eb91b2f2fd18,thermal,.xlsm,25,s0025,worksheet,f001327,regular,worksheet-formula,1,single-cell,1,CH43,HLOOKUP,,0,cross-cutting.optimization,local-context,
b147eb91b2f2fd18,thermal,.xlsm,25,s0025,worksheet,f001328,regular,worksheet-formula,2,filled-row,1,AA38:AI38,AND|IF,,0,cross-cutting.optimization,local-context,
b147eb91b2f2fd18,thermal,.xlsm,25,s0025,worksheet,f001329,regular,worksheet-formula,3,multi-area,3,BP31|BW47|BY47,HLOOKUP,,0,cross-cutting.optimization,local-context,
b147eb91b2f2fd18,thermal,.xlsm,25,s0025,worksheet,f001330,regular,worksheet-formula,2,multi-area,2,BP89|CH44,HLOOKUP,,0,cross-cutting.optimization,local-context,
b147eb91b2f2fd18,thermal,.xlsm,25,s0025,worksheet,f001331,regular,worksheet-formula,2,filled-row,1,BW53:BY53,HLOOKUP,,0,cross-cutting.optimization,local-context,percent
b147eb91b2f2fd18,thermal,.xlsm,25,s0025,worksheet,f001332,regular,worksheet-formula,1,single-cell,1,BY29,ROUND,,0,cross-cutting.optimization,local-context,
b147eb91b2f2fd18,thermal,.xlsm,25,s0025,worksheet,f001333,regular,worksheet-formula,1,single-cell,1,BY28,ROUND,,0,cross-cutting.optimization,local-context,
b147eb91b2f2fd18,thermal,.xlsm,25,s0025,worksheet,f001334,regular,worksheet-formula,1,single-cell,1,BP72,,,0,cross-cutting.optimization,local-context,
b147eb91b2f2fd18,thermal,.xlsm,25,s0025,worksheet,f001335,regular,worksheet-formula,2,filled-column,1,BP18:BP60,,,0,cross-cutting.optimization,local-context,
b147eb91b2f2fd18,thermal,.xlsm,25,s0025,worksheet,f001336,regular,worksheet-formula,2,filled-row,1,AA36:AI36,AND|IF,,0,cross-cutting.optimization,local-context,
b147eb91b2f2fd18,thermal,.xlsm,25,s0025,worksheet,f001337,regular,worksheet-formula,1,single-cell,1,BP42,,,0,cross-cutting.optimization,local-context,
b147eb91b2f2fd18,thermal,.xlsm,25,s0025,worksheet,f001338,regular,worksheet-formula,1,single-cell,1,BW44,,,0,cross-cutting.optimization,local-context,
b147eb91b2f2fd18,thermal,.xlsm,25,s0025,worksheet,f001339,regular,worksheet-formula,1,single-cell,1,BW41,,,0,cross-cutting.optimization,local-context,rpm
b147eb91b2f2fd18,thermal,.xlsm,25,s0025,worksheet,f001340,regular,worksheet-formula,1,single-cell,1,BP68,,,0,cross-cutting.optimization,local-context,
b147eb91b2f2fd18,thermal,.xlsm,25,s0025,worksheet,f001341,regular,worksheet-formula,3,filled-column,1,BP24:BP37,HLOOKUP,,0,cross-cutting.optimization,local-context,
b147eb91b2f2fd18,thermal,.xlsm,25,s0025,worksheet,f001342,regular,worksheet-formula,13,multi-area,9,G20|S21|Y20|AE20|AE22|BP40:BP41|BP44:BP45|BP47:BP48|BP69:BP70,,,0,cross-cutting.optimization,local-context,ft|gal/min|percent|rpm
b147eb91b2f2fd18,thermal,.xlsm,25,s0025,worksheet,f001343,regular,worksheet-formula,1,single-cell,1,BP25,IFERROR,,0,cross-cutting.optimization,local-context,
b147eb91b2f2fd18,thermal,.xlsm,25,s0025,worksheet,f001344,regular,worksheet-formula,10,rectangular-table,1,Z34:AH42,IF,,0,cross-cutting.optimization,local-context,
b147eb91b2f2fd18,thermal,.xlsm,25,s0025,worksheet,f001345,regular,worksheet-formula,1,single-cell,1,BP61,,,0,cross-cutting.optimization,local-context,
b147eb91b2f2fd18,thermal,.xlsm,25,s0025,worksheet,f001346,regular,worksheet-formula,1,single-cell,1,BP62,,,0,cross-cutting.optimization,local-context,
b147eb91b2f2fd18,thermal,.xlsm,25,s0025,worksheet,f001347,regular,worksheet-formula,1,single-cell,1,BP35,,,0,cross-cutting.optimization,local-context,
b147eb91b2f2fd18,thermal,.xlsm,25,s0025,worksheet,f001348,regular,worksheet-formula,2,filled-column,1,BW34:BW36,HLOOKUP,,0,cross-cutting.optimization,local-context,
b147eb91b2f2fd18,thermal,.xlsm,25,s0025,worksheet,f001349,regular,worksheet-formula,4,multi-area,3,M22|S22|CA29:CA30,,,0,cross-cutting.optimization,local-context,degC|degF
b147eb91b2f2fd18,thermal,.xlsm,25,s0025,worksheet,f001350,regular,worksheet-formula,1,single-cell,1,BP88,,,0,cross-cutting.optimization,local-context,
b147eb91b2f2fd18,thermal,.xlsm,25,s0025,worksheet,f001351,regular,worksheet-formula,2,filled-row,1,Y45:AG45,IF,,0,cross-cutting.optimization,local-context,
b147eb91b2f2fd18,thermal,.xlsm,25,s0025,worksheet,f001352,regular,worksheet-formula,2,filled-row,1,AA42:AI42,IF,,0,cross-cutting.optimization,local-context,
b147eb91b2f2fd18,thermal,.xlsm,25,s0025,worksheet,f001353,regular,worksheet-formula,1,single-cell,1,BP87,,,0,cross-cutting.optimization,local-context,
b147eb91b2f2fd18,thermal,.xlsm,25,s0025,worksheet,f001354,regular,worksheet-formula,2,filled-row,1,BW50:BY50,HLOOKUP,,0,cross-cutting.optimization,local-context,percent
b147eb91b2f2fd18,thermal,.xlsm,25,s0025,worksheet,f001355,regular,worksheet-formula,2,filled-row,1,BW55:BY55,IF,,0,cross-cutting.optimization,local-context,
b147eb91b2f2fd18,thermal,.xlsm,25,s0025,worksheet,f001356,regular,worksheet-formula,2,filled-column,1,BW28:BW30,MIN,,0,cross-cutting.optimization|cross-cutting.unit-conversion,local-context,min
b147eb91b2f2fd18,thermal,.xlsm,25,s0025,worksheet,f001357,regular,worksheet-formula,2,filled-column,1,BW35:BW37,,,0,cross-cutting.optimization,local-context,
b147eb91b2f2fd18,thermal,.xlsm,25,s0025,worksheet,f001358,regular,worksheet-formula,1,single-cell,1,BP38,,,0,cross-cutting.optimization,local-context,
b147eb91b2f2fd18,thermal,.xlsm,25,s0025,worksheet,f001359,regular,worksheet-formula,1,single-cell,1,BP73,,,0,cross-cutting.optimization,local-context,
b147eb91b2f2fd18,thermal,.xlsm,25,s0025,worksheet,f001360,regular,worksheet-formula,1,single-cell,1,BP30,HLOOKUP,,0,cross-cutting.optimization,local-context,min
b147eb91b2f2fd18,thermal,.xlsm,25,s0025,worksheet,f001361,regular,worksheet-formula,1,single-cell,1,BP71,,,0,cross-cutting.optimization,local-context,
b147eb91b2f2fd18,thermal,.xlsm,25,s0025,worksheet,f001362,regular,worksheet-formula,3,multi-area,2,Y22|CA27:CA28,,,0,cross-cutting.optimization,local-context,mm
b147eb91b2f2fd18,thermal,.xlsm,25,s0025,worksheet,f001363,regular,worksheet-formula,1,single-cell,1,CH41,IF,,0,cross-cutting.optimization,local-context,percent
b147eb91b2f2fd18,thermal,.xlsm,25,s0025,worksheet,f001364,regular,worksheet-formula,2,filled-column,1,BP17:BP63,,,0,cross-cutting.optimization,local-context,
b147eb91b2f2fd18,thermal,.xlsm,25,s0025,worksheet,f001365,regular,worksheet-formula,2,filled-row,1,AA40:AI40,AND|IF,,0,cross-cutting.optimization,local-context,
b147eb91b2f2fd18,thermal,.xlsm,25,s0025,worksheet,f001366,regular,worksheet-formula,1,single-cell,1,BY30,ROUND,,0,cross-cutting.optimization,local-context,
b147eb91b2f2fd18,thermal,.xlsm,25,s0025,worksheet,f001367,regular,worksheet-formula,1,single-cell,1,BP39,HLOOKUP,,0,cross-cutting.optimization,local-context,
b147eb91b2f2fd18,thermal,.xlsm,25,s0025,worksheet,f001368,regular,worksheet-formula,1,single-cell,1,BP27,,,0,cross-cutting.optimization,local-context,
b147eb91b2f2fd18,thermal,.xlsm,25,s0025,worksheet,f001369,regular,worksheet-formula,2,filled-row,1,AA34:AI34,IF,,0,cross-cutting.optimization,local-context,
b147eb91b2f2fd18,thermal,.xlsm,25,s0025,worksheet,f001370,regular,worksheet-formula,2,filled-row,1,BW54:BY54,SUM,,0,cross-cutting.optimization,local-context,
b147eb91b2f2fd18,thermal,.xlsm,25,s0025,worksheet,f001371,regular,worksheet-formula,1,single-cell,1,BP75,IF,,0,cross-cutting.optimization,local-context,
b147eb91b2f2fd18,thermal,.xlsm,25,s0025,worksheet,f001372,regular,worksheet-formula,1,single-cell,1,BP86,,,0,cross-cutting.optimization,local-context,
b147eb91b2f2fd18,thermal,.xlsm,25,s0025,worksheet,f001373,regular,worksheet-formula,2,filled-column,1,BP22:BP67,,,0,cross-cutting.optimization,local-context,
b147eb91b2f2fd18,thermal,.xlsm,25,s0025,worksheet,f001374,regular,worksheet-formula,1,single-cell,1,BX16,IF,,0,cross-cutting.optimization,local-context,percent
b147eb91b2f2fd18,thermal,.xlsm,25,s0025,worksheet,f001375,regular,worksheet-formula,1,single-cell,1,BW42,,,0,cross-cutting.optimization,local-context,
b147eb91b2f2fd18,thermal,.xlsm,12,s0012,worksheet,f001376,regular,worksheet-formula,1,single-cell,1,S72,IF,,0,thermal.unresolved,catalog-category,
b147eb91b2f2fd18,thermal,.xlsm,12,s0012,worksheet,f001377,regular,worksheet-formula,2,filled-row,1,S23:AB23,,,0,thermal.unresolved,catalog-category,N*m|ft|kPa|psi
b147eb91b2f2fd18,thermal,.xlsm,12,s0012,worksheet,f001378,regular,worksheet-formula,1,single-cell,1,S19,CONCATENATE|ROUND,,0,cross-cutting.unit-conversion,local-context,
b147eb91b2f2fd18,thermal,.xlsm,12,s0012,worksheet,f001379,regular,worksheet-formula,1,single-cell,1,AB42,CONCATENATE|IF|TEXT,,0,thermal.unresolved,catalog-category,
b147eb91b2f2fd18,thermal,.xlsm,12,s0012,worksheet,f001380,regular,worksheet-formula,1,single-cell,1,S47,IF,,0,thermal.unresolved,catalog-category,
b147eb91b2f2fd18,thermal,.xlsm,12,s0012,worksheet,f001381,regular,worksheet-formula,1,single-cell,1,S39,CONCATENATE|IF|TEXT,,0,thermal.unresolved,catalog-category,
b147eb91b2f2fd18,thermal,.xlsm,12,s0012,worksheet,f001382,regular,worksheet-formula,1,single-cell,1,AJ6,TODAY,TODAY,0,thermal.unresolved,catalog-category,mm
b147eb91b2f2fd18,thermal,.xlsm,12,s0012,worksheet,f001383,regular,worksheet-formula,1,single-cell,1,AB18,CONCATENATE|ROUND,,0,cross-cutting.unit-conversion,local-context,
b147eb91b2f2fd18,thermal,.xlsm,12,s0012,worksheet,f001384,regular,worksheet-formula,1,single-cell,1,S71,IF,,0,thermal.unresolved,catalog-category,
b147eb91b2f2fd18,thermal,.xlsm,12,s0012,worksheet,f001385,regular,worksheet-formula,17,filled-column,1,S20:S55,,,0,cross-cutting.unit-conversion,local-context,ft|gal|hp|psi
b147eb91b2f2fd18,thermal,.xlsm,12,s0012,worksheet,f001386,regular,worksheet-formula,1,single-cell,1,AB47,IF,,0,thermal.unresolved,catalog-category,mm
b147eb91b2f2fd18,thermal,.xlsm,12,s0012,worksheet,f001387,regular,worksheet-formula,1,single-cell,1,AB39,CONCATENATE|IF|TEXT,,0,thermal.unresolved,catalog-category,
b147eb91b2f2fd18,thermal,.xlsm,12,s0012,worksheet,f001388,regular,worksheet-formula,2,filled-column,1,K98:K179,,,0,thermal.unresolved,catalog-category,
b147eb91b2f2fd18,thermal,.xlsm,12,s0012,worksheet,f001389,regular,worksheet-formula,1,single-cell,1,S41,CONCATENATE|IF|TEXT,,0,thermal.unresolved,catalog-category,
b147eb91b2f2fd18,thermal,.xlsm,12,s0012,worksheet,f001390,regular,worksheet-formula,10,filled-column,1,AB66:AB75,IF,,0,cross-cutting.unit-conversion,local-context,mm
b147eb91b2f2fd18,thermal,.xlsm,12,s0012,worksheet,f001391,regular,worksheet-formula,6,filled-column,1,AB33:AB54,ROUND,,0,cross-cutting.unit-conversion,local-context,mm
b147eb91b2f2fd18,thermal,.xlsm,12,s0012,worksheet,f001392,regular,worksheet-formula,1,single-cell,1,S42,CONCATENATE|IF|TEXT,,0,thermal.unresolved,catalog-category,
b147eb91b2f2fd18,thermal,.xlsm,12,s0012,worksheet,f001393,regular,worksheet-formula,3,multi-area,3,AB19|AJ91|AJ172,,,0,cross-cutting.unit-conversion,local-context,mm
b147eb91b2f2fd18,thermal,.xlsm,12,s0012,worksheet,f001394,regular,worksheet-formula,2,filled-column,1,AB22:AB24,,,0,thermal.unresolved,catalog-category,N*m
b147eb91b2f2fd18,thermal,.xlsm,12,s0012,worksheet,f001395,regular,worksheet-formula,1,single-cell,1,AB43,CONCATENATE|IF|TEXT,,0,thermal.unresolved,catalog-category,
b147eb91b2f2fd18,thermal,.xlsm,12,s0012,worksheet,f001396,regular,worksheet-formula,1,single-cell,1,AB44,CONCATENATE|IF|TEXT,,0,thermal.unresolved,catalog-category,
b147eb91b2f2fd18,thermal,.xlsm,12,s0012,worksheet,f001397,regular,worksheet-formula,1,single-cell,1,S26,,,0,thermal.unresolved,catalog-category,hp
b147eb91b2f2fd18,thermal,.xlsm,12,s0012,worksheet,f001398,regular,worksheet-formula,1,single-cell,1,S73,IF,,0,thermal.unresolved,catalog-category,
b147eb91b2f2fd18,thermal,.xlsm,12,s0012,worksheet,f001399,regular,worksheet-formula,1,single-cell,1,S69,IF,,0,cross-cutting.unit-conversion,local-context,
b147eb91b2f2fd18,thermal,.xlsm,12,s0012,worksheet,f001400,regular,worksheet-formula,1,single-cell,1,S44,CONCATENATE|IF|TEXT,,0,thermal.unresolved,catalog-category,
b147eb91b2f2fd18,thermal,.xlsm,12,s0012,worksheet,f001401,regular,worksheet-formula,5,filled-column,1,AB35:AB48,,,0,cross-cutting.unit-conversion,local-context,
b147eb91b2f2fd18,thermal,.xlsm,12,s0012,worksheet,f001402,regular,worksheet-formula,1,single-cell,1,S74,IF,,0,thermal.unresolved,catalog-category,
b147eb91b2f2fd18,thermal,.xlsm,12,s0012,worksheet,f001403,regular,worksheet-formula,1,single-cell,1,S24,IF,,0,thermal.unresolved,catalog-category,ft
b147eb91b2f2fd18,thermal,.xlsm,12,s0012,worksheet,f001404,regular,worksheet-formula,1,single-cell,1,AB50,IF,,0,thermal.unresolved,catalog-category,mm
b147eb91b2f2fd18,thermal,.xlsm,12,s0012,worksheet,f001405,regular,worksheet-formula,1,single-cell,1,AB21,,,0,cross-cutting.unit-conversion,local-context,kPa
b147eb91b2f2fd18,thermal,.xlsm,12,s0012,worksheet,f001406,regular,worksheet-formula,1,single-cell,1,S70,IF,,0,thermal.unresolved,catalog-category,
b147eb91b2f2fd18,thermal,.xlsm,12,s0012,worksheet,f001407,regular,worksheet-formula,2,filled-column,1,AB45:AB55,,,0,thermal.unresolved,catalog-category,kg
b147eb91b2f2fd18,thermal,.xlsm,12,s0012,worksheet,f001408,regular,worksheet-formula,1,single-cell,1,AB41,CONCATENATE|IF|TEXT,,0,thermal.unresolved,catalog-category,
b147eb91b2f2fd18,thermal,.xlsm,12,s0012,worksheet,f001409,regular,worksheet-formula,1,single-cell,1,S75,IF,,0,thermal.unresolved,catalog-category,
b147eb91b2f2fd18,thermal,.xlsm,12,s0012,worksheet,f001410,regular,worksheet-formula,1,single-cell,1,S67,IF,,0,cross-cutting.unit-conversion,local-context,
b147eb91b2f2fd18,thermal,.xlsm,12,s0012,worksheet,f001411,regular,worksheet-formula,1,single-cell,1,S66,IF,,0,cross-cutting.unit-conversion,local-context,
b147eb91b2f2fd18,thermal,.xlsm,12,s0012,worksheet,f001412,regular,worksheet-formula,1,single-cell,1,S18,CONCATENATE,,0,cross-cutting.unit-conversion,local-context,
b147eb91b2f2fd18,thermal,.xlsm,12,s0012,worksheet,f001413,regular,worksheet-formula,1,single-cell,1,S43,CONCATENATE|IF|TEXT,,0,thermal.unresolved,catalog-category,
b147eb91b2f2fd18,thermal,.xlsm,12,s0012,worksheet,f001414,regular,worksheet-formula,1,single-cell,1,AB40,CONCATENATE|IF|TEXT,,0,thermal.unresolved,catalog-category,
b147eb91b2f2fd18,thermal,.xlsm,12,s0012,worksheet,f001415,regular,worksheet-formula,2,filled-column,1,AB25:AB26,,,0,thermal.unresolved,catalog-category,kW
b147eb91b2f2fd18,thermal,.xlsm,12,s0012,worksheet,f001416,regular,worksheet-formula,1,single-cell,1,S68,IF,,0,cross-cutting.unit-conversion,local-context,
b147eb91b2f2fd18,thermal,.xlsm,12,s0012,worksheet,f001417,regular,worksheet-formula,1,single-cell,1,AB49,IF,,0,thermal.unresolved,catalog-category,
b147eb91b2f2fd18,thermal,.xlsm,12,s0012,worksheet,f001418,regular,worksheet-formula,1,single-cell,1,S40,CONCATENATE|IF|TEXT,,0,thermal.unresolved,catalog-category,
b147eb91b2f2fd18,thermal,.xlsm,12,s0012,worksheet,f001419,regular,worksheet-formula,3,multi-area,3,B81|C161|C242,CONCATENATE|TODAY|UDF,TODAY,0,thermal.unresolved,catalog-category,
b147eb91b2f2fd18,thermal,.xlsm,12,s0012,worksheet,f001420,regular,worksheet-formula,1,single-cell,1,AB20,,,0,cross-cutting.unit-conversion,local-context,
b147eb91b2f2fd18,thermal,.xlsm,13,s0013,worksheet,f001421,regular,worksheet-formula,1,single-cell,1,AJ6,TODAY,TODAY,0,thermal.unresolved,catalog-category,mm
b147eb91b2f2fd18,thermal,.xlsm,13,s0013,worksheet,f001422,regular,worksheet-formula,49,multi-area,11,K98|S18:S26|S33:S38|S45|S47:S49|S51:S55|AB18:AB26|AB33:AB38|AB45|AB47:AB49|AB51:AB55,,,0,cross-cutting.unit-conversion,local-context,N*m|ft|gal|hp|kPa|kW|kg|mm|psi
b147eb91b2f2fd18,thermal,.xlsm,13,s0013,worksheet,f001423,regular,worksheet-formula,1,single-cell,1,K13,,,0,thermal.unresolved,catalog-category,
b147eb91b2f2fd18,thermal,.xlsm,13,s0013,worksheet,f001424,regular,worksheet-formula,1,single-cell,1,AJ91,,,0,thermal.unresolved,catalog-category,mm
b147eb91b2f2fd18,thermal,.xlsm,13,s0013,worksheet,f001425,regular,worksheet-formula,32,rectangular-table,1,S39:AB75,IF,,0,cross-cutting.unit-conversion,local-context,mm
b147eb91b2f2fd18,thermal,.xlsm,13,s0013,worksheet,f001426,regular,worksheet-formula,2,multi-area,2,B81|C161,CONCATENATE|TODAY|UDF,TODAY,0,thermal.unresolved,catalog-category,
b147eb91b2f2fd18,thermal,.xlsm,34,s0034,worksheet,f001427,regular,worksheet-formula,1,single-cell,1,AB43,,,0,bha.tool-life,local-context,
b147eb91b2f2fd18,thermal,.xlsm,34,s0034,worksheet,f001428,regular,worksheet-formula,1,single-cell,1,Z43,,,0,bha.tool-life,local-context,
b147eb91b2f2fd18,thermal,.xlsm,34,s0034,worksheet,f001429,regular,worksheet-formula,1,single-cell,1,N43,,,0,bha.tool-life,local-context,
b147eb91b2f2fd18,thermal,.xlsm,34,s0034,worksheet,f001430,regular,worksheet-formula,10,filled-row,1,L45:AD45,IF,,0,bha.tool-life,local-context,
b147eb91b2f2fd18,thermal,.xlsm,34,s0034,worksheet,f001431,regular,worksheet-formula,12,multi-area,12,L41|N41|P41|R41|T41|V41|X41|Z41|AB41|AC6|AD41|AG6,,,0,bha.tool-life|cross-cutting.unit-conversion,local-context,
b147eb91b2f2fd18,thermal,.xlsm,34,s0034,worksheet,f001432,regular,worksheet-formula,10,filled-row,1,L44:AD44,PI,,0,bha.tool-life,local-context,
b147eb91b2f2fd18,thermal,.xlsm,34,s0034,worksheet,f001433,regular,worksheet-formula,1,single-cell,1,S30,,,0,bha.tool-life,local-context,percent
b147eb91b2f2fd18,thermal,.xlsm,34,s0034,worksheet,f001434,regular,worksheet-formula,1,single-cell,1,N20,IF|LOOKUP|OR,,0,bha.tool-life,local-context,percent
b147eb91b2f2fd18,thermal,.xlsm,34,s0034,worksheet,f001435,regular,worksheet-formula,1,single-cell,1,P43,,,0,bha.tool-life,local-context,
b147eb91b2f2fd18,thermal,.xlsm,34,s0034,worksheet,f001436,regular,worksheet-formula,1,single-cell,1,S31,,,0,bha.tool-life,local-context,
b147eb91b2f2fd18,thermal,.xlsm,34,s0034,worksheet,f001437,regular,worksheet-formula,10,filled-row,1,L42:AD42,,,0,bha.tool-life,local-context,
b147eb91b2f2fd18,thermal,.xlsm,34,s0034,worksheet,f001438,regular,worksheet-formula,1,single-cell,1,S21,IF,,0,bha.tool-life,local-context,percent
b147eb91b2f2fd18,thermal,.xlsm,34,s0034,worksheet,f001439,regular,worksheet-formula,1,single-cell,1,R43,,,0,bha.tool-life,local-context,
b147eb91b2f2fd18,thermal,.xlsm,34,s0034,worksheet,f001440,regular,worksheet-formula,1,single-cell,1,X43,,,0,bha.tool-life,local-context,
b147eb91b2f2fd18,thermal,.xlsm,34,s0034,worksheet,f001441,regular,worksheet-formula,1,single-cell,1,S28,,,0,bha.tool-life,local-context,
b147eb91b2f2fd18,thermal,.xlsm,34,s0034,worksheet,f001442,regular,worksheet-formula,1,single-cell,1,L43,,,0,bha.tool-life,local-context,
b147eb91b2f2fd18,thermal,.xlsm,34,s0034,worksheet,f001443,regular,worksheet-formula,1,single-cell,1,N30,,,0,bha.tool-life,local-context,percent
b147eb91b2f2fd18,thermal,.xlsm,34,s0034,worksheet,f001444,regular,worksheet-formula,1,single-cell,1,S29,IF,,0,bha.tool-life,local-context,percent
b147eb91b2f2fd18,thermal,.xlsm,34,s0034,worksheet,f001445,regular,worksheet-formula,1,single-cell,1,N31,,,0,bha.tool-life,local-context,
b147eb91b2f2fd18,thermal,.xlsm,34,s0034,worksheet,f001446,regular,worksheet-formula,1,single-cell,1,V43,,,0,bha.tool-life,local-context,
b147eb91b2f2fd18,thermal,.xlsm,34,s0034,worksheet,f001447,regular,worksheet-formula,1,single-cell,1,T43,,,0,bha.tool-life,local-context,
b147eb91b2f2fd18,thermal,.xlsm,34,s0034,worksheet,f001448,regular,worksheet-formula,1,single-cell,1,AD43,,,0,bha.tool-life,local-context,
b147eb91b2f2fd18,thermal,.xlsm,31,s0031,worksheet,f001449,regular,worksheet-formula,1,single-cell,1,U69,IF,,0,thermal.unresolved,catalog-category,
b147eb91b2f2fd18,thermal,.xlsm,31,s0031,worksheet,f001450,regular,worksheet-formula,1,single-cell,1,W21,IF,,0,thermal.unresolved,catalog-category,
b147eb91b2f2fd18,thermal,.xlsm,31,s0031,worksheet,f001451,regular,worksheet-formula,1,single-cell,1,AU6,IF,,0,cross-cutting.unit-conversion,local-context,
b147eb91b2f2fd18,thermal,.xlsm,31,s0031,worksheet,f001452,regular,worksheet-formula,7,multi-area,7,AA39|AA50|AA71|AA77|BA50|BA71|BA77,CONCATENATE|IF|ROUND,,0,thermal.unresolved,catalog-category,
b147eb91b2f2fd18,thermal,.xlsm,31,s0031,worksheet,f001453,regular,worksheet-formula,1,single-cell,1,K75,IF,,0,thermal.unresolved,catalog-category,
b147eb91b2f2fd18,thermal,.xlsm,31,s0031,worksheet,f001454,regular,worksheet-formula,1,single-cell,1,BC75,IF,,0,thermal.unresolved,catalog-category,
b147eb91b2f2fd18,thermal,.xlsm,31,s0031,worksheet,f001455,regular,worksheet-formula,1,single-cell,1,S78,IF,,0,thermal.unresolved,catalog-category,
b147eb91b2f2fd18,thermal,.xlsm,31,s0031,worksheet,f001456,regular,worksheet-formula,1,single-cell,1,S48,IF,,0,thermal.unresolved,catalog-category,
b147eb91b2f2fd18,thermal,.xlsm,31,s0031,worksheet,f001457,regular,worksheet-formula,1,single-cell,1,K37,IF,,0,thermal.unresolved,catalog-category,
b147eb91b2f2fd18,thermal,.xlsm,31,s0031,worksheet,f001458,regular,worksheet-formula,1,single-cell,1,AK48,IF,,0,thermal.unresolved,catalog-category,
b147eb91b2f2fd18,thermal,.xlsm,31,s0031,worksheet,f001459,regular,worksheet-formula,4,filled-column,1,Q42:Q80,CONCATENATE|IF|ROUND,,0,thermal.unresolved,catalog-category,
b147eb91b2f2fd18,thermal,.xlsm,31,s0031,worksheet,f001460,regular,worksheet-formula,1,single-cell,1,BC48,IF,,0,thermal.unresolved,catalog-category,
b147eb91b2f2fd18,thermal,.xlsm,31,s0031,worksheet,f001461,regular,worksheet-formula,1,single-cell,1,AB31,IF,,0,thermal.unresolved,catalog-category,degC
b147eb91b2f2fd18,thermal,.xlsm,31,s0031,worksheet,f001462,regular,worksheet-formula,5,filled-column,1,W22:W76,IF,,0,thermal.unresolved,catalog-category,mm
b147eb91b2f2fd18,thermal,.xlsm,31,s0031,worksheet,f001463,regular,worksheet-formula,1,single-cell,1,Q21,IF,,0,thermal.unresolved,catalog-category,
b147eb91b2f2fd18,thermal,.xlsm,31,s0031,worksheet,f001464,regular,worksheet-formula,1,single-cell,1,M78,IF,,0,thermal.unresolved,catalog-category,
b147eb91b2f2fd18,thermal,.xlsm,31,s0031,worksheet,f001465,regular,worksheet-formula,1,single-cell,1,O21,IF,,0,thermal.unresolved,catalog-category,
b147eb91b2f2fd18,thermal,.xlsm,31,s0031,worksheet,f001466,regular,worksheet-formula,1,single-cell,1,M40,IF,,0,thermal.unresolved,catalog-category,
b147eb91b2f2fd18,thermal,.xlsm,31,s0031,worksheet,f001467,regular,worksheet-formula,1,single-cell,1,K21,IF,,0,bha.motor-performance,local-context,
b147eb91b2f2fd18,thermal,.xlsm,31,s0031,worksheet,f001468,regular,worksheet-formula,3,filled-column,1,AQ49:AQ76,IF,,0,thermal.unresolved,catalog-category,mm
b147eb91b2f2fd18,thermal,.xlsm,31,s0031,worksheet,f001469,regular,worksheet-formula,4,filled-column,1,K41:K79,IF,,0,thermal.unresolved,catalog-category,mm
b147eb91b2f2fd18,thermal,.xlsm,31,s0031,worksheet,f001470,regular,worksheet-formula,1,single-cell,1,AW69,IF,,0,thermal.unresolved,catalog-category,
b147eb91b2f2fd18,thermal,.xlsm,31,s0031,worksheet,f001471,regular,worksheet-formula,1,single-cell,1,X31,IF,,0,thermal.unresolved,catalog-category,degC
b147eb91b2f2fd18,thermal,.xlsm,31,s0031,worksheet,f001472,regular,worksheet-formula,1,single-cell,1,U51,IF,,0,thermal.unresolved,catalog-category,
b147eb91b2f2fd18,thermal,.xlsm,31,s0031,worksheet,f001473,regular,worksheet-formula,5,filled-column,1,K22:K76,IF,,0,thermal.unresolved,catalog-category,mm
b147eb91b2f2fd18,thermal,.xlsm,31,s0031,worksheet,f001474,regular,worksheet-formula,1,single-cell,1,W40,IF,,0,thermal.unresolved,catalog-category,
b147eb91b2f2fd18,thermal,.xlsm,31,s0031,worksheet,f001475,regular,worksheet-formula,1,single-cell,1,Y72,IF,,0,thermal.unresolved,catalog-category,
b147eb91b2f2fd18,thermal,.xlsm,31,s0031,worksheet,f001476,regular,worksheet-formula,1,single-cell,1,S51,IF,,0,thermal.unresolved,catalog-category,
b147eb91b2f2fd18,thermal,.xlsm,31,s0031,worksheet,f001477,regular,worksheet-formula,1,single-cell,1,BA69,IF,,0,thermal.unresolved,catalog-category,
b147eb91b2f2fd18,thermal,.xlsm,31,s0031,worksheet,f001478,regular,worksheet-formula,3,filled-column,1,AM49:AM76,IF,,0,thermal.unresolved,catalog-category,mm
b147eb91b2f2fd18,thermal,.xlsm,31,s0031,worksheet,f001479,regular,worksheet-formula,7,multi-area,7,O39|O50|O71|O77|AO50|AO71|AO77,CONCATENATE|IF|ROUND,,0,thermal.unresolved,catalog-category,
b147eb91b2f2fd18,thermal,.xlsm,31,s0031,worksheet,f001480,regular,worksheet-formula,1,single-cell,1,L15,,,0,thermal.unresolved,catalog-category,
b147eb91b2f2fd18,thermal,.xlsm,31,s0031,worksheet,f001481,regular,worksheet-formula,1,single-cell,1,Q37,IF,,0,thermal.unresolved,catalog-category,
b147eb91b2f2fd18,thermal,.xlsm,31,s0031,worksheet,f001482,regular,worksheet-formula,5,filled-column,1,AC22:AC76,IF,,0,thermal.unresolved,catalog-category,mm
b147eb91b2f2fd18,thermal,.xlsm,31,s0031,worksheet,f001483,regular,worksheet-formula,1,single-cell,1,S69,IF,,0,thermal.unresolved,catalog-category,
b147eb91b2f2fd18,thermal,.xlsm,31,s0031,worksheet,f001484,regular,worksheet-formula,1,single-cell,1,AC69,IF,,0,thermal.unresolved,catalog-category,
b147eb91b2f2fd18,thermal,.xlsm,31,s0031,worksheet,f001485,regular,worksheet-formula,1,single-cell,1,Z31,IF,,0,thermal.unresolved,catalog-category,degC
b147eb91b2f2fd18,thermal,.xlsm,31,s0031,worksheet,f001486,regular,worksheet-formula,1,single-cell,1,AY69,IF,,0,thermal.unresolved,catalog-category,
b147eb91b2f2fd18,thermal,.xlsm,31,s0031,worksheet,f001487,regular,worksheet-formula,1,single-cell,1,U37,IF,,0,thermal.unresolved,catalog-category,
b147eb91b2f2fd18,thermal,.xlsm,31,s0031,worksheet,f001488,regular,worksheet-formula,1,single-cell,1,AC78,IF,,0,thermal.unresolved,catalog-category,
b147eb91b2f2fd18,thermal,.xlsm,31,s0031,worksheet,f001489,regular,worksheet-formula,4,filled-column,1,O41:O79,IF,,0,thermal.unresolved,catalog-category,mm
b147eb91b2f2fd18,thermal,.xlsm,31,s0031,worksheet,f001490,regular,worksheet-formula,1,single-cell,1,K48,IF,,0,thermal.unresolved,catalog-category,
b147eb91b2f2fd18,thermal,.xlsm,31,s0031,worksheet,f001491,regular,worksheet-formula,1,single-cell,1,AW48,IF,,0,thermal.unresolved,catalog-category,
b147eb91b2f2fd18,thermal,.xlsm,31,s0031,worksheet,f001492,regular,worksheet-formula,1,single-cell,1,AS69,IF,,0,thermal.unresolved,catalog-category,
b147eb91b2f2fd18,thermal,.xlsm,31,s0031,worksheet,f001493,regular,worksheet-formula,1,single-cell,1,AA72,IF,,0,thermal.unresolved,catalog-category,
b147eb91b2f2fd18,thermal,.xlsm,31,s0031,worksheet,f001494,regular,worksheet-formula,1,single-cell,1,AU75,IF,,0,thermal.unresolved,catalog-category,
b147eb91b2f2fd18,thermal,.xlsm,31,s0031,worksheet,f001495,regular,worksheet-formula,1,single-cell,1,M21,IF,,0,thermal.unresolved,catalog-category,
b147eb91b2f2fd18,thermal,.xlsm,31,s0031,worksheet,f001496,regular,worksheet-formula,1,single-cell,1,O40,IF,,0,thermal.unresolved,catalog-category,
b147eb91b2f2fd18,thermal,.xlsm,31,s0031,worksheet,f001497,regular,worksheet-formula,1,single-cell,1,Y69,IF,,0,thermal.unresolved,catalog-category,
b147eb91b2f2fd18,thermal,.xlsm,31,s0031,worksheet,f001498,regular,worksheet-formula,1,single-cell,1,K72,IF,,0,thermal.unresolved,catalog-category,
b147eb91b2f2fd18,thermal,.xlsm,31,s0031,worksheet,f001499,regular,worksheet-formula,3,filled-column,1,AK49:AK76,IF,,0,thermal.unresolved,catalog-category,mm
b147eb91b2f2fd18,thermal,.xlsm,31,s0031,worksheet,f001500,regular,worksheet-formula,7,multi-area,7,S39|S50|S71|S77|AS50|AS71|AS77,CONCATENATE|IF|ROUND,,0,thermal.unresolved,catalog-category,
b147eb91b2f2fd18,thermal,.xlsm,31,s0031,worksheet,f001501,regular,worksheet-formula,1,single-cell,1,Q72,IF,,0,thermal.unresolved,catalog-category,
b147eb91b2f2fd18,thermal,.xlsm,31,s0031,worksheet,f001502,regular,worksheet-formula,1,single-cell,1,Q40,IF,,0,thermal.unresolved,catalog-category,
b147eb91b2f2fd18,thermal,.xlsm,31,s0031,worksheet,f001503,regular,worksheet-formula,1,single-cell,1,AF31,IF,,0,thermal.unresolved,catalog-category,degC
b147eb91b2f2fd18,thermal,.xlsm,31,s0031,worksheet,f001504,regular,worksheet-formula,1,single-cell,1,O48,IF,,0,thermal.unresolved,catalog-category,
b147eb91b2f2fd18,thermal,.xlsm,31,s0031,worksheet,f001505,regular,worksheet-formula,1,single-cell,1,Q69,IF,,0,thermal.unresolved,catalog-category,
b147eb91b2f2fd18,thermal,.xlsm,31,s0031,worksheet,f001506,regular,worksheet-formula,1,single-cell,1,AA40,IF,,0,thermal.unresolved,catalog-category,
b147eb91b2f2fd18,thermal,.xlsm,31,s0031,worksheet,f001507,regular,worksheet-formula,1,single-cell,1,AC72,IF,,0,thermal.unresolved,catalog-category,
b147eb91b2f2fd18,thermal,.xlsm,31,s0031,worksheet,f001508,regular,worksheet-formula,1,single-cell,1,AM69,IF,,0,thermal.unresolved,catalog-category,
b147eb91b2f2fd18,thermal,.xlsm,31,s0031,worksheet,f001509,regular,worksheet-formula,4,filled-column,1,K42:K80,CONCATENATE|IF|ROUND,,0,thermal.unresolved,catalog-category,
b147eb91b2f2fd18,thermal,.xlsm,31,s0031,worksheet,f001510,regular,worksheet-formula,1,single-cell,1,U78,IF,,0,thermal.unresolved,catalog-category,
b147eb91b2f2fd18,thermal,.xlsm,31,s0031,worksheet,f001511,regular,worksheet-formula,1,single-cell,1,AA21,IF,,0,thermal.unresolved,catalog-category,
b147eb91b2f2fd18,thermal,.xlsm,31,s0031,worksheet,f001512,regular,worksheet-formula,1,single-cell,1,O37,IF,,0,thermal.unresolved,catalog-category,
b147eb91b2f2fd18,thermal,.xlsm,31,s0031,worksheet,f001513,regular,worksheet-formula,1,single-cell,1,W75,IF,,0,thermal.unresolved,catalog-category,
b147eb91b2f2fd18,thermal,.xlsm,31,s0031,worksheet,f001514,regular,worksheet-formula,1,single-cell,1,T31,IF,,0,thermal.unresolved,catalog-category,degC
b147eb91b2f2fd18,thermal,.xlsm,31,s0031,worksheet,f001515,regular,worksheet-formula,1,single-cell,1,Y21,IF,,0,thermal.unresolved,catalog-category,
b147eb91b2f2fd18,thermal,.xlsm,31,s0031,worksheet,f001516,regular,worksheet-formula,1,single-cell,1,M72,IF,,0,thermal.unresolved,catalog-category,
b147eb91b2f2fd18,thermal,.xlsm,31,s0031,worksheet,f001517,regular,worksheet-formula,1,single-cell,1,BA48,IF,,0,thermal.unresolved,catalog-category,
b147eb91b2f2fd18,thermal,.xlsm,31,s0031,worksheet,f001518,regular,worksheet-formula,1,single-cell,1,K69,IF,,0,thermal.unresolved,catalog-category,
b147eb91b2f2fd18,thermal,.xlsm,31,s0031,worksheet,f001519,regular,worksheet-formula,1,single-cell,1,AA37,IF,,0,thermal.unresolved,catalog-category,
b147eb91b2f2fd18,thermal,.xlsm,31,s0031,worksheet,f001520,regular,worksheet-formula,4,filled-column,1,W42:W80,CONCATENATE|IF|ROUND,,0,thermal.unresolved,catalog-category,
b147eb91b2f2fd18,thermal,.xlsm,31,s0031,worksheet,f001521,regular,worksheet-formula,1,single-cell,1,AK75,IF,,0,thermal.unresolved,catalog-category,
b147eb91b2f2fd18,thermal,.xlsm,31,s0031,worksheet,f001522,regular,worksheet-formula,7,multi-area,7,U39|U50|U71|U77|AU50|AU71|AU77,CONCATENATE|IF|ROUND,,0,thermal.unresolved,catalog-category,
b147eb91b2f2fd18,thermal,.xlsm,31,s0031,worksheet,f001523,regular,worksheet-formula,7,multi-area,7,Q39|Q50|Q71|Q77|AQ50|AQ71|AQ77,CONCATENATE|IF|ROUND,,0,thermal.unresolved,catalog-category,
b147eb91b2f2fd18,thermal,.xlsm,31,s0031,worksheet,f001524,regular,worksheet-formula,1,single-cell,1,AW75,IF,,0,thermal.unresolved,catalog-category,
b147eb91b2f2fd18,thermal,.xlsm,31,s0031,worksheet,f001525,regular,worksheet-formula,1,single-cell,1,AY75,IF,,0,thermal.unresolved,catalog-category,
b147eb91b2f2fd18,thermal,.xlsm,31,s0031,worksheet,f001526,regular,worksheet-formula,1,single-cell,1,Y48,IF,,0,thermal.unresolved,catalog-category,
b147eb91b2f2fd18,thermal,.xlsm,31,s0031,worksheet,f001527,regular,worksheet-formula,1,single-cell,1,Y78,IF,,0,thermal.unresolved,catalog-category,
b147eb91b2f2fd18,thermal,.xlsm,31,s0031,worksheet,f001528,regular,worksheet-formula,1,single-cell,1,R31,IF,,0,thermal.unresolved,catalog-category,degC
b147eb91b2f2fd18,thermal,.xlsm,31,s0031,worksheet,f001529,regular,worksheet-formula,1,single-cell,1,K40,IF,,0,thermal.unresolved,catalog-category,
b147eb91b2f2fd18,thermal,.xlsm,31,s0031,worksheet,f001530,regular,worksheet-formula,1,single-cell,1,W51,IF,,0,thermal.unresolved,catalog-category,
b147eb91b2f2fd18,thermal,.xlsm,31,s0031,worksheet,f001531,regular,worksheet-formula,1,single-cell,1,U72,IF,,0,thermal.unresolved,catalog-category,
b147eb91b2f2fd18,thermal,.xlsm,31,s0031,worksheet,f001532,regular,worksheet-formula,1,single-cell,1,AA75,IF,,0,thermal.unresolved,catalog-category,
b147eb91b2f2fd18,thermal,.xlsm,31,s0031,worksheet,f001533,regular,worksheet-formula,7,multi-area,7,K39|K50|K71|K77|AK50|AK71|AK77,CONCATENATE|IF|ROUND,,0,thermal.unresolved,catalog-category,
b147eb91b2f2fd18,thermal,.xlsm,31,s0031,worksheet,f001534,regular,worksheet-formula,1,single-cell,1,AA51,IF,,0,thermal.unresolved,catalog-category,
b147eb91b2f2fd18,thermal,.xlsm,31,s0031,worksheet,f001535,regular,worksheet-formula,1,single-cell,1,AC75,IF,,0,thermal.unresolved,catalog-category,
b147eb91b2f2fd18,thermal,.xlsm,31,s0031,worksheet,f001536,regular,worksheet-formula,1,single-cell,1,AS75,IF,,0,thermal.unresolved,catalog-category,
b147eb91b2f2fd18,thermal,.xlsm,31,s0031,worksheet,f001537,regular,worksheet-formula,1,single-cell,1,AC48,IF,,0,thermal.unresolved,catalog-category,
b147eb91b2f2fd18,thermal,.xlsm,31,s0031,worksheet,f001538,regular,worksheet-formula,4,filled-column,1,S42:S80,CONCATENATE|IF|ROUND,,0,thermal.unresolved,catalog-category,
b147eb91b2f2fd18,thermal,.xlsm,31,s0031,worksheet,f001539,regular,worksheet-formula,7,multi-area,7,Y39|Y50|Y71|Y77|AY50|AY71|AY77,CONCATENATE|IF|ROUND,,0,thermal.unresolved,catalog-category,
b147eb91b2f2fd18,thermal,.xlsm,31,s0031,worksheet,f001540,regular,worksheet-formula,1,single-cell,1,U75,IF,,0,thermal.unresolved,catalog-category,
b147eb91b2f2fd18,thermal,.xlsm,31,s0031,worksheet,f001541,regular,worksheet-formula,1,single-cell,1,O78,IF,,0,thermal.unresolved,catalog-category,
b147eb91b2f2fd18,thermal,.xlsm,31,s0031,worksheet,f001542,regular,worksheet-formula,3,filled-column,1,AS49:AS76,IF,,0,thermal.unresolved,catalog-category,mm
b147eb91b2f2fd18,thermal,.xlsm,31,s0031,worksheet,f001543,regular,worksheet-formula,1,single-cell,1,Y75,IF,,0,thermal.unresolved,catalog-category,
b147eb91b2f2fd18,thermal,.xlsm,31,s0031,worksheet,f001544,regular,worksheet-formula,1,single-cell,1,S21,IF,,0,thermal.unresolved,catalog-category,
b147eb91b2f2fd18,thermal,.xlsm,31,s0031,worksheet,f001545,regular,worksheet-formula,1,single-cell,1,Y51,IF,,0,thermal.unresolved,catalog-category,
b147eb91b2f2fd18,thermal,.xlsm,31,s0031,worksheet,f001546,regular,worksheet-formula,1,single-cell,1,AA78,IF,,0,thermal.unresolved,catalog-category,
b147eb91b2f2fd18,thermal,.xlsm,31,s0031,worksheet,f001547,regular,worksheet-formula,4,filled-column,1,W41:W79,IF,,0,thermal.unresolved,catalog-category,mm
b147eb91b2f2fd18,thermal,.xlsm,31,s0031,worksheet,f001548,regular,worksheet-formula,1,single-cell,1,V31,IF,,0,thermal.unresolved,catalog-category,degC
b147eb91b2f2fd18,thermal,.xlsm,31,s0031,worksheet,f001549,regular,worksheet-formula,3,filled-column,1,BA49:BA76,IF,,0,thermal.unresolved,catalog-category,mm
b147eb91b2f2fd18,thermal,.xlsm,31,s0031,worksheet,f001550,regular,worksheet-formula,1,single-cell,1,AC37,IF,,0,thermal.unresolved,catalog-category,
b147eb91b2f2fd18,thermal,.xlsm,31,s0031,worksheet,f001551,regular,worksheet-formula,1,single-cell,1,AO75,IF,,0,thermal.unresolved,catalog-category,
b147eb91b2f2fd18,thermal,.xlsm,31,s0031,worksheet,f001552,regular,worksheet-formula,1,single-cell,1,W48,IF,,0,thermal.unresolved,catalog-category,
b147eb91b2f2fd18,thermal,.xlsm,31,s0031,worksheet,f001553,regular,worksheet-formula,4,filled-column,1,Y42:Y80,CONCATENATE|IF|ROUND,,0,thermal.unresolved,catalog-category,
b147eb91b2f2fd18,thermal,.xlsm,31,s0031,worksheet,f001554,regular,worksheet-formula,1,single-cell,1,O75,IF,,0,thermal.unresolved,catalog-category,
b147eb91b2f2fd18,thermal,.xlsm,31,s0031,worksheet,f001555,regular,worksheet-formula,3,filled-column,1,AU49:AU76,IF,,0,thermal.unresolved,catalog-category,mm
b147eb91b2f2fd18,thermal,.xlsm,31,s0031,worksheet,f001556,regular,worksheet-formula,1,single-cell,1,AQ6,IF,,0,cross-cutting.unit-conversion,local-context,
b147eb91b2f2fd18,thermal,.xlsm,31,s0031,worksheet,f001557,regular,worksheet-formula,1,single-cell,1,L16,LOOKUP,,0,thermal.unresolved,catalog-category,degC
b147eb91b2f2fd18,thermal,.xlsm,31,s0031,worksheet,f001558,regular,worksheet-formula,1,single-cell,1,M37,IF,,0,thermal.unresolved,catalog-category,
b147eb91b2f2fd18,thermal,.xlsm,31,s0031,worksheet,f001559,regular,worksheet-formula,1,single-cell,1,S40,IF,,0,thermal.unresolved,catalog-category,
b147eb91b2f2fd18,thermal,.xlsm,31,s0031,worksheet,f001560,regular,worksheet-formula,7,multi-area,7,W39|W50|W71|W77|AW50|AW71|AW77,CONCATENATE|IF|ROUND,,0,thermal.unresolved,catalog-category,
b147eb91b2f2fd18,thermal,.xlsm,31,s0031,worksheet,f001561,regular,worksheet-formula,4,filled-column,1,U42:U80,CONCATENATE|IF|ROUND,,0,thermal.unresolved,catalog-category,
b147eb91b2f2fd18,thermal,.xlsm,31,s0031,worksheet,f001562,regular,worksheet-formula,1,single-cell,1,W37,IF,,0,thermal.unresolved,catalog-category,
b147eb91b2f2fd18,thermal,.xlsm,31,s0031,worksheet,f001563,regular,worksheet-formula,1,single-cell,1,N31,IF,,0,thermal.unresolved,catalog-category,degC
b147eb91b2f2fd18,thermal,.xlsm,31,s0031,worksheet,f001564,regular,worksheet-formula,1,single-cell,1,Q48,IF,,0,thermal.unresolved,catalog-category,
b147eb91b2f2fd18,thermal,.xlsm,31,s0031,worksheet,f001565,regular,worksheet-formula,4,filled-column,1,U41:U79,IF,,0,thermal.unresolved,catalog-category,mm
b147eb91b2f2fd18,thermal,.xlsm,31,s0031,worksheet,f001566,regular,worksheet-formula,1,single-cell,1,O51,IF,,0,thermal.unresolved,catalog-category,
b147eb91b2f2fd18,thermal,.xlsm,31,s0031,worksheet,f001567,regular,worksheet-formula,1,single-cell,1,M69,IF,,0,thermal.unresolved,catalog-category,
b147eb91b2f2fd18,thermal,.xlsm,31,s0031,worksheet,f001568,regular,worksheet-formula,7,multi-area,7,AC39|AC50|AC71|AC77|BC50|BC71|BC77,CONCATENATE|IF|ROUND,,0,thermal.unresolved,catalog-category,
b147eb91b2f2fd18,thermal,.xlsm,31,s0031,worksheet,f001569,regular,worksheet-formula,1,single-cell,1,AK69,IF,,0,thermal.unresolved,catalog-category,
b147eb91b2f2fd18,thermal,.xlsm,31,s0031,worksheet,f001570,regular,worksheet-formula,1,single-cell,1,AM48,IF,,0,thermal.unresolved,catalog-category,
b147eb91b2f2fd18,thermal,.xlsm,31,s0031,worksheet,f001571,regular,worksheet-formula,3,filled-column,1,AY49:AY76,IF,,0,thermal.unresolved,catalog-category,mm
b147eb91b2f2fd18,thermal,.xlsm,31,s0031,worksheet,f001572,regular,worksheet-formula,1,single-cell,1,BA75,IF,,0,thermal.unresolved,catalog-category,
b147eb91b2f2fd18,thermal,.xlsm,31,s0031,worksheet,f001573,regular,worksheet-formula,4,filled-column,1,Y41:Y79,IF,,0,thermal.unresolved,catalog-category,mm
b147eb91b2f2fd18,thermal,.xlsm,31,s0031,worksheet,f001574,regular,worksheet-formula,1,single-cell,1,S37,IF,,0,thermal.unresolved,catalog-category,
b147eb91b2f2fd18,thermal,.xlsm,31,s0031,worksheet,f001575,regular,worksheet-formula,1,single-cell,1,U40,IF,,0,thermal.unresolved,catalog-category,
b147eb91b2f2fd18,thermal,.xlsm,31,s0031,worksheet,f001576,regular,worksheet-formula,1,single-cell,1,AC40,IF,,0,thermal.unresolved,catalog-category,
b147eb91b2f2fd18,thermal,.xlsm,31,s0031,worksheet,f001577,regular,worksheet-formula,4,filled-column,1,AC42:AC80,CONCATENATE|IF|ROUND,,0,thermal.unresolved,catalog-category,
b147eb91b2f2fd18,thermal,.xlsm,31,s0031,worksheet,f001578,regular,worksheet-formula,1,single-cell,1,Y40,IF,,0,thermal.unresolved,catalog-category,
b147eb91b2f2fd18,thermal,.xlsm,31,s0031,worksheet,f001579,regular,worksheet-formula,1,single-cell,1,M48,IF,,0,thermal.unresolved,catalog-category,
b147eb91b2f2fd18,thermal,.xlsm,31,s0031,worksheet,f001580,regular,worksheet-formula,1,single-cell,1,Q78,IF,,0,thermal.unresolved,catalog-category,
b147eb91b2f2fd18,thermal,.xlsm,31,s0031,worksheet,f001581,regular,worksheet-formula,1,single-cell,1,P31,IF,,0,thermal.unresolved,catalog-category,degC
b147eb91b2f2fd18,thermal,.xlsm,31,s0031,worksheet,f001582,regular,worksheet-formula,1,single-cell,1,AO48,IF,,0,thermal.unresolved,catalog-category,
b147eb91b2f2fd18,thermal,.xlsm,31,s0031,worksheet,f001583,regular,worksheet-formula,1,single-cell,1,W72,IF,,0,thermal.unresolved,catalog-category,
b147eb91b2f2fd18,thermal,.xlsm,31,s0031,worksheet,f001584,regular,worksheet-formula,1,single-cell,1,AQ75,IF,,0,thermal.unresolved,catalog-category,
b147eb91b2f2fd18,thermal,.xlsm,31,s0031,worksheet,f001585,regular,worksheet-formula,5,filled-column,1,Q22:Q76,IF,,0,thermal.unresolved,catalog-category,mm
b147eb91b2f2fd18,thermal,.xlsm,31,s0031,worksheet,f001586,regular,worksheet-formula,1,single-cell,1,K78,IF,,0,thermal.unresolved,catalog-category,
b147eb91b2f2fd18,thermal,.xlsm,31,s0031,worksheet,f001587,regular,worksheet-formula,1,single-cell,1,U48,IF,,0,thermal.unresolved,catalog-category,
b147eb91b2f2fd18,thermal,.xlsm,31,s0031,worksheet,f001588,regular,worksheet-formula,1,single-cell,1,AD31,IF,,0,thermal.unresolved,catalog-category,degC
b147eb91b2f2fd18,thermal,.xlsm,31,s0031,worksheet,f001589,regular,worksheet-formula,1,single-cell,1,AU69,IF,,0,thermal.unresolved,catalog-category,
b147eb91b2f2fd18,thermal,.xlsm,31,s0031,worksheet,f001590,regular,worksheet-formula,5,filled-column,1,S22:S76,IF,,0,thermal.unresolved,catalog-category,mm
b147eb91b2f2fd18,thermal,.xlsm,31,s0031,worksheet,f001591,regular,worksheet-formula,3,filled-column,1,BC49:BC76,IF,,0,thermal.unresolved,catalog-category,mm
b147eb91b2f2fd18,thermal,.xlsm,31,s0031,worksheet,f001592,regular,worksheet-formula,1,single-cell,1,M51,IF,,0,thermal.unresolved,catalog-category,
b147eb91b2f2fd18,thermal,.xlsm,31,s0031,worksheet,f001593,regular,worksheet-formula,1,single-cell,1,AY48,IF,,0,thermal.unresolved,catalog-category,
b147eb91b2f2fd18,thermal,.xlsm,31,s0031,worksheet,f001594,regular,worksheet-formula,1,single-cell,1,AQ48,IF,,0,thermal.unresolved,catalog-category,
b147eb91b2f2fd18,thermal,.xlsm,31,s0031,worksheet,f001595,regular,worksheet-formula,5,filled-column,1,O22:O76,IF,,0,thermal.unresolved,catalog-category,mm
b147eb91b2f2fd18,thermal,.xlsm,31,s0031,worksheet,f001596,regular,worksheet-formula,1,single-cell,1,S75,IF,,0,thermal.unresolved,catalog-category,
b147eb91b2f2fd18,thermal,.xlsm,31,s0031,worksheet,f001597,regular,worksheet-formula,1,single-cell,1,Y37,IF,,0,thermal.unresolved,catalog-category,
b147eb91b2f2fd18,thermal,.xlsm,31,s0031,worksheet,f001598,regular,worksheet-formula,5,filled-column,1,U22:U76,IF,,0,thermal.unresolved,catalog-category,mm
b147eb91b2f2fd18,thermal,.xlsm,31,s0031,worksheet,f001599,regular,worksheet-formula,3,filled-column,1,AO49:AO76,IF,,0,thermal.unresolved,catalog-category,mm
b147eb91b2f2fd18,thermal,.xlsm,31,s0031,worksheet,f001600,regular,worksheet-formula,4,filled-column,1,O42:O80,CONCATENATE|IF|ROUND,,0,thermal.unresolved,catalog-category,
b147eb91b2f2fd18,thermal,.xlsm,31,s0031,worksheet,f001601,regular,worksheet-formula,1,single-cell,1,AA69,IF,,0,thermal.unresolved,catalog-category,
b147eb91b2f2fd18,thermal,.xlsm,31,s0031,worksheet,f001602,regular,worksheet-formula,4,filled-column,1,AC41:AC79,IF,,0,thermal.unresolved,catalog-category,mm
b147eb91b2f2fd18,thermal,.xlsm,31,s0031,worksheet,f001603,regular,worksheet-formula,1,single-cell,1,W78,IF,,0,thermal.unresolved,catalog-category,
b147eb91b2f2fd18,thermal,.xlsm,31,s0031,worksheet,f001604,regular,worksheet-formula,1,single-cell,1,AS48,IF,,0,thermal.unresolved,catalog-category,
b147eb91b2f2fd18,thermal,.xlsm,31,s0031,worksheet,f001605,regular,worksheet-formula,1,single-cell,1,Q75,IF,,0,thermal.unresolved,catalog-category,
b147eb91b2f2fd18,thermal,.xlsm,31,s0031,worksheet,f001606,regular,worksheet-formula,1,single-cell,1,AC21,IF,,0,thermal.unresolved,catalog-category,
b147eb91b2f2fd18,thermal,.xlsm,31,s0031,worksheet,f001607,regular,worksheet-formula,4,filled-column,1,S41:S79,IF,,0,thermal.unresolved,catalog-category,mm
b147eb91b2f2fd18,thermal,.xlsm,31,s0031,worksheet,f001608,regular,worksheet-formula,1,single-cell,1,O72,IF,,0,thermal.unresolved,catalog-category,
b147eb91b2f2fd18,thermal,.xlsm,31,s0031,worksheet,f001609,regular,worksheet-formula,5,filled-column,1,Y22:Y76,IF,,0,thermal.unresolved,catalog-category,mm
b147eb91b2f2fd18,thermal,.xlsm,31,s0031,worksheet,f001610,regular,worksheet-formula,1,single-cell,1,AO69,IF,,0,thermal.unresolved,catalog-category,
b147eb91b2f2fd18,thermal,.xlsm,31,s0031,worksheet,f001611,regular,worksheet-formula,1,single-cell,1,Q51,IF,,0,thermal.unresolved,catalog-category,
b147eb91b2f2fd18,thermal,.xlsm,31,s0031,worksheet,f001612,regular,worksheet-formula,4,filled-column,1,M42:M80,CONCATENATE|IF|ROUND,,0,thermal.unresolved,catalog-category,
b147eb91b2f2fd18,thermal,.xlsm,31,s0031,worksheet,f001613,regular,worksheet-formula,1,single-cell,1,M75,IF,,0,thermal.unresolved,catalog-category,
b147eb91b2f2fd18,thermal,.xlsm,31,s0031,worksheet,f001614,regular,worksheet-formula,1,single-cell,1,AC51,IF,,0,thermal.unresolved,catalog-category,
b147eb91b2f2fd18,thermal,.xlsm,31,s0031,worksheet,f001615,regular,worksheet-formula,1,single-cell,1,AU48,IF,,0,thermal.unresolved,catalog-category,
b147eb91b2f2fd18,thermal,.xlsm,31,s0031,worksheet,f001616,regular,worksheet-formula,5,filled-column,1,AA22:AA76,IF,,0,thermal.unresolved,catalog-category,mm
b147eb91b2f2fd18,thermal,.xlsm,31,s0031,worksheet,f001617,regular,worksheet-formula,1,single-cell,1,U21,IF,,0,thermal.unresolved,catalog-category,
b147eb91b2f2fd18,thermal,.xlsm,31,s0031,worksheet,f001618,regular,worksheet-formula,5,filled-column,1,M22:M76,IF,,0,thermal.unresolved,catalog-category,mm
b147eb91b2f2fd18,thermal,.xlsm,31,s0031,worksheet,f001619,regular,worksheet-formula,4,filled-column,1,M41:M79,IF,,0,thermal.unresolved,catalog-category,mm
b147eb91b2f2fd18,thermal,.xlsm,31,s0031,worksheet,f001620,regular,worksheet-formula,1,single-cell,1,W69,IF,,0,thermal.unresolved,catalog-category,
b147eb91b2f2fd18,thermal,.xlsm,31,s0031,worksheet,f001621,regular,worksheet-formula,7,multi-area,7,M39|M50|M71|M77|AM50|AM71|AM77,CONCATENATE|IF|ROUND,,0,thermal.unresolved,catalog-category,
b147eb91b2f2fd18,thermal,.xlsm,31,s0031,worksheet,f001622,regular,worksheet-formula,1,single-cell,1,O69,IF,,0,thermal.unresolved,catalog-category,
b147eb91b2f2fd18,thermal,.xlsm,31,s0031,worksheet,f001623,regular,worksheet-formula,3,filled-column,1,AW49:AW76,IF,,0,thermal.unresolved,catalog-category,mm
b147eb91b2f2fd18,thermal,.xlsm,31,s0031,worksheet,f001624,regular,worksheet-formula,1,single-cell,1,AA48,IF,,0,thermal.unresolved,catalog-category,
b147eb91b2f2fd18,thermal,.xlsm,31,s0031,worksheet,f001625,regular,worksheet-formula,1,single-cell,1,AM75,IF,,0,thermal.unresolved,catalog-category,
b147eb91b2f2fd18,thermal,.xlsm,31,s0031,worksheet,f001626,regular,worksheet-formula,1,single-cell,1,AQ69,IF,,0,thermal.unresolved,catalog-category,
b147eb91b2f2fd18,thermal,.xlsm,31,s0031,worksheet,f001627,regular,worksheet-formula,4,filled-column,1,AA41:AA79,IF,,0,thermal.unresolved,catalog-category,mm
b147eb91b2f2fd18,thermal,.xlsm,31,s0031,worksheet,f001628,regular,worksheet-formula,1,single-cell,1,K51,IF,,0,thermal.unresolved,catalog-category,
b147eb91b2f2fd18,thermal,.xlsm,31,s0031,worksheet,f001629,regular,worksheet-formula,1,single-cell,1,S72,IF,,0,thermal.unresolved,catalog-category,
b147eb91b2f2fd18,thermal,.xlsm,31,s0031,worksheet,f001630,regular,worksheet-formula,4,filled-column,1,Q41:Q79,IF,,0,thermal.unresolved,catalog-category,mm
b147eb91b2f2fd18,thermal,.xlsm,31,s0031,worksheet,f001631,regular,worksheet-formula,1,single-cell,1,BC69,IF,,0,thermal.unresolved,catalog-category,
b147eb91b2f2fd18,thermal,.xlsm,31,s0031,worksheet,f001632,regular,worksheet-formula,4,filled-column,1,AA42:AA80,CONCATENATE|IF|ROUND,,0,thermal.unresolved,catalog-category,
b147eb91b2f2fd18,thermal,.xlsm,29,s0029,worksheet,f001633,regular,worksheet-formula,2,filled-column,1,T25:T39,,,0,thermal.unresolved,catalog-category,psi
b147eb91b2f2fd18,thermal,.xlsm,29,s0029,worksheet,f001634,regular,worksheet-formula,29,filled-column,1,AC16:AC52,IF,,0,cross-cutting.unit-conversion,local-context,kPa|kg/m^3|m^2|mm
b147eb91b2f2fd18,thermal,.xlsm,29,s0029,worksheet,f001635,regular,worksheet-formula,4,filled-column,1,AC25:AC42,,,0,thermal.unresolved,catalog-category,kPa|mm
b147eb91b2f2fd18,thermal,.xlsm,29,s0029,worksheet,f001636,regular,worksheet-formula,2,filled-row,1,AC6:AG6,,,0,cross-cutting.unit-conversion,local-context,
b147eb91b2f2fd18,thermal,.xlsm,29,s0029,worksheet,f001637,regular,worksheet-formula,30,filled-column,1,T16:T52,IF,,0,cross-cutting.unit-conversion,local-context,ft|gal/min|in^2|ppg|psi
b147eb91b2f2fd18,thermal,.xlsm,29,s0029,worksheet,f001638,regular,worksheet-formula,1,single-cell,1,T15,IF,,0,cross-cutting.unit-conversion,local-context,degF
b147eb91b2f2fd18,thermal,.xlsm,29,s0029,worksheet,f001639,regular,worksheet-formula,1,single-cell,1,P42,,,0,thermal.unresolved,catalog-category,
b147eb91b2f2fd18,thermal,.xlsm,29,s0029,worksheet,f001640,regular,worksheet-formula,2,filled-row,1,T40:AC40,,,0,thermal.unresolved,catalog-category,percent
b147eb91b2f2fd18,thermal,.xlsm,29,s0029,worksheet,f001641,regular,worksheet-formula,2,filled-row,1,T41:AC41,,,0,thermal.unresolved,catalog-category,percent
b147eb91b2f2fd18,thermal,.xlsm,29,s0029,worksheet,f001642,regular,worksheet-formula,1,single-cell,1,AC15,IF,,0,cross-cutting.unit-conversion,local-context,degC
b147eb91b2f2fd18,thermal,.xlsm,29,s0029,worksheet,f001643,regular,worksheet-formula,1,single-cell,1,T42,,,0,thermal.unresolved,catalog-category,
b147eb91b2f2fd18,thermal,.xlsm,29,s0029,worksheet,f001644,regular,worksheet-formula,2,filled-column,1,T18:T21,IF,,0,thermal.unresolved,catalog-category,degF
b147eb91b2f2fd18,thermal,.xlsm,29,s0029,worksheet,f001645,regular,worksheet-formula,2,filled-column,1,P25:P39,IF,,0,thermal.unresolved,catalog-category,
b147eb91b2f2fd18,thermal,.xlsm,29,s0029,worksheet,f001646,regular,worksheet-formula,2,filled-column,1,AC18:AC21,IF,,0,thermal.unresolved,catalog-category,degC
b147eb91b2f2fd18,thermal,.xlsm,33,s0033,worksheet,f001647,regular,worksheet-formula,10,filled-row,1,L34:AD34,IF,,0,bha.tool-life,local-context,
b147eb91b2f2fd18,thermal,.xlsm,33,s0033,worksheet,f001648,regular,worksheet-formula,1,single-cell,1,T33,AVERAGE|IF,,0,bha.tool-life,local-context,
b147eb91b2f2fd18,thermal,.xlsm,33,s0033,worksheet,f001649,regular,worksheet-formula,1,single-cell,1,P39,,,0,bha.tool-life,local-context,
b147eb91b2f2fd18,thermal,.xlsm,33,s0033,worksheet,f001650,regular,worksheet-formula,10,filled-row,1,L36:AD36,IF,,0,bha.tool-life,local-context,
b147eb91b2f2fd18,thermal,.xlsm,33,s0033,worksheet,f001651,regular,worksheet-formula,10,filled-row,1,L37:AD37,IF,,0,bha.tool-life,local-context,
b147eb91b2f2fd18,thermal,.xlsm,33,s0033,worksheet,f001652,regular,worksheet-formula,1,single-cell,1,P33,AVERAGE|IF,,0,bha.tool-life,local-context,
b147eb91b2f2fd18,thermal,.xlsm,33,s0033,worksheet,f001653,regular,worksheet-formula,10,filled-row,1,L50:AD50,,,0,bha.tool-life,local-context,
b147eb91b2f2fd18,thermal,.xlsm,33,s0033,worksheet,f001654,regular,worksheet-formula,1,single-cell,1,V33,AVERAGE|IF,,0,bha.tool-life,local-context,
b147eb91b2f2fd18,thermal,.xlsm,33,s0033,worksheet,f001655,regular,worksheet-formula,10,filled-row,1,L52:AD52,IF,,0,bha.tool-life,local-context,
b147eb91b2f2fd18,thermal,.xlsm,33,s0033,worksheet,f001656,regular,worksheet-formula,1,single-cell,1,Q45,,,0,bha.tool-life,local-context,
b147eb91b2f2fd18,thermal,.xlsm,33,s0033,worksheet,f001657,regular,worksheet-formula,1,single-cell,1,X39,,,0,bha.tool-life,local-context,
b147eb91b2f2fd18,thermal,.xlsm,33,s0033,worksheet,f001658,regular,worksheet-formula,1,single-cell,1,Z39,,,0,bha.tool-life,local-context,
b147eb91b2f2fd18,thermal,.xlsm,33,s0033,worksheet,f001659,regular,worksheet-formula,1,single-cell,1,X33,AVERAGE|IF,,0,bha.tool-life,local-context,
b147eb91b2f2fd18,thermal,.xlsm,33,s0033,worksheet,f001660,regular,worksheet-formula,1,single-cell,1,N22,,,0,bha.tool-life,local-context,
b147eb91b2f2fd18,thermal,.xlsm,33,s0033,worksheet,f001661,regular,worksheet-formula,1,single-cell,1,T39,,,0,bha.tool-life,local-context,
b147eb91b2f2fd18,thermal,.xlsm,33,s0033,worksheet,f001662,regular,worksheet-formula,1,single-cell,1,N33,AVERAGE|IF,,0,bha.tool-life,local-context,
b147eb91b2f2fd18,thermal,.xlsm,33,s0033,worksheet,f001663,regular,worksheet-formula,1,single-cell,1,N18,LOOKUP,,0,bha.tool-life,local-context,
b147eb91b2f2fd18,thermal,.xlsm,33,s0033,worksheet,f001664,regular,worksheet-formula,1,single-cell,1,V39,,,0,bha.tool-life,local-context,
b147eb91b2f2fd18,thermal,.xlsm,33,s0033,worksheet,f001665,regular,worksheet-formula,1,single-cell,1,R39,,,0,bha.tool-life,local-context,
b147eb91b2f2fd18,thermal,.xlsm,33,s0033,worksheet,f001666,regular,worksheet-formula,1,single-cell,1,N39,,,0,bha.tool-life,local-context,
b147eb91b2f2fd18,thermal,.xlsm,33,s0033,worksheet,f001667,regular,worksheet-formula,1,single-cell,1,N21,,,0,bha.tool-life,local-context,
b147eb91b2f2fd18,thermal,.xlsm,33,s0033,worksheet,f001668,regular,worksheet-formula,1,single-cell,1,N19,,,0,bha.tool-life,local-context,
b147eb91b2f2fd18,thermal,.xlsm,33,s0033,worksheet,f001669,regular,worksheet-formula,1,single-cell,1,AD39,,,0,bha.tool-life,local-context,
b147eb91b2f2fd18,thermal,.xlsm,33,s0033,worksheet,f001670,regular,worksheet-formula,1,single-cell,1,R33,AVERAGE|IF,,0,bha.tool-life,local-context,
b147eb91b2f2fd18,thermal,.xlsm,33,s0033,worksheet,f001671,regular,worksheet-formula,1,single-cell,1,N20,,,0,bha.tool-life,local-context,
b147eb91b2f2fd18,thermal,.xlsm,33,s0033,worksheet,f001672,regular,worksheet-formula,6,filled-column,1,S18:S23,,,0,bha.tool-life,local-context,
b147eb91b2f2fd18,thermal,.xlsm,33,s0033,worksheet,f001673,regular,worksheet-formula,1,single-cell,1,U45,IF|LOOKUP,,0,bha.tool-life,local-context,
b147eb91b2f2fd18,thermal,.xlsm,33,s0033,worksheet,f001674,regular,worksheet-formula,10,filled-row,1,L40:AD40,,,0,bha.tool-life,local-context,
b147eb91b2f2fd18,thermal,.xlsm,33,s0033,worksheet,f001675,regular,worksheet-formula,10,filled-row,1,L51:AD51,IF|PI,,0,bha.tool-life,local-context,
b147eb91b2f2fd18,thermal,.xlsm,33,s0033,worksheet,f001676,regular,worksheet-formula,1,single-cell,1,N23,,,0,bha.tool-life,local-context,
b147eb91b2f2fd18,thermal,.xlsm,33,s0033,worksheet,f001677,regular,worksheet-formula,10,filled-row,1,L53:AD53,IF,,0,bha.tool-life,local-context,
b147eb91b2f2fd18,thermal,.xlsm,33,s0033,worksheet,f001678,regular,worksheet-formula,1,single-cell,1,AB39,,,0,bha.tool-life,local-context,
b147eb91b2f2fd18,thermal,.xlsm,33,s0033,worksheet,f001679,regular,worksheet-formula,1,single-cell,1,L33,AVERAGE|IF,,0,bha.tool-life,local-context,
b147eb91b2f2fd18,thermal,.xlsm,33,s0033,worksheet,f001680,regular,worksheet-formula,1,single-cell,1,AD33,AVERAGE|IF,,0,bha.tool-life,local-context,
b147eb91b2f2fd18,thermal,.xlsm,33,s0033,worksheet,f001681,regular,worksheet-formula,1,single-cell,1,Z33,AVERAGE|IF,,0,bha.tool-life,local-context,
b147eb91b2f2fd18,thermal,.xlsm,33,s0033,worksheet,f001682,regular,worksheet-formula,10,filled-row,1,L35:AD35,IF,,0,bha.tool-life,local-context,
b147eb91b2f2fd18,thermal,.xlsm,33,s0033,worksheet,f001683,regular,worksheet-formula,1,single-cell,1,L39,,,0,bha.tool-life,local-context,
b147eb91b2f2fd18,thermal,.xlsm,33,s0033,worksheet,f001684,regular,worksheet-formula,1,single-cell,1,AB33,AVERAGE|IF,,0,bha.tool-life,local-context,
b147eb91b2f2fd18,thermal,.xlsm,33,s0033,worksheet,f001685,regular,worksheet-formula,10,filled-row,1,L38:AD38,IF|OR,,0,bha.tool-life,local-context,
b147eb91b2f2fd18,thermal,.xlsm,4,s0004,worksheet,f001686,regular,worksheet-formula,1,single-cell,1,AA151,VLOOKUP,,0,thermal.unresolved,catalog-category,rpm
b147eb91b2f2fd18,thermal,.xlsm,4,s0004,worksheet,f001687,regular,worksheet-formula,1,single-cell,1,AA152,VLOOKUP,,0,thermal.unresolved,catalog-category,rpm
b147eb91b2f2fd18,thermal,.xlsm,4,s0004,worksheet,f001688,regular,worksheet-formula,15,multi-area,2,R161:R172|S176:S178,,,0,thermal.unresolved,catalog-category,hp|rpm
b147eb91b2f2fd18,thermal,.xlsm,4,s0004,worksheet,f001689,regular,worksheet-formula,1,single-cell,1,Q134,,,0,thermal.unresolved,catalog-category,min|rpm
b147eb91b2f2fd18,thermal,.xlsm,4,s0004,worksheet,f001690,regular,worksheet-formula,1,single-cell,1,Q172,,,0,thermal.unresolved,catalog-category,
b147eb91b2f2fd18,thermal,.xlsm,4,s0004,worksheet,f001691,regular,worksheet-formula,1,single-cell,1,S151,VLOOKUP,,0,thermal.unresolved,catalog-category,hp
b147eb91b2f2fd18,thermal,.xlsm,4,s0004,worksheet,f001692,regular,worksheet-formula,1,single-cell,1,Z161,,,0,thermal.unresolved,catalog-category,hp|rpm
b147eb91b2f2fd18,thermal,.xlsm,4,s0004,worksheet,f001693,regular,worksheet-formula,1,single-cell,1,U151,VLOOKUP,,0,thermal.unresolved,catalog-category,hp|rpm
b147eb91b2f2fd18,thermal,.xlsm,4,s0004,worksheet,f001694,regular,worksheet-formula,1,single-cell,1,J155,VLOOKUP,,0,thermal.unresolved,catalog-category,
b147eb91b2f2fd18,thermal,.xlsm,4,s0004,worksheet,f001695,regular,worksheet-formula,1,single-cell,1,AE153,VLOOKUP,,0,thermal.unresolved,catalog-category,
b147eb91b2f2fd18,thermal,.xlsm,4,s0004,worksheet,f001696,regular,worksheet-formula,1,single-cell,1,S153,VLOOKUP,,0,thermal.unresolved,catalog-category,hp
b147eb91b2f2fd18,thermal,.xlsm,4,s0004,worksheet,f001697,regular,worksheet-formula,1,single-cell,1,Y134,MIN,,0,thermal.unresolved,catalog-category,min
b147eb91b2f2fd18,thermal,.xlsm,4,s0004,worksheet,f001698,regular,worksheet-formula,1,single-cell,1,Y135,MIN,,0,thermal.unresolved,catalog-category,
b147eb91b2f2fd18,thermal,.xlsm,4,s0004,worksheet,f001699,regular,worksheet-formula,5,multi-area,4,P16:P17|Q87|AE44|AF47,LOOKUP,,0,thermal.unresolved,catalog-category,min|rpm
b147eb91b2f2fd18,thermal,.xlsm,4,s0004,worksheet,f001700,regular,worksheet-formula,2,filled-row,1,R178:V178,,,0,thermal.unresolved,catalog-category,
b147eb91b2f2fd18,thermal,.xlsm,4,s0004,worksheet,f001701,regular,worksheet-formula,1,single-cell,1,U153,VLOOKUP,,0,thermal.unresolved,catalog-category,hp|rpm
b147eb91b2f2fd18,thermal,.xlsm,4,s0004,worksheet,f001702,regular,worksheet-formula,1,single-cell,1,Q162,,,0,thermal.unresolved,catalog-category,hp|rpm
b147eb91b2f2fd18,thermal,.xlsm,4,s0004,worksheet,f001703,regular,worksheet-formula,1,single-cell,1,Y138,IF,,0,thermal.unresolved,catalog-category,psi
b147eb91b2f2fd18,thermal,.xlsm,4,s0004,worksheet,f001704,regular,worksheet-formula,8,filled-column,1,Q163:Q170,,,0,thermal.unresolved,catalog-category,
b147eb91b2f2fd18,thermal,.xlsm,4,s0004,worksheet,f001705,regular,worksheet-formula,1,single-cell,1,Q135,IF|MAX,,0,thermal.unresolved,catalog-category,rpm
b147eb91b2f2fd18,thermal,.xlsm,4,s0004,worksheet,f001706,regular,worksheet-formula,12,filled-column,1,X161:X172,,,0,thermal.unresolved,catalog-category,hp|rpm
b147eb91b2f2fd18,thermal,.xlsm,4,s0004,worksheet,f001707,regular,worksheet-formula,12,filled-column,1,U161:U172,,,0,thermal.unresolved,catalog-category,hp|rpm
b147eb91b2f2fd18,thermal,.xlsm,4,s0004,worksheet,f001708,regular,worksheet-formula,1,single-cell,1,AE151,VLOOKUP,,0,thermal.unresolved,catalog-category,
b147eb91b2f2fd18,thermal,.xlsm,4,s0004,worksheet,f001709,regular,worksheet-formula,1,single-cell,1,J156,VLOOKUP,,0,thermal.unresolved,catalog-category,
b147eb91b2f2fd18,thermal,.xlsm,4,s0004,worksheet,f001710,regular,worksheet-formula,1,single-cell,1,Q171,,,0,thermal.unresolved,catalog-category,
b147eb91b2f2fd18,thermal,.xlsm,4,s0004,worksheet,f001711,regular,worksheet-formula,265,multi-area,13,Z186:Z200|Z221:Z225|Z246:Z270|AB186:AB200|AB221:AB225|AB246:AB270|AD186:AD200|AD221:AD225|AD246:AD270|AE186:AE200|AE221:AE225|AE246:AE270|AG186:AG270,IF|OR,,0,thermal.unresolved,catalog-category,hp|percent|rpm
b147eb91b2f2fd18,thermal,.xlsm,4,s0004,worksheet,f001712,regular,worksheet-formula,1,single-cell,1,J153,VLOOKUP,,0,thermal.unresolved,catalog-category,
b147eb91b2f2fd18,thermal,.xlsm,4,s0004,worksheet,f001713,regular,worksheet-formula,1,single-cell,1,V176,MIN|SQRT,,0,thermal.unresolved,catalog-category,hp|rpm
b147eb91b2f2fd18,thermal,.xlsm,4,s0004,worksheet,f001714,regular,worksheet-formula,1,single-cell,1,AA153,VLOOKUP,,0,thermal.unresolved,catalog-category,rpm
b147eb91b2f2fd18,thermal,.xlsm,4,s0004,worksheet,f001715,regular,worksheet-formula,1,single-cell,1,I156,,,0,thermal.unresolved,catalog-category,gal/min
b147eb91b2f2fd18,thermal,.xlsm,4,s0004,worksheet,f001716,regular,worksheet-formula,1,single-cell,1,Q138,IF,,0,thermal.unresolved,catalog-category,gal/min|rpm
b147eb91b2f2fd18,thermal,.xlsm,4,s0004,worksheet,f001717,regular,worksheet-formula,1,single-cell,1,V177,MIN|SQRT,,0,thermal.unresolved,catalog-category,hp|rpm
b147eb91b2f2fd18,thermal,.xlsm,4,s0004,worksheet,f001718,regular,worksheet-formula,1,single-cell,1,S152,VLOOKUP,,0,thermal.unresolved,catalog-category,hp
b147eb91b2f2fd18,thermal,.xlsm,4,s0004,worksheet,f001719,regular,worksheet-formula,168,rectangular-table,1,I30:O71,IF|UDF,,0,thermal.unresolved,catalog-category,
b147eb91b2f2fd18,thermal,.xlsm,4,s0004,worksheet,f001720,regular,worksheet-formula,1,single-cell,1,AE152,,,0,thermal.unresolved,catalog-category,
b147eb91b2f2fd18,thermal,.xlsm,4,s0004,worksheet,f001721,regular,worksheet-formula,1,single-cell,1,T159,CONCATENATE|ROUND,,0,thermal.unresolved,catalog-category,hp|rpm
b147eb91b2f2fd18,thermal,.xlsm,4,s0004,worksheet,f001722,regular,worksheet-formula,1,single-cell,1,I158,,,0,thermal.unresolved,catalog-category,gal/min|min
b147eb91b2f2fd18,thermal,.xlsm,4,s0004,worksheet,f001723,regular,worksheet-formula,43,multi-area,6,J163:J164|Z162:Z172|AA176:AA178|AB161:AB172|AD161:AD172|AE176:AE178,,,0,thermal.unresolved,catalog-category,hp|rpm
b147eb91b2f2fd18,thermal,.xlsm,4,s0004,worksheet,f001724,regular,worksheet-formula,10,filled-column,1,AM186:AM195,IF,,0,thermal.unresolved,catalog-category,
b147eb91b2f2fd18,thermal,.xlsm,4,s0004,worksheet,f001725,regular,worksheet-formula,15,multi-area,2,S161:S172|T176:T178,,,0,thermal.unresolved,catalog-category,hp|rpm
b147eb91b2f2fd18,thermal,.xlsm,4,s0004,worksheet,f001726,regular,worksheet-formula,12,filled-column,1,AF161:AF172,,,0,thermal.unresolved,catalog-category,hp|rpm
b147eb91b2f2fd18,thermal,.xlsm,4,s0004,worksheet,f001727,regular,worksheet-formula,1,single-cell,1,I157,,,0,thermal.unresolved,catalog-category,gal/min
b147eb91b2f2fd18,thermal,.xlsm,4,s0004,worksheet,f001728,regular,worksheet-formula,3,filled-row,1,Z159:AD159,CONCATENATE|ROUND,,0,thermal.unresolved,catalog-category,hp|rpm
b147eb91b2f2fd18,thermal,.xlsm,4,s0004,worksheet,f001729,regular,worksheet-formula,1,single-cell,1,AC151,VLOOKUP,,0,thermal.unresolved,catalog-category,rpm
b147eb91b2f2fd18,thermal,.xlsm,4,s0004,worksheet,f001730,regular,worksheet-formula,1,single-cell,1,Q139,,,0,thermal.unresolved,catalog-category,gal/min
b147eb91b2f2fd18,thermal,.xlsm,4,s0004,worksheet,f001731,regular,worksheet-formula,2,filled-row,1,I135:J135,VLOOKUP,,0,bha.geometry,local-context,min
b147eb91b2f2fd18,thermal,.xlsm,4,s0004,worksheet,f001732,regular,worksheet-formula,1,single-cell,1,Q136,IF|MAX,,0,thermal.unresolved,catalog-category,gal/min|rpm
b147eb91b2f2fd18,thermal,.xlsm,4,s0004,worksheet,f001733,regular,worksheet-formula,1,single-cell,1,Q140,,,0,thermal.unresolved,catalog-category,gal/min
b147eb91b2f2fd18,thermal,.xlsm,4,s0004,worksheet,f001734,regular,worksheet-formula,1,single-cell,1,AC152,VLOOKUP,,0,thermal.unresolved,catalog-category,rpm
b147eb91b2f2fd18,thermal,.xlsm,4,s0004,worksheet,f001735,regular,worksheet-formula,2,filled-row,1,I137:J137,VLOOKUP,,0,thermal.unresolved,catalog-category,min
b147eb91b2f2fd18,thermal,.xlsm,4,s0004,worksheet,f001736,regular,worksheet-formula,2,filled-row,1,R159:V159,CONCATENATE|ROUND,,0,thermal.unresolved,catalog-category,hp|rpm
b147eb91b2f2fd18,thermal,.xlsm,4,s0004,worksheet,f001737,regular,worksheet-formula,12,filled-column,1,T161:T172,,,0,thermal.unresolved,catalog-category,hp|rpm
b147eb91b2f2fd18,thermal,.xlsm,4,s0004,worksheet,f001738,regular,worksheet-formula,85,filled-column,1,AF186:AF270,FIND|IF|MID|OR|UDF,,0,thermal.unresolved,catalog-category,hp|percent
b147eb91b2f2fd18,thermal,.xlsm,4,s0004,worksheet,f001739,regular,worksheet-formula,1,single-cell,1,Q133,VLOOKUP,,0,thermal.unresolved,catalog-category,rpm
b147eb91b2f2fd18,thermal,.xlsm,4,s0004,worksheet,f001740,regular,worksheet-formula,18,multi-area,3,Y161:Y172|Z176:Z178|AD176:AD178,,,0,thermal.unresolved,catalog-category,hp|rpm
b147eb91b2f2fd18,thermal,.xlsm,4,s0004,worksheet,f001741,regular,worksheet-formula,1,single-cell,1,J158,VLOOKUP,,0,thermal.unresolved,catalog-category,
b147eb91b2f2fd18,thermal,.xlsm,4,s0004,worksheet,f001742,regular,worksheet-formula,15,multi-area,2,V161:V172|W176:W178,,,0,thermal.unresolved,catalog-category,hp|rpm
b147eb91b2f2fd18,thermal,.xlsm,4,s0004,worksheet,f001743,regular,worksheet-formula,1,single-cell,1,J152,VLOOKUP,,0,thermal.unresolved,catalog-category,
b147eb91b2f2fd18,thermal,.xlsm,4,s0004,worksheet,f001744,regular,worksheet-formula,1,single-cell,1,S156,VLOOKUP,,0,thermal.unresolved,catalog-category,hp
b147eb91b2f2fd18,thermal,.xlsm,4,s0004,worksheet,f001745,regular,worksheet-formula,1,single-cell,1,AC153,VLOOKUP,,0,thermal.unresolved,catalog-category,rpm
b147eb91b2f2fd18,thermal,.xlsm,4,s0004,worksheet,f001746,regular,worksheet-formula,1,single-cell,1,S134,IF,,0,thermal.unresolved,catalog-category,gal/min|min|percent|rpm
b147eb91b2f2fd18,thermal,.xlsm,4,s0004,worksheet,f001747,regular,worksheet-formula,1,single-cell,1,U156,VLOOKUP,,0,thermal.unresolved,catalog-category,hp
b147eb91b2f2fd18,thermal,.xlsm,4,s0004,worksheet,f001748,regular,worksheet-formula,1,single-cell,1,AB176,,,0,thermal.unresolved,catalog-category,hp|rpm
b147eb91b2f2fd18,thermal,.xlsm,4,s0004,worksheet,f001749,regular,worksheet-formula,1,single-cell,1,J159,VLOOKUP,,0,thermal.unresolved,catalog-category,
b147eb91b2f2fd18,thermal,.xlsm,4,s0004,worksheet,f001750,regular,worksheet-formula,42,filled-column,1,F30:F71,UDF,,0,thermal.unresolved,catalog-category,
b147eb91b2f2fd18,thermal,.xlsm,4,s0004,worksheet,f001751,regular,worksheet-formula,1,single-cell,1,CD185,IFERROR|MIN|PI,,0,thermal.unresolved,catalog-category,
b147eb91b2f2fd18,thermal,.xlsm,4,s0004,worksheet,f001752,regular,worksheet-formula,1,single-cell,1,R177,MIN|SQRT,,0,thermal.unresolved,catalog-category,hp|rpm
b147eb91b2f2fd18,thermal,.xlsm,4,s0004,worksheet,f001753,regular,worksheet-formula,15,multi-area,2,W161:W172|X176:X178,,,0,thermal.unresolved,catalog-category,hp|rpm
b147eb91b2f2fd18,thermal,.xlsm,4,s0004,worksheet,f001754,regular,worksheet-formula,1,single-cell,1,U152,VLOOKUP,,0,thermal.unresolved,catalog-category,hp|rpm
b147eb91b2f2fd18,thermal,.xlsm,4,s0004,worksheet,f001755,regular,worksheet-formula,2,filled-row,1,I136:J136,VLOOKUP,,0,bha.geometry,local-context,min
b147eb91b2f2fd18,thermal,.xlsm,4,s0004,worksheet,f001756,regular,worksheet-formula,1,single-cell,1,J154,VLOOKUP,,0,thermal.unresolved,catalog-category,
b147eb91b2f2fd18,thermal,.xlsm,4,s0004,worksheet,f001757,regular,worksheet-formula,41,multi-area,5,AA161:AA172|AB177:AB178|AC161:AC172|AE161:AE172|AF176:AF178,,,0,thermal.unresolved,catalog-category,hp|rpm
b147eb91b2f2fd18,thermal,.xlsm,4,s0004,worksheet,f001758,regular,worksheet-formula,1,single-cell,1,J160,VLOOKUP,,0,thermal.unresolved,catalog-category,
b147eb91b2f2fd18,thermal,.xlsm,4,s0004,worksheet,f001759,regular,worksheet-formula,1,single-cell,1,J157,VLOOKUP,,0,thermal.unresolved,catalog-category,
b147eb91b2f2fd18,thermal,.xlsm,4,s0004,worksheet,f001760,regular,worksheet-formula,1,single-cell,1,R176,MIN|SQRT,,0,thermal.unresolved,catalog-category,hp|rpm
b147eb91b2f2fd18,thermal,.xlsm,4,s0004,worksheet,f001761,regular,worksheet-formula,2,filled-row,1,I134:J134,VLOOKUP,,0,thermal.unresolved,catalog-category,min
b147eb91b2f2fd18,thermal,.xlsm,4,s0004,worksheet,f001762,regular,worksheet-formula,430,rectangular-table,1,AN186:CD195,IF|PI|SIN,,0,thermal.unresolved,catalog-category,
b147eb91b2f2fd18,thermal,.xlsm,4,s0004,worksheet,f001763,regular,worksheet-formula,41,filled-row,1,AO185:CC185,,,0,thermal.unresolved,catalog-category,
b147eb91b2f2fd18,thermal,.xlsm,4,s0004,worksheet,f001764,regular,worksheet-formula,1,single-cell,1,Y133,AVERAGE,,0,thermal.unresolved,catalog-category,
b147eb91b2f2fd18,thermal,.xlsm,15,s0015,worksheet,f001765,regular,worksheet-formula,1,single-cell,1,J55,CONCATENATE|IF|ROUND,,0,bha.motor-performance|hydraulics.pressure-loss,local-context,
b147eb91b2f2fd18,thermal,.xlsm,15,s0015,worksheet,f001766,regular,worksheet-formula,2,filled-row,1,G62:I62,CONCATENATE|IF,,0,hydraulics.pressure-loss,local-context,
b147eb91b2f2fd18,thermal,.xlsm,15,s0015,worksheet,f001767,regular,worksheet-formula,1,single-cell,1,AD32,CONCATENATE|IF,,0,thermal.unresolved,catalog-category,
b147eb91b2f2fd18,thermal,.xlsm,15,s0015,worksheet,f001768,regular,worksheet-formula,1,single-cell,1,Y30,,,0,thermal.unresolved,catalog-category,
b147eb91b2f2fd18,thermal,.xlsm,15,s0015,worksheet,f001769,regular,worksheet-formula,6,filled-column,1,I65:I70,IF|MATCH|OFFSET|UDF,OFFSET,0,thermal.unresolved,catalog-category,
b147eb91b2f2fd18,thermal,.xlsm,15,s0015,worksheet,f001770,regular,worksheet-formula,1,single-cell,1,E82,CONCATENATE|IF,,0,thermal.unresolved,catalog-category,
b147eb91b2f2fd18,thermal,.xlsm,15,s0015,worksheet,f001771,regular,worksheet-formula,1,single-cell,1,Y70,CONCATENATE|IF|ROUND,,0,hydraulics.pressure-loss,local-context,
b147eb91b2f2fd18,thermal,.xlsm,15,s0015,worksheet,f001772,regular,worksheet-formula,1,single-cell,1,Y65,CONCATENATE|IF|ROUND,,0,hydraulics.pressure-loss,local-context,
b147eb91b2f2fd18,thermal,.xlsm,15,s0015,worksheet,f001773,regular,worksheet-formula,1,single-cell,1,A1,,,0,thermal.unresolved,catalog-category,
b147eb91b2f2fd18,thermal,.xlsm,15,s0015,worksheet,f001774,regular,worksheet-formula,1,single-cell,1,G12,CONCATENATE,,0,thermal.unresolved,catalog-category,
b147eb91b2f2fd18,thermal,.xlsm,15,s0015,worksheet,f001775,regular,worksheet-formula,1,single-cell,1,E85,CONCATENATE|IF,,0,thermal.unresolved,catalog-category,
b147eb91b2f2fd18,thermal,.xlsm,15,s0015,worksheet,f001776,regular,worksheet-formula,2,filled-column,1,E83:E84,CONCATENATE|IF,,0,thermal.unresolved,catalog-category,
b147eb91b2f2fd18,thermal,.xlsm,15,s0015,worksheet,f001777,regular,worksheet-formula,1,single-cell,1,Z55,CONCATENATE|IF|ROUND,,0,hydraulics.pressure-loss,local-context,
b147eb91b2f2fd18,thermal,.xlsm,15,s0015,worksheet,f001778,regular,worksheet-formula,1,single-cell,1,H32,CONCATENATE|IF,,0,thermal.unresolved,catalog-category,
b147eb91b2f2fd18,thermal,.xlsm,15,s0015,worksheet,f001779,regular,worksheet-formula,1,single-cell,1,J30,,,0,thermal.unresolved,catalog-category,
b147eb91b2f2fd18,thermal,.xlsm,15,s0015,worksheet,f001780,regular,worksheet-formula,4,rectangular-table,1,G64:I71,IF,,0,thermal.unresolved,catalog-category,
b147eb91b2f2fd18,thermal,.xlsm,15,s0015,worksheet,f001781,regular,worksheet-formula,6,filled-column,1,G65:G70,,,0,thermal.unresolved,catalog-category,
b147eb91b2f2fd18,thermal,.xlsm,15,s0015,worksheet,f001782,regular,worksheet-formula,1,single-cell,1,R32,CONCATENATE|IF,,0,thermal.unresolved,catalog-category,
b147eb91b2f2fd18,thermal,.xlsm,15,s0015,worksheet,f001783,regular,worksheet-formula,1,single-cell,1,B88,CONCATENATE|TODAY|UDF,TODAY,0,thermal.unresolved,catalog-category,
b147eb91b2f2fd18,thermal,.xlsm,16,s0016,worksheet,f001784,regular,worksheet-formula,1,single-cell,1,H33,IF,,0,thermal.unresolved,catalog-category,gal/min|psi
b147eb91b2f2fd18,thermal,.xlsm,16,s0016,worksheet,f001785,regular,worksheet-formula,26,multi-area,3,J40:J51|K40:K51|P20:P21,,,0,thermal.unresolved,catalog-category,psi
b147eb91b2f2fd18,thermal,.xlsm,16,s0016,worksheet,f001786,regular,worksheet-formula,1,single-cell,1,H32,IF,,0,thermal.unresolved,catalog-category,gal/min|psi
b147eb91b2f2fd18,thermal,.xlsm,16,s0016,worksheet,f001787,regular,worksheet-formula,1,single-cell,1,H24,IF|VLOOKUP,,0,bha.motor-performance,local-context,min
b147eb91b2f2fd18,thermal,.xlsm,16,s0016,worksheet,f001788,regular,worksheet-formula,1,single-cell,1,P24,,,0,thermal.unresolved,catalog-category,psi
b147eb91b2f2fd18,thermal,.xlsm,16,s0016,worksheet,f001789,regular,worksheet-formula,32,rectangular-table,1,P33:Q48,AVERAGE,,0,thermal.unresolved,catalog-category,
b147eb91b2f2fd18,thermal,.xlsm,16,s0016,worksheet,f001790,regular,worksheet-formula,12,filled-column,1,G40:G51,,,0,thermal.unresolved,catalog-category,psi
b147eb91b2f2fd18,thermal,.xlsm,16,s0016,worksheet,f001791,regular,worksheet-formula,1,single-cell,1,H18,VLOOKUP,,0,thermal.unresolved,catalog-category,mm
b147eb91b2f2fd18,thermal,.xlsm,16,s0016,worksheet,f001792,regular,worksheet-formula,1,single-cell,1,P26,,,0,thermal.unresolved,catalog-category,psi
b147eb91b2f2fd18,thermal,.xlsm,16,s0016,worksheet,f001793,regular,worksheet-formula,12,filled-column,1,H40:H51,,,0,thermal.unresolved,catalog-category,psi
b147eb91b2f2fd18,thermal,.xlsm,16,s0016,worksheet,f001794,regular,worksheet-formula,9,filled-column,1,F41:F49,,,0,thermal.unresolved,catalog-category,
b147eb91b2f2fd18,thermal,.xlsm,16,s0016,worksheet,f001795,regular,worksheet-formula,3,filled-column,1,F40:F51,,,0,thermal.unresolved,catalog-category,
b147eb91b2f2fd18,thermal,.xlsm,16,s0016,worksheet,f001796,regular,worksheet-formula,1,single-cell,1,H31,,,0,thermal.unresolved,catalog-category,ppg|psi
b147eb91b2f2fd18,thermal,.xlsm,16,s0016,worksheet,f001797,regular,worksheet-formula,1,single-cell,1,H34,,,0,thermal.unresolved,catalog-category,gal/min|psi
b147eb91b2f2fd18,thermal,.xlsm,16,s0016,worksheet,f001798,regular,worksheet-formula,3,filled-column,1,P22:P25,,,0,thermal.unresolved,catalog-category,psi
b147eb91b2f2fd18,thermal,.xlsm,16,s0016,worksheet,f001799,regular,worksheet-formula,60,rectangular-table,1,G66:K77,,,0,thermal.unresolved,catalog-category,kPa
b147eb91b2f2fd18,thermal,.xlsm,16,s0016,worksheet,f001800,regular,worksheet-formula,13,multi-area,2,I40:I51|P19,,,0,thermal.unresolved,catalog-category,psi
b147eb91b2f2fd18,thermal,.xlsm,16,s0016,worksheet,f001801,regular,worksheet-formula,1,single-cell,1,P18,,,0,thermal.unresolved,catalog-category,psi
b147eb91b2f2fd18,thermal,.xlsm,16,s0016,worksheet,f001802,regular,worksheet-formula,16,filled-column,1,O33:O48,UDF,,0,thermal.unresolved,catalog-category,
b147eb91b2f2fd18,thermal,.xlsm,16,s0016,worksheet,f001803,regular,worksheet-formula,12,filled-column,1,F66:F77,,,0,thermal.unresolved,catalog-category,
b147eb91b2f2fd18,thermal,.xlsm,16,s0016,worksheet,f001804,regular,worksheet-formula,1,single-cell,1,H30,IF,,0,thermal.unresolved,catalog-category,ppg|psi
b147eb91b2f2fd18,thermal,.xlsm,16,s0016,worksheet,f001805,regular,worksheet-formula,1,single-cell,1,P17,,,0,thermal.unresolved,catalog-category,psi
b147eb91b2f2fd18,thermal,.xlsm,16,s0016,worksheet,f001806,regular,worksheet-formula,1,single-cell,1,H23,IF|VLOOKUP,,0,bha.motor-performance,local-context,
b147eb91b2f2fd18,thermal,.xlsm,9,s0009,worksheet,f001807,regular,worksheet-formula,2,filled-row,1,AA86:AB86,MAX,,0,thermal.unresolved,catalog-category,h
b147eb91b2f2fd18,thermal,.xlsm,9,s0009,worksheet,f001808,regular,worksheet-formula,1,single-cell,1,O26,VLOOKUP,,0,bha.motor-performance,local-context,in
b147eb91b2f2fd18,thermal,.xlsm,9,s0009,worksheet,f001809,regular,worksheet-formula,1,single-cell,1,U19,VLOOKUP,,0,bha.motor-performance,local-context,in
b147eb91b2f2fd18,thermal,.xlsm,9,s0009,worksheet,f001810,regular,worksheet-formula,1,single-cell,1,O19,VLOOKUP,,0,bha.motor-performance,local-context,in
b147eb91b2f2fd18,thermal,.xlsm,9,s0009,worksheet,f001811,regular,worksheet-formula,1,single-cell,1,U21,VLOOKUP,,0,bha.motor-performance,local-context,in
b147eb91b2f2fd18,thermal,.xlsm,9,s0009,worksheet,f001812,regular,worksheet-formula,20,filled-column,1,Q83:Q102,MIN,,0,thermal.unresolved,catalog-category,rpm
b147eb91b2f2fd18,thermal,.xlsm,9,s0009,worksheet,f001813,regular,worksheet-formula,3,filled-column,1,AC84:AC86,,,0,thermal.unresolved,catalog-category,h|percent
b147eb91b2f2fd18,thermal,.xlsm,9,s0009,worksheet,f001814,regular,worksheet-formula,1,single-cell,1,P45,IF,,0,thermal.unresolved,catalog-category,kPa|psi
b147eb91b2f2fd18,thermal,.xlsm,9,s0009,worksheet,f001815,regular,worksheet-formula,1,single-cell,1,U20,VLOOKUP,,0,bha.motor-performance,local-context,in
b147eb91b2f2fd18,thermal,.xlsm,9,s0009,worksheet,f001816,regular,worksheet-formula,1,single-cell,1,I24,VLOOKUP,,0,thermal.unresolved,catalog-category,gal/min|in|min|psi|rpm
b147eb91b2f2fd18,thermal,.xlsm,9,s0009,worksheet,f001817,regular,worksheet-formula,20,filled-column,1,R83:R102,AND|IF|MAX,,0,thermal.unresolved,catalog-category,rpm
b147eb91b2f2fd18,thermal,.xlsm,9,s0009,worksheet,f001818,regular,worksheet-formula,1,single-cell,1,M83,,,0,thermal.unresolved,catalog-category,
b147eb91b2f2fd18,thermal,.xlsm,9,s0009,worksheet,f001819,regular,worksheet-formula,20,filled-column,1,K83:K102,,,0,thermal.unresolved,catalog-category,
b147eb91b2f2fd18,thermal,.xlsm,9,s0009,worksheet,f001820,regular,worksheet-formula,1,single-cell,1,I25,VLOOKUP,,0,bha.motor-performance,local-context,gal/min|hp|in|min|psi
b147eb91b2f2fd18,thermal,.xlsm,9,s0009,worksheet,f001821,regular,worksheet-formula,1,single-cell,1,H102,,,0,thermal.unresolved,catalog-category,
b147eb91b2f2fd18,thermal,.xlsm,9,s0009,worksheet,f001822,regular,worksheet-formula,1,single-cell,1,P42,IF,,0,thermal.unresolved,catalog-category,degC|degF
b147eb91b2f2fd18,thermal,.xlsm,9,s0009,worksheet,f001823,regular,worksheet-formula,1,single-cell,1,U23,,,0,bha.motor-performance,local-context,in
b147eb91b2f2fd18,thermal,.xlsm,9,s0009,worksheet,f001824,regular,worksheet-formula,1,single-cell,1,O43,IF,,0,thermal.unresolved,catalog-category,kPa|min|psi
b147eb91b2f2fd18,thermal,.xlsm,9,s0009,worksheet,f001825,regular,worksheet-formula,9,filled-column,1,I54:I62,,,0,thermal.unresolved,catalog-category,h|percent
b147eb91b2f2fd18,thermal,.xlsm,9,s0009,worksheet,f001826,regular,worksheet-formula,1,single-cell,1,P46,IF,,0,thermal.unresolved,catalog-category,kg/m^3|ppg
b147eb91b2f2fd18,thermal,.xlsm,9,s0009,worksheet,f001827,regular,worksheet-formula,1,single-cell,1,I20,VLOOKUP,,0,bha.motor-performance,local-context,ft|gal/min|psi|rpm
b147eb91b2f2fd18,thermal,.xlsm,9,s0009,worksheet,f001828,regular,worksheet-formula,1,single-cell,1,T53,AVERAGE,,0,thermal.unresolved,catalog-category,percent
b147eb91b2f2fd18,thermal,.xlsm,9,s0009,worksheet,f001829,regular,worksheet-formula,20,filled-column,1,T83:T102,IFERROR,,0,thermal.unresolved,catalog-category,
b147eb91b2f2fd18,thermal,.xlsm,9,s0009,worksheet,f001830,regular,worksheet-formula,1,single-cell,1,O20,VLOOKUP,,0,bha.motor-performance,local-context,in
b147eb91b2f2fd18,thermal,.xlsm,9,s0009,worksheet,f001831,regular,worksheet-formula,1,single-cell,1,O23,VLOOKUP,,0,bha.motor-performance,local-context,in
b147eb91b2f2fd18,thermal,.xlsm,9,s0009,worksheet,f001832,regular,worksheet-formula,1,single-cell,1,O45,IF,,0,thermal.unresolved,catalog-category,kPa|min|psi
b147eb91b2f2fd18,thermal,.xlsm,9,s0009,worksheet,f001833,regular,worksheet-formula,1,single-cell,1,AA84,,,0,thermal.unresolved,catalog-category,h|percent
b147eb91b2f2fd18,thermal,.xlsm,9,s0009,worksheet,f001834,regular,worksheet-formula,1,single-cell,1,M102,,,0,thermal.unresolved,catalog-category,
b147eb91b2f2fd18,thermal,.xlsm,9,s0009,worksheet,f001835,regular,worksheet-formula,1,single-cell,1,O18,VLOOKUP,,0,bha.motor-performance,local-context,in
b147eb91b2f2fd18,thermal,.xlsm,9,s0009,worksheet,f001836,regular,worksheet-formula,1,single-cell,1,U29,,,0,thermal.unresolved,catalog-category,
b147eb91b2f2fd18,thermal,.xlsm,9,s0009,worksheet,f001837,regular,worksheet-formula,36,rectangular-table,1,J84:M101,,,0,thermal.unresolved,catalog-category,
b147eb91b2f2fd18,thermal,.xlsm,9,s0009,worksheet,f001838,regular,worksheet-formula,20,filled-column,1,N83:N102,MIN,,0,thermal.unresolved,catalog-category,rpm
b147eb91b2f2fd18,thermal,.xlsm,9,s0009,worksheet,f001839,regular,worksheet-formula,1,single-cell,1,G102,,,0,thermal.unresolved,catalog-category,
b147eb91b2f2fd18,thermal,.xlsm,9,s0009,worksheet,f001840,regular,worksheet-formula,1,single-cell,1,O22,,,0,bha.motor-performance,local-context,in
b147eb91b2f2fd18,thermal,.xlsm,9,s0009,worksheet,f001841,regular,worksheet-formula,1,single-cell,1,I19,CONCATENATE,,0,thermal.unresolved,catalog-category,ft|in|psi
b147eb91b2f2fd18,thermal,.xlsm,9,s0009,worksheet,f001842,regular,worksheet-formula,20,filled-column,1,L83:L102,,,0,thermal.unresolved,catalog-category,
b147eb91b2f2fd18,thermal,.xlsm,9,s0009,worksheet,f001843,regular,worksheet-formula,1,single-cell,1,J83,,,0,thermal.unresolved,catalog-category,
b147eb91b2f2fd18,thermal,.xlsm,9,s0009,worksheet,f001844,regular,worksheet-formula,1,single-cell,1,Q59,LOOKUP,,0,thermal.unresolved,catalog-category,percent
b147eb91b2f2fd18,thermal,.xlsm,9,s0009,worksheet,f001845,regular,worksheet-formula,54,rectangular-table,1,G84:I101,,,0,thermal.unresolved,catalog-category,h
b147eb91b2f2fd18,thermal,.xlsm,9,s0009,worksheet,f001846,regular,worksheet-formula,1,single-cell,1,I102,,,0,thermal.unresolved,catalog-category,
b147eb91b2f2fd18,thermal,.xlsm,9,s0009,worksheet,f001847,regular,worksheet-formula,1,single-cell,1,U26,VLOOKUP,,0,bha.motor-performance,local-context,in
b147eb91b2f2fd18,thermal,.xlsm,9,s0009,worksheet,f001848,regular,worksheet-formula,19,filled-column,1,U84:U102,,,0,thermal.unresolved,catalog-category,
b147eb91b2f2fd18,thermal,.xlsm,9,s0009,worksheet,f001849,regular,worksheet-formula,1,single-cell,1,O30,VLOOKUP,,0,cross-cutting.unit-conversion,local-context,
b147eb91b2f2fd18,thermal,.xlsm,9,s0009,worksheet,f001850,regular,worksheet-formula,1,single-cell,1,O47,IF,,0,thermal.unresolved,catalog-category,kg/m^3|ppg
b147eb91b2f2fd18,thermal,.xlsm,9,s0009,worksheet,f001851,regular,worksheet-formula,1,single-cell,1,U22,VLOOKUP,,0,bha.motor-performance,local-context,in
b147eb91b2f2fd18,thermal,.xlsm,9,s0009,worksheet,f001852,regular,worksheet-formula,1,single-cell,1,I21,VLOOKUP,,0,bha.motor-performance,local-context,ft|gal/min|in|psi|rpm
b147eb91b2f2fd18,thermal,.xlsm,9,s0009,worksheet,f001853,regular,worksheet-formula,1,single-cell,1,U25,,,0,bha.motor-performance,local-context,in
b147eb91b2f2fd18,thermal,.xlsm,9,s0009,worksheet,f001854,regular,worksheet-formula,1,single-cell,1,J102,,,0,thermal.unresolved,catalog-category,
b147eb91b2f2fd18,thermal,.xlsm,9,s0009,worksheet,f001855,regular,worksheet-formula,1,single-cell,1,T52,AVERAGE,,0,thermal.unresolved,catalog-category,percent
b147eb91b2f2fd18,thermal,.xlsm,9,s0009,worksheet,f001856,regular,worksheet-formula,1,single-cell,1,O25,VLOOKUP,,0,bha.motor-performance,local-context,in
b147eb91b2f2fd18,thermal,.xlsm,9,s0009,worksheet,f001857,regular,worksheet-formula,1,single-cell,1,AB85,,,0,thermal.unresolved,catalog-category,
b147eb91b2f2fd18,thermal,.xlsm,9,s0009,worksheet,f001858,regular,worksheet-formula,1,single-cell,1,AB83,,,0,thermal.unresolved,catalog-category,h|percent
b147eb91b2f2fd18,thermal,.xlsm,9,s0009,worksheet,f001859,regular,worksheet-formula,1,single-cell,1,I27,VLOOKUP,,0,thermal.unresolved,catalog-category,gal/min|hp|min
b147eb91b2f2fd18,thermal,.xlsm,9,s0009,worksheet,f001860,regular,worksheet-formula,20,filled-column,1,P83:P102,MIN,,0,thermal.unresolved,catalog-category,rpm
b147eb91b2f2fd18,thermal,.xlsm,9,s0009,worksheet,f001861,regular,worksheet-formula,1,single-cell,1,Q68,LOOKUP,,0,thermal.unresolved,catalog-category,
b147eb91b2f2fd18,thermal,.xlsm,9,s0009,worksheet,f001862,regular,worksheet-formula,1,single-cell,1,P41,IF,,0,thermal.unresolved,catalog-category,degC|degF
b147eb91b2f2fd18,thermal,.xlsm,9,s0009,worksheet,f001863,regular,worksheet-formula,1,single-cell,1,O44,IF,,0,thermal.unresolved,catalog-category,kPa|min|psi
b147eb91b2f2fd18,thermal,.xlsm,9,s0009,worksheet,f001864,regular,worksheet-formula,1,single-cell,1,O42,IF,,0,thermal.unresolved,catalog-category,degC|degF|min
b147eb91b2f2fd18,thermal,.xlsm,9,s0009,worksheet,f001865,regular,worksheet-formula,1,single-cell,1,I26,VLOOKUP,,0,bha.motor-performance,local-context,gal/min|hp|min
b147eb91b2f2fd18,thermal,.xlsm,9,s0009,worksheet,f001866,regular,worksheet-formula,1,single-cell,1,P35,IF,,0,cross-cutting.unit-conversion,local-context,gal/min
b147eb91b2f2fd18,thermal,.xlsm,9,s0009,worksheet,f001867,regular,worksheet-formula,1,single-cell,1,AA83,,,0,thermal.unresolved,catalog-category,h|percent
b147eb91b2f2fd18,thermal,.xlsm,9,s0009,worksheet,f001868,regular,worksheet-formula,1,single-cell,1,O24,VLOOKUP,,0,bha.motor-performance,local-context,in
b147eb91b2f2fd18,thermal,.xlsm,9,s0009,worksheet,f001869,regular,worksheet-formula,1,single-cell,1,U28,,,0,bha.motor-performance,local-context,
b147eb91b2f2fd18,thermal,.xlsm,9,s0009,worksheet,f001870,regular,worksheet-formula,20,filled-column,1,S83:S102,IF,,0,thermal.unresolved,catalog-category,
b147eb91b2f2fd18,thermal,.xlsm,9,s0009,worksheet,f001871,regular,worksheet-formula,1,single-cell,1,U27,,,0,bha.motor-performance,local-context,in
b147eb91b2f2fd18,thermal,.xlsm,9,s0009,worksheet,f001872,regular,worksheet-formula,2,filled-column,1,I68:I69,,,0,thermal.unresolved,catalog-category,h
b147eb91b2f2fd18,thermal,.xlsm,9,s0009,worksheet,f001873,regular,worksheet-formula,1,single-cell,1,AA85,SUM,,0,thermal.unresolved,catalog-category,h
b147eb91b2f2fd18,thermal,.xlsm,9,s0009,worksheet,f001874,regular,worksheet-formula,1,single-cell,1,O21,VLOOKUP,,0,bha.motor-performance,local-context,in
b147eb91b2f2fd18,thermal,.xlsm,9,s0009,worksheet,f001875,regular,worksheet-formula,1,single-cell,1,P43,IF,,0,thermal.unresolved,catalog-category,kPa|psi
b147eb91b2f2fd18,thermal,.xlsm,9,s0009,worksheet,f001876,regular,worksheet-formula,20,filled-column,1,O83:O102,MIN,,0,thermal.unresolved,catalog-category,rpm
b147eb91b2f2fd18,thermal,.xlsm,9,s0009,worksheet,f001877,regular,worksheet-formula,1,single-cell,1,U83,,,0,thermal.unresolved,catalog-category,
b147eb91b2f2fd18,thermal,.xlsm,9,s0009,worksheet,f001878,regular,worksheet-formula,1,single-cell,1,P47,IF,,0,thermal.unresolved,catalog-category,kg/m^3|ppg
b147eb91b2f2fd18,thermal,.xlsm,9,s0009,worksheet,f001879,regular,worksheet-formula,1,single-cell,1,O41,IF,,0,thermal.unresolved,catalog-category,degC|degF
b147eb91b2f2fd18,thermal,.xlsm,9,s0009,worksheet,f001880,regular,worksheet-formula,4,filled-column,1,I63:I66,,,0,thermal.unresolved,catalog-category,
b147eb91b2f2fd18,thermal,.xlsm,9,s0009,worksheet,f001881,regular,worksheet-formula,1,single-cell,1,U18,VLOOKUP,,0,bha.motor-performance,local-context,in
b147eb91b2f2fd18,thermal,.xlsm,9,s0009,worksheet,f001882,regular,worksheet-formula,1,single-cell,1,I22,VLOOKUP,,0,bha.motor-performance,local-context,ft|gal/min|psi|rpm
b147eb91b2f2fd18,thermal,.xlsm,9,s0009,worksheet,f001883,regular,worksheet-formula,1,single-cell,1,O46,IF,,0,thermal.unresolved,catalog-category,kg/m^3|min|ppg
b147eb91b2f2fd18,thermal,.xlsm,9,s0009,worksheet,f001884,regular,worksheet-formula,1,single-cell,1,P44,IF,,0,thermal.unresolved,catalog-category,kPa|min|psi
b147eb91b2f2fd18,thermal,.xlsm,9,s0009,worksheet,f001885,regular,worksheet-formula,2,multi-area,2,O29|AB84,,,0,thermal.unresolved,catalog-category,h|percent
b147eb91b2f2fd18,thermal,.xlsm,9,s0009,worksheet,f001886,regular,worksheet-formula,1,single-cell,1,Q69,,,0,thermal.unresolved,catalog-category,h
b147eb91b2f2fd18,thermal,.xlsm,9,s0009,worksheet,f001887,regular,worksheet-formula,1,single-cell,1,I67,,,0,thermal.unresolved,catalog-category,
b147eb91b2f2fd18,thermal,.xlsm,9,s0009,worksheet,f001888,regular,worksheet-formula,1,single-cell,1,I23,VLOOKUP,,0,thermal.unresolved,catalog-category,ft|gal/min|in|psi|rpm
b147eb91b2f2fd18,thermal,.xlsm,5,s0005,worksheet,f001889,regular,worksheet-formula,4,rectangular-table,1,K137:T140,,,0,thermal.unresolved,catalog-category,
b147eb91b2f2fd18,thermal,.xlsm,5,s0005,worksheet,f001890,regular,worksheet-formula,1,single-cell,1,AJ46,CONCATENATE|IF,,0,thermal.unresolved,catalog-category,
b147eb91b2f2fd18,thermal,.xlsm,5,s0005,worksheet,f001891,regular,worksheet-formula,1,single-cell,1,K32,CONCATENATE,,0,thermal.unresolved,catalog-category,
b147eb91b2f2fd18,thermal,.xlsm,5,s0005,worksheet,f001892,regular,worksheet-formula,1,single-cell,1,E146,AND|IF,,0,bha.motor-performance,local-context,percent
b147eb91b2f2fd18,thermal,.xlsm,5,s0005,worksheet,f001893,regular,worksheet-formula,1,single-cell,1,K64,CONCATENATE|IF,,0,thermal.unresolved,catalog-category,
b147eb91b2f2fd18,thermal,.xlsm,5,s0005,worksheet,f001894,regular,worksheet-formula,1,single-cell,1,F48,,,0,thermal.unresolved,catalog-category,
b147eb91b2f2fd18,thermal,.xlsm,5,s0005,worksheet,f001895,regular,worksheet-formula,1,single-cell,1,F45,CONCATENATE|IF,,0,thermal.unresolved,catalog-category,
b147eb91b2f2fd18,thermal,.xlsm,5,s0005,worksheet,f001896,regular,worksheet-formula,1,single-cell,1,E112,,,0,thermal.unresolved,catalog-category,h
b147eb91b2f2fd18,thermal,.xlsm,5,s0005,worksheet,f001897,regular,worksheet-formula,1,single-cell,1,AH64,CONCATENATE,,0,thermal.unresolved,catalog-category,
b147eb91b2f2fd18,thermal,.xlsm,5,s0005,worksheet,f001898,regular,worksheet-formula,1,single-cell,1,J28,CONCATENATE|ROUND,,0,thermal.unresolved,catalog-category,
b147eb91b2f2fd18,thermal,.xlsm,5,s0005,worksheet,f001899,regular,worksheet-formula,1,single-cell,1,E106,,,0,thermal.unresolved,catalog-category,h
b147eb91b2f2fd18,thermal,.xlsm,5,s0005,worksheet,f001900,regular,worksheet-formula,1,single-cell,1,AJ44,CONCATENATE|IF,,0,thermal.unresolved,catalog-category,
b147eb91b2f2fd18,thermal,.xlsm,5,s0005,worksheet,f001901,regular,worksheet-formula,1,single-cell,1,G12,CONCATENATE,,0,thermal.unresolved,catalog-category,
b147eb91b2f2fd18,thermal,.xlsm,5,s0005,worksheet,f001902,regular,worksheet-formula,1,single-cell,1,Z136,,,0,thermal.unresolved,catalog-category,percent
b147eb91b2f2fd18,thermal,.xlsm,5,s0005,worksheet,f001903,regular,worksheet-formula,1,single-cell,1,U28,CONCATENATE,,0,thermal.unresolved,catalog-category,
b147eb91b2f2fd18,thermal,.xlsm,5,s0005,worksheet,f001904,regular,worksheet-formula,1,single-cell,1,Q136,,,0,thermal.unresolved,catalog-category,percent
b147eb91b2f2fd18,thermal,.xlsm,5,s0005,worksheet,f001905,regular,worksheet-formula,1,single-cell,1,AJ45,CONCATENATE|IF,,0,thermal.unresolved,catalog-category,
b147eb91b2f2fd18,thermal,.xlsm,5,s0005,worksheet,f001906,regular,worksheet-formula,1,single-cell,1,F54,,,0,thermal.unresolved,catalog-category,
b147eb91b2f2fd18,thermal,.xlsm,5,s0005,worksheet,f001907,regular,worksheet-formula,1,single-cell,1,Q106,,,0,thermal.unresolved,catalog-category,h
b147eb91b2f2fd18,thermal,.xlsm,5,s0005,worksheet,f001908,regular,worksheet-formula,14,filled-row,1,G146:AJ146,AND|IF,,0,thermal.unresolved,catalog-category,percent
b147eb91b2f2fd18,thermal,.xlsm,5,s0005,worksheet,f001909,regular,worksheet-formula,28,filled-row,1,E156:AL156,MAX,,0,thermal.unresolved,catalog-category,
b147eb91b2f2fd18,thermal,.xlsm,5,s0005,worksheet,f001910,regular,worksheet-formula,6,filled-row,1,L149:AE149,,,0,thermal.unresolved,catalog-category,
b147eb91b2f2fd18,thermal,.xlsm,5,s0005,worksheet,f001911,regular,worksheet-formula,1,single-cell,1,E109,,,0,thermal.unresolved,catalog-category,h
b147eb91b2f2fd18,thermal,.xlsm,5,s0005,worksheet,f001912,regular,worksheet-formula,1,single-cell,1,AH30,,,0,thermal.unresolved,catalog-category,
b147eb91b2f2fd18,thermal,.xlsm,5,s0005,worksheet,f001913,regular,worksheet-formula,1,single-cell,1,AD112,,,0,bha.motor-performance,local-context,h
b147eb91b2f2fd18,thermal,.xlsm,5,s0005,worksheet,f001914,regular,worksheet-formula,1,single-cell,1,AD109,,,0,bha.motor-performance,local-context,h
b147eb91b2f2fd18,thermal,.xlsm,5,s0005,worksheet,f001915,regular,worksheet-formula,1,single-cell,1,I30,,,0,thermal.unresolved,catalog-category,
b147eb91b2f2fd18,thermal,.xlsm,5,s0005,worksheet,f001916,regular,worksheet-formula,1,single-cell,1,W46,CONCATENATE|IF,,0,thermal.unresolved,catalog-category,
b147eb91b2f2fd18,thermal,.xlsm,5,s0005,worksheet,f001917,regular,worksheet-formula,28,filled-row,1,E149:AL149,IF,,0,thermal.unresolved,catalog-category,
b147eb91b2f2fd18,thermal,.xlsm,5,s0005,worksheet,f001918,regular,worksheet-formula,1,single-cell,1,Q109,,,0,bha.motor-performance,local-context,h
b147eb91b2f2fd18,thermal,.xlsm,5,s0005,worksheet,f001919,regular,worksheet-formula,1,single-cell,1,N59,IF,,0,thermal.unresolved,catalog-category,
b147eb91b2f2fd18,thermal,.xlsm,5,s0005,worksheet,f001920,regular,worksheet-formula,1,single-cell,1,W64,CONCATENATE,,0,thermal.unresolved,catalog-category,
b147eb91b2f2fd18,thermal,.xlsm,5,s0005,worksheet,f001921,regular,worksheet-formula,4,rectangular-table,1,K136:T139,,,0,thermal.unresolved,catalog-category,h
b147eb91b2f2fd18,thermal,.xlsm,5,s0005,worksheet,f001922,regular,worksheet-formula,1,single-cell,1,AL146,AND|IF,,0,thermal.unresolved,catalog-category,percent
b147eb91b2f2fd18,thermal,.xlsm,5,s0005,worksheet,f001923,regular,worksheet-formula,1,single-cell,1,AD106,,,0,thermal.unresolved,catalog-category,h
b147eb91b2f2fd18,thermal,.xlsm,5,s0005,worksheet,f001924,regular,worksheet-formula,1,single-cell,1,Z139,,,0,thermal.unresolved,catalog-category,percent
b147eb91b2f2fd18,thermal,.xlsm,5,s0005,worksheet,f001925,regular,worksheet-formula,1,single-cell,1,AH66,CONCATENATE,,0,thermal.unresolved,catalog-category,
b147eb91b2f2fd18,thermal,.xlsm,5,s0005,worksheet,f001926,regular,worksheet-formula,9,filled-column,1,E165:E173,CONCATENATE|IF,,0,thermal.unresolved,catalog-category,
b147eb91b2f2fd18,thermal,.xlsm,5,s0005,worksheet,f001927,regular,worksheet-formula,1,single-cell,1,U30,,,0,thermal.unresolved,catalog-category,
b147eb91b2f2fd18,thermal,.xlsm,5,s0005,worksheet,f001928,regular,worksheet-formula,1,single-cell,1,Q112,,,0,bha.motor-performance,local-context,h
b147eb91b2f2fd18,thermal,.xlsm,5,s0005,worksheet,f001929,regular,worksheet-formula,1,single-cell,1,F51,,,0,thermal.unresolved,catalog-category,
b147eb91b2f2fd18,thermal,.xlsm,5,s0005,worksheet,f001930,regular,worksheet-formula,1,single-cell,1,Q139,,,0,thermal.unresolved,catalog-category,percent
b147eb91b2f2fd18,thermal,.xlsm,5,s0005,worksheet,f001931,regular,worksheet-formula,1,single-cell,1,W44,CONCATENATE|IF,,0,thermal.unresolved,catalog-category,
b147eb91b2f2fd18,thermal,.xlsm,5,s0005,worksheet,f001932,regular,worksheet-formula,1,single-cell,1,W66,CONCATENATE,,0,thermal.unresolved,catalog-category,
b147eb91b2f2fd18,thermal,.xlsm,5,s0005,worksheet,f001933,regular,worksheet-formula,1,single-cell,1,K66,CONCATENATE|IF,,0,thermal.unresolved,catalog-category,
b147eb91b2f2fd18,thermal,.xlsm,5,s0005,worksheet,f001934,regular,worksheet-formula,1,single-cell,1,F57,,,0,thermal.unresolved,catalog-category,
b147eb91b2f2fd18,thermal,.xlsm,5,s0005,worksheet,f001935,regular,worksheet-formula,2,filled-column,1,B85:B176,CONCATENATE|TODAY|UDF,TODAY,0,thermal.unresolved,catalog-category,
b72c195b11e69082,hydraulics,.xls,10,s0010,worksheet,f000001,regular,worksheet-formula,2,filled-row,1,B53:H53,,,0,hydraulics.unresolved,catalog-category,deg|percent
b72c195b11e69082,hydraulics,.xls,10,s0010,worksheet,f000002,regular,worksheet-formula,1,single-cell,1,B36,,,0,hydraulics.unresolved,catalog-category,deg
b72c195b11e69082,hydraulics,.xls,10,s0010,worksheet,f000003,regular,worksheet-formula,2,filled-row,1,E40:K40,PI,,0,hydraulics.unresolved,catalog-category,deg|ft^2
b72c195b11e69082,hydraulics,.xls,10,s0010,worksheet,f000004,regular,worksheet-formula,2,filled-row,1,B45:H45,,,0,hydraulics.hole-cleaning,local-context,deg|ft/s|gal/min
b72c195b11e69082,hydraulics,.xls,10,s0010,worksheet,f000005,regular,worksheet-formula,4,filled-row,1,B33:K33,,,0,hydraulics.hole-cleaning,local-context,deg
b72c195b11e69082,hydraulics,.xls,10,s0010,worksheet,f000006,regular,worksheet-formula,11,multi-area,11,B1|B3|B5|B7|B11|B18|E1|E3|E5|E7|H18,,,0,hydraulics.hole-cleaning,local-context,cP|deg|ft/h|ft/s|ft^2|gal/min|in|percent|ppg
b72c195b11e69082,hydraulics,.xls,10,s0010,worksheet,f000007,regular,worksheet-formula,1,single-cell,1,B38,,,0,hydraulics.unresolved,catalog-category,deg|ft^2
b72c195b11e69082,hydraulics,.xls,10,s0010,worksheet,f000008,regular,worksheet-formula,1,single-cell,1,B40,IF,,0,hydraulics.unresolved,catalog-category,deg|ft^2
b72c195b11e69082,hydraulics,.xls,10,s0010,worksheet,f000009,regular,worksheet-formula,2,filled-row,1,B47:H47,,,0,hydraulics.unresolved,catalog-category,deg|ft/s|gal/min|percent
b72c195b11e69082,hydraulics,.xls,10,s0010,worksheet,f000010,regular,worksheet-formula,14,rectangular-table,1,E18:K30,,,0,hydraulics.hole-cleaning,local-context,cP|deg|ft/s
b72c195b11e69082,hydraulics,.xls,10,s0010,worksheet,f000011,regular,worksheet-formula,2,filled-row,1,B43:H43,,,0,hydraulics.hole-cleaning,local-context,deg|ft/s
b72c195b11e69082,hydraulics,.xls,10,s0010,worksheet,f000012,regular,worksheet-formula,2,filled-row,1,B51:H51,IF,,0,hydraulics.unresolved,catalog-category,deg|in|percent
b72c195b11e69082,hydraulics,.xls,10,s0010,worksheet,f000013,regular,worksheet-formula,2,filled-row,1,B15:H15,,,0,hydraulics.hole-cleaning,local-context,deg|ft/s|percent
b72c195b11e69082,hydraulics,.xls,10,s0010,worksheet,f000014,regular,worksheet-formula,12,rectangular-table,1,B20:H30,IF,,0,hydraulics.hole-cleaning,local-context,cP|deg|ft/s
b72c195b11e69082,hydraulics,.xls,10,s0010,worksheet,f000015,regular,worksheet-formula,2,filled-row,1,B49:H49,IF,,0,hydraulics.unresolved,catalog-category,deg|gal/min|percent
b72c195b11e69082,hydraulics,.xls,10,s0010,worksheet,f000016,regular,worksheet-formula,1,single-cell,1,E13,,,0,hydraulics.hole-cleaning,local-context,deg|ft/s|percent
b72c195b11e69082,hydraulics,.xls,11,s0011,worksheet,f000017,regular,worksheet-formula,2,filled-row,1,B53:H53,,,0,hydraulics.unresolved,catalog-category,deg|percent
b72c195b11e69082,hydraulics,.xls,11,s0011,worksheet,f000018,regular,worksheet-formula,1,single-cell,1,B36,,,0,hydraulics.unresolved,catalog-category,deg
b72c195b11e69082,hydraulics,.xls,11,s0011,worksheet,f000019,regular,worksheet-formula,2,filled-row,1,E40:K40,PI,,0,hydraulics.unresolved,catalog-category,deg|ft^2
b72c195b11e69082,hydraulics,.xls,11,s0011,worksheet,f000020,regular,worksheet-formula,2,filled-row,1,B45:H45,,,0,hydraulics.hole-cleaning,local-context,deg|ft/s|gal/min
b72c195b11e69082,hydraulics,.xls,11,s0011,worksheet,f000021,regular,worksheet-formula,4,filled-row,1,B33:K33,,,0,hydraulics.hole-cleaning,local-context,deg
b72c195b11e69082,hydraulics,.xls,11,s0011,worksheet,f000022,regular,worksheet-formula,11,multi-area,11,B1|B3|B5|B7|B11|B18|E1|E3|E5|E7|H18,,,0,hydraulics.hole-cleaning,local-context,cP|deg|ft/h|ft/s|ft^2|gal/min|in|percent|ppg
b72c195b11e69082,hydraulics,.xls,11,s0011,worksheet,f000023,regular,worksheet-formula,1,single-cell,1,B38,,,0,hydraulics.unresolved,catalog-category,deg|ft^2
b72c195b11e69082,hydraulics,.xls,11,s0011,worksheet,f000024,regular,worksheet-formula,1,single-cell,1,B40,IF,,0,hydraulics.unresolved,catalog-category,deg|ft^2
b72c195b11e69082,hydraulics,.xls,11,s0011,worksheet,f000025,regular,worksheet-formula,2,filled-row,1,B47:H47,,,0,hydraulics.unresolved,catalog-category,deg|ft/s|gal/min|percent
b72c195b11e69082,hydraulics,.xls,11,s0011,worksheet,f000026,regular,worksheet-formula,14,rectangular-table,1,E18:K30,,,0,hydraulics.hole-cleaning,local-context,cP|deg|ft/s
b72c195b11e69082,hydraulics,.xls,11,s0011,worksheet,f000027,regular,worksheet-formula,2,filled-row,1,B43:H43,,,0,hydraulics.hole-cleaning,local-context,deg|ft/s
b72c195b11e69082,hydraulics,.xls,11,s0011,worksheet,f000028,regular,worksheet-formula,2,filled-row,1,B51:H51,IF,,0,hydraulics.unresolved,catalog-category,deg|in|percent
b72c195b11e69082,hydraulics,.xls,11,s0011,worksheet,f000029,regular,worksheet-formula,2,filled-row,1,B15:H15,,,0,hydraulics.hole-cleaning,local-context,deg|ft/s|percent
b72c195b11e69082,hydraulics,.xls,11,s0011,worksheet,f000030,regular,worksheet-formula,12,rectangular-table,1,B20:H30,IF,,0,hydraulics.hole-cleaning,local-context,cP|deg|ft/s
b72c195b11e69082,hydraulics,.xls,11,s0011,worksheet,f000031,regular,worksheet-formula,2,filled-row,1,B49:H49,IF,,0,hydraulics.unresolved,catalog-category,deg|gal/min|percent
b72c195b11e69082,hydraulics,.xls,11,s0011,worksheet,f000032,regular,worksheet-formula,1,single-cell,1,E13,,,0,hydraulics.hole-cleaning,local-context,deg|ft/s|percent
b72c195b11e69082,hydraulics,.xls,20,s0020,worksheet,f000033,regular,worksheet-formula,2,filled-row,1,B53:H53,,,0,hydraulics.unresolved,catalog-category,deg|percent
b72c195b11e69082,hydraulics,.xls,20,s0020,worksheet,f000034,regular,worksheet-formula,1,single-cell,1,B36,,,0,hydraulics.unresolved,catalog-category,deg
b72c195b11e69082,hydraulics,.xls,20,s0020,worksheet,f000035,regular,worksheet-formula,2,filled-row,1,E40:K40,PI,,0,hydraulics.unresolved,catalog-category,deg|ft^2
b72c195b11e69082,hydraulics,.xls,20,s0020,worksheet,f000036,regular,worksheet-formula,2,filled-row,1,B45:H45,,,0,hydraulics.hole-cleaning,local-context,deg|ft/s|gal/min
b72c195b11e69082,hydraulics,.xls,20,s0020,worksheet,f000037,regular,worksheet-formula,4,filled-row,1,B33:K33,,,0,hydraulics.hole-cleaning,local-context,deg
b72c195b11e69082,hydraulics,.xls,20,s0020,worksheet,f000038,regular,worksheet-formula,11,multi-area,11,B1|B3|B5|B7|B11|B18|E1|E3|E5|E7|H18,,,0,hydraulics.hole-cleaning,local-context,cP|deg|ft/h|ft/s|ft^2|gal/min|in|percent|ppg
b72c195b11e69082,hydraulics,.xls,20,s0020,worksheet,f000039,regular,worksheet-formula,1,single-cell,1,B38,,,0,hydraulics.unresolved,catalog-category,deg|ft^2
b72c195b11e69082,hydraulics,.xls,20,s0020,worksheet,f000040,regular,worksheet-formula,1,single-cell,1,B40,IF,,0,hydraulics.unresolved,catalog-category,deg|ft^2
b72c195b11e69082,hydraulics,.xls,20,s0020,worksheet,f000041,regular,worksheet-formula,2,filled-row,1,B47:H47,,,0,hydraulics.unresolved,catalog-category,deg|ft/s|gal/min|percent
b72c195b11e69082,hydraulics,.xls,20,s0020,worksheet,f000042,regular,worksheet-formula,14,rectangular-table,1,E18:K30,,,0,hydraulics.hole-cleaning,local-context,cP|deg|ft/s
b72c195b11e69082,hydraulics,.xls,20,s0020,worksheet,f000043,regular,worksheet-formula,2,filled-row,1,B43:H43,,,0,hydraulics.hole-cleaning,local-context,deg|ft/s
b72c195b11e69082,hydraulics,.xls,20,s0020,worksheet,f000044,regular,worksheet-formula,2,filled-row,1,B51:H51,IF,,0,hydraulics.unresolved,catalog-category,deg|in|percent
b72c195b11e69082,hydraulics,.xls,20,s0020,worksheet,f000045,regular,worksheet-formula,2,filled-row,1,B15:H15,,,0,hydraulics.hole-cleaning,local-context,deg|ft/s|percent
b72c195b11e69082,hydraulics,.xls,20,s0020,worksheet,f000046,regular,worksheet-formula,12,rectangular-table,1,B20:H30,IF,,0,hydraulics.hole-cleaning,local-context,cP|deg|ft/s
b72c195b11e69082,hydraulics,.xls,20,s0020,worksheet,f000047,regular,worksheet-formula,2,filled-row,1,B49:H49,IF,,0,hydraulics.unresolved,catalog-category,deg|gal/min|percent
b72c195b11e69082,hydraulics,.xls,20,s0020,worksheet,f000048,regular,worksheet-formula,1,single-cell,1,E13,,,0,hydraulics.hole-cleaning,local-context,deg|ft/s|percent
b72c195b11e69082,hydraulics,.xls,12,s0012,worksheet,f000049,regular,worksheet-formula,2,filled-row,1,B53:H53,,,0,hydraulics.unresolved,catalog-category,deg|percent
b72c195b11e69082,hydraulics,.xls,12,s0012,worksheet,f000050,regular,worksheet-formula,1,single-cell,1,B36,,,0,hydraulics.unresolved,catalog-category,deg
b72c195b11e69082,hydraulics,.xls,12,s0012,worksheet,f000051,regular,worksheet-formula,2,filled-row,1,E40:K40,PI,,0,hydraulics.unresolved,catalog-category,deg|ft^2
b72c195b11e69082,hydraulics,.xls,12,s0012,worksheet,f000052,regular,worksheet-formula,2,filled-row,1,B45:H45,,,0,hydraulics.hole-cleaning,local-context,deg|ft/s|gal/min
b72c195b11e69082,hydraulics,.xls,12,s0012,worksheet,f000053,regular,worksheet-formula,4,filled-row,1,B33:K33,,,0,hydraulics.hole-cleaning,local-context,deg
b72c195b11e69082,hydraulics,.xls,12,s0012,worksheet,f000054,regular,worksheet-formula,11,multi-area,11,B1|B3|B5|B7|B11|B18|E1|E3|E5|E7|H18,,,0,hydraulics.hole-cleaning,local-context,cP|deg|ft/h|ft/s|ft^2|gal/min|in|percent|ppg
b72c195b11e69082,hydraulics,.xls,12,s0012,worksheet,f000055,regular,worksheet-formula,1,single-cell,1,B38,,,0,hydraulics.unresolved,catalog-category,deg|ft^2
b72c195b11e69082,hydraulics,.xls,12,s0012,worksheet,f000056,regular,worksheet-formula,1,single-cell,1,B40,IF,,0,hydraulics.unresolved,catalog-category,deg|ft^2
b72c195b11e69082,hydraulics,.xls,12,s0012,worksheet,f000057,regular,worksheet-formula,2,filled-row,1,B47:H47,,,0,hydraulics.unresolved,catalog-category,deg|ft/s|gal/min|percent
b72c195b11e69082,hydraulics,.xls,12,s0012,worksheet,f000058,regular,worksheet-formula,14,rectangular-table,1,E18:K30,,,0,hydraulics.hole-cleaning,local-context,cP|deg|ft/s
b72c195b11e69082,hydraulics,.xls,12,s0012,worksheet,f000059,regular,worksheet-formula,2,filled-row,1,B43:H43,,,0,hydraulics.hole-cleaning,local-context,deg|ft/s
b72c195b11e69082,hydraulics,.xls,12,s0012,worksheet,f000060,regular,worksheet-formula,2,filled-row,1,B51:H51,IF,,0,hydraulics.unresolved,catalog-category,deg|in|percent
b72c195b11e69082,hydraulics,.xls,12,s0012,worksheet,f000061,regular,worksheet-formula,2,filled-row,1,B15:H15,,,0,hydraulics.hole-cleaning,local-context,deg|ft/s|percent
b72c195b11e69082,hydraulics,.xls,12,s0012,worksheet,f000062,regular,worksheet-formula,12,rectangular-table,1,B20:H30,IF,,0,hydraulics.hole-cleaning,local-context,cP|deg|ft/s
b72c195b11e69082,hydraulics,.xls,12,s0012,worksheet,f000063,regular,worksheet-formula,2,filled-row,1,B49:H49,IF,,0,hydraulics.unresolved,catalog-category,deg|gal/min|percent
b72c195b11e69082,hydraulics,.xls,12,s0012,worksheet,f000064,regular,worksheet-formula,1,single-cell,1,E13,,,0,hydraulics.hole-cleaning,local-context,deg|ft/s|percent
b72c195b11e69082,hydraulics,.xls,13,s0013,worksheet,f000065,regular,worksheet-formula,2,filled-row,1,B53:H53,,,0,hydraulics.unresolved,catalog-category,deg|percent
b72c195b11e69082,hydraulics,.xls,13,s0013,worksheet,f000066,regular,worksheet-formula,1,single-cell,1,B36,,,0,hydraulics.unresolved,catalog-category,deg
b72c195b11e69082,hydraulics,.xls,13,s0013,worksheet,f000067,regular,worksheet-formula,2,filled-row,1,E40:K40,PI,,0,hydraulics.unresolved,catalog-category,deg|ft^2
b72c195b11e69082,hydraulics,.xls,13,s0013,worksheet,f000068,regular,worksheet-formula,2,filled-row,1,B45:H45,,,0,hydraulics.hole-cleaning,local-context,deg|ft/s|gal/min
b72c195b11e69082,hydraulics,.xls,13,s0013,worksheet,f000069,regular,worksheet-formula,4,filled-row,1,B33:K33,,,0,hydraulics.hole-cleaning,local-context,deg
b72c195b11e69082,hydraulics,.xls,13,s0013,worksheet,f000070,regular,worksheet-formula,11,multi-area,11,B1|B3|B5|B7|B11|B18|E1|E3|E5|E7|H18,,,0,hydraulics.hole-cleaning,local-context,cP|deg|ft/h|ft/s|ft^2|gal/min|in|percent|ppg
b72c195b11e69082,hydraulics,.xls,13,s0013,worksheet,f000071,regular,worksheet-formula,1,single-cell,1,B38,,,0,hydraulics.unresolved,catalog-category,deg|ft^2
b72c195b11e69082,hydraulics,.xls,13,s0013,worksheet,f000072,regular,worksheet-formula,1,single-cell,1,B40,IF,,0,hydraulics.unresolved,catalog-category,deg|ft^2
b72c195b11e69082,hydraulics,.xls,13,s0013,worksheet,f000073,regular,worksheet-formula,2,filled-row,1,B47:H47,,,0,hydraulics.unresolved,catalog-category,deg|ft/s|gal/min|percent
b72c195b11e69082,hydraulics,.xls,13,s0013,worksheet,f000074,regular,worksheet-formula,14,rectangular-table,1,E18:K30,,,0,hydraulics.hole-cleaning,local-context,cP|deg|ft/s
b72c195b11e69082,hydraulics,.xls,13,s0013,worksheet,f000075,regular,worksheet-formula,2,filled-row,1,B43:H43,,,0,hydraulics.hole-cleaning,local-context,deg|ft/s
b72c195b11e69082,hydraulics,.xls,13,s0013,worksheet,f000076,regular,worksheet-formula,2,filled-row,1,B51:H51,IF,,0,hydraulics.unresolved,catalog-category,deg|in|percent
b72c195b11e69082,hydraulics,.xls,13,s0013,worksheet,f000077,regular,worksheet-formula,2,filled-row,1,B15:H15,,,0,hydraulics.hole-cleaning,local-context,deg|ft/s|percent
b72c195b11e69082,hydraulics,.xls,13,s0013,worksheet,f000078,regular,worksheet-formula,12,rectangular-table,1,B20:H30,IF,,0,hydraulics.hole-cleaning,local-context,cP|deg|ft/s
b72c195b11e69082,hydraulics,.xls,13,s0013,worksheet,f000079,regular,worksheet-formula,2,filled-row,1,B49:H49,IF,,0,hydraulics.unresolved,catalog-category,deg|gal/min|percent
b72c195b11e69082,hydraulics,.xls,13,s0013,worksheet,f000080,regular,worksheet-formula,1,single-cell,1,E13,,,0,hydraulics.hole-cleaning,local-context,deg|ft/s|percent
b72c195b11e69082,hydraulics,.xls,14,s0014,worksheet,f000081,regular,worksheet-formula,2,filled-row,1,B53:H53,,,0,hydraulics.unresolved,catalog-category,deg|percent
b72c195b11e69082,hydraulics,.xls,14,s0014,worksheet,f000082,regular,worksheet-formula,1,single-cell,1,B36,,,0,hydraulics.unresolved,catalog-category,deg
b72c195b11e69082,hydraulics,.xls,14,s0014,worksheet,f000083,regular,worksheet-formula,2,filled-row,1,E40:K40,PI,,0,hydraulics.unresolved,catalog-category,deg|ft^2
b72c195b11e69082,hydraulics,.xls,14,s0014,worksheet,f000084,regular,worksheet-formula,2,filled-row,1,B45:H45,,,0,hydraulics.hole-cleaning,local-context,deg|ft/s|gal/min
b72c195b11e69082,hydraulics,.xls,14,s0014,worksheet,f000085,regular,worksheet-formula,4,filled-row,1,B33:K33,,,0,hydraulics.hole-cleaning,local-context,deg
b72c195b11e69082,hydraulics,.xls,14,s0014,worksheet,f000086,regular,worksheet-formula,11,multi-area,11,B1|B3|B5|B7|B11|B18|E1|E3|E5|E7|H18,,,0,hydraulics.hole-cleaning,local-context,cP|deg|ft/h|ft/s|ft^2|gal/min|in|percent|ppg
b72c195b11e69082,hydraulics,.xls,14,s0014,worksheet,f000087,regular,worksheet-formula,1,single-cell,1,B38,,,0,hydraulics.unresolved,catalog-category,deg|ft^2
b72c195b11e69082,hydraulics,.xls,14,s0014,worksheet,f000088,regular,worksheet-formula,1,single-cell,1,B40,IF,,0,hydraulics.unresolved,catalog-category,deg|ft^2
b72c195b11e69082,hydraulics,.xls,14,s0014,worksheet,f000089,regular,worksheet-formula,2,filled-row,1,B47:H47,,,0,hydraulics.unresolved,catalog-category,deg|ft/s|gal/min|percent
b72c195b11e69082,hydraulics,.xls,14,s0014,worksheet,f000090,regular,worksheet-formula,14,rectangular-table,1,E18:K30,,,0,hydraulics.hole-cleaning,local-context,cP|deg|ft/s
b72c195b11e69082,hydraulics,.xls,14,s0014,worksheet,f000091,regular,worksheet-formula,2,filled-row,1,B43:H43,,,0,hydraulics.hole-cleaning,local-context,deg|ft/s
b72c195b11e69082,hydraulics,.xls,14,s0014,worksheet,f000092,regular,worksheet-formula,2,filled-row,1,B51:H51,IF,,0,hydraulics.unresolved,catalog-category,deg|in|percent
b72c195b11e69082,hydraulics,.xls,14,s0014,worksheet,f000093,regular,worksheet-formula,2,filled-row,1,B15:H15,,,0,hydraulics.hole-cleaning,local-context,deg|ft/s|percent
b72c195b11e69082,hydraulics,.xls,14,s0014,worksheet,f000094,regular,worksheet-formula,12,rectangular-table,1,B20:H30,IF,,0,hydraulics.hole-cleaning,local-context,cP|deg|ft/s
b72c195b11e69082,hydraulics,.xls,14,s0014,worksheet,f000095,regular,worksheet-formula,2,filled-row,1,B49:H49,IF,,0,hydraulics.unresolved,catalog-category,deg|gal/min|percent
b72c195b11e69082,hydraulics,.xls,14,s0014,worksheet,f000096,regular,worksheet-formula,1,single-cell,1,E13,,,0,hydraulics.hole-cleaning,local-context,deg|ft/s|percent
b72c195b11e69082,hydraulics,.xls,15,s0015,worksheet,f000097,regular,worksheet-formula,2,filled-row,1,B53:H53,,,0,hydraulics.unresolved,catalog-category,deg|percent
b72c195b11e69082,hydraulics,.xls,15,s0015,worksheet,f000098,regular,worksheet-formula,1,single-cell,1,B36,,,0,hydraulics.unresolved,catalog-category,deg
b72c195b11e69082,hydraulics,.xls,15,s0015,worksheet,f000099,regular,worksheet-formula,2,filled-row,1,E40:K40,PI,,0,hydraulics.unresolved,catalog-category,deg|ft^2
b72c195b11e69082,hydraulics,.xls,15,s0015,worksheet,f000100,regular,worksheet-formula,2,filled-row,1,B45:H45,,,0,hydraulics.hole-cleaning,local-context,deg|ft/s|gal/min
b72c195b11e69082,hydraulics,.xls,15,s0015,worksheet,f000101,regular,worksheet-formula,4,filled-row,1,B33:K33,,,0,hydraulics.hole-cleaning,local-context,deg
b72c195b11e69082,hydraulics,.xls,15,s0015,worksheet,f000102,regular,worksheet-formula,11,multi-area,11,B1|B3|B5|B7|B11|B18|E1|E3|E5|E7|H18,,,0,hydraulics.hole-cleaning,local-context,cP|deg|ft/h|ft/s|ft^2|gal/min|in|percent|ppg
b72c195b11e69082,hydraulics,.xls,15,s0015,worksheet,f000103,regular,worksheet-formula,1,single-cell,1,B38,,,0,hydraulics.unresolved,catalog-category,deg|ft^2
b72c195b11e69082,hydraulics,.xls,15,s0015,worksheet,f000104,regular,worksheet-formula,1,single-cell,1,B40,IF,,0,hydraulics.unresolved,catalog-category,deg|ft^2
b72c195b11e69082,hydraulics,.xls,15,s0015,worksheet,f000105,regular,worksheet-formula,2,filled-row,1,B47:H47,,,0,hydraulics.unresolved,catalog-category,deg|ft/s|gal/min|percent
b72c195b11e69082,hydraulics,.xls,15,s0015,worksheet,f000106,regular,worksheet-formula,14,rectangular-table,1,E18:K30,,,0,hydraulics.hole-cleaning,local-context,cP|deg|ft/s
b72c195b11e69082,hydraulics,.xls,15,s0015,worksheet,f000107,regular,worksheet-formula,2,filled-row,1,B43:H43,,,0,hydraulics.hole-cleaning,local-context,deg|ft/s
b72c195b11e69082,hydraulics,.xls,15,s0015,worksheet,f000108,regular,worksheet-formula,2,filled-row,1,B51:H51,IF,,0,hydraulics.unresolved,catalog-category,deg|in|percent
b72c195b11e69082,hydraulics,.xls,15,s0015,worksheet,f000109,regular,worksheet-formula,2,filled-row,1,B15:H15,,,0,hydraulics.hole-cleaning,local-context,deg|ft/s|percent
b72c195b11e69082,hydraulics,.xls,15,s0015,worksheet,f000110,regular,worksheet-formula,12,rectangular-table,1,B20:H30,IF,,0,hydraulics.hole-cleaning,local-context,cP|deg|ft/s
b72c195b11e69082,hydraulics,.xls,15,s0015,worksheet,f000111,regular,worksheet-formula,2,filled-row,1,B49:H49,IF,,0,hydraulics.unresolved,catalog-category,deg|gal/min|percent
b72c195b11e69082,hydraulics,.xls,15,s0015,worksheet,f000112,regular,worksheet-formula,1,single-cell,1,E13,,,0,hydraulics.hole-cleaning,local-context,deg|ft/s|percent
b72c195b11e69082,hydraulics,.xls,16,s0016,worksheet,f000113,regular,worksheet-formula,2,filled-row,1,B53:H53,,,0,hydraulics.unresolved,catalog-category,deg|percent
b72c195b11e69082,hydraulics,.xls,16,s0016,worksheet,f000114,regular,worksheet-formula,1,single-cell,1,B36,,,0,hydraulics.unresolved,catalog-category,deg
b72c195b11e69082,hydraulics,.xls,16,s0016,worksheet,f000115,regular,worksheet-formula,2,filled-row,1,E40:K40,PI,,0,hydraulics.unresolved,catalog-category,deg|ft^2
b72c195b11e69082,hydraulics,.xls,16,s0016,worksheet,f000116,regular,worksheet-formula,2,filled-row,1,B45:H45,,,0,hydraulics.hole-cleaning,local-context,deg|ft/s|gal/min
b72c195b11e69082,hydraulics,.xls,16,s0016,worksheet,f000117,regular,worksheet-formula,4,filled-row,1,B33:K33,,,0,hydraulics.hole-cleaning,local-context,deg
b72c195b11e69082,hydraulics,.xls,16,s0016,worksheet,f000118,regular,worksheet-formula,11,multi-area,11,B1|B3|B5|B7|B11|B18|E1|E3|E5|E7|H18,,,0,hydraulics.hole-cleaning,local-context,cP|deg|ft/h|ft/s|ft^2|gal/min|in|percent|ppg
b72c195b11e69082,hydraulics,.xls,16,s0016,worksheet,f000119,regular,worksheet-formula,1,single-cell,1,B38,,,0,hydraulics.unresolved,catalog-category,deg|ft^2
b72c195b11e69082,hydraulics,.xls,16,s0016,worksheet,f000120,regular,worksheet-formula,1,single-cell,1,B40,IF,,0,hydraulics.unresolved,catalog-category,deg|ft^2
b72c195b11e69082,hydraulics,.xls,16,s0016,worksheet,f000121,regular,worksheet-formula,2,filled-row,1,B47:H47,,,0,hydraulics.unresolved,catalog-category,deg|ft/s|gal/min|percent
b72c195b11e69082,hydraulics,.xls,16,s0016,worksheet,f000122,regular,worksheet-formula,14,rectangular-table,1,E18:K30,,,0,hydraulics.hole-cleaning,local-context,cP|deg|ft/s
b72c195b11e69082,hydraulics,.xls,16,s0016,worksheet,f000123,regular,worksheet-formula,2,filled-row,1,B43:H43,,,0,hydraulics.hole-cleaning,local-context,deg|ft/s
b72c195b11e69082,hydraulics,.xls,16,s0016,worksheet,f000124,regular,worksheet-formula,2,filled-row,1,B51:H51,IF,,0,hydraulics.unresolved,catalog-category,deg|in|percent
b72c195b11e69082,hydraulics,.xls,16,s0016,worksheet,f000125,regular,worksheet-formula,2,filled-row,1,B15:H15,,,0,hydraulics.hole-cleaning,local-context,deg|ft/s|percent
b72c195b11e69082,hydraulics,.xls,16,s0016,worksheet,f000126,regular,worksheet-formula,12,rectangular-table,1,B20:H30,IF,,0,hydraulics.hole-cleaning,local-context,cP|deg|ft/s
b72c195b11e69082,hydraulics,.xls,16,s0016,worksheet,f000127,regular,worksheet-formula,2,filled-row,1,B49:H49,IF,,0,hydraulics.unresolved,catalog-category,deg|gal/min|percent
b72c195b11e69082,hydraulics,.xls,16,s0016,worksheet,f000128,regular,worksheet-formula,1,single-cell,1,E13,,,0,hydraulics.hole-cleaning,local-context,deg|ft/s|percent
b72c195b11e69082,hydraulics,.xls,17,s0017,worksheet,f000129,regular,worksheet-formula,2,filled-row,1,B53:H53,,,0,hydraulics.unresolved,catalog-category,deg|percent
b72c195b11e69082,hydraulics,.xls,17,s0017,worksheet,f000130,regular,worksheet-formula,1,single-cell,1,B36,,,0,hydraulics.unresolved,catalog-category,deg
b72c195b11e69082,hydraulics,.xls,17,s0017,worksheet,f000131,regular,worksheet-formula,2,filled-row,1,E40:K40,PI,,0,hydraulics.unresolved,catalog-category,deg|ft^2
b72c195b11e69082,hydraulics,.xls,17,s0017,worksheet,f000132,regular,worksheet-formula,2,filled-row,1,B45:H45,,,0,hydraulics.hole-cleaning,local-context,deg|ft/s|gal/min
b72c195b11e69082,hydraulics,.xls,17,s0017,worksheet,f000133,regular,worksheet-formula,4,filled-row,1,B33:K33,,,0,hydraulics.hole-cleaning,local-context,deg
b72c195b11e69082,hydraulics,.xls,17,s0017,worksheet,f000134,regular,worksheet-formula,11,multi-area,11,B1|B3|B5|B7|B11|B18|E1|E3|E5|E7|H18,,,0,hydraulics.hole-cleaning,local-context,cP|deg|ft/h|ft/s|ft^2|gal/min|in|percent|ppg
b72c195b11e69082,hydraulics,.xls,17,s0017,worksheet,f000135,regular,worksheet-formula,1,single-cell,1,B38,,,0,hydraulics.unresolved,catalog-category,deg|ft^2
b72c195b11e69082,hydraulics,.xls,17,s0017,worksheet,f000136,regular,worksheet-formula,1,single-cell,1,B40,IF,,0,hydraulics.unresolved,catalog-category,deg|ft^2
b72c195b11e69082,hydraulics,.xls,17,s0017,worksheet,f000137,regular,worksheet-formula,2,filled-row,1,B47:H47,,,0,hydraulics.unresolved,catalog-category,deg|ft/s|gal/min|percent
b72c195b11e69082,hydraulics,.xls,17,s0017,worksheet,f000138,regular,worksheet-formula,14,rectangular-table,1,E18:K30,,,0,hydraulics.hole-cleaning,local-context,cP|deg|ft/s
b72c195b11e69082,hydraulics,.xls,17,s0017,worksheet,f000139,regular,worksheet-formula,2,filled-row,1,B43:H43,,,0,hydraulics.hole-cleaning,local-context,deg|ft/s
b72c195b11e69082,hydraulics,.xls,17,s0017,worksheet,f000140,regular,worksheet-formula,2,filled-row,1,B51:H51,IF,,0,hydraulics.unresolved,catalog-category,deg|in|percent
b72c195b11e69082,hydraulics,.xls,17,s0017,worksheet,f000141,regular,worksheet-formula,2,filled-row,1,B15:H15,,,0,hydraulics.hole-cleaning,local-context,deg|ft/s|percent
b72c195b11e69082,hydraulics,.xls,17,s0017,worksheet,f000142,regular,worksheet-formula,12,rectangular-table,1,B20:H30,IF,,0,hydraulics.hole-cleaning,local-context,cP|deg|ft/s
b72c195b11e69082,hydraulics,.xls,17,s0017,worksheet,f000143,regular,worksheet-formula,2,filled-row,1,B49:H49,IF,,0,hydraulics.unresolved,catalog-category,deg|gal/min|percent
b72c195b11e69082,hydraulics,.xls,17,s0017,worksheet,f000144,regular,worksheet-formula,1,single-cell,1,E13,,,0,hydraulics.hole-cleaning,local-context,deg|ft/s|percent
b72c195b11e69082,hydraulics,.xls,18,s0018,worksheet,f000145,regular,worksheet-formula,2,filled-row,1,B53:H53,,,0,hydraulics.unresolved,catalog-category,deg|percent
b72c195b11e69082,hydraulics,.xls,18,s0018,worksheet,f000146,regular,worksheet-formula,1,single-cell,1,B36,,,0,hydraulics.unresolved,catalog-category,deg
b72c195b11e69082,hydraulics,.xls,18,s0018,worksheet,f000147,regular,worksheet-formula,2,filled-row,1,E40:K40,PI,,0,hydraulics.unresolved,catalog-category,deg|ft^2
b72c195b11e69082,hydraulics,.xls,18,s0018,worksheet,f000148,regular,worksheet-formula,2,filled-row,1,B45:H45,,,0,hydraulics.hole-cleaning,local-context,deg|ft/s|gal/min
b72c195b11e69082,hydraulics,.xls,18,s0018,worksheet,f000149,regular,worksheet-formula,4,filled-row,1,B33:K33,,,0,hydraulics.hole-cleaning,local-context,deg
b72c195b11e69082,hydraulics,.xls,18,s0018,worksheet,f000150,regular,worksheet-formula,11,multi-area,11,B1|B3|B5|B7|B11|B18|E1|E3|E5|E7|H18,,,0,hydraulics.hole-cleaning,local-context,cP|deg|ft/h|ft/s|ft^2|gal/min|in|percent|ppg
b72c195b11e69082,hydraulics,.xls,18,s0018,worksheet,f000151,regular,worksheet-formula,1,single-cell,1,B38,,,0,hydraulics.unresolved,catalog-category,deg|ft^2
b72c195b11e69082,hydraulics,.xls,18,s0018,worksheet,f000152,regular,worksheet-formula,1,single-cell,1,B40,IF,,0,hydraulics.unresolved,catalog-category,deg|ft^2
b72c195b11e69082,hydraulics,.xls,18,s0018,worksheet,f000153,regular,worksheet-formula,2,filled-row,1,B47:H47,,,0,hydraulics.unresolved,catalog-category,deg|ft/s|gal/min|percent
b72c195b11e69082,hydraulics,.xls,18,s0018,worksheet,f000154,regular,worksheet-formula,14,rectangular-table,1,E18:K30,,,0,hydraulics.hole-cleaning,local-context,cP|deg|ft/s
b72c195b11e69082,hydraulics,.xls,18,s0018,worksheet,f000155,regular,worksheet-formula,2,filled-row,1,B43:H43,,,0,hydraulics.hole-cleaning,local-context,deg|ft/s
b72c195b11e69082,hydraulics,.xls,18,s0018,worksheet,f000156,regular,worksheet-formula,2,filled-row,1,B51:H51,IF,,0,hydraulics.unresolved,catalog-category,deg|in|percent
b72c195b11e69082,hydraulics,.xls,18,s0018,worksheet,f000157,regular,worksheet-formula,2,filled-row,1,B15:H15,,,0,hydraulics.hole-cleaning,local-context,deg|ft/s|percent
b72c195b11e69082,hydraulics,.xls,18,s0018,worksheet,f000158,regular,worksheet-formula,12,rectangular-table,1,B20:H30,IF,,0,hydraulics.hole-cleaning,local-context,cP|deg|ft/s
b72c195b11e69082,hydraulics,.xls,18,s0018,worksheet,f000159,regular,worksheet-formula,2,filled-row,1,B49:H49,IF,,0,hydraulics.unresolved,catalog-category,deg|gal/min|percent
b72c195b11e69082,hydraulics,.xls,18,s0018,worksheet,f000160,regular,worksheet-formula,1,single-cell,1,E13,,,0,hydraulics.hole-cleaning,local-context,deg|ft/s|percent
b72c195b11e69082,hydraulics,.xls,19,s0019,worksheet,f000161,regular,worksheet-formula,2,filled-row,1,B53:H53,,,0,hydraulics.unresolved,catalog-category,deg|percent
b72c195b11e69082,hydraulics,.xls,19,s0019,worksheet,f000162,regular,worksheet-formula,1,single-cell,1,B36,,,0,hydraulics.unresolved,catalog-category,deg
b72c195b11e69082,hydraulics,.xls,19,s0019,worksheet,f000163,regular,worksheet-formula,2,filled-row,1,E40:K40,PI,,0,hydraulics.unresolved,catalog-category,deg|ft^2
b72c195b11e69082,hydraulics,.xls,19,s0019,worksheet,f000164,regular,worksheet-formula,2,filled-row,1,B45:H45,,,0,hydraulics.hole-cleaning,local-context,deg|ft/s|gal/min
b72c195b11e69082,hydraulics,.xls,19,s0019,worksheet,f000165,regular,worksheet-formula,4,filled-row,1,B33:K33,,,0,hydraulics.hole-cleaning,local-context,deg
b72c195b11e69082,hydraulics,.xls,19,s0019,worksheet,f000166,regular,worksheet-formula,11,multi-area,11,B1|B3|B5|B7|B11|B18|E1|E3|E5|E7|H18,,,0,hydraulics.hole-cleaning,local-context,cP|deg|ft/h|ft/s|ft^2|gal/min|in|percent|ppg
b72c195b11e69082,hydraulics,.xls,19,s0019,worksheet,f000167,regular,worksheet-formula,1,single-cell,1,B38,,,0,hydraulics.unresolved,catalog-category,deg|ft^2
b72c195b11e69082,hydraulics,.xls,19,s0019,worksheet,f000168,regular,worksheet-formula,1,single-cell,1,B40,IF,,0,hydraulics.unresolved,catalog-category,deg|ft^2
b72c195b11e69082,hydraulics,.xls,19,s0019,worksheet,f000169,regular,worksheet-formula,2,filled-row,1,B47:H47,,,0,hydraulics.unresolved,catalog-category,deg|ft/s|gal/min|percent
b72c195b11e69082,hydraulics,.xls,19,s0019,worksheet,f000170,regular,worksheet-formula,14,rectangular-table,1,E18:K30,,,0,hydraulics.hole-cleaning,local-context,cP|deg|ft/s
b72c195b11e69082,hydraulics,.xls,19,s0019,worksheet,f000171,regular,worksheet-formula,2,filled-row,1,B43:H43,,,0,hydraulics.hole-cleaning,local-context,deg|ft/s
b72c195b11e69082,hydraulics,.xls,19,s0019,worksheet,f000172,regular,worksheet-formula,2,filled-row,1,B51:H51,IF,,0,hydraulics.unresolved,catalog-category,deg|in|percent
b72c195b11e69082,hydraulics,.xls,19,s0019,worksheet,f000173,regular,worksheet-formula,2,filled-row,1,B15:H15,,,0,hydraulics.hole-cleaning,local-context,deg|ft/s|percent
b72c195b11e69082,hydraulics,.xls,19,s0019,worksheet,f000174,regular,worksheet-formula,12,rectangular-table,1,B20:H30,IF,,0,hydraulics.hole-cleaning,local-context,cP|deg|ft/s
b72c195b11e69082,hydraulics,.xls,19,s0019,worksheet,f000175,regular,worksheet-formula,2,filled-row,1,B49:H49,IF,,0,hydraulics.unresolved,catalog-category,deg|gal/min|percent
b72c195b11e69082,hydraulics,.xls,19,s0019,worksheet,f000176,regular,worksheet-formula,1,single-cell,1,E13,,,0,hydraulics.hole-cleaning,local-context,deg|ft/s|percent
b72c195b11e69082,hydraulics,.xls,5,s0005,worksheet,f000177,regular,worksheet-formula,6,filled-row,1,C5:H5,,,0,hydraulics.unresolved,catalog-category,in|percent
b72c195b11e69082,hydraulics,.xls,5,s0005,worksheet,f000178,regular,worksheet-formula,1,single-cell,1,C1,,,0,hydraulics.unresolved,catalog-category,percent
b72c195b11e69082,hydraulics,.xls,5,s0005,worksheet,f000179,regular,worksheet-formula,6,filled-row,1,C12:H12,,,0,hydraulics.unresolved,catalog-category,
b72c195b11e69082,hydraulics,.xls,5,s0005,worksheet,f000180,regular,worksheet-formula,6,filled-row,1,C8:H8,,,0,hydraulics.unresolved,catalog-category,
b72c195b11e69082,hydraulics,.xls,5,s0005,worksheet,f000181,regular,worksheet-formula,6,filled-row,1,C14:H14,,,0,hydraulics.unresolved,catalog-category,
b72c195b11e69082,hydraulics,.xls,5,s0005,worksheet,f000182,regular,worksheet-formula,6,filled-row,1,C6:H6,,,0,hydraulics.unresolved,catalog-category,in|percent
b72c195b11e69082,hydraulics,.xls,5,s0005,worksheet,f000183,regular,worksheet-formula,6,filled-row,1,C7:H7,,,0,hydraulics.unresolved,catalog-category,in|percent
b72c195b11e69082,hydraulics,.xls,5,s0005,worksheet,f000184,regular,worksheet-formula,6,filled-row,1,C10:H10,,,0,hydraulics.unresolved,catalog-category,
b72c195b11e69082,hydraulics,.xls,5,s0005,worksheet,f000185,regular,worksheet-formula,6,filled-row,1,C9:H9,,,0,hydraulics.unresolved,catalog-category,
b72c195b11e69082,hydraulics,.xls,5,s0005,worksheet,f000186,regular,worksheet-formula,6,filled-row,1,C13:H13,,,0,hydraulics.unresolved,catalog-category,
b72c195b11e69082,hydraulics,.xls,5,s0005,worksheet,f000187,regular,worksheet-formula,6,filled-row,1,C11:H11,,,0,hydraulics.unresolved,catalog-category,
b72c195b11e69082,hydraulics,.xls,5,s0005,worksheet,f000188,regular,worksheet-formula,6,filled-row,1,C4:H4,,,0,hydraulics.unresolved,catalog-category,in|percent
b72c195b11e69082,hydraulics,.xls,4,s0004,worksheet,f000189,regular,worksheet-formula,2,filled-row,1,B53:H53,,,0,hydraulics.unresolved,catalog-category,percent
b72c195b11e69082,hydraulics,.xls,4,s0004,worksheet,f000190,regular,worksheet-formula,1,single-cell,1,B36,,,0,hydraulics.unresolved,catalog-category,
b72c195b11e69082,hydraulics,.xls,4,s0004,worksheet,f000191,regular,worksheet-formula,2,filled-row,1,E40:K40,PI,,0,hydraulics.unresolved,catalog-category,ft^2
b72c195b11e69082,hydraulics,.xls,4,s0004,worksheet,f000192,regular,worksheet-formula,2,filled-row,1,B45:H45,,,0,hydraulics.hole-cleaning,local-context,ft/s|gal/min
b72c195b11e69082,hydraulics,.xls,4,s0004,worksheet,f000193,regular,worksheet-formula,4,filled-row,1,B33:K33,,,0,hydraulics.hole-cleaning,local-context,
b72c195b11e69082,hydraulics,.xls,4,s0004,worksheet,f000194,regular,worksheet-formula,1,single-cell,1,B38,,,0,hydraulics.unresolved,catalog-category,ft^2
b72c195b11e69082,hydraulics,.xls,4,s0004,worksheet,f000195,regular,worksheet-formula,3,filled-column,1,H4:H8,IF,,0,hydraulics.unresolved,catalog-category,gal/min|in|percent
b72c195b11e69082,hydraulics,.xls,4,s0004,worksheet,f000196,regular,worksheet-formula,1,single-cell,1,B40,IF,,0,hydraulics.unresolved,catalog-category,ft^2
b72c195b11e69082,hydraulics,.xls,4,s0004,worksheet,f000197,regular,worksheet-formula,2,filled-row,1,B47:H47,,,0,hydraulics.unresolved,catalog-category,ft/s|gal/min|percent
b72c195b11e69082,hydraulics,.xls,4,s0004,worksheet,f000198,regular,worksheet-formula,14,rectangular-table,1,E18:K30,,,0,hydraulics.hole-cleaning,local-context,cP|ft/s
b72c195b11e69082,hydraulics,.xls,4,s0004,worksheet,f000199,regular,worksheet-formula,2,filled-row,1,B43:H43,,,0,hydraulics.hole-cleaning,local-context,ft/s
b72c195b11e69082,hydraulics,.xls,4,s0004,worksheet,f000200,regular,worksheet-formula,2,filled-row,1,B51:H51,IF,,0,hydraulics.unresolved,catalog-category,in|percent
b72c195b11e69082,hydraulics,.xls,4,s0004,worksheet,f000201,regular,worksheet-formula,2,filled-row,1,B15:H15,,,0,hydraulics.hole-cleaning,local-context,ft/s|percent
b72c195b11e69082,hydraulics,.xls,4,s0004,worksheet,f000202,regular,worksheet-formula,12,rectangular-table,1,B20:H30,IF,,0,hydraulics.hole-cleaning,local-context,cP|ft/s
b72c195b11e69082,hydraulics,.xls,4,s0004,worksheet,f000203,regular,worksheet-formula,2,filled-row,1,B49:H49,IF,,0,hydraulics.unresolved,catalog-category,gal/min|percent
b72c195b11e69082,hydraulics,.xls,4,s0004,worksheet,f000204,regular,worksheet-formula,1,single-cell,1,E13,,,0,hydraulics.hole-cleaning,local-context,ft/s|percent
b72c195b11e69082,hydraulics,.xls,21,s0021,worksheet,f000205,regular,worksheet-formula,1,single-cell,1,A3,,,0,hydraulics.unresolved,catalog-category,percent
bcae2b0cfa613071,hydraulics,.xlsx,1,s0001,worksheet,f000001,regular,worksheet-formula,34916,filled-column,1,E2:E34917,,,0,hydraulics.fluid-properties,local-context,
bcae2b0cfa613071,hydraulics,.xlsx,1,s0001,worksheet,f000002,regular,worksheet-formula,69629,multi-area,2,AD2:AD34714|AE2:AE34917,,,0,hydraulics.unresolved,catalog-category,
c00c3d2869bee7b4,directional,.xls,3,s0003,worksheet,f000001,regular,worksheet-formula,1,single-cell,1,B11,,,0,directional.coordinates,local-context,
c00c3d2869bee7b4,directional,.xls,3,s0003,worksheet,f000002,regular,worksheet-formula,1,single-cell,1,E8,RADIANS|TAN,,0,directional.coordinates,local-context,
c00c3d2869bee7b4,directional,.xls,5,s0005,worksheet,f000003,regular,worksheet-formula,1,single-cell,1,V16,ASIN|DEGREES,,0,directional.coordinates,local-context,
c00c3d2869bee7b4,directional,.xls,5,s0005,worksheet,f000004,regular,worksheet-formula,32,multi-area,12,C4|D4|E4|F4|F79:F81|F100:F103|M5|M33:M36|M43:M46|M54:M58|M89:M91|M100:M103,,,0,directional.coordinates,local-context,
c00c3d2869bee7b4,directional,.xls,5,s0005,worksheet,f000005,regular,worksheet-formula,45,multi-area,12,H12:H16|H33:H36|H43:H46|H54:H58|H89:H91|H100:H103|H123:H124|K43:K46|K54:K58|K89:K91|K100:K103|K123:K124,IF,,0,directional.unresolved,catalog-category,
c00c3d2869bee7b4,directional,.xls,5,s0005,worksheet,f000006,regular,worksheet-formula,54,rectangular-table,1,I12:J124,AVERAGE|IF,,0,directional.unresolved,catalog-category,
c00c3d2869bee7b4,directional,.xls,5,s0005,worksheet,f000007,regular,worksheet-formula,24,filled-column,1,O5:O103,PI|SIN,,0,directional.coordinates,local-context,
c00c3d2869bee7b4,directional,.xls,5,s0005,worksheet,f000008,regular,worksheet-formula,1,single-cell,1,U15,VLOOKUP,,0,directional.coordinates,local-context,
c00c3d2869bee7b4,directional,.xls,5,s0005,worksheet,f000009,regular,worksheet-formula,23,filled-column,1,N6:N122,,,0,directional.unresolved,catalog-category,
c00c3d2869bee7b4,directional,.xls,5,s0005,worksheet,f000010,regular,worksheet-formula,1,single-cell,1,T15,MAX,,0,directional.coordinates,local-context,
c00c3d2869bee7b4,directional,.xls,5,s0005,worksheet,f000011,regular,worksheet-formula,7,filled-column,1,A91:A103,,,0,directional.unresolved,catalog-category,
c00c3d2869bee7b4,directional,.xls,5,s0005,worksheet,f000012,regular,worksheet-formula,22,filled-column,1,G33:G124,ATAN|IF|PI,,0,directional.unresolved,catalog-category,
c00c3d2869bee7b4,directional,.xls,5,s0005,worksheet,f000013,regular,worksheet-formula,24,filled-column,1,L5:L103,PI|SIN,,0,directional.unresolved,catalog-category,
c00c3d2869bee7b4,directional,.xls,5,s0005,worksheet,f000014,regular,worksheet-formula,12,multi-area,5,C5|C12:C16|C33:C35|D5|F123:F124,IF|SUM,,0,directional.unresolved,catalog-category,
c00c3d2869bee7b4,directional,.xls,5,s0005,worksheet,f000015,regular,worksheet-formula,1,single-cell,1,V15,VLOOKUP,,0,directional.coordinates,local-context,
c00c3d2869bee7b4,directional,.xls,2,s0002,worksheet,f000016,regular,worksheet-formula,1433,multi-area,10,B21:B198|B201:B207|B209:B251|B253:B501|C21:C198|C201:C207|C209:C501|D21:D198|D201:D207|D209:D501,,,0,directional.unresolved,catalog-category,deg|ft
c00c3d2869bee7b4,directional,.xls,2,s0002,worksheet,f000017,regular,worksheet-formula,2,filled-column,1,F168:F169,IF,,0,directional.unresolved,catalog-category,
c00c3d2869bee7b4,directional,.xls,2,s0002,worksheet,f000018,regular,worksheet-formula,1,single-cell,1,S20,ACOS|COS|IF|SIN,,0,directional.unresolved,catalog-category,rad
c00c3d2869bee7b4,directional,.xls,2,s0002,worksheet,f000019,regular,worksheet-formula,2,filled-column,1,R10:R11,IF,,0,directional.coordinates,local-context,deg|ft
c00c3d2869bee7b4,directional,.xls,2,s0002,worksheet,f000020,regular,worksheet-formula,7,filled-column,1,L106:L112,ATAN2|IF|PI,,0,directional.unresolved,catalog-category,
c00c3d2869bee7b4,directional,.xls,2,s0002,worksheet,f000021,regular,worksheet-formula,1,single-cell,1,T111,IF|PI|SIN,,0,directional.unresolved,catalog-category,
c00c3d2869bee7b4,directional,.xls,4,s0004,worksheet,f000022,regular,worksheet-formula,2,filled-column,1,H3:H4,IF|INDEX|MATCH|UDF,,0,directional.unresolved,catalog-category,
c00c3d2869bee7b4,directional,.xls,4,s0004,worksheet,f000023,regular,worksheet-formula,1,single-cell,1,AR61,,,0,directional.unresolved,catalog-category,
c00c3d2869bee7b4,directional,.xls,4,s0004,worksheet,f000024,regular,worksheet-formula,2,filled-row,1,O4:P4,,,0,directional.coordinates,local-context,
c00c3d2869bee7b4,directional,.xls,4,s0004,worksheet,f000025,regular,worksheet-formula,2,filled-column,1,J3:J4,ACOS|COS|IF|INDEX|MATCH|PI|RADIANS|SIN|TAN,,0,directional.coordinates,local-context,
c00c3d2869bee7b4,directional,.xls,4,s0004,worksheet,f000026,regular,worksheet-formula,1,single-cell,1,AR62,,,0,directional.unresolved,catalog-category,
c00c3d2869bee7b4,directional,.xls,4,s0004,worksheet,f000027,regular,worksheet-formula,15,multi-area,11,B6|C4|C6|D3:D6|F3:F4|K4|L4|M4|N4|AJ4|AK4,,,0,directional.coordinates,local-context,
c00c3d2869bee7b4,directional,.xls,4,s0004,worksheet,f000028,regular,worksheet-formula,2,filled-row,1,R4:AI4,,,0,directional.coordinates,local-context,
c00c3d2869bee7b4,directional,.xls,4,s0004,worksheet,f000029,regular,worksheet-formula,2,filled-column,1,G3:G4,IF|INDEX|MATCH|UDF,,0,directional.unresolved,catalog-category,
c00c3d2869bee7b4,directional,.xls,4,s0004,worksheet,f000030,regular,worksheet-formula,2,filled-column,1,I3:I4,IF|INDEX|MATCH,,0,directional.coordinates,local-context,
c00c3d2869bee7b4,directional,.xls,4,s0004,worksheet,f000031,regular,worksheet-formula,2,filled-row,1,Q4:AH4,ASIN|DEGREES,,0,directional.coordinates,local-context,
c00c3d2869bee7b4,directional,.xls,4,s0004,worksheet,f000032,regular,worksheet-formula,1,single-cell,1,AR59,,,0,directional.unresolved,catalog-category,
c00c3d2869bee7b4,directional,.xls,4,s0004,worksheet,f000033,regular,worksheet-formula,2,filled-column,1,C3:C5,,,0,directional.unresolved,catalog-category,
c00c3d2869bee7b4,directional,.xls,4,s0004,worksheet,f000034,regular,worksheet-formula,2,filled-row,1,S4:T4,VLOOKUP,,0,directional.unresolved,catalog-category,s
c00c3d2869bee7b4,directional,.xls,8,s0008,worksheet,f000035,regular,worksheet-formula,10,filled-column,1,HX24:HX33,,,0,directional.unresolved,catalog-category,percent
c00c3d2869bee7b4,directional,.xls,8,s0008,worksheet,f000036,regular,worksheet-formula,12,rectangular-table,1,ID44:IG113,IF,,0,directional.unresolved,catalog-category,
c00c3d2869bee7b4,directional,.xls,8,s0008,worksheet,f000037,regular,worksheet-formula,13,multi-area,10,IR56|IR92:IR93|IR114|IS56|IS92:IS93|IT47|IT56|IT92:IT93|IT116|IT137,,,0,directional.unresolved,catalog-category,
c00c3d2869bee7b4,directional,.xls,8,s0008,worksheet,f000038,regular,worksheet-formula,9,multi-area,6,S12|U44|U55|U149|U151|U201:U204,IF|OR|PI|SIN,,0,directional.unresolved,catalog-category,
c00c3d2869bee7b4,directional,.xls,8,s0008,worksheet,f000039,regular,worksheet-formula,5,filled-column,1,HI35:HI39,,,0,directional.unresolved,catalog-category,
c00c3d2869bee7b4,directional,.xls,8,s0008,worksheet,f000040,regular,worksheet-formula,18,multi-area,13,O12|HH35:HH39|IR90:IR91|IR113|IS121|IS149|IS151|IT43|IT114|IT121|IT130|IT145|IT150,,,0,directional.unresolved,catalog-category,
c00c3d2869bee7b4,directional,.xls,8,s0008,worksheet,f000041,regular,worksheet-formula,12,filled-column,1,P12:P412,IF,,0,directional.unresolved,catalog-category,
c00c3d2869bee7b4,directional,.xls,8,s0008,worksheet,f000042,regular,worksheet-formula,1,single-cell,1,M415,IF|INDEX|MATCH,,0,directional.dogleg-severity,local-context,
c00c3d2869bee7b4,directional,.xls,8,s0008,worksheet,f000043,regular,worksheet-formula,1,single-cell,1,I415,ACOS|COS|IF|INDEX|MATCH|PI|SIN|TAN,,0,directional.dogleg-severity,local-context,
c00c3d2869bee7b4,directional,.xls,8,s0008,worksheet,f000044,regular,worksheet-formula,1,single-cell,1,L415,IF|INDEX|MATCH,,0,directional.dogleg-severity,local-context,
c00c3d2869bee7b4,directional,.xls,8,s0008,worksheet,f000045,regular,worksheet-formula,16,filled-column,1,K13:K413,ACOS|COS|IF|PI|SIN,,0,directional.dogleg-severity,local-context,
c00c3d2869bee7b4,directional,.xls,8,s0008,worksheet,f000046,regular,worksheet-formula,1,single-cell,1,J415,ACOS|COS|IF|INDEX|MATCH|PI|SIN|TAN,,0,directional.dogleg-severity,local-context,
c00c3d2869bee7b4,directional,.xls,8,s0008,worksheet,f000047,regular,worksheet-formula,12,filled-column,1,J13:J413,ACOS|COS|IF|PI|SIN|TAN,,0,directional.dogleg-severity,local-context,
c00c3d2869bee7b4,directional,.xls,8,s0008,worksheet,f000048,regular,worksheet-formula,4,filled-row,1,ID57:IG57,IF,,0,directional.unresolved,catalog-category,
c00c3d2869bee7b4,directional,.xls,8,s0008,worksheet,f000049,regular,worksheet-formula,8,multi-area,8,FK45|FK56|FS45|FS56|ID12|IE12|IF12|IG12,,,0,directional.dogleg-severity,local-context,
c00c3d2869bee7b4,directional,.xls,8,s0008,worksheet,f000050,regular,worksheet-formula,1,single-cell,1,ES58,,,0,directional.unresolved,catalog-category,
c00c3d2869bee7b4,directional,.xls,8,s0008,worksheet,f000051,regular,worksheet-formula,1,single-cell,1,F415,IF|INDEX|MATCH,,0,directional.unresolved,catalog-category,
c00c3d2869bee7b4,directional,.xls,8,s0008,worksheet,f000052,regular,worksheet-formula,1,single-cell,1,D415,IF|INDEX|MATCH|UDF,,0,directional.unresolved,catalog-category,
c00c3d2869bee7b4,directional,.xls,8,s0008,worksheet,f000053,regular,worksheet-formula,1,single-cell,1,HJ35,,,0,directional.unresolved,catalog-category,
c00c3d2869bee7b4,directional,.xls,8,s0008,worksheet,f000054,regular,worksheet-formula,1,single-cell,1,E415,IF|INDEX|MATCH|UDF,,0,directional.unresolved,catalog-category,
c00c3d2869bee7b4,directional,.xls,8,s0008,worksheet,f000055,regular,worksheet-formula,7,multi-area,4,R12|T44|T55|T201:T204,IF,,0,directional.unresolved,catalog-category,
c00c3d2869bee7b4,directional,.xls,8,s0008,worksheet,f000056,regular,worksheet-formula,1,single-cell,1,B413,IF,,0,directional.unresolved,catalog-category,
c00c3d2869bee7b4,directional,.xls,8,s0008,worksheet,f000057,regular,worksheet-formula,5,multi-area,2,Q12|S201:S204,ATAN|DEGREES|IF,,0,directional.unresolved,catalog-category,
c00c3d2869bee7b4,directional,.xls,8,s0008,worksheet,f000058,regular,worksheet-formula,6,filled-column,1,R44:R204,IF|SQRT|UDF,,0,directional.unresolved,catalog-category,
c00c3d2869bee7b4,directional,.xls,8,s0008,worksheet,f000059,regular,worksheet-formula,1,single-cell,1,GJ113,,,0,directional.unresolved,catalog-category,
c00c3d2869bee7b4,directional,.xls,8,s0008,worksheet,f000060,regular,worksheet-formula,2,filled-column,1,H13:H415,ATAN2|COS|IF|PI|SQRT,,0,directional.unresolved,catalog-category,
c00c3d2869bee7b4,directional,.xls,8,s0008,worksheet,f000061,regular,worksheet-formula,1,single-cell,1,HH28,,,0,directional.unresolved,catalog-category,
c00c3d2869bee7b4,directional,.xls,8,s0008,worksheet,f000062,regular,worksheet-formula,2,filled-column,1,FW48:FW49,,,0,directional.unresolved,catalog-category,
c00c3d2869bee7b4,directional,.xls,8,s0008,worksheet,f000063,regular,worksheet-formula,38,filled-column,1,W164:W201,AVERAGE|IF,,0,directional.unresolved,catalog-category,
c00c3d2869bee7b4,directional,.xls,8,s0008,worksheet,f000064,regular,worksheet-formula,12,filled-column,1,I13:I413,ACOS|COS|IF|PI|SIN|TAN,,0,directional.dogleg-severity,local-context,
c00c3d2869bee7b4,directional,.xls,8,s0008,worksheet,f000065,regular,worksheet-formula,16,rectangular-table,1,ID56:IG114,IF,,0,directional.unresolved,catalog-category,
c00c3d2869bee7b4,directional,.xls,8,s0008,worksheet,f000066,regular,worksheet-formula,1,single-cell,1,GW48,,,0,directional.unresolved,catalog-category,
c00c3d2869bee7b4,directional,.xls,8,s0008,worksheet,f000067,regular,worksheet-formula,1,single-cell,1,G415,ACOS|COS|IF|INDEX|MATCH|PI|RADIANS|SIN|TAN,,0,directional.unresolved,catalog-category,
c00c3d2869bee7b4,directional,.xls,8,s0008,worksheet,f000068,regular,worksheet-formula,6,filled-column,1,F13:F205,IF,,0,directional.unresolved,catalog-category,
c00c3d2869bee7b4,directional,.xls,8,s0008,worksheet,f000069,regular,worksheet-formula,1,single-cell,1,GR24,,,0,directional.unresolved,catalog-category,
c00c3d2869bee7b4,directional,.xls,8,s0008,worksheet,f000070,regular,worksheet-formula,12,filled-column,1,G13:G413,ACOS|COS|IF|PI|SIN|TAN,,0,directional.unresolved,catalog-category,
c00c3d2869bee7b4,directional,.xls,8,s0008,worksheet,f000071,regular,worksheet-formula,1,single-cell,1,K415,ACOS|COS|IF|INDEX|MATCH|PI|SIN,,0,directional.dogleg-severity,local-context,
c00c3d2869bee7b4,directional,.xls,8,s0008,worksheet,f000072,regular,worksheet-formula,6,filled-column,1,Q44:Q204,ATAN2|DEGREES|IF,,0,directional.unresolved,catalog-category,
c00c3d2869bee7b4,directional,.xls,8,s0008,worksheet,f000073,regular,worksheet-formula,1,single-cell,1,HZ33,,,0,directional.unresolved,catalog-category,
c00c3d2869bee7b4,directional,.xls,8,s0008,worksheet,f000074,regular,worksheet-formula,5,filled-column,1,M13:M151,IF,,0,directional.dogleg-severity,local-context,
c00c3d2869bee7b4,directional,.xls,8,s0008,worksheet,f000075,regular,worksheet-formula,10,filled-column,1,L13:L413,IF,,0,directional.dogleg-severity,local-context,
c00c3d2869bee7b4,directional,.xls,8,s0008,worksheet,f000076,regular,worksheet-formula,24,filled-column,1,W140:W163,AVERAGE,,0,directional.unresolved,catalog-category,
c00c3d2869bee7b4,directional,.xls,7,s0007,worksheet,f000077,regular,worksheet-formula,5,multi-area,5,I6|I16|I169|J6|K6,,,0,directional.unresolved,catalog-category,
c00c3d2869bee7b4,directional,.xls,7,s0007,worksheet,f000078,regular,worksheet-formula,3,filled-row,1,H1359:J1359,IF,,0,directional.unresolved,catalog-category,
c00c3d2869bee7b4,directional,.xls,1,s0001,worksheet,f000079,regular,worksheet-formula,10,filled-column,1,HX24:HX33,,,0,directional.unresolved,catalog-category,percent
c00c3d2869bee7b4,directional,.xls,1,s0001,worksheet,f000080,regular,worksheet-formula,8,rectangular-table,1,ID113:IG157,IF,,0,directional.unresolved,catalog-category,
c00c3d2869bee7b4,directional,.xls,1,s0001,worksheet,f000081,regular,worksheet-formula,14,multi-area,11,IR56|IR92:IR93|IR114|IS56|IS92:IS93|IS158|IT47|IT56|IT92:IT93|IT116|IT137,,,0,directional.unresolved,catalog-category,
c00c3d2869bee7b4,directional,.xls,1,s0001,worksheet,f000082,regular,worksheet-formula,7,multi-area,4,S12|U130|U142|U157:U160,IF|OR|PI|SIN,,0,directional.unresolved,catalog-category,
c00c3d2869bee7b4,directional,.xls,1,s0001,worksheet,f000083,regular,worksheet-formula,5,filled-column,1,HI35:HI39,,,0,directional.unresolved,catalog-category,
c00c3d2869bee7b4,directional,.xls,1,s0001,worksheet,f000084,regular,worksheet-formula,20,multi-area,11,O156|O268|HH35:HH39|IR113|IR157|IS113|IS157|IS159|IT43:IT46|IT113:IT115|IT130,,,0,directional.unresolved,catalog-category,
c00c3d2869bee7b4,directional,.xls,1,s0001,worksheet,f000085,regular,worksheet-formula,4,filled-column,1,P156:P290,IF,,0,directional.unresolved,catalog-category,
c00c3d2869bee7b4,directional,.xls,1,s0001,worksheet,f000086,regular,worksheet-formula,1,single-cell,1,M415,IF|INDEX|MATCH,,0,directional.dogleg-severity,local-context,
c00c3d2869bee7b4,directional,.xls,1,s0001,worksheet,f000087,regular,worksheet-formula,5,filled-column,1,J157:J161,ACOS|COS|IF|PI|SIN|TAN,,0,directional.unresolved,catalog-category,
c00c3d2869bee7b4,directional,.xls,1,s0001,worksheet,f000088,regular,worksheet-formula,1,single-cell,1,I415,ACOS|COS|IF|INDEX|MATCH|PI|SIN|TAN,,0,directional.dogleg-severity,local-context,
c00c3d2869bee7b4,directional,.xls,1,s0001,worksheet,f000089,regular,worksheet-formula,1,single-cell,1,L415,IF|INDEX|MATCH,,0,directional.dogleg-severity,local-context,
c00c3d2869bee7b4,directional,.xls,1,s0001,worksheet,f000090,regular,worksheet-formula,5,filled-column,1,K157:K161,ACOS|COS|IF|PI|SIN,,0,directional.unresolved,catalog-category,
c00c3d2869bee7b4,directional,.xls,1,s0001,worksheet,f000091,regular,worksheet-formula,1,single-cell,1,J415,ACOS|COS|IF|INDEX|MATCH|PI|SIN|TAN,,0,directional.dogleg-severity,local-context,
c00c3d2869bee7b4,directional,.xls,1,s0001,worksheet,f000092,regular,worksheet-formula,1,single-cell,1,J413,ACOS|COS|IF|PI|SIN|TAN,,0,directional.dogleg-severity,local-context,
c00c3d2869bee7b4,directional,.xls,1,s0001,worksheet,f000093,regular,worksheet-formula,4,filled-row,1,ID57:IG57,IF,,0,directional.unresolved,catalog-category,
c00c3d2869bee7b4,directional,.xls,1,s0001,worksheet,f000094,regular,worksheet-formula,8,multi-area,8,FK45|FK56|FS45|FS56|ID12|IE12|IF12|IG12,,,0,directional.dogleg-severity,local-context,
c00c3d2869bee7b4,directional,.xls,1,s0001,worksheet,f000095,regular,worksheet-formula,1,single-cell,1,ES58,,,0,directional.unresolved,catalog-category,
c00c3d2869bee7b4,directional,.xls,1,s0001,worksheet,f000096,regular,worksheet-formula,1,single-cell,1,F415,IF|INDEX|MATCH,,0,directional.unresolved,catalog-category,
c00c3d2869bee7b4,directional,.xls,1,s0001,worksheet,f000097,regular,worksheet-formula,1,single-cell,1,D415,IF|INDEX|MATCH|UDF,,0,directional.unresolved,catalog-category,
c00c3d2869bee7b4,directional,.xls,1,s0001,worksheet,f000098,regular,worksheet-formula,1,single-cell,1,HJ35,,,0,directional.unresolved,catalog-category,
c00c3d2869bee7b4,directional,.xls,1,s0001,worksheet,f000099,regular,worksheet-formula,1,single-cell,1,E415,IF|INDEX|MATCH|UDF,,0,directional.unresolved,catalog-category,
c00c3d2869bee7b4,directional,.xls,1,s0001,worksheet,f000100,regular,worksheet-formula,2,multi-area,2,R12|T157,IF,,0,directional.unresolved,catalog-category,
c00c3d2869bee7b4,directional,.xls,1,s0001,worksheet,f000101,regular,worksheet-formula,2,multi-area,2,Q12|S157,ATAN|DEGREES|IF,,0,directional.unresolved,catalog-category,
c00c3d2869bee7b4,directional,.xls,1,s0001,worksheet,f000102,regular,worksheet-formula,1,single-cell,1,R157,IF|SQRT|UDF,,0,directional.unresolved,catalog-category,
c00c3d2869bee7b4,directional,.xls,1,s0001,worksheet,f000103,regular,worksheet-formula,1,single-cell,1,GJ113,,,0,directional.unresolved,catalog-category,
c00c3d2869bee7b4,directional,.xls,1,s0001,worksheet,f000104,regular,worksheet-formula,2,filled-column,1,H13:H415,ATAN2|COS|IF|PI|SQRT,,0,directional.unresolved,catalog-category,
c00c3d2869bee7b4,directional,.xls,1,s0001,worksheet,f000105,regular,worksheet-formula,1,single-cell,1,X158,ROUND,,0,directional.unresolved,catalog-category,
c00c3d2869bee7b4,directional,.xls,1,s0001,worksheet,f000106,regular,worksheet-formula,1,single-cell,1,HH28,,,0,directional.unresolved,catalog-category,
c00c3d2869bee7b4,directional,.xls,1,s0001,worksheet,f000107,regular,worksheet-formula,2,filled-column,1,FW48:FW49,,,0,directional.unresolved,catalog-category,
c00c3d2869bee7b4,directional,.xls,1,s0001,worksheet,f000108,regular,worksheet-formula,3,filled-column,1,X146:X159,ROUND,,0,directional.unresolved,catalog-category,
c00c3d2869bee7b4,directional,.xls,1,s0001,worksheet,f000109,regular,worksheet-formula,38,filled-column,1,W164:W201,AVERAGE|IF,,0,directional.unresolved,catalog-category,
c00c3d2869bee7b4,directional,.xls,1,s0001,worksheet,f000110,regular,worksheet-formula,5,filled-column,1,I157:I161,ACOS|COS|IF|PI|SIN|TAN,,0,directional.unresolved,catalog-category,
c00c3d2869bee7b4,directional,.xls,1,s0001,worksheet,f000111,regular,worksheet-formula,16,rectangular-table,1,ID56:IG114,IF,,0,directional.unresolved,catalog-category,
c00c3d2869bee7b4,directional,.xls,1,s0001,worksheet,f000112,regular,worksheet-formula,1,single-cell,1,GW48,,,0,directional.unresolved,catalog-category,
c00c3d2869bee7b4,directional,.xls,1,s0001,worksheet,f000113,regular,worksheet-formula,1,single-cell,1,G415,ACOS|COS|IF|INDEX|MATCH|PI|RADIANS|SIN|TAN,,0,directional.unresolved,catalog-category,
c00c3d2869bee7b4,directional,.xls,1,s0001,worksheet,f000114,regular,worksheet-formula,2,filled-column,1,F157:F158,IF,,0,directional.unresolved,catalog-category,
c00c3d2869bee7b4,directional,.xls,1,s0001,worksheet,f000115,regular,worksheet-formula,1,single-cell,1,GR24,,,0,directional.unresolved,catalog-category,
c00c3d2869bee7b4,directional,.xls,1,s0001,worksheet,f000116,regular,worksheet-formula,1,single-cell,1,G269,ACOS|COS|IF|PI|SIN|TAN,,0,directional.unresolved,catalog-category,
c00c3d2869bee7b4,directional,.xls,1,s0001,worksheet,f000117,regular,worksheet-formula,1,single-cell,1,K415,ACOS|COS|IF|INDEX|MATCH|PI|SIN,,0,directional.dogleg-severity,local-context,
c00c3d2869bee7b4,directional,.xls,1,s0001,worksheet,f000118,regular,worksheet-formula,1,single-cell,1,Q157,ATAN2|DEGREES|IF,,0,directional.unresolved,catalog-category,
c00c3d2869bee7b4,directional,.xls,1,s0001,worksheet,f000119,regular,worksheet-formula,1,single-cell,1,HZ33,,,0,directional.unresolved,catalog-category,
c00c3d2869bee7b4,directional,.xls,1,s0001,worksheet,f000120,regular,worksheet-formula,4,filled-column,1,M158:M161,IF,,0,directional.unresolved,catalog-category,
c00c3d2869bee7b4,directional,.xls,1,s0001,worksheet,f000121,regular,worksheet-formula,5,filled-column,1,L157:L161,IF,,0,directional.unresolved,catalog-category,
c00c3d2869bee7b4,directional,.xls,1,s0001,worksheet,f000122,regular,worksheet-formula,24,filled-column,1,W140:W163,AVERAGE,,0,directional.unresolved,catalog-category,
c00c3d2869bee7b4,directional,.xls,9,s0009,worksheet,f000123,regular,worksheet-formula,2,filled-row,1,D2:G2,,,0,directional.coordinates,local-context,ft
c00c3d2869bee7b4,directional,.xls,9,s0009,worksheet,f000124,regular,worksheet-formula,1,single-cell,1,E2,,,0,directional.coordinates,local-context,ft
c00c3d2869bee7b4,directional,.xls,9,s0009,worksheet,f000125,regular,worksheet-formula,1,single-cell,1,J2,,,0,directional.coordinates,local-context,
c00c3d2869bee7b4,directional,.xls,9,s0009,worksheet,f000126,regular,worksheet-formula,1,single-cell,1,F2,,,0,directional.coordinates,local-context,ft
c489fe62048a52c6,hydraulics,.xlsx,3,s0003,worksheet,f000001,regular,worksheet-formula,480,rectangular-table,1,B3:I84,,,0,hydraulics.equivalent-circulating-density|hydraulics.pressure-loss,local-context,gal/min|ppg|psi|rpm
c489fe62048a52c6,hydraulics,.xlsx,1,s0001,worksheet,f000002,regular,worksheet-formula,1,single-cell,1,I4,SUM,,0,cross-cutting.validation,local-context,ft|in
c7365ac0f26eb95f,bha-tools,.xlsx,1,s0001,worksheet,f000001,regular,worksheet-formula,35,filled-column,1,I14:I48,IF|SUM,,0,bha.geometry,local-context,m|mm
c7365ac0f26eb95f,bha-tools,.xlsx,1,s0001,worksheet,f000002,regular,worksheet-formula,2,filled-row,1,J12:L12,IF,,0,bha.geometry,local-context,h|m|mm
ccf2bd54db46ebc5,hydraulics,.xlsx,3,s0003,worksheet,f000001,regular,worksheet-formula,480,rectangular-table,1,B3:I84,,,0,hydraulics.equivalent-circulating-density|hydraulics.pressure-loss,local-context,gal/min|ppg|psi|rpm
ccf2bd54db46ebc5,hydraulics,.xlsx,1,s0001,worksheet,f000002,regular,worksheet-formula,1,single-cell,1,I4,SUM,,0,cross-cutting.validation,local-context,ft|in
cd4e89d944e757af,hydraulics,.xlsx,3,s0003,worksheet,f000001,regular,worksheet-formula,9,filled-column,1,R9:R17,,,0,hydraulics.reynolds-number,local-context,
cd4e89d944e757af,hydraulics,.xlsx,3,s0003,worksheet,f000002,regular,worksheet-formula,9,filled-column,1,Q9:Q17,,,0,hydraulics.unresolved,catalog-category,
cd4e89d944e757af,hydraulics,.xlsx,3,s0003,worksheet,f000003,regular,worksheet-formula,9,filled-column,1,M9:M17,POWER,,0,hydraulics.reynolds-number,local-context,
cd4e89d944e757af,hydraulics,.xlsx,3,s0003,worksheet,f000004,regular,worksheet-formula,482,multi-area,49,B3:B12|B16:B25|B29:B38|B49:B58|B62:B71|B75:B84|C3:C12|C16:C25|C29:C38|C49:C58|C62:C71|C75:C84|D3:D12|D16:D25|D29:D38|D49:D58|D62:D71|D75:D84|E3:E12|E16:E25|E29:E38|E49:E58|E62:E71|E75:E84|F3:F12|F16:F25|F29:F38|F49:F58|F62:F71|F75:F84|G3:G12|G16:G25|G29:G38|G49:G58|G62:G71|G75:G84|H3:H12|H16:H25|H29:H38|H49:H58|H62:H71|H75:H84|I3:I12|I16:I25|I29:I38|I49:I58|I62:I71|I75:I84|M4:M5,,,0,hydraulics.equivalent-circulating-density|hydraulics.pressure-loss|hydraulics.reynolds-number,local-context,gal/min|ppg|psi|rpm
cd4e89d944e757af,hydraulics,.xlsx,3,s0003,worksheet,f000005,regular,worksheet-formula,1,single-cell,1,P3,LOG10,,0,hydraulics.unresolved,catalog-category,
cd4e89d944e757af,hydraulics,.xlsx,3,s0003,worksheet,f000006,regular,worksheet-formula,9,filled-column,1,N9:N17,,,0,hydraulics.reynolds-number,local-context,
cd4e89d944e757af,hydraulics,.xlsx,3,s0003,worksheet,f000007,regular,worksheet-formula,9,filled-column,1,P9:P17,PI,,0,hydraulics.unresolved,catalog-category,
cd4e89d944e757af,hydraulics,.xlsx,3,s0003,worksheet,f000008,regular,worksheet-formula,1,single-cell,1,O3,LOG10,,0,hydraulics.unresolved,catalog-category,
cd4e89d944e757af,hydraulics,.xlsx,3,s0003,worksheet,f000009,regular,worksheet-formula,1,single-cell,1,S6,,,0,hydraulics.reynolds-number,local-context,
cd4e89d944e757af,hydraulics,.xlsx,3,s0003,worksheet,f000010,regular,worksheet-formula,9,filled-column,1,T9:T17,PI,,0,hydraulics.reynolds-number,local-context,
cd4e89d944e757af,hydraulics,.xlsx,3,s0003,worksheet,f000011,regular,worksheet-formula,1,single-cell,1,U3,,,0,hydraulics.unresolved,catalog-category,
cd4e89d944e757af,hydraulics,.xlsx,3,s0003,worksheet,f000012,regular,worksheet-formula,9,filled-column,1,X9:X17,,,0,hydraulics.unresolved,catalog-category,
cd4e89d944e757af,hydraulics,.xlsx,3,s0003,worksheet,f000013,regular,worksheet-formula,9,filled-column,1,L9:L17,PI,,0,hydraulics.reynolds-number,local-context,
cd4e89d944e757af,hydraulics,.xlsx,3,s0003,worksheet,f000014,regular,worksheet-formula,18,rectangular-table,1,K9:Y17,,,0,hydraulics.reynolds-number,local-context,
cd4e89d944e757af,hydraulics,.xlsx,3,s0003,worksheet,f000015,regular,worksheet-formula,1,single-cell,1,S3,,,0,hydraulics.unresolved,catalog-category,
cd4e89d944e757af,hydraulics,.xlsx,3,s0003,worksheet,f000016,regular,worksheet-formula,9,filled-column,1,U9:U17,POWER,,0,hydraulics.reynolds-number,local-context,
cd4e89d944e757af,hydraulics,.xlsx,3,s0003,worksheet,f000017,regular,worksheet-formula,1,single-cell,1,U4,,,0,hydraulics.unresolved,catalog-category,
cd4e89d944e757af,hydraulics,.xlsx,3,s0003,worksheet,f000018,regular,worksheet-formula,9,filled-column,1,O9:O17,,,0,hydraulics.reynolds-number,local-context,
cd4e89d944e757af,hydraulics,.xlsx,3,s0003,worksheet,f000019,regular,worksheet-formula,1,single-cell,1,S4,,,0,hydraulics.unresolved,catalog-category,
cd4e89d944e757af,hydraulics,.xlsx,3,s0003,worksheet,f000020,regular,worksheet-formula,9,filled-column,1,V9:V17,IF|POWER,,0,hydraulics.reynolds-number,local-context,
cd4e89d944e757af,hydraulics,.xlsx,3,s0003,worksheet,f000021,regular,worksheet-formula,9,filled-column,1,W9:W17,PI|POWER,,0,hydraulics.unresolved,catalog-category,
cd4e89d944e757af,hydraulics,.xlsx,3,s0003,worksheet,f000022,regular,worksheet-formula,1,single-cell,1,S5,,,0,hydraulics.unresolved,catalog-category,
cd4e89d944e757af,hydraulics,.xlsx,3,s0003,worksheet,f000023,regular,worksheet-formula,9,filled-column,1,S9:S17,POWER,,0,hydraulics.reynolds-number,local-context,
cd4e89d944e757af,hydraulics,.xlsx,1,s0001,worksheet,f000024,regular,worksheet-formula,1,single-cell,1,I4,SUM,,0,cross-cutting.validation,local-context,ft|in
cdc1401e53841798,bha-tools,.xlsx,1,s0001,worksheet,f000001,regular,worksheet-formula,1,single-cell,1,E47,,,0,bha.geometry,local-context,in
cdc1401e53841798,bha-tools,.xlsx,1,s0001,worksheet,f000002,regular,worksheet-formula,2,multi-area,2,D77|E49,,,0,bha.geometry|cross-cutting.lookup|torque-drag.connection-capacity,local-context,
cdc1401e53841798,bha-tools,.xlsx,1,s0001,worksheet,f000003,regular,worksheet-formula,1,single-cell,1,E54,,,0,bha.geometry,local-context,bbl|ft
cdc1401e53841798,bha-tools,.xlsx,1,s0001,worksheet,f000004,regular,worksheet-formula,1,single-cell,1,D71,,,0,bha.geometry|cross-cutting.lookup,local-context,
cdc1401e53841798,bha-tools,.xlsx,1,s0001,worksheet,f000005,regular,worksheet-formula,1,single-cell,1,D61,,,0,bha.geometry,local-context,
cdc1401e53841798,bha-tools,.xlsx,1,s0001,worksheet,f000006,regular,worksheet-formula,1,single-cell,1,D62,,,0,bha.geometry,local-context,
cdc1401e53841798,bha-tools,.xlsx,1,s0001,worksheet,f000007,regular,worksheet-formula,4,filled-column,1,H47:H50,,,0,bha.geometry|cross-cutting.lookup|hydraulics.fluid-properties|torque-drag.connection-capacity,local-context,ft|kg
cdc1401e53841798,bha-tools,.xlsx,1,s0001,worksheet,f000008,regular,worksheet-formula,1,single-cell,1,D60,,,0,bha.geometry,local-context,
cdc1401e53841798,bha-tools,.xlsx,1,s0001,worksheet,f000009,regular,worksheet-formula,1,single-cell,1,D59,,,0,bha.geometry,local-context,
cdc1401e53841798,bha-tools,.xlsx,1,s0001,worksheet,f000010,regular,worksheet-formula,20,filled-column,1,H52:H71,,,0,bha.geometry|bha.motor-performance|hydraulics.fluid-properties|torque-drag.connection-capacity,local-context,bbl|ft|kg
cdc1401e53841798,bha-tools,.xlsx,1,s0001,worksheet,f000011,regular,worksheet-formula,1,single-cell,1,E52,,,0,bha.geometry|torque-drag.connection-capacity,local-context,ft
cdc1401e53841798,bha-tools,.xlsx,1,s0001,worksheet,f000012,regular,worksheet-formula,1,single-cell,1,D64,,,0,bha.geometry,local-context,
cdc1401e53841798,bha-tools,.xlsx,1,s0001,worksheet,f000013,regular,worksheet-formula,1,single-cell,1,F54,,,0,bha.geometry,local-context,bbl|ft
cdc1401e53841798,bha-tools,.xlsx,1,s0001,worksheet,f000014,regular,worksheet-formula,2,filled-row,1,E55:F55,,,0,bha.geometry,local-context,bbl|ft
cdc1401e53841798,bha-tools,.xlsx,1,s0001,worksheet,f000015,regular,worksheet-formula,1,single-cell,1,D67,,,0,bha.geometry,local-context,
cdc1401e53841798,bha-tools,.xlsx,1,s0001,worksheet,f000016,regular,worksheet-formula,1,single-cell,1,D76,,,0,bha.geometry,local-context,bbl|in
cdc1401e53841798,bha-tools,.xlsx,1,s0001,worksheet,f000017,regular,worksheet-formula,1,single-cell,1,E67,,,0,bha.geometry|bha.motor-performance,local-context,
cdc1401e53841798,bha-tools,.xlsx,1,s0001,worksheet,f000018,regular,worksheet-formula,1,single-cell,1,D68,,,0,bha.geometry|bha.motor-performance,local-context,
cdc1401e53841798,bha-tools,.xlsx,1,s0001,worksheet,f000019,regular,worksheet-formula,1,single-cell,1,D65,,,0,bha.geometry,local-context,
cdc1401e53841798,bha-tools,.xlsx,1,s0001,worksheet,f000020,regular,worksheet-formula,1,single-cell,1,C85,,,0,bha.geometry,local-context,bbl
cdc1401e53841798,bha-tools,.xlsx,1,s0001,worksheet,f000021,regular,worksheet-formula,1,single-cell,1,D66,,,0,bha.geometry,local-context,
cdc1401e53841798,bha-tools,.xlsx,1,s0001,worksheet,f000022,regular,worksheet-formula,1,single-cell,1,D70,,,0,bha.geometry,local-context,
cdc1401e53841798,bha-tools,.xlsx,1,s0001,worksheet,f000023,regular,worksheet-formula,1,single-cell,1,D69,,,0,bha.geometry|bha.motor-performance,local-context,
cdc1401e53841798,bha-tools,.xlsx,1,s0001,worksheet,f000024,regular,worksheet-formula,2,filled-column,1,E59:E71,,,0,bha.geometry|bha.motor-performance,local-context,bbl
cdc1401e53841798,bha-tools,.xlsx,1,s0001,worksheet,f000025,regular,worksheet-formula,1,single-cell,1,D58,,,0,bha.geometry,local-context,
cedfdf758e91c9a6,bha-tools,.xls,1,s0001,worksheet,f000001,regular,worksheet-formula,2,filled-row,1,G36:I36,,,0,bha.unresolved,catalog-category,ft
cedfdf758e91c9a6,bha-tools,.xls,1,s0001,worksheet,f000002,regular,worksheet-formula,2,filled-row,1,G45:I45,PI,,0,bha.unresolved,catalog-category,ft
cedfdf758e91c9a6,bha-tools,.xls,1,s0001,worksheet,f000003,regular,worksheet-formula,2,filled-row,1,G40:I40,,,0,bha.unresolved,catalog-category,ft
cedfdf758e91c9a6,bha-tools,.xls,1,s0001,worksheet,f000004,regular,worksheet-formula,2,filled-row,1,G26:I26,,,0,bha.unresolved,catalog-category,ft
cedfdf758e91c9a6,bha-tools,.xls,1,s0001,worksheet,f000005,regular,worksheet-formula,2,filled-row,1,G32:I32,,,0,bha.unresolved,catalog-category,ft
cedfdf758e91c9a6,bha-tools,.xls,1,s0001,worksheet,f000006,regular,worksheet-formula,2,filled-row,1,G57:I57,COS|PI|SIN,,0,bha.unresolved,catalog-category,ft
cedfdf758e91c9a6,bha-tools,.xls,1,s0001,worksheet,f000007,regular,worksheet-formula,2,filled-row,1,G34:I34,,,0,bha.unresolved,catalog-category,ft
cedfdf758e91c9a6,bha-tools,.xls,1,s0001,worksheet,f000008,regular,worksheet-formula,2,filled-row,1,G43:I43,,,0,bha.unresolved,catalog-category,ft
cedfdf758e91c9a6,bha-tools,.xls,1,s0001,worksheet,f000009,regular,worksheet-formula,2,filled-row,1,G48:I48,PI,,0,bha.unresolved,catalog-category,ft
cedfdf758e91c9a6,bha-tools,.xls,1,s0001,worksheet,f000010,regular,worksheet-formula,2,filled-row,1,G54:I54,,,0,bha.unresolved,catalog-category,ft
cedfdf758e91c9a6,bha-tools,.xls,1,s0001,worksheet,f000011,regular,worksheet-formula,2,filled-row,1,G30:I30,TAN,,0,bha.unresolved,catalog-category,ft
cedfdf758e91c9a6,bha-tools,.xls,1,s0001,worksheet,f000012,regular,worksheet-formula,2,filled-row,1,G53:I53,PI,,0,bha.unresolved,catalog-category,ft
cedfdf758e91c9a6,bha-tools,.xls,1,s0001,worksheet,f000013,regular,worksheet-formula,2,filled-row,1,G38:I38,,,0,bha.unresolved,catalog-category,ft
cedfdf758e91c9a6,bha-tools,.xls,1,s0001,worksheet,f000014,regular,worksheet-formula,2,filled-row,1,G55:I55,,,0,bha.unresolved,catalog-category,ft
cedfdf758e91c9a6,bha-tools,.xls,1,s0001,worksheet,f000015,regular,worksheet-formula,2,filled-row,1,G52:I52,PI,,0,bha.unresolved,catalog-category,ft
cedfdf758e91c9a6,bha-tools,.xls,1,s0001,worksheet,f000016,regular,worksheet-formula,2,filled-row,1,G56:I56,TAN,,0,bha.unresolved,catalog-category,ft
cedfdf758e91c9a6,bha-tools,.xls,1,s0001,worksheet,f000017,regular,worksheet-formula,2,filled-row,1,G41:I41,,,0,bha.unresolved,catalog-category,ft
cedfdf758e91c9a6,bha-tools,.xls,1,s0001,worksheet,f000018,regular,worksheet-formula,2,filled-row,1,G10:I10,PI,,0,torque-drag.axial-load,local-context,ft
cedfdf758e91c9a6,bha-tools,.xls,1,s0001,worksheet,f000019,regular,worksheet-formula,2,filled-row,1,G47:I47,,,0,bha.unresolved,catalog-category,ft
d338233f05c5e396,directional,.xls,9,s0009,worksheet,f000001,regular,worksheet-formula,1,single-cell,1,B11,,,0,directional.coordinates,local-context,
d338233f05c5e396,directional,.xls,9,s0009,worksheet,f000002,regular,worksheet-formula,1,single-cell,1,G8,RADIANS|TAN,,0,directional.coordinates,local-context,
d338233f05c5e396,directional,.xls,4,s0004,worksheet,f000003,regular,worksheet-formula,1,single-cell,1,V16,ASIN|DEGREES,,0,directional.coordinates,local-context,
d338233f05c5e396,directional,.xls,4,s0004,worksheet,f000004,regular,worksheet-formula,32,multi-area,12,C4|D4|E4|F4|F79:F81|F100:F103|M5|M33:M36|M43:M46|M54:M58|M89:M91|M100:M103,,,0,directional.coordinates,local-context,
d338233f05c5e396,directional,.xls,4,s0004,worksheet,f000005,regular,worksheet-formula,45,multi-area,12,H12:H16|H33:H36|H43:H46|H54:H58|H89:H91|H100:H103|H123:H124|K43:K46|K54:K58|K89:K91|K100:K103|K123:K124,IF,,0,directional.unresolved,catalog-category,
d338233f05c5e396,directional,.xls,4,s0004,worksheet,f000006,regular,worksheet-formula,54,rectangular-table,1,I12:J124,AVERAGE|IF,,0,directional.unresolved,catalog-category,
d338233f05c5e396,directional,.xls,4,s0004,worksheet,f000007,regular,worksheet-formula,24,filled-column,1,O5:O103,PI|SIN,,0,directional.coordinates,local-context,
d338233f05c5e396,directional,.xls,4,s0004,worksheet,f000008,regular,worksheet-formula,1,single-cell,1,U15,VLOOKUP,,0,directional.coordinates,local-context,
d338233f05c5e396,directional,.xls,4,s0004,worksheet,f000009,regular,worksheet-formula,1,single-cell,1,N91,,,0,directional.unresolved,catalog-category,
d338233f05c5e396,directional,.xls,4,s0004,worksheet,f000010,regular,worksheet-formula,1,single-cell,1,T15,MAX,,0,directional.coordinates,local-context,
d338233f05c5e396,directional,.xls,4,s0004,worksheet,f000011,regular,worksheet-formula,7,filled-column,1,A91:A103,,,0,directional.unresolved,catalog-category,
d338233f05c5e396,directional,.xls,4,s0004,worksheet,f000012,regular,worksheet-formula,22,filled-column,1,G33:G124,ATAN|IF|PI,,0,directional.unresolved,catalog-category,
d338233f05c5e396,directional,.xls,4,s0004,worksheet,f000013,regular,worksheet-formula,24,filled-column,1,L5:L103,PI|SIN,,0,directional.unresolved,catalog-category,
d338233f05c5e396,directional,.xls,4,s0004,worksheet,f000014,regular,worksheet-formula,12,multi-area,5,C5|C12:C16|C33:C35|D5|F123:F124,IF|SUM,,0,directional.unresolved,catalog-category,
d338233f05c5e396,directional,.xls,4,s0004,worksheet,f000015,regular,worksheet-formula,1,single-cell,1,V15,VLOOKUP,,0,directional.coordinates,local-context,
d338233f05c5e396,directional,.xls,2,s0002,worksheet,f000016,regular,worksheet-formula,1443,rectangular-table,1,B21:D501,,,0,directional.unresolved,catalog-category,deg|ft
d338233f05c5e396,directional,.xls,2,s0002,worksheet,f000017,regular,worksheet-formula,1,single-cell,1,S20,ACOS|COS|IF|SIN,,0,directional.unresolved,catalog-category,rad
d338233f05c5e396,directional,.xls,2,s0002,worksheet,f000018,regular,worksheet-formula,2,filled-column,1,R10:R11,IF,,0,directional.coordinates,local-context,deg|ft
d338233f05c5e396,directional,.xls,2,s0002,worksheet,f000019,regular,worksheet-formula,7,filled-column,1,L106:L112,ATAN2|IF|PI,,0,directional.unresolved,catalog-category,
d338233f05c5e396,directional,.xls,2,s0002,worksheet,f000020,regular,worksheet-formula,1,single-cell,1,T111,IF|PI|SIN,,0,directional.unresolved,catalog-category,
d338233f05c5e396,directional,.xls,3,s0003,worksheet,f000021,regular,worksheet-formula,2,filled-column,1,H3:H4,IF|INDEX|MATCH|UDF,,0,directional.unresolved,catalog-category,
d338233f05c5e396,directional,.xls,3,s0003,worksheet,f000022,regular,worksheet-formula,1,single-cell,1,AR61,,,0,directional.unresolved,catalog-category,
d338233f05c5e396,directional,.xls,3,s0003,worksheet,f000023,regular,worksheet-formula,2,filled-row,1,O4:P4,,,0,directional.coordinates,local-context,
d338233f05c5e396,directional,.xls,3,s0003,worksheet,f000024,regular,worksheet-formula,2,filled-column,1,J3:J4,ACOS|COS|IF|INDEX|MATCH|PI|RADIANS|SIN|TAN,,0,directional.coordinates,local-context,
d338233f05c5e396,directional,.xls,3,s0003,worksheet,f000025,regular,worksheet-formula,1,single-cell,1,AR62,,,0,directional.unresolved,catalog-category,
d338233f05c5e396,directional,.xls,3,s0003,worksheet,f000026,regular,worksheet-formula,15,multi-area,11,B6|C4|C6|D3:D6|F3:F4|K4|L4|M4|N4|AJ4|AK4,,,0,directional.coordinates,local-context,
d338233f05c5e396,directional,.xls,3,s0003,worksheet,f000027,regular,worksheet-formula,2,filled-row,1,R4:AI4,,,0,directional.coordinates,local-context,
d338233f05c5e396,directional,.xls,3,s0003,worksheet,f000028,regular,worksheet-formula,2,filled-column,1,G3:G4,IF|INDEX|MATCH|UDF,,0,directional.unresolved,catalog-category,
d338233f05c5e396,directional,.xls,3,s0003,worksheet,f000029,regular,worksheet-formula,2,filled-column,1,I3:I4,IF|INDEX|MATCH,,0,directional.coordinates,local-context,
d338233f05c5e396,directional,.xls,3,s0003,worksheet,f000030,regular,worksheet-formula,2,filled-row,1,Q4:AH4,ASIN|DEGREES,,0,directional.coordinates,local-context,
d338233f05c5e396,directional,.xls,3,s0003,worksheet,f000031,regular,worksheet-formula,1,single-cell,1,AR59,,,0,directional.unresolved,catalog-category,
d338233f05c5e396,directional,.xls,3,s0003,worksheet,f000032,regular,worksheet-formula,2,filled-column,1,C3:C5,,,0,directional.unresolved,catalog-category,
d338233f05c5e396,directional,.xls,3,s0003,worksheet,f000033,regular,worksheet-formula,2,filled-row,1,S4:T4,VLOOKUP,,0,directional.unresolved,catalog-category,s
d338233f05c5e396,directional,.xls,7,s0007,worksheet,f000034,regular,worksheet-formula,10,filled-column,1,HX24:HX33,,,0,directional.unresolved,catalog-category,percent
d338233f05c5e396,directional,.xls,7,s0007,worksheet,f000035,regular,worksheet-formula,12,rectangular-table,1,ID44:IG113,IF,,0,directional.unresolved,catalog-category,
d338233f05c5e396,directional,.xls,7,s0007,worksheet,f000036,regular,worksheet-formula,13,multi-area,10,IR56|IR92:IR93|IR114|IS56|IS92:IS93|IT47|IT56|IT92:IT93|IT116|IT137,,,0,directional.unresolved,catalog-category,
d338233f05c5e396,directional,.xls,7,s0007,worksheet,f000037,regular,worksheet-formula,9,multi-area,6,S12|U44|U55|U149|U151|U201:U204,IF|OR|PI|SIN,,0,directional.unresolved,catalog-category,
d338233f05c5e396,directional,.xls,7,s0007,worksheet,f000038,regular,worksheet-formula,5,filled-column,1,HI35:HI39,,,0,directional.unresolved,catalog-category,
d338233f05c5e396,directional,.xls,7,s0007,worksheet,f000039,regular,worksheet-formula,18,multi-area,13,O12|HH35:HH39|IR90:IR91|IR113|IS121|IS149|IS151|IT43|IT114|IT121|IT130|IT145|IT150,,,0,directional.unresolved,catalog-category,
d338233f05c5e396,directional,.xls,7,s0007,worksheet,f000040,regular,worksheet-formula,12,filled-column,1,P12:P412,IF,,0,directional.unresolved,catalog-category,
d338233f05c5e396,directional,.xls,7,s0007,worksheet,f000041,regular,worksheet-formula,1,single-cell,1,M415,IF|INDEX|MATCH,,0,directional.dogleg-severity,local-context,
d338233f05c5e396,directional,.xls,7,s0007,worksheet,f000042,regular,worksheet-formula,1,single-cell,1,I415,ACOS|COS|IF|INDEX|MATCH|PI|SIN|TAN,,0,directional.dogleg-severity,local-context,
d338233f05c5e396,directional,.xls,7,s0007,worksheet,f000043,regular,worksheet-formula,1,single-cell,1,L415,IF|INDEX|MATCH,,0,directional.dogleg-severity,local-context,
d338233f05c5e396,directional,.xls,7,s0007,worksheet,f000044,regular,worksheet-formula,16,filled-column,1,K13:K413,ACOS|COS|IF|PI|SIN,,0,directional.dogleg-severity,local-context,
d338233f05c5e396,directional,.xls,7,s0007,worksheet,f000045,regular,worksheet-formula,1,single-cell,1,J415,ACOS|COS|IF|INDEX|MATCH|PI|SIN|TAN,,0,directional.dogleg-severity,local-context,
d338233f05c5e396,directional,.xls,7,s0007,worksheet,f000046,regular,worksheet-formula,12,filled-column,1,J13:J413,ACOS|COS|IF|PI|SIN|TAN,,0,directional.dogleg-severity,local-context,
d338233f05c5e396,directional,.xls,7,s0007,worksheet,f000047,regular,worksheet-formula,4,filled-row,1,ID57:IG57,IF,,0,directional.unresolved,catalog-category,
d338233f05c5e396,directional,.xls,7,s0007,worksheet,f000048,regular,worksheet-formula,8,multi-area,8,FK45|FK56|FS45|FS56|ID12|IE12|IF12|IG12,,,0,directional.dogleg-severity,local-context,
d338233f05c5e396,directional,.xls,7,s0007,worksheet,f000049,regular,worksheet-formula,1,single-cell,1,ES58,,,0,directional.unresolved,catalog-category,
d338233f05c5e396,directional,.xls,7,s0007,worksheet,f000050,regular,worksheet-formula,1,single-cell,1,F415,IF|INDEX|MATCH,,0,directional.unresolved,catalog-category,
d338233f05c5e396,directional,.xls,7,s0007,worksheet,f000051,regular,worksheet-formula,1,single-cell,1,D415,IF|INDEX|MATCH|UDF,,0,directional.unresolved,catalog-category,
d338233f05c5e396,directional,.xls,7,s0007,worksheet,f000052,regular,worksheet-formula,1,single-cell,1,HJ35,,,0,directional.unresolved,catalog-category,
d338233f05c5e396,directional,.xls,7,s0007,worksheet,f000053,regular,worksheet-formula,1,single-cell,1,E415,IF|INDEX|MATCH|UDF,,0,directional.unresolved,catalog-category,
d338233f05c5e396,directional,.xls,7,s0007,worksheet,f000054,regular,worksheet-formula,7,multi-area,4,R12|T44|T55|T201:T204,IF,,0,directional.unresolved,catalog-category,
d338233f05c5e396,directional,.xls,7,s0007,worksheet,f000055,regular,worksheet-formula,1,single-cell,1,B413,IF,,0,directional.unresolved,catalog-category,
d338233f05c5e396,directional,.xls,7,s0007,worksheet,f000056,regular,worksheet-formula,5,multi-area,2,Q12|S201:S204,ATAN|DEGREES|IF,,0,directional.unresolved,catalog-category,
d338233f05c5e396,directional,.xls,7,s0007,worksheet,f000057,regular,worksheet-formula,6,filled-column,1,R44:R204,IF|SQRT|UDF,,0,directional.unresolved,catalog-category,
d338233f05c5e396,directional,.xls,7,s0007,worksheet,f000058,regular,worksheet-formula,1,single-cell,1,GJ113,,,0,directional.unresolved,catalog-category,
d338233f05c5e396,directional,.xls,7,s0007,worksheet,f000059,regular,worksheet-formula,2,filled-column,1,H13:H415,ATAN2|COS|IF|PI|SQRT,,0,directional.unresolved,catalog-category,
d338233f05c5e396,directional,.xls,7,s0007,worksheet,f000060,regular,worksheet-formula,1,single-cell,1,HH28,,,0,directional.unresolved,catalog-category,
d338233f05c5e396,directional,.xls,7,s0007,worksheet,f000061,regular,worksheet-formula,2,filled-column,1,FW48:FW49,,,0,directional.unresolved,catalog-category,
d338233f05c5e396,directional,.xls,7,s0007,worksheet,f000062,regular,worksheet-formula,38,filled-column,1,W164:W201,AVERAGE|IF,,0,directional.unresolved,catalog-category,
d338233f05c5e396,directional,.xls,7,s0007,worksheet,f000063,regular,worksheet-formula,12,filled-column,1,I13:I413,ACOS|COS|IF|PI|SIN|TAN,,0,directional.dogleg-severity,local-context,
d338233f05c5e396,directional,.xls,7,s0007,worksheet,f000064,regular,worksheet-formula,16,rectangular-table,1,ID56:IG114,IF,,0,directional.unresolved,catalog-category,
d338233f05c5e396,directional,.xls,7,s0007,worksheet,f000065,regular,worksheet-formula,1,single-cell,1,GW48,,,0,directional.unresolved,catalog-category,
d338233f05c5e396,directional,.xls,7,s0007,worksheet,f000066,regular,worksheet-formula,1,single-cell,1,G415,ACOS|COS|IF|INDEX|MATCH|PI|RADIANS|SIN|TAN,,0,directional.unresolved,catalog-category,
d338233f05c5e396,directional,.xls,7,s0007,worksheet,f000067,regular,worksheet-formula,6,filled-column,1,F13:F205,IF,,0,directional.unresolved,catalog-category,
d338233f05c5e396,directional,.xls,7,s0007,worksheet,f000068,regular,worksheet-formula,1,single-cell,1,GR24,,,0,directional.unresolved,catalog-category,
d338233f05c5e396,directional,.xls,7,s0007,worksheet,f000069,regular,worksheet-formula,12,filled-column,1,G13:G413,ACOS|COS|IF|PI|SIN|TAN,,0,directional.unresolved,catalog-category,
d338233f05c5e396,directional,.xls,7,s0007,worksheet,f000070,regular,worksheet-formula,1,single-cell,1,K415,ACOS|COS|IF|INDEX|MATCH|PI|SIN,,0,directional.dogleg-severity,local-context,
d338233f05c5e396,directional,.xls,7,s0007,worksheet,f000071,regular,worksheet-formula,6,filled-column,1,Q44:Q204,ATAN2|DEGREES|IF,,0,directional.unresolved,catalog-category,
d338233f05c5e396,directional,.xls,7,s0007,worksheet,f000072,regular,worksheet-formula,1,single-cell,1,HZ33,,,0,directional.unresolved,catalog-category,
d338233f05c5e396,directional,.xls,7,s0007,worksheet,f000073,regular,worksheet-formula,5,filled-column,1,M13:M151,IF,,0,directional.dogleg-severity,local-context,
d338233f05c5e396,directional,.xls,7,s0007,worksheet,f000074,regular,worksheet-formula,10,filled-column,1,L13:L413,IF,,0,directional.dogleg-severity,local-context,
d338233f05c5e396,directional,.xls,7,s0007,worksheet,f000075,regular,worksheet-formula,24,filled-column,1,W140:W163,AVERAGE,,0,directional.unresolved,catalog-category,
d338233f05c5e396,directional,.xls,6,s0006,worksheet,f000076,regular,worksheet-formula,5,multi-area,5,I6|I16|I169|J6|K6,,,0,directional.unresolved,catalog-category,
d338233f05c5e396,directional,.xls,6,s0006,worksheet,f000077,regular,worksheet-formula,3,filled-row,1,H1359:J1359,IF,,0,directional.unresolved,catalog-category,
d338233f05c5e396,directional,.xls,1,s0001,worksheet,f000078,regular,worksheet-formula,10,filled-column,1,HX24:HX33,,,0,directional.unresolved,catalog-category,percent
d338233f05c5e396,directional,.xls,1,s0001,worksheet,f000079,regular,worksheet-formula,8,rectangular-table,1,ID113:IG157,IF,,0,directional.unresolved,catalog-category,
d338233f05c5e396,directional,.xls,1,s0001,worksheet,f000080,regular,worksheet-formula,13,multi-area,10,IR56|IR92:IR93|IR114|IS56|IS92:IS93|IT47|IT56|IT92:IT93|IT116|IT137,,,0,directional.unresolved,catalog-category,
d338233f05c5e396,directional,.xls,1,s0001,worksheet,f000081,regular,worksheet-formula,8,multi-area,5,S12|U12:U14|U111:U112|U130|U157,IF|OR|PI|SIN,,0,directional.unresolved,catalog-category,
d338233f05c5e396,directional,.xls,1,s0001,worksheet,f000082,regular,worksheet-formula,5,filled-column,1,HI35:HI39,,,0,directional.unresolved,catalog-category,
d338233f05c5e396,directional,.xls,1,s0001,worksheet,f000083,regular,worksheet-formula,23,multi-area,10,O12:O14|O268|HH35:HH39|IR111:IR113|IR157|IS113|IS157|IT43:IT46|IT113:IT115|IT130,,,0,directional.unresolved,catalog-category,
d338233f05c5e396,directional,.xls,1,s0001,worksheet,f000084,regular,worksheet-formula,8,filled-column,1,P12:P290,IF,,0,directional.unresolved,catalog-category,
d338233f05c5e396,directional,.xls,1,s0001,worksheet,f000085,regular,worksheet-formula,1,single-cell,1,M415,IF|INDEX|MATCH,,0,directional.dogleg-severity,local-context,
d338233f05c5e396,directional,.xls,1,s0001,worksheet,f000086,regular,worksheet-formula,4,filled-column,1,J13:J158,ACOS|COS|IF|PI|SIN|TAN,,0,directional.dogleg-severity,local-context,
d338233f05c5e396,directional,.xls,1,s0001,worksheet,f000087,regular,worksheet-formula,1,single-cell,1,I415,ACOS|COS|IF|INDEX|MATCH|PI|SIN|TAN,,0,directional.dogleg-severity,local-context,
d338233f05c5e396,directional,.xls,1,s0001,worksheet,f000088,regular,worksheet-formula,1,single-cell,1,L415,IF|INDEX|MATCH,,0,directional.dogleg-severity,local-context,
d338233f05c5e396,directional,.xls,1,s0001,worksheet,f000089,regular,worksheet-formula,6,filled-column,1,K13:K158,ACOS|COS|IF|PI|SIN,,0,directional.dogleg-severity,local-context,
d338233f05c5e396,directional,.xls,1,s0001,worksheet,f000090,regular,worksheet-formula,1,single-cell,1,J415,ACOS|COS|IF|INDEX|MATCH|PI|SIN|TAN,,0,directional.dogleg-severity,local-context,
d338233f05c5e396,directional,.xls,1,s0001,worksheet,f000091,regular,worksheet-formula,1,single-cell,1,J413,ACOS|COS|IF|PI|SIN|TAN,,0,directional.dogleg-severity,local-context,
d338233f05c5e396,directional,.xls,1,s0001,worksheet,f000092,regular,worksheet-formula,4,filled-row,1,ID57:IG57,IF,,0,directional.unresolved,catalog-category,
d338233f05c5e396,directional,.xls,1,s0001,worksheet,f000093,regular,worksheet-formula,8,multi-area,8,FK45|FK56|FS45|FS56|ID12|IE12|IF12|IG12,,,0,directional.dogleg-severity,local-context,
d338233f05c5e396,directional,.xls,1,s0001,worksheet,f000094,regular,worksheet-formula,1,single-cell,1,ES58,,,0,directional.unresolved,catalog-category,
d338233f05c5e396,directional,.xls,1,s0001,worksheet,f000095,regular,worksheet-formula,1,single-cell,1,F415,IF|INDEX|MATCH,,0,directional.unresolved,catalog-category,
d338233f05c5e396,directional,.xls,1,s0001,worksheet,f000096,regular,worksheet-formula,1,single-cell,1,D415,IF|INDEX|MATCH|UDF,,0,directional.unresolved,catalog-category,
d338233f05c5e396,directional,.xls,1,s0001,worksheet,f000097,regular,worksheet-formula,1,single-cell,1,HJ35,,,0,directional.unresolved,catalog-category,
d338233f05c5e396,directional,.xls,1,s0001,worksheet,f000098,regular,worksheet-formula,1,single-cell,1,E415,IF|INDEX|MATCH|UDF,,0,directional.unresolved,catalog-category,
d338233f05c5e396,directional,.xls,1,s0001,worksheet,f000099,regular,worksheet-formula,7,multi-area,4,R12|T12:T14|T111:T112|T157,IF,,0,directional.coordinates,local-context,
d338233f05c5e396,directional,.xls,1,s0001,worksheet,f000100,regular,worksheet-formula,6,multi-area,4,Q12|S13:S14|S111:S112|S157,ATAN|DEGREES|IF,,0,directional.unresolved,catalog-category,
d338233f05c5e396,directional,.xls,1,s0001,worksheet,f000101,regular,worksheet-formula,5,filled-column,1,R13:R157,IF|SQRT|UDF,,0,directional.unresolved,catalog-category,
d338233f05c5e396,directional,.xls,1,s0001,worksheet,f000102,regular,worksheet-formula,1,single-cell,1,GJ113,,,0,directional.unresolved,catalog-category,
d338233f05c5e396,directional,.xls,1,s0001,worksheet,f000103,regular,worksheet-formula,8,filled-column,1,H13:H415,ATAN2|COS|IF|PI|SQRT,,0,directional.unresolved,catalog-category,
d338233f05c5e396,directional,.xls,1,s0001,worksheet,f000104,regular,worksheet-formula,1,single-cell,1,HH28,,,0,directional.unresolved,catalog-category,
d338233f05c5e396,directional,.xls,1,s0001,worksheet,f000105,regular,worksheet-formula,2,filled-column,1,FW48:FW49,,,0,directional.unresolved,catalog-category,
d338233f05c5e396,directional,.xls,1,s0001,worksheet,f000106,regular,worksheet-formula,2,filled-column,1,X146:X157,ROUND,,0,directional.unresolved,catalog-category,
d338233f05c5e396,directional,.xls,1,s0001,worksheet,f000107,regular,worksheet-formula,38,filled-column,1,W164:W201,AVERAGE|IF,,0,directional.unresolved,catalog-category,
d338233f05c5e396,directional,.xls,1,s0001,worksheet,f000108,regular,worksheet-formula,4,filled-column,1,I13:I158,ACOS|COS|IF|PI|SIN|TAN,,0,directional.dogleg-severity,local-context,
d338233f05c5e396,directional,.xls,1,s0001,worksheet,f000109,regular,worksheet-formula,16,rectangular-table,1,ID56:IG114,IF,,0,directional.unresolved,catalog-category,
d338233f05c5e396,directional,.xls,1,s0001,worksheet,f000110,regular,worksheet-formula,1,single-cell,1,GW48,,,0,directional.unresolved,catalog-category,
d338233f05c5e396,directional,.xls,1,s0001,worksheet,f000111,regular,worksheet-formula,1,single-cell,1,G415,ACOS|COS|IF|INDEX|MATCH|PI|RADIANS|SIN|TAN,,0,directional.unresolved,catalog-category,
d338233f05c5e396,directional,.xls,1,s0001,worksheet,f000112,regular,worksheet-formula,7,filled-column,1,F13:F158,IF,,0,directional.unresolved,catalog-category,
d338233f05c5e396,directional,.xls,1,s0001,worksheet,f000113,regular,worksheet-formula,1,single-cell,1,GR24,,,0,directional.unresolved,catalog-category,
d338233f05c5e396,directional,.xls,1,s0001,worksheet,f000114,regular,worksheet-formula,5,filled-column,1,G13:G269,ACOS|COS|IF|PI|SIN|TAN,,0,directional.unresolved,catalog-category,
d338233f05c5e396,directional,.xls,1,s0001,worksheet,f000115,regular,worksheet-formula,1,single-cell,1,K415,ACOS|COS|IF|INDEX|MATCH|PI|SIN,,0,directional.dogleg-severity,local-context,
d338233f05c5e396,directional,.xls,1,s0001,worksheet,f000116,regular,worksheet-formula,5,filled-column,1,Q13:Q157,ATAN2|DEGREES|IF,,0,directional.unresolved,catalog-category,
d338233f05c5e396,directional,.xls,1,s0001,worksheet,f000117,regular,worksheet-formula,1,single-cell,1,HZ33,,,0,directional.unresolved,catalog-category,
d338233f05c5e396,directional,.xls,1,s0001,worksheet,f000118,regular,worksheet-formula,2,filled-column,1,M13:M14,IF,,0,directional.dogleg-severity,local-context,
d338233f05c5e396,directional,.xls,1,s0001,worksheet,f000119,regular,worksheet-formula,4,filled-column,1,L13:L158,IF,,0,directional.dogleg-severity,local-context,
d338233f05c5e396,directional,.xls,1,s0001,worksheet,f000120,regular,worksheet-formula,24,filled-column,1,W140:W163,AVERAGE,,0,directional.unresolved,catalog-category,
d338233f05c5e396,directional,.xls,8,s0008,worksheet,f000121,regular,worksheet-formula,2,filled-row,1,D2:G2,,,0,directional.coordinates,local-context,ft
d338233f05c5e396,directional,.xls,8,s0008,worksheet,f000122,regular,worksheet-formula,1,single-cell,1,E2,,,0,directional.coordinates,local-context,ft
d338233f05c5e396,directional,.xls,8,s0008,worksheet,f000123,regular,worksheet-formula,1,single-cell,1,J2,,,0,directional.coordinates,local-context,
d338233f05c5e396,directional,.xls,8,s0008,worksheet,f000124,regular,worksheet-formula,1,single-cell,1,F2,,,0,directional.coordinates,local-context,ft
d3f73f2583b83fa0,bha-tools,.xls,13,s0013,worksheet,f000001,regular,worksheet-formula,1,single-cell,1,M43,,,0,bha.geometry,local-context,
d3f73f2583b83fa0,bha-tools,.xls,13,s0013,worksheet,f000002,regular,worksheet-formula,1,single-cell,1,M16,IF,,0,bha.geometry,local-context,kg|kg/m|m
d3f73f2583b83fa0,bha-tools,.xls,13,s0013,worksheet,f000003,regular,worksheet-formula,1,single-cell,1,M44,,,0,bha.geometry,local-context,
d3f73f2583b83fa0,bha-tools,.xls,13,s0013,worksheet,f000004,regular,worksheet-formula,1,single-cell,1,N16,,,0,bha.geometry,local-context,kg|m
d3f73f2583b83fa0,bha-tools,.xls,13,s0013,worksheet,f000005,regular,worksheet-formula,1,single-cell,1,P16,IF,,0,bha.geometry,local-context,in|kg|m
d3f73f2583b83fa0,bha-tools,.xls,13,s0013,worksheet,f000006,regular,worksheet-formula,4,filled-column,1,P17:P39,IF,,0,bha.geometry,local-context,in|kg|m
d3f73f2583b83fa0,bha-tools,.xls,13,s0013,worksheet,f000007,regular,worksheet-formula,1,single-cell,1,M38,IF,,0,bha.geometry,local-context,
d3f73f2583b83fa0,bha-tools,.xls,13,s0013,worksheet,f000008,regular,worksheet-formula,1,single-cell,1,N17,,,0,bha.geometry,local-context,kg|m
d3f73f2583b83fa0,bha-tools,.xls,13,s0013,worksheet,f000009,regular,worksheet-formula,2,filled-column,1,M17:M39,IF,,0,bha.geometry,local-context,kg|kg/m|m
d3f73f2583b83fa0,bha-tools,.xls,13,s0013,worksheet,f000010,regular,worksheet-formula,1,single-cell,1,P38,IF,,0,bha.geometry,local-context,
d3f73f2583b83fa0,bha-tools,.xls,13,s0013,worksheet,f000011,regular,worksheet-formula,1,single-cell,1,M42,SUM,,0,bha.geometry,local-context,
d3f73f2583b83fa0,bha-tools,.xls,14,s0014,worksheet,f000012,regular,worksheet-formula,1,single-cell,1,M43,,,0,bha.geometry,local-context,
d3f73f2583b83fa0,bha-tools,.xls,14,s0014,worksheet,f000013,regular,worksheet-formula,1,single-cell,1,M16,IF,,0,bha.geometry,local-context,kg|kg/m|m
d3f73f2583b83fa0,bha-tools,.xls,14,s0014,worksheet,f000014,regular,worksheet-formula,1,single-cell,1,M44,,,0,bha.geometry,local-context,
d3f73f2583b83fa0,bha-tools,.xls,14,s0014,worksheet,f000015,regular,worksheet-formula,1,single-cell,1,N16,,,0,bha.geometry,local-context,kg|m
d3f73f2583b83fa0,bha-tools,.xls,14,s0014,worksheet,f000016,regular,worksheet-formula,1,single-cell,1,P16,IF,,0,bha.geometry,local-context,in|kg|m
d3f73f2583b83fa0,bha-tools,.xls,14,s0014,worksheet,f000017,regular,worksheet-formula,1,single-cell,1,P39,IF,,0,bha.geometry,local-context,
d3f73f2583b83fa0,bha-tools,.xls,14,s0014,worksheet,f000018,regular,worksheet-formula,1,single-cell,1,M38,IF,,0,bha.geometry,local-context,
d3f73f2583b83fa0,bha-tools,.xls,14,s0014,worksheet,f000019,regular,worksheet-formula,1,single-cell,1,N17,,,0,bha.geometry,local-context,kg|m
d3f73f2583b83fa0,bha-tools,.xls,14,s0014,worksheet,f000020,regular,worksheet-formula,2,filled-column,1,M17:M39,IF,,0,bha.geometry,local-context,kg|kg/m|m
d3f73f2583b83fa0,bha-tools,.xls,14,s0014,worksheet,f000021,regular,worksheet-formula,1,single-cell,1,P38,IF,,0,bha.geometry,local-context,
d3f73f2583b83fa0,bha-tools,.xls,14,s0014,worksheet,f000022,regular,worksheet-formula,1,single-cell,1,M42,SUM,,0,bha.geometry,local-context,
d3f73f2583b83fa0,bha-tools,.xls,15,s0015,worksheet,f000023,regular,worksheet-formula,1,single-cell,1,M43,,,0,bha.geometry,local-context,
d3f73f2583b83fa0,bha-tools,.xls,15,s0015,worksheet,f000024,regular,worksheet-formula,1,single-cell,1,M16,IF,,0,bha.geometry,local-context,kg|kg/m|m
d3f73f2583b83fa0,bha-tools,.xls,15,s0015,worksheet,f000025,regular,worksheet-formula,1,single-cell,1,M44,,,0,bha.geometry,local-context,
d3f73f2583b83fa0,bha-tools,.xls,15,s0015,worksheet,f000026,regular,worksheet-formula,1,single-cell,1,N16,,,0,bha.geometry,local-context,kg|m
d3f73f2583b83fa0,bha-tools,.xls,15,s0015,worksheet,f000027,regular,worksheet-formula,1,single-cell,1,P16,IF,,0,bha.geometry,local-context,in|kg|m
d3f73f2583b83fa0,bha-tools,.xls,15,s0015,worksheet,f000028,regular,worksheet-formula,1,single-cell,1,P39,IF,,0,bha.geometry,local-context,
d3f73f2583b83fa0,bha-tools,.xls,15,s0015,worksheet,f000029,regular,worksheet-formula,1,single-cell,1,M38,IF,,0,bha.geometry,local-context,
d3f73f2583b83fa0,bha-tools,.xls,15,s0015,worksheet,f000030,regular,worksheet-formula,1,single-cell,1,N17,,,0,bha.geometry,local-context,kg|m
d3f73f2583b83fa0,bha-tools,.xls,15,s0015,worksheet,f000031,regular,worksheet-formula,2,filled-column,1,M17:M39,IF,,0,bha.geometry,local-context,kg|kg/m|m
d3f73f2583b83fa0,bha-tools,.xls,15,s0015,worksheet,f000032,regular,worksheet-formula,1,single-cell,1,P38,IF,,0,bha.geometry,local-context,
d3f73f2583b83fa0,bha-tools,.xls,15,s0015,worksheet,f000033,regular,worksheet-formula,1,single-cell,1,M42,SUM,,0,bha.geometry,local-context,
d3f73f2583b83fa0,bha-tools,.xls,5,s0005,worksheet,f000034,regular,worksheet-formula,1,single-cell,1,M37,,,0,bha.geometry,local-context,
d3f73f2583b83fa0,bha-tools,.xls,5,s0005,worksheet,f000035,regular,worksheet-formula,1,single-cell,1,M16,IF,,0,bha.geometry,local-context,kg|kg/m|m
d3f73f2583b83fa0,bha-tools,.xls,5,s0005,worksheet,f000036,regular,worksheet-formula,1,single-cell,1,M38,,,0,bha.geometry,local-context,
d3f73f2583b83fa0,bha-tools,.xls,5,s0005,worksheet,f000037,regular,worksheet-formula,1,single-cell,1,C26,,,0,bha.geometry,local-context,
d3f73f2583b83fa0,bha-tools,.xls,5,s0005,worksheet,f000038,regular,worksheet-formula,1,single-cell,1,N16,,,0,bha.geometry,local-context,kg|m
d3f73f2583b83fa0,bha-tools,.xls,5,s0005,worksheet,f000039,regular,worksheet-formula,1,single-cell,1,P16,IF,,0,bha.geometry,local-context,kg|m
d3f73f2583b83fa0,bha-tools,.xls,5,s0005,worksheet,f000040,regular,worksheet-formula,1,single-cell,1,P33,IF,,0,bha.geometry,local-context,
d3f73f2583b83fa0,bha-tools,.xls,5,s0005,worksheet,f000041,regular,worksheet-formula,1,single-cell,1,M32,IF,,0,bha.geometry,local-context,
d3f73f2583b83fa0,bha-tools,.xls,5,s0005,worksheet,f000042,regular,worksheet-formula,14,filled-column,1,N17:N30,,,0,bha.geometry,local-context,kg|m
d3f73f2583b83fa0,bha-tools,.xls,5,s0005,worksheet,f000043,regular,worksheet-formula,1,single-cell,1,M33,IF,,0,bha.geometry,local-context,
d3f73f2583b83fa0,bha-tools,.xls,5,s0005,worksheet,f000044,regular,worksheet-formula,1,single-cell,1,P32,IF,,0,bha.geometry,local-context,
d3f73f2583b83fa0,bha-tools,.xls,5,s0005,worksheet,f000045,regular,worksheet-formula,1,single-cell,1,M36,SUM,,0,bha.geometry,local-context,
d3f73f2583b83fa0,bha-tools,.xls,6,s0006,worksheet,f000046,regular,worksheet-formula,1,single-cell,1,M51,,,0,bha.geometry,local-context,
d3f73f2583b83fa0,bha-tools,.xls,6,s0006,worksheet,f000047,regular,worksheet-formula,1,single-cell,1,M16,IF,,0,bha.geometry,local-context,kg|kg/m|m
d3f73f2583b83fa0,bha-tools,.xls,6,s0006,worksheet,f000048,regular,worksheet-formula,1,single-cell,1,M52,,,0,bha.geometry,local-context,
d3f73f2583b83fa0,bha-tools,.xls,6,s0006,worksheet,f000049,regular,worksheet-formula,1,single-cell,1,N16,,,0,bha.geometry,local-context,kg|m
d3f73f2583b83fa0,bha-tools,.xls,6,s0006,worksheet,f000050,regular,worksheet-formula,1,single-cell,1,P16,IF,,0,bha.geometry,local-context,in|kg|m
d3f73f2583b83fa0,bha-tools,.xls,6,s0006,worksheet,f000051,regular,worksheet-formula,1,single-cell,1,P47,IF,,0,bha.geometry,local-context,
d3f73f2583b83fa0,bha-tools,.xls,6,s0006,worksheet,f000052,regular,worksheet-formula,1,single-cell,1,M46,IF,,0,bha.geometry,local-context,
d3f73f2583b83fa0,bha-tools,.xls,6,s0006,worksheet,f000053,regular,worksheet-formula,28,filled-column,1,N17:N44,,,0,bha.geometry,local-context,kg|m
d3f73f2583b83fa0,bha-tools,.xls,6,s0006,worksheet,f000054,regular,worksheet-formula,2,filled-column,1,M45:M47,IF,,0,bha.geometry,local-context,
d3f73f2583b83fa0,bha-tools,.xls,6,s0006,worksheet,f000055,regular,worksheet-formula,1,single-cell,1,P46,IF,,0,bha.geometry,local-context,
d3f73f2583b83fa0,bha-tools,.xls,6,s0006,worksheet,f000056,regular,worksheet-formula,1,single-cell,1,M50,SUM,,0,bha.geometry,local-context,
d3f73f2583b83fa0,bha-tools,.xls,7,s0007,worksheet,f000057,regular,worksheet-formula,1,single-cell,1,P17,IF,,0,bha.geometry,local-context,in|kg|m
d3f73f2583b83fa0,bha-tools,.xls,7,s0007,worksheet,f000058,regular,worksheet-formula,1,single-cell,1,M51,,,0,bha.geometry,local-context,
d3f73f2583b83fa0,bha-tools,.xls,7,s0007,worksheet,f000059,regular,worksheet-formula,2,multi-area,2,L46|M16,IF,,0,bha.geometry,local-context,kg|kg/m|m
d3f73f2583b83fa0,bha-tools,.xls,7,s0007,worksheet,f000060,regular,worksheet-formula,1,single-cell,1,M52,,,0,bha.geometry,local-context,
d3f73f2583b83fa0,bha-tools,.xls,7,s0007,worksheet,f000061,regular,worksheet-formula,1,single-cell,1,N16,,,0,bha.geometry,local-context,kg|m
d3f73f2583b83fa0,bha-tools,.xls,7,s0007,worksheet,f000062,regular,worksheet-formula,1,single-cell,1,P16,IF,,0,bha.geometry,local-context,in|kg|m
d3f73f2583b83fa0,bha-tools,.xls,7,s0007,worksheet,f000063,regular,worksheet-formula,1,single-cell,1,P47,IF,,0,bha.geometry,local-context,
d3f73f2583b83fa0,bha-tools,.xls,7,s0007,worksheet,f000064,regular,worksheet-formula,1,single-cell,1,M46,IF,,0,bha.geometry,local-context,
d3f73f2583b83fa0,bha-tools,.xls,7,s0007,worksheet,f000065,regular,worksheet-formula,28,filled-column,1,N17:N44,,,0,bha.geometry,local-context,kg|m
d3f73f2583b83fa0,bha-tools,.xls,7,s0007,worksheet,f000066,regular,worksheet-formula,2,filled-column,1,M17:M47,IF,,0,bha.geometry,local-context,kg|kg/m|m
d3f73f2583b83fa0,bha-tools,.xls,7,s0007,worksheet,f000067,regular,worksheet-formula,1,single-cell,1,P46,IF,,0,bha.geometry,local-context,
d3f73f2583b83fa0,bha-tools,.xls,7,s0007,worksheet,f000068,regular,worksheet-formula,1,single-cell,1,M50,SUM,,0,bha.geometry,local-context,
d3f73f2583b83fa0,bha-tools,.xls,8,s0008,worksheet,f000069,regular,worksheet-formula,1,single-cell,1,P17,IF,,0,bha.geometry,local-context,in|kg|m
d3f73f2583b83fa0,bha-tools,.xls,8,s0008,worksheet,f000070,regular,worksheet-formula,1,single-cell,1,M51,,,0,bha.geometry,local-context,
d3f73f2583b83fa0,bha-tools,.xls,8,s0008,worksheet,f000071,regular,worksheet-formula,1,single-cell,1,M16,IF,,0,bha.geometry,local-context,kg|kg/m|m
d3f73f2583b83fa0,bha-tools,.xls,8,s0008,worksheet,f000072,regular,worksheet-formula,1,single-cell,1,M52,,,0,bha.geometry,local-context,
d3f73f2583b83fa0,bha-tools,.xls,8,s0008,worksheet,f000073,regular,worksheet-formula,1,single-cell,1,N16,,,0,bha.geometry,local-context,kg|m
d3f73f2583b83fa0,bha-tools,.xls,8,s0008,worksheet,f000074,regular,worksheet-formula,1,single-cell,1,P16,IF,,0,bha.geometry,local-context,in|kg|m
d3f73f2583b83fa0,bha-tools,.xls,8,s0008,worksheet,f000075,regular,worksheet-formula,1,single-cell,1,P47,IF,,0,bha.geometry,local-context,
d3f73f2583b83fa0,bha-tools,.xls,8,s0008,worksheet,f000076,regular,worksheet-formula,1,single-cell,1,M46,IF,,0,bha.geometry,local-context,
d3f73f2583b83fa0,bha-tools,.xls,8,s0008,worksheet,f000077,regular,worksheet-formula,28,filled-column,1,N17:N44,,,0,bha.geometry,local-context,kg|m
d3f73f2583b83fa0,bha-tools,.xls,8,s0008,worksheet,f000078,regular,worksheet-formula,1,single-cell,1,M47,IF,,0,bha.geometry,local-context,
d3f73f2583b83fa0,bha-tools,.xls,8,s0008,worksheet,f000079,regular,worksheet-formula,1,single-cell,1,P46,IF,,0,bha.geometry,local-context,
d3f73f2583b83fa0,bha-tools,.xls,8,s0008,worksheet,f000080,regular,worksheet-formula,1,single-cell,1,M50,SUM,,0,bha.geometry,local-context,
d3f73f2583b83fa0,bha-tools,.xls,9,s0009,worksheet,f000081,regular,worksheet-formula,1,single-cell,1,P17,IF,,0,bha.geometry,local-context,in|kg|m
d3f73f2583b83fa0,bha-tools,.xls,9,s0009,worksheet,f000082,regular,worksheet-formula,1,single-cell,1,M48,,,0,bha.geometry,local-context,
d3f73f2583b83fa0,bha-tools,.xls,9,s0009,worksheet,f000083,regular,worksheet-formula,1,single-cell,1,M16,IF,,0,bha.geometry,local-context,kg|kg/m|m
d3f73f2583b83fa0,bha-tools,.xls,9,s0009,worksheet,f000084,regular,worksheet-formula,1,single-cell,1,M49,,,0,bha.geometry,local-context,
d3f73f2583b83fa0,bha-tools,.xls,9,s0009,worksheet,f000085,regular,worksheet-formula,1,single-cell,1,N16,,,0,bha.geometry,local-context,kg|m
d3f73f2583b83fa0,bha-tools,.xls,9,s0009,worksheet,f000086,regular,worksheet-formula,1,single-cell,1,P16,IF,,0,bha.geometry,local-context,in|kg|m
d3f73f2583b83fa0,bha-tools,.xls,9,s0009,worksheet,f000087,regular,worksheet-formula,1,single-cell,1,P44,IF,,0,bha.geometry,local-context,
d3f73f2583b83fa0,bha-tools,.xls,9,s0009,worksheet,f000088,regular,worksheet-formula,1,single-cell,1,M43,IF,,0,bha.geometry,local-context,
d3f73f2583b83fa0,bha-tools,.xls,9,s0009,worksheet,f000089,regular,worksheet-formula,25,filled-column,1,N17:N41,,,0,bha.geometry,local-context,kg|m
d3f73f2583b83fa0,bha-tools,.xls,9,s0009,worksheet,f000090,regular,worksheet-formula,1,single-cell,1,M44,IF,,0,bha.geometry,local-context,
d3f73f2583b83fa0,bha-tools,.xls,9,s0009,worksheet,f000091,regular,worksheet-formula,1,single-cell,1,P43,IF,,0,bha.geometry,local-context,
d3f73f2583b83fa0,bha-tools,.xls,9,s0009,worksheet,f000092,regular,worksheet-formula,1,single-cell,1,M47,SUM,,0,bha.geometry,local-context,
d3f73f2583b83fa0,bha-tools,.xls,10,s0010,worksheet,f000093,regular,worksheet-formula,1,single-cell,1,P17,IF,,0,bha.geometry,local-context,in|kg|m
d3f73f2583b83fa0,bha-tools,.xls,10,s0010,worksheet,f000094,regular,worksheet-formula,1,single-cell,1,M50,,,0,bha.geometry,local-context,
d3f73f2583b83fa0,bha-tools,.xls,10,s0010,worksheet,f000095,regular,worksheet-formula,1,single-cell,1,M16,IF,,0,bha.geometry,local-context,kg|kg/m|m
d3f73f2583b83fa0,bha-tools,.xls,10,s0010,worksheet,f000096,regular,worksheet-formula,1,single-cell,1,M51,,,0,bha.geometry,local-context,
d3f73f2583b83fa0,bha-tools,.xls,10,s0010,worksheet,f000097,regular,worksheet-formula,1,single-cell,1,N16,,,0,bha.geometry,local-context,kg|m
d3f73f2583b83fa0,bha-tools,.xls,10,s0010,worksheet,f000098,regular,worksheet-formula,1,single-cell,1,P16,IF,,0,bha.geometry,local-context,in|kg|m
d3f73f2583b83fa0,bha-tools,.xls,10,s0010,worksheet,f000099,regular,worksheet-formula,6,filled-column,1,P21:P46,IF,,0,bha.geometry,local-context,
d3f73f2583b83fa0,bha-tools,.xls,10,s0010,worksheet,f000100,regular,worksheet-formula,1,single-cell,1,M45,IF,,0,bha.geometry,local-context,
d3f73f2583b83fa0,bha-tools,.xls,10,s0010,worksheet,f000101,regular,worksheet-formula,27,filled-column,1,N17:N43,,,0,bha.geometry,local-context,kg|m
d3f73f2583b83fa0,bha-tools,.xls,10,s0010,worksheet,f000102,regular,worksheet-formula,2,filled-column,1,M44:M46,IF,,0,bha.geometry,local-context,
d3f73f2583b83fa0,bha-tools,.xls,10,s0010,worksheet,f000103,regular,worksheet-formula,1,single-cell,1,P45,IF,,0,bha.geometry,local-context,
d3f73f2583b83fa0,bha-tools,.xls,10,s0010,worksheet,f000104,regular,worksheet-formula,1,single-cell,1,M49,SUM,,0,bha.geometry,local-context,
d3f73f2583b83fa0,bha-tools,.xls,11,s0011,worksheet,f000105,regular,worksheet-formula,1,single-cell,1,P17,IF,,0,bha.geometry,local-context,in|kg|m
d3f73f2583b83fa0,bha-tools,.xls,11,s0011,worksheet,f000106,regular,worksheet-formula,1,single-cell,1,M49,,,0,bha.geometry,local-context,
d3f73f2583b83fa0,bha-tools,.xls,11,s0011,worksheet,f000107,regular,worksheet-formula,1,single-cell,1,M16,IF,,0,bha.geometry,local-context,kg|kg/m|m
d3f73f2583b83fa0,bha-tools,.xls,11,s0011,worksheet,f000108,regular,worksheet-formula,1,single-cell,1,M50,,,0,bha.geometry,local-context,
d3f73f2583b83fa0,bha-tools,.xls,11,s0011,worksheet,f000109,regular,worksheet-formula,1,single-cell,1,N16,,,0,bha.geometry,local-context,kg|m
d3f73f2583b83fa0,bha-tools,.xls,11,s0011,worksheet,f000110,regular,worksheet-formula,1,single-cell,1,P16,IF,,0,bha.geometry,local-context,in|kg|m
d3f73f2583b83fa0,bha-tools,.xls,11,s0011,worksheet,f000111,regular,worksheet-formula,6,filled-column,1,P18:P45,IF,,0,bha.geometry,local-context,m
d3f73f2583b83fa0,bha-tools,.xls,11,s0011,worksheet,f000112,regular,worksheet-formula,1,single-cell,1,M44,IF,,0,bha.geometry,local-context,
d3f73f2583b83fa0,bha-tools,.xls,11,s0011,worksheet,f000113,regular,worksheet-formula,1,single-cell,1,N17,,,0,bha.geometry,local-context,kg|m
d3f73f2583b83fa0,bha-tools,.xls,11,s0011,worksheet,f000114,regular,worksheet-formula,2,filled-column,1,M17:M45,IF,,0,bha.geometry,local-context,kg|kg/m|m
d3f73f2583b83fa0,bha-tools,.xls,11,s0011,worksheet,f000115,regular,worksheet-formula,1,single-cell,1,P44,IF,,0,bha.geometry,local-context,
d3f73f2583b83fa0,bha-tools,.xls,11,s0011,worksheet,f000116,regular,worksheet-formula,1,single-cell,1,M48,SUM,,0,bha.geometry,local-context,
d3f73f2583b83fa0,bha-tools,.xls,12,s0012,worksheet,f000117,regular,worksheet-formula,1,single-cell,1,P17,IF,,0,bha.geometry,local-context,in|kg|m
d3f73f2583b83fa0,bha-tools,.xls,12,s0012,worksheet,f000118,regular,worksheet-formula,1,single-cell,1,M49,,,0,bha.geometry,local-context,
d3f73f2583b83fa0,bha-tools,.xls,12,s0012,worksheet,f000119,regular,worksheet-formula,1,single-cell,1,M16,IF,,0,bha.geometry,local-context,kg|kg/m|m
d3f73f2583b83fa0,bha-tools,.xls,12,s0012,worksheet,f000120,regular,worksheet-formula,1,single-cell,1,M50,,,0,bha.geometry,local-context,
d3f73f2583b83fa0,bha-tools,.xls,12,s0012,worksheet,f000121,regular,worksheet-formula,1,single-cell,1,N16,,,0,bha.geometry,local-context,kg|m
d3f73f2583b83fa0,bha-tools,.xls,12,s0012,worksheet,f000122,regular,worksheet-formula,1,single-cell,1,P16,IF,,0,bha.geometry,local-context,in|kg|m
d3f73f2583b83fa0,bha-tools,.xls,12,s0012,worksheet,f000123,regular,worksheet-formula,1,single-cell,1,P45,IF,,0,bha.geometry,local-context,
d3f73f2583b83fa0,bha-tools,.xls,12,s0012,worksheet,f000124,regular,worksheet-formula,1,single-cell,1,M44,IF,,0,bha.geometry,local-context,
d3f73f2583b83fa0,bha-tools,.xls,12,s0012,worksheet,f000125,regular,worksheet-formula,1,single-cell,1,N17,,,0,bha.geometry,local-context,kg|m
d3f73f2583b83fa0,bha-tools,.xls,12,s0012,worksheet,f000126,regular,worksheet-formula,2,filled-column,1,M17:M45,IF,,0,bha.geometry,local-context,kg|kg/m|m
d3f73f2583b83fa0,bha-tools,.xls,12,s0012,worksheet,f000127,regular,worksheet-formula,1,single-cell,1,P44,IF,,0,bha.geometry,local-context,
d3f73f2583b83fa0,bha-tools,.xls,12,s0012,worksheet,f000128,regular,worksheet-formula,1,single-cell,1,M48,SUM,,0,bha.geometry,local-context,
d3f73f2583b83fa0,bha-tools,.xls,2,s0002,worksheet,f000129,regular,worksheet-formula,1,single-cell,1,M16,IF,,0,bha.geometry,local-context,kg|kg/m|m
d3f73f2583b83fa0,bha-tools,.xls,2,s0002,worksheet,f000130,regular,worksheet-formula,1,single-cell,1,N16,,,0,bha.geometry,local-context,kg|m
d3f73f2583b83fa0,bha-tools,.xls,2,s0002,worksheet,f000131,regular,worksheet-formula,1,single-cell,1,M37,UDF,,0,bha.geometry,local-context,N
d3f73f2583b83fa0,bha-tools,.xls,2,s0002,worksheet,f000132,regular,worksheet-formula,1,single-cell,1,P16,IF,,0,bha.geometry,local-context,kg|m
d3f73f2583b83fa0,bha-tools,.xls,2,s0002,worksheet,f000133,regular,worksheet-formula,1,single-cell,1,P33,IF,,0,bha.geometry,local-context,
d3f73f2583b83fa0,bha-tools,.xls,2,s0002,worksheet,f000134,regular,worksheet-formula,1,single-cell,1,K16,,,0,bha.geometry|torque-drag.connection-capacity,local-context,N|kg|kg/m
d3f73f2583b83fa0,bha-tools,.xls,2,s0002,worksheet,f000135,regular,worksheet-formula,1,single-cell,1,M32,IF,,0,bha.geometry,local-context,
d3f73f2583b83fa0,bha-tools,.xls,2,s0002,worksheet,f000136,regular,worksheet-formula,7,filled-column,1,N17:N23,,,0,bha.geometry,local-context,kg|m
d3f73f2583b83fa0,bha-tools,.xls,2,s0002,worksheet,f000137,regular,worksheet-formula,1,single-cell,1,E16,,,0,bha.geometry,local-context,in
d3f73f2583b83fa0,bha-tools,.xls,2,s0002,worksheet,f000138,regular,worksheet-formula,3,filled-column,1,K21:K23,,,0,bha.geometry,local-context,
d3f73f2583b83fa0,bha-tools,.xls,2,s0002,worksheet,f000139,regular,worksheet-formula,1,single-cell,1,M33,IF,,0,bha.geometry,local-context,
d3f73f2583b83fa0,bha-tools,.xls,2,s0002,worksheet,f000140,regular,worksheet-formula,1,single-cell,1,P32,IF,,0,bha.geometry,local-context,
d3f73f2583b83fa0,bha-tools,.xls,2,s0002,worksheet,f000141,regular,worksheet-formula,1,single-cell,1,M36,SUM,,0,bha.geometry,local-context,N
d3f73f2583b83fa0,bha-tools,.xls,4,s0004,worksheet,f000142,regular,worksheet-formula,1,single-cell,1,M38,,,0,bha.geometry,local-context,
d3f73f2583b83fa0,bha-tools,.xls,4,s0004,worksheet,f000143,regular,worksheet-formula,1,single-cell,1,M16,IF,,0,bha.geometry,local-context,kg|kg/m|m
d3f73f2583b83fa0,bha-tools,.xls,4,s0004,worksheet,f000144,regular,worksheet-formula,1,single-cell,1,M39,,,0,bha.geometry,local-context,
d3f73f2583b83fa0,bha-tools,.xls,4,s0004,worksheet,f000145,regular,worksheet-formula,1,single-cell,1,C21,,,0,bha.geometry,local-context,
d3f73f2583b83fa0,bha-tools,.xls,4,s0004,worksheet,f000146,regular,worksheet-formula,1,single-cell,1,N16,,,0,bha.geometry,local-context,kg|m
d3f73f2583b83fa0,bha-tools,.xls,4,s0004,worksheet,f000147,regular,worksheet-formula,1,single-cell,1,P16,IF,,0,bha.geometry,local-context,kg|m
d3f73f2583b83fa0,bha-tools,.xls,4,s0004,worksheet,f000148,regular,worksheet-formula,1,single-cell,1,P34,IF,,0,bha.geometry,local-context,
d3f73f2583b83fa0,bha-tools,.xls,4,s0004,worksheet,f000149,regular,worksheet-formula,1,single-cell,1,K16,,,0,bha.geometry|torque-drag.connection-capacity,local-context,N|kg|kg/m
d3f73f2583b83fa0,bha-tools,.xls,4,s0004,worksheet,f000150,regular,worksheet-formula,1,single-cell,1,M33,IF,,0,bha.geometry,local-context,
d3f73f2583b83fa0,bha-tools,.xls,4,s0004,worksheet,f000151,regular,worksheet-formula,16,filled-column,1,N17:N32,,,0,bha.geometry,local-context,kg|m
d3f73f2583b83fa0,bha-tools,.xls,4,s0004,worksheet,f000152,regular,worksheet-formula,1,single-cell,1,E16,,,0,bha.geometry,local-context,in
d3f73f2583b83fa0,bha-tools,.xls,4,s0004,worksheet,f000153,regular,worksheet-formula,5,filled-column,1,M17:M21,IF,,0,bha.geometry,local-context,kg|kg/m|m
d3f73f2583b83fa0,bha-tools,.xls,4,s0004,worksheet,f000154,regular,worksheet-formula,1,single-cell,1,P33,IF,,0,bha.geometry,local-context,
d3f73f2583b83fa0,bha-tools,.xls,4,s0004,worksheet,f000155,regular,worksheet-formula,1,single-cell,1,M37,SUM,,0,bha.geometry,local-context,
d3f73f2583b83fa0,bha-tools,.xls,23,s0023,worksheet,f000156,regular,worksheet-formula,1,single-cell,1,M55,,,0,bha.geometry,local-context,
d3f73f2583b83fa0,bha-tools,.xls,23,s0023,worksheet,f000157,regular,worksheet-formula,2,multi-area,2,L51|M16,IF,,0,bha.geometry,local-context,kg|kg/m|m
d3f73f2583b83fa0,bha-tools,.xls,23,s0023,worksheet,f000158,regular,worksheet-formula,1,single-cell,1,N16,,,0,bha.geometry,local-context,kg|m
d3f73f2583b83fa0,bha-tools,.xls,23,s0023,worksheet,f000159,regular,worksheet-formula,1,single-cell,1,P16,IF,,0,bha.geometry,local-context,in|kg|m
d3f73f2583b83fa0,bha-tools,.xls,23,s0023,worksheet,f000160,regular,worksheet-formula,1,single-cell,1,M51,IF,,0,bha.geometry,local-context,
d3f73f2583b83fa0,bha-tools,.xls,23,s0023,worksheet,f000161,regular,worksheet-formula,1,single-cell,1,M56,UDF,,0,bha.geometry,local-context,
d3f73f2583b83fa0,bha-tools,.xls,23,s0023,worksheet,f000162,regular,worksheet-formula,1,single-cell,1,P51,IF,,0,bha.geometry,local-context,
d3f73f2583b83fa0,bha-tools,.xls,23,s0023,worksheet,f000163,regular,worksheet-formula,1,single-cell,1,M54,SUM,,0,bha.geometry,local-context,
d3f73f2583b83fa0,bha-tools,.xls,24,s0024,worksheet,f000164,regular,worksheet-formula,1,single-cell,1,M60,,,0,bha.geometry,local-context,
d3f73f2583b83fa0,bha-tools,.xls,24,s0024,worksheet,f000165,regular,worksheet-formula,1,single-cell,1,M16,IF,,0,bha.geometry,local-context,kg|kg/m|m
d3f73f2583b83fa0,bha-tools,.xls,24,s0024,worksheet,f000166,regular,worksheet-formula,1,single-cell,1,N16,,,0,bha.geometry,local-context,kg|m
d3f73f2583b83fa0,bha-tools,.xls,24,s0024,worksheet,f000167,regular,worksheet-formula,1,single-cell,1,P16,IF,,0,bha.geometry,local-context,in|kg|m
d3f73f2583b83fa0,bha-tools,.xls,24,s0024,worksheet,f000168,regular,worksheet-formula,1,single-cell,1,C20,SUM,,0,bha.geometry,local-context,
d3f73f2583b83fa0,bha-tools,.xls,24,s0024,worksheet,f000169,regular,worksheet-formula,2,filled-column,1,P17:P18,IF,,0,bha.geometry,local-context,in|kg|m
d3f73f2583b83fa0,bha-tools,.xls,24,s0024,worksheet,f000170,regular,worksheet-formula,1,single-cell,1,M56,IF,,0,bha.geometry,local-context,
d3f73f2583b83fa0,bha-tools,.xls,24,s0024,worksheet,f000171,regular,worksheet-formula,1,single-cell,1,M61,UDF,,0,bha.geometry,local-context,
d3f73f2583b83fa0,bha-tools,.xls,24,s0024,worksheet,f000172,regular,worksheet-formula,1,single-cell,1,P56,IF,,0,bha.geometry,local-context,
d3f73f2583b83fa0,bha-tools,.xls,24,s0024,worksheet,f000173,regular,worksheet-formula,1,single-cell,1,M59,SUM,,0,bha.geometry,local-context,
d3f73f2583b83fa0,bha-tools,.xls,25,s0025,worksheet,f000174,regular,worksheet-formula,1,single-cell,1,M55,,,0,bha.geometry,local-context,
d3f73f2583b83fa0,bha-tools,.xls,25,s0025,worksheet,f000175,regular,worksheet-formula,1,single-cell,1,M16,IF,,0,bha.geometry,local-context,kg|kg/m|m
d3f73f2583b83fa0,bha-tools,.xls,25,s0025,worksheet,f000176,regular,worksheet-formula,1,single-cell,1,N16,,,0,bha.geometry,local-context,kg|m
d3f73f2583b83fa0,bha-tools,.xls,25,s0025,worksheet,f000177,regular,worksheet-formula,1,single-cell,1,P16,IF,,0,bha.geometry,local-context,in|kg|m
d3f73f2583b83fa0,bha-tools,.xls,25,s0025,worksheet,f000178,regular,worksheet-formula,1,single-cell,1,M51,IF,,0,bha.geometry,local-context,
d3f73f2583b83fa0,bha-tools,.xls,25,s0025,worksheet,f000179,regular,worksheet-formula,1,single-cell,1,M56,UDF,,0,bha.geometry,local-context,
d3f73f2583b83fa0,bha-tools,.xls,25,s0025,worksheet,f000180,regular,worksheet-formula,1,single-cell,1,P51,IF,,0,bha.geometry,local-context,
d3f73f2583b83fa0,bha-tools,.xls,25,s0025,worksheet,f000181,regular,worksheet-formula,1,single-cell,1,M54,SUM,,0,bha.geometry,local-context,
d3f73f2583b83fa0,bha-tools,.xls,26,s0026,worksheet,f000182,regular,worksheet-formula,1,single-cell,1,M55,,,0,bha.geometry,local-context,
d3f73f2583b83fa0,bha-tools,.xls,26,s0026,worksheet,f000183,regular,worksheet-formula,1,single-cell,1,M16,IF,,0,bha.geometry,local-context,kg|kg/m|m
d3f73f2583b83fa0,bha-tools,.xls,26,s0026,worksheet,f000184,regular,worksheet-formula,1,single-cell,1,N16,,,0,bha.geometry,local-context,kg|m
d3f73f2583b83fa0,bha-tools,.xls,26,s0026,worksheet,f000185,regular,worksheet-formula,1,single-cell,1,P16,IF,,0,bha.geometry,local-context,in|kg|m
d3f73f2583b83fa0,bha-tools,.xls,26,s0026,worksheet,f000186,regular,worksheet-formula,1,single-cell,1,M51,IF,,0,bha.geometry,local-context,
d3f73f2583b83fa0,bha-tools,.xls,26,s0026,worksheet,f000187,regular,worksheet-formula,1,single-cell,1,M56,UDF,,0,bha.geometry,local-context,
d3f73f2583b83fa0,bha-tools,.xls,26,s0026,worksheet,f000188,regular,worksheet-formula,1,single-cell,1,P51,IF,,0,bha.geometry,local-context,
d3f73f2583b83fa0,bha-tools,.xls,26,s0026,worksheet,f000189,regular,worksheet-formula,1,single-cell,1,M54,SUM,,0,bha.geometry,local-context,
d3f73f2583b83fa0,bha-tools,.xls,27,s0027,worksheet,f000190,regular,worksheet-formula,1,single-cell,1,M55,,,0,bha.geometry,local-context,
d3f73f2583b83fa0,bha-tools,.xls,27,s0027,worksheet,f000191,regular,worksheet-formula,1,single-cell,1,M16,IF,,0,bha.geometry,local-context,kg|kg/m|m
d3f73f2583b83fa0,bha-tools,.xls,27,s0027,worksheet,f000192,regular,worksheet-formula,1,single-cell,1,N16,,,0,bha.geometry,local-context,kg|m
d3f73f2583b83fa0,bha-tools,.xls,27,s0027,worksheet,f000193,regular,worksheet-formula,1,single-cell,1,P16,IF,,0,bha.geometry,local-context,in|kg|m
d3f73f2583b83fa0,bha-tools,.xls,27,s0027,worksheet,f000194,regular,worksheet-formula,1,single-cell,1,M51,IF,,0,bha.geometry,local-context,
d3f73f2583b83fa0,bha-tools,.xls,27,s0027,worksheet,f000195,regular,worksheet-formula,1,single-cell,1,M56,UDF,,0,bha.geometry,local-context,
d3f73f2583b83fa0,bha-tools,.xls,27,s0027,worksheet,f000196,regular,worksheet-formula,1,single-cell,1,P51,IF,,0,bha.geometry,local-context,
d3f73f2583b83fa0,bha-tools,.xls,27,s0027,worksheet,f000197,regular,worksheet-formula,1,single-cell,1,M54,SUM,,0,bha.geometry,local-context,
d3f73f2583b83fa0,bha-tools,.xls,28,s0028,worksheet,f000198,regular,worksheet-formula,1,single-cell,1,M55,,,0,bha.geometry,local-context,
d3f73f2583b83fa0,bha-tools,.xls,28,s0028,worksheet,f000199,regular,worksheet-formula,1,single-cell,1,M16,IF,,0,bha.geometry,local-context,kg|kg/m|m
d3f73f2583b83fa0,bha-tools,.xls,28,s0028,worksheet,f000200,regular,worksheet-formula,1,single-cell,1,N16,,,0,bha.geometry,local-context,kg|m
d3f73f2583b83fa0,bha-tools,.xls,28,s0028,worksheet,f000201,regular,worksheet-formula,1,single-cell,1,P16,IF,,0,bha.geometry,local-context,in|kg|m
d3f73f2583b83fa0,bha-tools,.xls,28,s0028,worksheet,f000202,regular,worksheet-formula,1,single-cell,1,M51,IF,,0,bha.geometry,local-context,
d3f73f2583b83fa0,bha-tools,.xls,28,s0028,worksheet,f000203,regular,worksheet-formula,1,single-cell,1,M56,UDF,,0,bha.geometry,local-context,
d3f73f2583b83fa0,bha-tools,.xls,28,s0028,worksheet,f000204,regular,worksheet-formula,1,single-cell,1,P51,IF,,0,bha.geometry,local-context,
d3f73f2583b83fa0,bha-tools,.xls,28,s0028,worksheet,f000205,regular,worksheet-formula,1,single-cell,1,M54,SUM,,0,bha.geometry,local-context,
d3f73f2583b83fa0,bha-tools,.xls,29,s0029,worksheet,f000206,regular,worksheet-formula,1,single-cell,1,M55,,,0,bha.geometry,local-context,
d3f73f2583b83fa0,bha-tools,.xls,29,s0029,worksheet,f000207,regular,worksheet-formula,1,single-cell,1,M16,IF,,0,bha.geometry,local-context,kg|kg/m|m
d3f73f2583b83fa0,bha-tools,.xls,29,s0029,worksheet,f000208,regular,worksheet-formula,1,single-cell,1,N16,,,0,bha.geometry,local-context,kg|m
d3f73f2583b83fa0,bha-tools,.xls,29,s0029,worksheet,f000209,regular,worksheet-formula,1,single-cell,1,P16,IF,,0,bha.geometry,local-context,in|kg|m
d3f73f2583b83fa0,bha-tools,.xls,29,s0029,worksheet,f000210,regular,worksheet-formula,1,single-cell,1,M51,IF,,0,bha.geometry,local-context,
d3f73f2583b83fa0,bha-tools,.xls,29,s0029,worksheet,f000211,regular,worksheet-formula,1,single-cell,1,M56,UDF,,0,bha.geometry,local-context,
d3f73f2583b83fa0,bha-tools,.xls,29,s0029,worksheet,f000212,regular,worksheet-formula,1,single-cell,1,P51,IF,,0,bha.geometry,local-context,
d3f73f2583b83fa0,bha-tools,.xls,29,s0029,worksheet,f000213,regular,worksheet-formula,1,single-cell,1,M54,SUM,,0,bha.geometry,local-context,
d3f73f2583b83fa0,bha-tools,.xls,30,s0030,worksheet,f000214,regular,worksheet-formula,1,single-cell,1,M55,,,0,bha.geometry,local-context,
d3f73f2583b83fa0,bha-tools,.xls,30,s0030,worksheet,f000215,regular,worksheet-formula,1,single-cell,1,M16,IF,,0,bha.geometry,local-context,kg|kg/m|m
d3f73f2583b83fa0,bha-tools,.xls,30,s0030,worksheet,f000216,regular,worksheet-formula,1,single-cell,1,N16,,,0,bha.geometry,local-context,kg|m
d3f73f2583b83fa0,bha-tools,.xls,30,s0030,worksheet,f000217,regular,worksheet-formula,1,single-cell,1,P16,IF,,0,bha.geometry,local-context,in|kg|m
d3f73f2583b83fa0,bha-tools,.xls,30,s0030,worksheet,f000218,regular,worksheet-formula,1,single-cell,1,M51,IF,,0,bha.geometry,local-context,
d3f73f2583b83fa0,bha-tools,.xls,30,s0030,worksheet,f000219,regular,worksheet-formula,1,single-cell,1,M56,UDF,,0,bha.geometry,local-context,
d3f73f2583b83fa0,bha-tools,.xls,30,s0030,worksheet,f000220,regular,worksheet-formula,1,single-cell,1,P51,IF,,0,bha.geometry,local-context,
d3f73f2583b83fa0,bha-tools,.xls,30,s0030,worksheet,f000221,regular,worksheet-formula,1,single-cell,1,M54,SUM,,0,bha.geometry,local-context,
d3f73f2583b83fa0,bha-tools,.xls,31,s0031,worksheet,f000222,regular,worksheet-formula,1,single-cell,1,M55,,,0,bha.geometry,local-context,
d3f73f2583b83fa0,bha-tools,.xls,31,s0031,worksheet,f000223,regular,worksheet-formula,1,single-cell,1,M16,IF,,0,bha.geometry,local-context,kg|kg/m|m
d3f73f2583b83fa0,bha-tools,.xls,31,s0031,worksheet,f000224,regular,worksheet-formula,1,single-cell,1,N16,,,0,bha.geometry,local-context,kg|m
d3f73f2583b83fa0,bha-tools,.xls,31,s0031,worksheet,f000225,regular,worksheet-formula,1,single-cell,1,P16,IF,,0,bha.geometry,local-context,in|kg|m
d3f73f2583b83fa0,bha-tools,.xls,31,s0031,worksheet,f000226,regular,worksheet-formula,1,single-cell,1,M51,IF,,0,bha.geometry,local-context,
d3f73f2583b83fa0,bha-tools,.xls,31,s0031,worksheet,f000227,regular,worksheet-formula,1,single-cell,1,P51,IF,,0,bha.geometry,local-context,
d3f73f2583b83fa0,bha-tools,.xls,31,s0031,worksheet,f000228,regular,worksheet-formula,2,filled-column,1,M54:M56,SUM,,0,bha.geometry,local-context,
d3f73f2583b83fa0,bha-tools,.xls,32,s0032,worksheet,f000229,regular,worksheet-formula,1,single-cell,1,M58,,,0,bha.geometry,local-context,
d3f73f2583b83fa0,bha-tools,.xls,32,s0032,worksheet,f000230,regular,worksheet-formula,4,multi-area,2,L38:L40|M16,IF,,0,bha.geometry,local-context,kg|kg/m|m
d3f73f2583b83fa0,bha-tools,.xls,32,s0032,worksheet,f000231,regular,worksheet-formula,1,single-cell,1,N16,,,0,bha.geometry,local-context,kg|m
d3f73f2583b83fa0,bha-tools,.xls,32,s0032,worksheet,f000232,regular,worksheet-formula,1,single-cell,1,P16,IF,,0,bha.geometry,local-context,in|kg|m
d3f73f2583b83fa0,bha-tools,.xls,32,s0032,worksheet,f000233,regular,worksheet-formula,1,single-cell,1,M54,IF,,0,bha.geometry,local-context,
d3f73f2583b83fa0,bha-tools,.xls,32,s0032,worksheet,f000234,regular,worksheet-formula,1,single-cell,1,M59,UDF,,0,bha.geometry,local-context,
d3f73f2583b83fa0,bha-tools,.xls,32,s0032,worksheet,f000235,regular,worksheet-formula,1,single-cell,1,P54,IF,,0,bha.geometry,local-context,
d3f73f2583b83fa0,bha-tools,.xls,32,s0032,worksheet,f000236,regular,worksheet-formula,1,single-cell,1,M57,SUM,,0,bha.geometry,local-context,
d3f73f2583b83fa0,bha-tools,.xls,33,s0033,worksheet,f000237,regular,worksheet-formula,1,single-cell,1,M55,,,0,bha.geometry,local-context,
d3f73f2583b83fa0,bha-tools,.xls,33,s0033,worksheet,f000238,regular,worksheet-formula,5,multi-area,2,L26:L29|M16,IF,,0,bha.geometry,local-context,kg|kg/m|m
d3f73f2583b83fa0,bha-tools,.xls,33,s0033,worksheet,f000239,regular,worksheet-formula,1,single-cell,1,N16,,,0,bha.geometry,local-context,kg|m
d3f73f2583b83fa0,bha-tools,.xls,33,s0033,worksheet,f000240,regular,worksheet-formula,1,single-cell,1,P16,IF,,0,bha.geometry,local-context,in|kg|m
d3f73f2583b83fa0,bha-tools,.xls,33,s0033,worksheet,f000241,regular,worksheet-formula,4,filled-column,1,P26:P29,IF,,0,bha.geometry,local-context,
d3f73f2583b83fa0,bha-tools,.xls,33,s0033,worksheet,f000242,regular,worksheet-formula,4,filled-column,1,N26:N29,,,0,bha.geometry,local-context,
d3f73f2583b83fa0,bha-tools,.xls,33,s0033,worksheet,f000243,regular,worksheet-formula,1,single-cell,1,M51,IF,,0,bha.geometry,local-context,
d3f73f2583b83fa0,bha-tools,.xls,33,s0033,worksheet,f000244,regular,worksheet-formula,4,filled-column,1,M26:M29,IF,,0,bha.geometry,local-context,
d3f73f2583b83fa0,bha-tools,.xls,33,s0033,worksheet,f000245,regular,worksheet-formula,1,single-cell,1,P51,IF,,0,bha.geometry,local-context,
d3f73f2583b83fa0,bha-tools,.xls,33,s0033,worksheet,f000246,regular,worksheet-formula,2,filled-column,1,M54:M56,SUM,,0,bha.geometry,local-context,
d3f73f2583b83fa0,bha-tools,.xls,34,s0034,worksheet,f000247,regular,worksheet-formula,1,single-cell,1,M55,,,0,bha.geometry,local-context,
d3f73f2583b83fa0,bha-tools,.xls,34,s0034,worksheet,f000248,regular,worksheet-formula,1,single-cell,1,M16,IF,,0,bha.geometry,local-context,kg|kg/m|m
d3f73f2583b83fa0,bha-tools,.xls,34,s0034,worksheet,f000249,regular,worksheet-formula,1,single-cell,1,N16,,,0,bha.geometry,local-context,kg|m
d3f73f2583b83fa0,bha-tools,.xls,34,s0034,worksheet,f000250,regular,worksheet-formula,1,single-cell,1,P16,IF,,0,bha.geometry,local-context,in|kg|m
d3f73f2583b83fa0,bha-tools,.xls,34,s0034,worksheet,f000251,regular,worksheet-formula,1,single-cell,1,M51,IF,,0,bha.geometry,local-context,
d3f73f2583b83fa0,bha-tools,.xls,34,s0034,worksheet,f000252,regular,worksheet-formula,1,single-cell,1,P51,IF,,0,bha.geometry,local-context,
d3f73f2583b83fa0,bha-tools,.xls,34,s0034,worksheet,f000253,regular,worksheet-formula,2,filled-column,1,M54:M56,SUM,,0,bha.geometry,local-context,
d3f73f2583b83fa0,bha-tools,.xls,16,s0016,worksheet,f000254,regular,worksheet-formula,1,single-cell,1,M52,,,0,bha.geometry,local-context,
d3f73f2583b83fa0,bha-tools,.xls,16,s0016,worksheet,f000255,regular,worksheet-formula,1,single-cell,1,M16,IF,,0,bha.geometry,local-context,kg|kg/m|m
d3f73f2583b83fa0,bha-tools,.xls,16,s0016,worksheet,f000256,regular,worksheet-formula,1,single-cell,1,M53,,,0,bha.geometry,local-context,
d3f73f2583b83fa0,bha-tools,.xls,16,s0016,worksheet,f000257,regular,worksheet-formula,1,single-cell,1,N16,,,0,bha.geometry,local-context,kg|m
d3f73f2583b83fa0,bha-tools,.xls,16,s0016,worksheet,f000258,regular,worksheet-formula,1,single-cell,1,P16,IF,,0,bha.geometry,local-context,in|kg|m
d3f73f2583b83fa0,bha-tools,.xls,16,s0016,worksheet,f000259,regular,worksheet-formula,1,single-cell,1,C17,SUM,,0,bha.geometry,local-context,in
d3f73f2583b83fa0,bha-tools,.xls,16,s0016,worksheet,f000260,regular,worksheet-formula,1,single-cell,1,P48,IF,,0,bha.geometry,local-context,
d3f73f2583b83fa0,bha-tools,.xls,16,s0016,worksheet,f000261,regular,worksheet-formula,1,single-cell,1,M47,IF,,0,bha.geometry,local-context,
d3f73f2583b83fa0,bha-tools,.xls,16,s0016,worksheet,f000262,regular,worksheet-formula,1,single-cell,1,N17,,,0,bha.geometry,local-context,kg|m
d3f73f2583b83fa0,bha-tools,.xls,16,s0016,worksheet,f000263,regular,worksheet-formula,2,filled-column,1,M17:M48,IF,,0,bha.geometry,local-context,kg|kg/m|m
d3f73f2583b83fa0,bha-tools,.xls,16,s0016,worksheet,f000264,regular,worksheet-formula,1,single-cell,1,P47,IF,,0,bha.geometry,local-context,
d3f73f2583b83fa0,bha-tools,.xls,16,s0016,worksheet,f000265,regular,worksheet-formula,1,single-cell,1,M51,SUM,,0,bha.geometry,local-context,
d3f73f2583b83fa0,bha-tools,.xls,17,s0017,worksheet,f000266,regular,worksheet-formula,1,single-cell,1,M53,,,0,bha.geometry,local-context,
d3f73f2583b83fa0,bha-tools,.xls,17,s0017,worksheet,f000267,regular,worksheet-formula,1,single-cell,1,M16,IF,,0,bha.geometry,local-context,kg|kg/m|m
d3f73f2583b83fa0,bha-tools,.xls,17,s0017,worksheet,f000268,regular,worksheet-formula,1,single-cell,1,M54,,,0,bha.geometry,local-context,
d3f73f2583b83fa0,bha-tools,.xls,17,s0017,worksheet,f000269,regular,worksheet-formula,1,single-cell,1,N16,,,0,bha.geometry,local-context,kg|m
d3f73f2583b83fa0,bha-tools,.xls,17,s0017,worksheet,f000270,regular,worksheet-formula,1,single-cell,1,P16,IF,,0,bha.geometry,local-context,in|kg|m
d3f73f2583b83fa0,bha-tools,.xls,17,s0017,worksheet,f000271,regular,worksheet-formula,1,single-cell,1,C17,SUM,,0,bha.geometry,local-context,in
d3f73f2583b83fa0,bha-tools,.xls,17,s0017,worksheet,f000272,regular,worksheet-formula,1,single-cell,1,P49,IF,,0,bha.geometry,local-context,
d3f73f2583b83fa0,bha-tools,.xls,17,s0017,worksheet,f000273,regular,worksheet-formula,1,single-cell,1,M48,IF,,0,bha.geometry,local-context,
d3f73f2583b83fa0,bha-tools,.xls,17,s0017,worksheet,f000274,regular,worksheet-formula,1,single-cell,1,N17,,,0,bha.geometry,local-context,kg|m
d3f73f2583b83fa0,bha-tools,.xls,17,s0017,worksheet,f000275,regular,worksheet-formula,2,filled-column,1,M17:M49,IF,,0,bha.geometry,local-context,kg|kg/m|m
d3f73f2583b83fa0,bha-tools,.xls,17,s0017,worksheet,f000276,regular,worksheet-formula,1,single-cell,1,P48,IF,,0,bha.geometry,local-context,
d3f73f2583b83fa0,bha-tools,.xls,17,s0017,worksheet,f000277,regular,worksheet-formula,1,single-cell,1,M52,SUM,,0,bha.geometry,local-context,
d3f73f2583b83fa0,bha-tools,.xls,18,s0018,worksheet,f000278,regular,worksheet-formula,1,single-cell,1,M53,,,0,bha.geometry,local-context,
d3f73f2583b83fa0,bha-tools,.xls,18,s0018,worksheet,f000279,regular,worksheet-formula,1,single-cell,1,M16,IF,,0,bha.geometry,local-context,kg|kg/m|m
d3f73f2583b83fa0,bha-tools,.xls,18,s0018,worksheet,f000280,regular,worksheet-formula,1,single-cell,1,M54,,,0,bha.geometry,local-context,
d3f73f2583b83fa0,bha-tools,.xls,18,s0018,worksheet,f000281,regular,worksheet-formula,1,single-cell,1,N16,,,0,bha.geometry,local-context,kg|m
d3f73f2583b83fa0,bha-tools,.xls,18,s0018,worksheet,f000282,regular,worksheet-formula,1,single-cell,1,P16,IF,,0,bha.geometry,local-context,in|kg|m
d3f73f2583b83fa0,bha-tools,.xls,18,s0018,worksheet,f000283,regular,worksheet-formula,1,single-cell,1,P49,IF,,0,bha.geometry,local-context,
d3f73f2583b83fa0,bha-tools,.xls,18,s0018,worksheet,f000284,regular,worksheet-formula,1,single-cell,1,M48,IF,,0,bha.geometry,local-context,
d3f73f2583b83fa0,bha-tools,.xls,18,s0018,worksheet,f000285,regular,worksheet-formula,1,single-cell,1,N17,,,0,bha.geometry,local-context,kg|m
d3f73f2583b83fa0,bha-tools,.xls,18,s0018,worksheet,f000286,regular,worksheet-formula,2,filled-column,1,M18:M49,IF,,0,bha.geometry,local-context,kg
d3f73f2583b83fa0,bha-tools,.xls,18,s0018,worksheet,f000287,regular,worksheet-formula,1,single-cell,1,P48,IF,,0,bha.geometry,local-context,
d3f73f2583b83fa0,bha-tools,.xls,18,s0018,worksheet,f000288,regular,worksheet-formula,1,single-cell,1,M17,IF,,0,bha.geometry,local-context,kg|kg/m|m
d3f73f2583b83fa0,bha-tools,.xls,18,s0018,worksheet,f000289,regular,worksheet-formula,1,single-cell,1,M52,SUM,,0,bha.geometry,local-context,
d3f73f2583b83fa0,bha-tools,.xls,19,s0019,worksheet,f000290,regular,worksheet-formula,1,single-cell,1,M68,,,0,bha.geometry,local-context,
d3f73f2583b83fa0,bha-tools,.xls,19,s0019,worksheet,f000291,regular,worksheet-formula,1,single-cell,1,M16,IF,,0,bha.geometry,local-context,kg|kg/m|m
d3f73f2583b83fa0,bha-tools,.xls,19,s0019,worksheet,f000292,regular,worksheet-formula,1,single-cell,1,M69,,,0,bha.geometry,local-context,
d3f73f2583b83fa0,bha-tools,.xls,19,s0019,worksheet,f000293,regular,worksheet-formula,1,single-cell,1,N16,,,0,bha.geometry,local-context,kg|m
d3f73f2583b83fa0,bha-tools,.xls,19,s0019,worksheet,f000294,regular,worksheet-formula,1,single-cell,1,P16,IF,,0,bha.geometry,local-context,in|kg|m
d3f73f2583b83fa0,bha-tools,.xls,19,s0019,worksheet,f000295,regular,worksheet-formula,1,single-cell,1,C41,SUM,,0,bha.geometry,local-context,
d3f73f2583b83fa0,bha-tools,.xls,19,s0019,worksheet,f000296,regular,worksheet-formula,2,filled-column,1,P41:P64,IF,,0,bha.geometry,local-context,
d3f73f2583b83fa0,bha-tools,.xls,19,s0019,worksheet,f000297,regular,worksheet-formula,1,single-cell,1,M63,IF,,0,bha.geometry,local-context,
d3f73f2583b83fa0,bha-tools,.xls,19,s0019,worksheet,f000298,regular,worksheet-formula,1,single-cell,1,N17,,,0,bha.geometry,local-context,kg|m
d3f73f2583b83fa0,bha-tools,.xls,19,s0019,worksheet,f000299,regular,worksheet-formula,3,filled-column,1,M17:M64,IF,,0,bha.geometry,local-context,kg|kg/m|m
d3f73f2583b83fa0,bha-tools,.xls,19,s0019,worksheet,f000300,regular,worksheet-formula,1,single-cell,1,P63,IF,,0,bha.geometry,local-context,
d3f73f2583b83fa0,bha-tools,.xls,19,s0019,worksheet,f000301,regular,worksheet-formula,1,single-cell,1,M67,SUM,,0,bha.geometry,local-context,
d3f73f2583b83fa0,bha-tools,.xls,20,s0020,worksheet,f000302,regular,worksheet-formula,1,single-cell,1,M61,,,0,bha.geometry,local-context,
d3f73f2583b83fa0,bha-tools,.xls,20,s0020,worksheet,f000303,regular,worksheet-formula,2,multi-area,2,L57|M16,IF,,0,bha.geometry,local-context,kg|kg/m|m
d3f73f2583b83fa0,bha-tools,.xls,20,s0020,worksheet,f000304,regular,worksheet-formula,1,single-cell,1,M62,,,0,bha.geometry,local-context,
d3f73f2583b83fa0,bha-tools,.xls,20,s0020,worksheet,f000305,regular,worksheet-formula,1,single-cell,1,N16,,,0,bha.geometry,local-context,kg|m
d3f73f2583b83fa0,bha-tools,.xls,20,s0020,worksheet,f000306,regular,worksheet-formula,1,single-cell,1,P16,IF,,0,bha.geometry,local-context,in|kg|m
d3f73f2583b83fa0,bha-tools,.xls,20,s0020,worksheet,f000307,regular,worksheet-formula,1,single-cell,1,P57,IF,,0,bha.geometry,local-context,
d3f73f2583b83fa0,bha-tools,.xls,20,s0020,worksheet,f000308,regular,worksheet-formula,1,single-cell,1,M56,IF,,0,bha.geometry,local-context,
d3f73f2583b83fa0,bha-tools,.xls,20,s0020,worksheet,f000309,regular,worksheet-formula,1,single-cell,1,M57,IF,,0,bha.geometry,local-context,
d3f73f2583b83fa0,bha-tools,.xls,20,s0020,worksheet,f000310,regular,worksheet-formula,1,single-cell,1,P56,IF,,0,bha.geometry,local-context,
d3f73f2583b83fa0,bha-tools,.xls,20,s0020,worksheet,f000311,regular,worksheet-formula,1,single-cell,1,M60,SUM,,0,bha.geometry,local-context,
d3f73f2583b83fa0,bha-tools,.xls,21,s0021,worksheet,f000312,regular,worksheet-formula,1,single-cell,1,M68,,,0,bha.geometry,local-context,
d3f73f2583b83fa0,bha-tools,.xls,21,s0021,worksheet,f000313,regular,worksheet-formula,4,multi-area,3,L60:L61|L64|M16,IF,,0,bha.geometry,local-context,kg|kg/m|m
d3f73f2583b83fa0,bha-tools,.xls,21,s0021,worksheet,f000314,regular,worksheet-formula,1,single-cell,1,N16,,,0,bha.geometry,local-context,kg|m
d3f73f2583b83fa0,bha-tools,.xls,21,s0021,worksheet,f000315,regular,worksheet-formula,1,single-cell,1,P16,IF,,0,bha.geometry,local-context,in|kg|m
d3f73f2583b83fa0,bha-tools,.xls,21,s0021,worksheet,f000316,regular,worksheet-formula,2,filled-column,1,C60:C61,SUM,,0,bha.geometry,local-context,
d3f73f2583b83fa0,bha-tools,.xls,21,s0021,worksheet,f000317,regular,worksheet-formula,3,filled-column,1,P60:P64,IF,,0,bha.geometry,local-context,
d3f73f2583b83fa0,bha-tools,.xls,21,s0021,worksheet,f000318,regular,worksheet-formula,1,single-cell,1,M63,IF,,0,bha.geometry,local-context,
d3f73f2583b83fa0,bha-tools,.xls,21,s0021,worksheet,f000319,regular,worksheet-formula,2,filled-column,1,N60:N61,,,0,bha.geometry,local-context,
d3f73f2583b83fa0,bha-tools,.xls,21,s0021,worksheet,f000320,regular,worksheet-formula,3,filled-column,1,M60:M64,IF,,0,bha.geometry,local-context,
d3f73f2583b83fa0,bha-tools,.xls,21,s0021,worksheet,f000321,regular,worksheet-formula,1,single-cell,1,M69,UDF,,0,bha.geometry,local-context,
d3f73f2583b83fa0,bha-tools,.xls,21,s0021,worksheet,f000322,regular,worksheet-formula,1,single-cell,1,P63,IF,,0,bha.geometry,local-context,
d3f73f2583b83fa0,bha-tools,.xls,21,s0021,worksheet,f000323,regular,worksheet-formula,1,single-cell,1,M67,SUM,,0,bha.geometry,local-context,
d3f73f2583b83fa0,bha-tools,.xls,22,s0022,worksheet,f000324,regular,worksheet-formula,1,single-cell,1,M68,,,0,bha.geometry,local-context,
d3f73f2583b83fa0,bha-tools,.xls,22,s0022,worksheet,f000325,regular,worksheet-formula,2,multi-area,2,L64|M16,IF,,0,bha.geometry,local-context,kg|kg/m|m
d3f73f2583b83fa0,bha-tools,.xls,22,s0022,worksheet,f000326,regular,worksheet-formula,1,single-cell,1,N16,,,0,bha.geometry,local-context,kg|m
d3f73f2583b83fa0,bha-tools,.xls,22,s0022,worksheet,f000327,regular,worksheet-formula,1,single-cell,1,P16,IF,,0,bha.geometry,local-context,in|kg|m
d3f73f2583b83fa0,bha-tools,.xls,22,s0022,worksheet,f000328,regular,worksheet-formula,1,single-cell,1,P64,IF,,0,bha.geometry,local-context,
d3f73f2583b83fa0,bha-tools,.xls,22,s0022,worksheet,f000329,regular,worksheet-formula,1,single-cell,1,M63,IF,,0,bha.geometry,local-context,
d3f73f2583b83fa0,bha-tools,.xls,22,s0022,worksheet,f000330,regular,worksheet-formula,1,single-cell,1,M64,IF,,0,bha.geometry,local-context,
d3f73f2583b83fa0,bha-tools,.xls,22,s0022,worksheet,f000331,regular,worksheet-formula,1,single-cell,1,M69,UDF,,0,bha.geometry,local-context,
d3f73f2583b83fa0,bha-tools,.xls,22,s0022,worksheet,f000332,regular,worksheet-formula,1,single-cell,1,P63,IF,,0,bha.geometry,local-context,
d3f73f2583b83fa0,bha-tools,.xls,22,s0022,worksheet,f000333,regular,worksheet-formula,1,single-cell,1,M67,SUM,,0,bha.geometry,local-context,
d3f73f2583b83fa0,bha-tools,.xls,1,s0001,worksheet,f000334,regular,worksheet-formula,1,single-cell,1,M37,,,0,bha.geometry,local-context,N
d3f73f2583b83fa0,bha-tools,.xls,1,s0001,worksheet,f000335,regular,worksheet-formula,1,single-cell,1,M16,IF,,0,bha.geometry,local-context,kg|kg/m|m
d3f73f2583b83fa0,bha-tools,.xls,1,s0001,worksheet,f000336,regular,worksheet-formula,1,single-cell,1,C26,,,0,bha.geometry,local-context,N
d3f73f2583b83fa0,bha-tools,.xls,1,s0001,worksheet,f000337,regular,worksheet-formula,1,single-cell,1,N16,,,0,bha.geometry,local-context,kg|m
d3f73f2583b83fa0,bha-tools,.xls,1,s0001,worksheet,f000338,regular,worksheet-formula,1,single-cell,1,P16,IF,,0,bha.geometry,local-context,kg|m
d3f73f2583b83fa0,bha-tools,.xls,1,s0001,worksheet,f000339,regular,worksheet-formula,1,single-cell,1,P33,IF,,0,bha.geometry,local-context,
d3f73f2583b83fa0,bha-tools,.xls,1,s0001,worksheet,f000340,regular,worksheet-formula,1,single-cell,1,M32,IF,,0,bha.geometry,local-context,
d3f73f2583b83fa0,bha-tools,.xls,1,s0001,worksheet,f000341,regular,worksheet-formula,14,filled-column,1,N17:N30,,,0,bha.geometry,local-context,kg|m
d3f73f2583b83fa0,bha-tools,.xls,1,s0001,worksheet,f000342,regular,worksheet-formula,1,single-cell,1,M33,IF,,0,bha.geometry,local-context,
d3f73f2583b83fa0,bha-tools,.xls,1,s0001,worksheet,f000343,regular,worksheet-formula,1,single-cell,1,P32,IF,,0,bha.geometry,local-context,
d3f73f2583b83fa0,bha-tools,.xls,1,s0001,worksheet,f000344,regular,worksheet-formula,1,single-cell,1,M36,SUM,,0,bha.geometry,local-context,N
d3f73f2583b83fa0,bha-tools,.xls,3,s0003,worksheet,f000345,regular,worksheet-formula,1,single-cell,1,M37,,,0,bha.geometry,local-context,
d3f73f2583b83fa0,bha-tools,.xls,3,s0003,worksheet,f000346,regular,worksheet-formula,1,single-cell,1,M16,IF,,0,bha.geometry,local-context,kg|kg/m|m
d3f73f2583b83fa0,bha-tools,.xls,3,s0003,worksheet,f000347,regular,worksheet-formula,1,single-cell,1,M38,,,0,bha.geometry,local-context,
d3f73f2583b83fa0,bha-tools,.xls,3,s0003,worksheet,f000348,regular,worksheet-formula,1,single-cell,1,C26,,,0,bha.geometry,local-context,
d3f73f2583b83fa0,bha-tools,.xls,3,s0003,worksheet,f000349,regular,worksheet-formula,1,single-cell,1,N16,,,0,bha.geometry,local-context,kg|m
d3f73f2583b83fa0,bha-tools,.xls,3,s0003,worksheet,f000350,regular,worksheet-formula,1,single-cell,1,P16,IF,,0,bha.geometry,local-context,kg|m
d3f73f2583b83fa0,bha-tools,.xls,3,s0003,worksheet,f000351,regular,worksheet-formula,1,single-cell,1,P33,IF,,0,bha.geometry,local-context,
d3f73f2583b83fa0,bha-tools,.xls,3,s0003,worksheet,f000352,regular,worksheet-formula,1,single-cell,1,M32,IF,,0,bha.geometry,local-context,
d3f73f2583b83fa0,bha-tools,.xls,3,s0003,worksheet,f000353,regular,worksheet-formula,11,filled-column,1,N17:N27,,,0,bha.geometry,local-context,kg|m
d3f73f2583b83fa0,bha-tools,.xls,3,s0003,worksheet,f000354,regular,worksheet-formula,1,single-cell,1,M33,IF,,0,bha.geometry,local-context,
d3f73f2583b83fa0,bha-tools,.xls,3,s0003,worksheet,f000355,regular,worksheet-formula,1,single-cell,1,P32,IF,,0,bha.geometry,local-context,
d3f73f2583b83fa0,bha-tools,.xls,3,s0003,worksheet,f000356,regular,worksheet-formula,1,single-cell,1,M36,SUM,,0,bha.geometry,local-context,
d48acc7d8e572848,bha-tools,.xls,1,s0001,worksheet,f000001,regular,worksheet-formula,2,filled-column,1,W18:W19,IF,,0,bha.geometry,local-context,
d48acc7d8e572848,bha-tools,.xls,1,s0001,worksheet,f000002,regular,worksheet-formula,2,multi-area,2,D28|F21,,,0,bha.geometry,local-context,in
d48acc7d8e572848,bha-tools,.xls,1,s0001,worksheet,f000003,regular,worksheet-formula,2,filled-column,1,W14:W15,IF,,0,bha.geometry,local-context,
d48acc7d8e572848,bha-tools,.xls,1,s0001,worksheet,f000004,regular,worksheet-formula,2,filled-column,1,S4:S5,,,0,bha.geometry,local-context,ft/h
d48acc7d8e572848,bha-tools,.xls,1,s0001,worksheet,f000005,regular,worksheet-formula,1,single-cell,1,J13,,,0,bha.geometry,local-context,in
d48acc7d8e572848,bha-tools,.xls,1,s0001,worksheet,f000006,regular,worksheet-formula,2,multi-area,2,D21|F13,,,0,bha.geometry,local-context,in
d48acc7d8e572848,bha-tools,.xls,1,s0001,worksheet,f000007,regular,worksheet-formula,1,single-cell,1,F28,,,0,bha.geometry,local-context,in
d48acc7d8e572848,bha-tools,.xls,1,s0001,worksheet,f000008,regular,worksheet-formula,6,multi-area,6,D13|D30|F16|F22|F29|J14,,,0,bha.geometry,local-context,in
d48acc7d8e572848,bha-tools,.xls,1,s0001,worksheet,f000009,regular,worksheet-formula,3,filled-column,1,D16:D29,,,0,bha.geometry,local-context,in
d48acc7d8e572848,bha-tools,.xls,1,s0001,worksheet,f000010,regular,worksheet-formula,2,filled-column,1,D14:D15,,,0,bha.geometry,local-context,in
dbfddbefee5b196d,uncategorized,.xlsb,1,s0001,worksheet,f000001,regular,worksheet-formula,4,filled-column,1,A74024:A74027,,,0,unresolved,catalog-category,
dbfddbefee5b196d,uncategorized,.xlsb,2,s0002,worksheet,f000002,regular,worksheet-formula,4,filled-column,1,A74024:A74027,,,0,unresolved,catalog-category,
dc888cd53f297b84,thermal,.xls,1,s0001,worksheet,f000001,regular,worksheet-formula,1,single-cell,1,E176,,,0,thermal.heat-exchange,local-context,ft
dc888cd53f297b84,thermal,.xls,1,s0001,worksheet,f000002,regular,worksheet-formula,2,filled-column,1,E182:E186,,,0,cross-cutting.lookup|thermal.heat-exchange,local-context,Btu/(h*ft*degF)|h
dc888cd53f297b84,thermal,.xls,1,s0001,worksheet,f000003,regular,worksheet-formula,1,single-cell,1,E178,,,0,thermal.heat-exchange,local-context,ft
dc888cd53f297b84,thermal,.xls,1,s0001,worksheet,f000004,regular,worksheet-formula,1,single-cell,1,E191,LN,,0,thermal.heat-exchange,local-context,Btu/(h*ft*degF)|Btu/(h*ft^2*degF)|ft|kW
dc888cd53f297b84,thermal,.xls,1,s0001,worksheet,f000005,regular,worksheet-formula,1,single-cell,1,E174,,,0,thermal.geothermal-gradient|thermal.heat-exchange,local-context,degF|ft
dc888cd53f297b84,thermal,.xls,1,s0001,worksheet,f000006,regular,worksheet-formula,1,single-cell,1,H170,,,0,thermal.heat-exchange,local-context,degF|ft
dc888cd53f297b84,thermal,.xls,1,s0001,worksheet,f000007,regular,worksheet-formula,1,single-cell,1,E177,,,0,thermal.heat-exchange,local-context,ft
dc888cd53f297b84,thermal,.xls,1,s0001,worksheet,f000008,regular,worksheet-formula,1,single-cell,1,E190,LN,,0,thermal.heat-exchange,local-context,Btu/(h*ft*degF)|Btu/(h*ft^2*degF)|ft
dc888cd53f297b84,thermal,.xls,1,s0001,worksheet,f000009,regular,worksheet-formula,1,single-cell,1,E175,,,0,thermal.heat-exchange,local-context,degF|ft
dc888cd53f297b84,thermal,.xls,3,s0003,worksheet,f000010,regular,worksheet-formula,1,single-cell,1,K89,,,0,cross-cutting.lookup,local-context,
dc888cd53f297b84,thermal,.xls,3,s0003,worksheet,f000011,regular,worksheet-formula,13,filled-column,1,Q20:Q122,,,0,cross-cutting.lookup,local-context,
dc888cd53f297b84,thermal,.xls,3,s0003,worksheet,f000012,regular,worksheet-formula,1,single-cell,1,N76,,,0,cross-cutting.lookup,local-context,
dc888cd53f297b84,thermal,.xls,3,s0003,worksheet,f000013,regular,worksheet-formula,1,single-cell,1,M11,,,0,cross-cutting.lookup,local-context,
dc888cd53f297b84,thermal,.xls,3,s0003,worksheet,f000014,regular,worksheet-formula,2,filled-column,1,P56:P57,,,0,cross-cutting.lookup,local-context,
dc888cd53f297b84,thermal,.xls,3,s0003,worksheet,f000015,regular,worksheet-formula,1,single-cell,1,M87,,,0,cross-cutting.lookup,local-context,
dc888cd53f297b84,thermal,.xls,3,s0003,worksheet,f000016,regular,worksheet-formula,1,single-cell,1,N75,,,0,cross-cutting.lookup,local-context,
dc888cd53f297b84,thermal,.xls,3,s0003,worksheet,f000017,regular,worksheet-formula,17,filled-column,1,D12:D122,,,0,cross-cutting.lookup,local-context,percent
dc888cd53f297b84,thermal,.xls,3,s0003,worksheet,f000018,regular,worksheet-formula,14,filled-column,1,K12:K122,,,0,cross-cutting.lookup,local-context,
dc888cd53f297b84,thermal,.xls,3,s0003,worksheet,f000019,regular,worksheet-formula,2,filled-column,1,P60:P61,,,0,cross-cutting.lookup,local-context,
dc888cd53f297b84,thermal,.xls,3,s0003,worksheet,f000020,regular,worksheet-formula,1,single-cell,1,P80,,,0,cross-cutting.lookup,local-context,
dc888cd53f297b84,thermal,.xls,3,s0003,worksheet,f000021,regular,worksheet-formula,1,single-cell,1,P52,,,0,cross-cutting.lookup,local-context,
dc888cd53f297b84,thermal,.xls,3,s0003,worksheet,f000022,regular,worksheet-formula,1,single-cell,1,K84,,,0,cross-cutting.lookup,local-context,
dc888cd53f297b84,thermal,.xls,3,s0003,worksheet,f000023,regular,worksheet-formula,1,single-cell,1,I93,,,0,cross-cutting.lookup,local-context,
dc888cd53f297b84,thermal,.xls,3,s0003,worksheet,f000024,regular,worksheet-formula,9,filled-column,1,M7:M92,,,0,cross-cutting.lookup,local-context,Btu/(lbm*degF)|J|K|cm|deg|degC|kg
dc888cd53f297b84,thermal,.xls,3,s0003,worksheet,f000025,regular,worksheet-formula,1,single-cell,1,P79,,,0,cross-cutting.lookup,local-context,
dc888cd53f297b84,thermal,.xls,3,s0003,worksheet,f000026,regular,worksheet-formula,2,filled-column,1,P58:P59,,,0,cross-cutting.lookup,local-context,
dc888cd53f297b84,thermal,.xls,3,s0003,worksheet,f000027,regular,worksheet-formula,1,single-cell,1,P51,,,0,cross-cutting.lookup,local-context,
dc888cd53f297b84,thermal,.xls,3,s0003,worksheet,f000028,regular,worksheet-formula,21,multi-area,13,L7|L20:L22|L37|L49:L50|L52:L55|L92|L114|O11|O20:O22|O87|O93|O114|O119,,,0,cross-cutting.lookup,local-context,Btu/(lbm*degF)|J|K|W|cm|deg|degC|kg
dc888cd53f297b84,thermal,.xls,3,s0003,worksheet,f000029,regular,worksheet-formula,1,single-cell,1,M93,,,0,cross-cutting.lookup,local-context,
dc888cd53f297b84,thermal,.xls,3,s0003,worksheet,f000030,regular,worksheet-formula,1,single-cell,1,I92,,,0,cross-cutting.lookup,local-context,
dc888cd53f297b84,thermal,.xls,3,s0003,worksheet,f000031,regular,worksheet-formula,1,single-cell,1,P54,,,0,cross-cutting.lookup,local-context,
dc888cd53f297b84,thermal,.xls,3,s0003,worksheet,f000032,regular,worksheet-formula,3,filled-column,1,I75:I91,,,0,cross-cutting.lookup,local-context,
dc888cd53f297b84,thermal,.xls,3,s0003,worksheet,f000033,regular,worksheet-formula,2,filled-column,1,I36:I37,,,0,cross-cutting.lookup,local-context,
dc888cd53f297b84,thermal,.xls,3,s0003,worksheet,f000034,regular,worksheet-formula,1,single-cell,1,P49,,,0,cross-cutting.lookup,local-context,
dc888cd53f297b84,thermal,.xls,3,s0003,worksheet,f000035,regular,worksheet-formula,21,filled-column,1,H7:H122,,,0,cross-cutting.lookup,local-context,Btu/(h*ft*degF)|K|W|deg|degC|psi
dc888cd53f297b84,thermal,.xls,3,s0003,worksheet,f000036,regular,worksheet-formula,1,single-cell,1,M119,,,0,cross-cutting.lookup,local-context,
dc888cd53f297b84,thermal,.xls,3,s0003,worksheet,f000037,regular,worksheet-formula,1,single-cell,1,K85,,,0,cross-cutting.lookup,local-context,
dc888cd53f297b84,thermal,.xls,3,s0003,worksheet,f000038,regular,worksheet-formula,1,single-cell,1,N77,,,0,cross-cutting.lookup,local-context,
dc888cd53f297b84,thermal,.xls,3,s0003,worksheet,f000039,regular,worksheet-formula,1,single-cell,1,P115,,,0,cross-cutting.lookup,local-context,
dc888cd53f297b84,thermal,.xls,3,s0003,worksheet,f000040,regular,worksheet-formula,1,single-cell,1,P50,,,0,cross-cutting.lookup,local-context,
dc888cd53f297b84,thermal,.xls,3,s0003,worksheet,f000041,regular,worksheet-formula,13,filled-column,1,I7:I115,,,0,cross-cutting.lookup,local-context,Btu/(h*ft*degF)|K|W|cm|deg|degC
dc888cd53f297b84,thermal,.xls,3,s0003,worksheet,f000042,regular,worksheet-formula,2,filled-column,1,P53:P55,,,0,cross-cutting.lookup,local-context,
dc888cd53f297b84,thermal,.xls,3,s0003,worksheet,f000043,regular,worksheet-formula,1,single-cell,1,P81,,,0,cross-cutting.lookup,local-context,
de6f0fc41517cd0b,well-control,.xls,1,s0001,worksheet,f000001,regular,worksheet-formula,1,single-cell,1,Q20,,,0,well-control.unresolved,catalog-category,
de6f0fc41517cd0b,well-control,.xls,1,s0001,worksheet,f000002,regular,worksheet-formula,1,single-cell,1,O20,SQRT,,0,well-control.unresolved,catalog-category,
de6f0fc41517cd0b,well-control,.xls,1,s0001,worksheet,f000003,regular,worksheet-formula,1,single-cell,1,K20,SQRT,,0,well-control.unresolved,catalog-category,
de6f0fc41517cd0b,well-control,.xls,1,s0001,worksheet,f000004,regular,worksheet-formula,1,single-cell,1,P20,,,0,well-control.unresolved,catalog-category,
de6f0fc41517cd0b,well-control,.xls,1,s0001,worksheet,f000005,regular,worksheet-formula,1,single-cell,1,I20,SQRT,,0,well-control.unresolved,catalog-category,
de6f0fc41517cd0b,well-control,.xls,1,s0001,worksheet,f000006,regular,worksheet-formula,1,single-cell,1,N20,SQRT,,0,well-control.unresolved,catalog-category,
de6f0fc41517cd0b,well-control,.xls,1,s0001,worksheet,f000007,regular,worksheet-formula,1,single-cell,1,L20,SQRT,,0,well-control.unresolved,catalog-category,
e2a8f7179c81b8c0,torque-drag-drillstring,.xlsm,1,s0001,worksheet,f000001,regular,worksheet-formula,11,filled-row,1,A1:K1,,,11,bha.geometry,local-context,ft|kN|mm
e2a8f7179c81b8c0,torque-drag-drillstring,.xlsm,2,s0002,worksheet,f000002,regular,worksheet-formula,30,filled-row,1,A1:AD1,,,30,hydraulics.fluid-properties,local-context,MPa|N|ft|kg/m^3|lbm/ft|lbm/ft^3|m|mm|psi
e729a48f04acf271,well-control,.xls,1,s0001,worksheet,f000001,regular,worksheet-formula,1,single-cell,1,D12,SQRT|UDF,,0,hydraulics.hydrostatic-pressure,local-context,m^3|psia|psig
e729a48f04acf271,well-control,.xls,1,s0001,worksheet,f000002,regular,worksheet-formula,1,single-cell,1,D6,SQRT|UDF,,0,hydraulics.fluid-properties,local-context,specific-gravity
e729a48f04acf271,well-control,.xls,1,s0001,worksheet,f000003,regular,worksheet-formula,1,single-cell,1,D13,,,0,well-control.unresolved,catalog-category,m^3|psia
e729a48f04acf271,well-control,.xls,1,s0001,worksheet,f000004,regular,worksheet-formula,1,single-cell,1,D8,LOOKUP,,0,hydraulics.fluid-properties|hydraulics.hydrostatic-pressure,local-context,psig
e729a48f04acf271,well-control,.xls,1,s0001,worksheet,f000005,regular,worksheet-formula,1,single-cell,1,D11,,,0,hydraulics.hydrostatic-pressure,local-context,m^3|psia|psig
e729a48f04acf271,well-control,.xls,1,s0001,worksheet,f000006,regular,worksheet-formula,1,single-cell,1,D16,,,0,well-control.unresolved,catalog-category,
e729a48f04acf271,well-control,.xls,5,s0005,worksheet,f000007,regular,worksheet-formula,1,single-cell,1,E10,,,0,well-control.unresolved,catalog-category,ft/s|psia
e7cb09f7199d8263,hydraulics,.xlsx,3,s0003,worksheet,f000001,regular,worksheet-formula,360,multi-area,36,B16:B25|B29:B38|B75:B84|C3:C12|C16:C25|C29:C38|C49:C58|C62:C71|C75:C84|D16:D25|D29:D38|D75:D84|E16:E25|E29:E38|E75:E84|F16:F25|F29:F38|F75:F84|G3:G12|G16:G25|G29:G38|G49:G58|G62:G71|G75:G84|H3:H12|H16:H25|H29:H38|H49:H58|H62:H71|H75:H84|I3:I12|I16:I25|I29:I38|I49:I58|I62:I71|I75:I84,,,0,hydraulics.equivalent-circulating-density|hydraulics.pressure-loss,local-context,gal/min|ppg|psi|rpm
e7cb09f7199d8263,hydraulics,.xlsx,3,s0003,worksheet,f000002,regular,worksheet-formula,59,multi-area,6,J3:J12|J49:J58|J62:J71|K3:K12|K50:K58|L49:L58,ABS,,0,hydraulics.unresolved,catalog-category,
e7cb09f7199d8263,hydraulics,.xlsx,3,s0003,worksheet,f000003,regular,worksheet-formula,1,single-cell,1,K49,ABS,,0,hydraulics.unresolved,catalog-category,
e7cb09f7199d8263,hydraulics,.xlsx,1,s0001,worksheet,f000004,regular,worksheet-formula,1,single-cell,1,I4,SUM,,0,cross-cutting.validation,local-context,ft|in
e8e922ac045c3b52,hydraulics,.xlsx,1,s0001,worksheet,f000001,regular,worksheet-formula,1,single-cell,1,K36,,,0,hydraulics.unresolved,catalog-category,
e8e922ac045c3b52,hydraulics,.xlsx,1,s0001,worksheet,f000002,regular,worksheet-formula,1,single-cell,1,J36,LN,,0,hydraulics.unresolved,catalog-category,
ed945bbfd0732f3a,hydraulics,.xlsx,1,s0001,worksheet,f000001,regular,worksheet-formula,94,rectangular-table,1,X2:Y48,,,0,hydraulics.unresolved,catalog-category,
eead67a5b5e26825,hydraulics,.xlsx,3,s0003,worksheet,f000001,regular,worksheet-formula,240,rectangular-table,1,B16:I84,,,0,hydraulics.equivalent-circulating-density,local-context,gal/min|ppg|psi|rpm
eead67a5b5e26825,hydraulics,.xlsx,3,s0003,worksheet,f000002,regular,worksheet-formula,60,rectangular-table,1,J3:K71,ABS,,0,hydraulics.unresolved,catalog-category,
eead67a5b5e26825,hydraulics,.xlsx,1,s0001,worksheet,f000003,regular,worksheet-formula,1,single-cell,1,I4,SUM,,0,cross-cutting.validation,local-context,ft|in
f0be457863a6cecc,hydraulics,.xls,1,s0001,worksheet,f000001,regular,worksheet-formula,1,single-cell,1,E11,,,0,hydraulics.two-phase-flow,local-context,cm|m^3/min|min
f0be457863a6cecc,hydraulics,.xls,1,s0001,worksheet,f000002,regular,worksheet-formula,2,multi-area,2,D2|E12,,,0,hydraulics.hydrostatic-pressure|hydraulics.pressure-loss|hydraulics.two-phase-flow,local-context,cm|hp|kPa|m^3|m^3/min|min
f0be457863a6cecc,hydraulics,.xls,1,s0001,worksheet,f000003,regular,worksheet-formula,3,filled-column,1,J17:J19,,,0,hydraulics.two-phase-flow,local-context,m/s|mm
f0be457863a6cecc,hydraulics,.xls,1,s0001,worksheet,f000004,regular,worksheet-formula,1,single-cell,1,E19,PI,,0,hydraulics.two-phase-flow,local-context,m/s|mm
f0be457863a6cecc,hydraulics,.xls,3,s0003,worksheet,f000005,regular,worksheet-formula,1,single-cell,1,B17,,,0,hydraulics.two-phase-flow,local-context,
f0be457863a6cecc,hydraulics,.xls,3,s0003,worksheet,f000006,regular,worksheet-formula,1,single-cell,1,B38,,,0,hydraulics.two-phase-flow,local-context,
f0be457863a6cecc,hydraulics,.xls,3,s0003,worksheet,f000007,regular,worksheet-formula,1,single-cell,1,B27,ABS,,0,hydraulics.two-phase-flow,local-context,
f0be457863a6cecc,hydraulics,.xls,3,s0003,worksheet,f000008,regular,worksheet-formula,1,single-cell,1,B28,ACOS,,0,hydraulics.two-phase-flow,local-context,
f0be457863a6cecc,hydraulics,.xls,3,s0003,worksheet,f000009,regular,worksheet-formula,1,single-cell,1,B18,,,0,hydraulics.two-phase-flow,local-context,
f0be457863a6cecc,hydraulics,.xls,3,s0003,worksheet,f000010,regular,worksheet-formula,1,single-cell,1,B20,,,0,hydraulics.two-phase-flow,local-context,
f0be457863a6cecc,hydraulics,.xls,3,s0003,worksheet,f000011,regular,worksheet-formula,1,single-cell,1,B34,MAX,,0,hydraulics.two-phase-flow,local-context,
f0be457863a6cecc,hydraulics,.xls,3,s0003,worksheet,f000012,regular,worksheet-formula,1,single-cell,1,B33,IF,,0,hydraulics.two-phase-flow,local-context,
f0be457863a6cecc,hydraulics,.xls,3,s0003,worksheet,f000013,regular,worksheet-formula,1,single-cell,1,B15,,,0,hydraulics.two-phase-flow,local-context,
f0be457863a6cecc,hydraulics,.xls,3,s0003,worksheet,f000014,regular,worksheet-formula,1,single-cell,1,B12,,,0,hydraulics.two-phase-flow,local-context,gal/min
f0be457863a6cecc,hydraulics,.xls,3,s0003,worksheet,f000015,regular,worksheet-formula,1,single-cell,1,D33,IF|MAX,,0,hydraulics.two-phase-flow,local-context,
f0be457863a6cecc,hydraulics,.xls,3,s0003,worksheet,f000016,regular,worksheet-formula,1,single-cell,1,B14,,,0,hydraulics.two-phase-flow,local-context,
f0be457863a6cecc,hydraulics,.xls,3,s0003,worksheet,f000017,regular,worksheet-formula,1,single-cell,1,B24,,,0,hydraulics.two-phase-flow,local-context,
f0be457863a6cecc,hydraulics,.xls,3,s0003,worksheet,f000018,regular,worksheet-formula,1,single-cell,1,D24,COS,,0,hydraulics.two-phase-flow,local-context,
f0be457863a6cecc,hydraulics,.xls,3,s0003,worksheet,f000019,regular,worksheet-formula,1,single-cell,1,D25,COS|PI,,0,hydraulics.two-phase-flow,local-context,
f0be457863a6cecc,hydraulics,.xls,3,s0003,worksheet,f000020,regular,worksheet-formula,2,multi-area,2,B37|E10,,,0,hydraulics.two-phase-flow,local-context,gal/min|min
f0be457863a6cecc,hydraulics,.xls,3,s0003,worksheet,f000021,regular,worksheet-formula,1,single-cell,1,B23,,,0,hydraulics.two-phase-flow,local-context,
f0be457863a6cecc,hydraulics,.xls,3,s0003,worksheet,f000022,regular,worksheet-formula,1,single-cell,1,B22,,,0,hydraulics.two-phase-flow,local-context,
f0be457863a6cecc,hydraulics,.xls,3,s0003,worksheet,f000023,regular,worksheet-formula,1,single-cell,1,B19,,,0,hydraulics.two-phase-flow,local-context,
f0be457863a6cecc,hydraulics,.xls,3,s0003,worksheet,f000024,regular,worksheet-formula,1,single-cell,1,C25,,,0,hydraulics.two-phase-flow,local-context,
f0be457863a6cecc,hydraulics,.xls,3,s0003,worksheet,f000025,regular,worksheet-formula,1,single-cell,1,C24,,,0,hydraulics.two-phase-flow,local-context,
f0be457863a6cecc,hydraulics,.xls,3,s0003,worksheet,f000026,regular,worksheet-formula,1,single-cell,1,C33,IF|MAX,,0,hydraulics.two-phase-flow,local-context,
f0be457863a6cecc,hydraulics,.xls,3,s0003,worksheet,f000027,regular,worksheet-formula,1,single-cell,1,D26,COS|PI,,0,hydraulics.two-phase-flow,local-context,
f0be457863a6cecc,hydraulics,.xls,3,s0003,worksheet,f000028,regular,worksheet-formula,1,single-cell,1,B16,,,0,hydraulics.two-phase-flow,local-context,
f0be457863a6cecc,hydraulics,.xls,3,s0003,worksheet,f000029,regular,worksheet-formula,1,single-cell,1,B21,,,0,hydraulics.two-phase-flow,local-context,
f0be457863a6cecc,hydraulics,.xls,3,s0003,worksheet,f000030,regular,worksheet-formula,6,multi-area,3,B29|C29:C30|D29:D31,,,0,hydraulics.two-phase-flow,local-context,
f0be457863a6cecc,hydraulics,.xls,3,s0003,worksheet,f000031,regular,worksheet-formula,1,single-cell,1,B13,,,0,hydraulics.two-phase-flow,local-context,
f0be457863a6cecc,hydraulics,.xls,3,s0003,worksheet,f000032,regular,worksheet-formula,1,single-cell,1,B36,,,0,hydraulics.two-phase-flow,local-context,
f0be457863a6cecc,hydraulics,.xls,2,s0002,worksheet,f000033,regular,worksheet-formula,1,single-cell,1,B17,,,0,cross-cutting.unit-conversion|hydraulics.two-phase-flow,local-context,
f0be457863a6cecc,hydraulics,.xls,2,s0002,worksheet,f000034,regular,worksheet-formula,1,single-cell,1,B38,,,0,cross-cutting.unit-conversion|hydraulics.two-phase-flow,local-context,
f0be457863a6cecc,hydraulics,.xls,2,s0002,worksheet,f000035,regular,worksheet-formula,1,single-cell,1,B27,ABS,,0,cross-cutting.unit-conversion|hydraulics.two-phase-flow,local-context,
f0be457863a6cecc,hydraulics,.xls,2,s0002,worksheet,f000036,regular,worksheet-formula,1,single-cell,1,B28,ACOS,,0,cross-cutting.unit-conversion|hydraulics.two-phase-flow,local-context,
f0be457863a6cecc,hydraulics,.xls,2,s0002,worksheet,f000037,regular,worksheet-formula,1,single-cell,1,B18,,,0,cross-cutting.unit-conversion|hydraulics.two-phase-flow,local-context,
f0be457863a6cecc,hydraulics,.xls,2,s0002,worksheet,f000038,regular,worksheet-formula,1,single-cell,1,B16,,,0,cross-cutting.unit-conversion|hydraulics.two-phase-flow,local-context,
f0be457863a6cecc,hydraulics,.xls,2,s0002,worksheet,f000039,regular,worksheet-formula,1,single-cell,1,B20,,,0,cross-cutting.unit-conversion|hydraulics.two-phase-flow,local-context,
f0be457863a6cecc,hydraulics,.xls,2,s0002,worksheet,f000040,regular,worksheet-formula,1,single-cell,1,B15,,,0,cross-cutting.unit-conversion|hydraulics.two-phase-flow,local-context,
f0be457863a6cecc,hydraulics,.xls,2,s0002,worksheet,f000041,regular,worksheet-formula,1,single-cell,1,B34,MAX,,0,cross-cutting.unit-conversion|hydraulics.two-phase-flow,local-context,
f0be457863a6cecc,hydraulics,.xls,2,s0002,worksheet,f000042,regular,worksheet-formula,1,single-cell,1,B33,IF,,0,cross-cutting.unit-conversion|hydraulics.two-phase-flow,local-context,
f0be457863a6cecc,hydraulics,.xls,2,s0002,worksheet,f000043,regular,worksheet-formula,1,single-cell,1,B14,,,0,cross-cutting.unit-conversion|hydraulics.two-phase-flow,local-context,
f0be457863a6cecc,hydraulics,.xls,2,s0002,worksheet,f000044,regular,worksheet-formula,1,single-cell,1,B12,,,0,cross-cutting.unit-conversion|hydraulics.two-phase-flow,local-context,
f0be457863a6cecc,hydraulics,.xls,2,s0002,worksheet,f000045,regular,worksheet-formula,1,single-cell,1,D33,IF|MAX,,0,cross-cutting.unit-conversion|hydraulics.two-phase-flow,local-context,
f0be457863a6cecc,hydraulics,.xls,2,s0002,worksheet,f000046,regular,worksheet-formula,1,single-cell,1,B24,,,0,cross-cutting.unit-conversion|hydraulics.two-phase-flow,local-context,
f0be457863a6cecc,hydraulics,.xls,2,s0002,worksheet,f000047,regular,worksheet-formula,1,single-cell,1,D24,COS,,0,cross-cutting.unit-conversion|hydraulics.two-phase-flow,local-context,
f0be457863a6cecc,hydraulics,.xls,2,s0002,worksheet,f000048,regular,worksheet-formula,1,single-cell,1,D25,COS|PI,,0,cross-cutting.unit-conversion|hydraulics.two-phase-flow,local-context,
f0be457863a6cecc,hydraulics,.xls,2,s0002,worksheet,f000049,regular,worksheet-formula,2,multi-area,2,B37|E10,,,0,cross-cutting.unit-conversion|hydraulics.two-phase-flow,local-context,m^3/min
f0be457863a6cecc,hydraulics,.xls,2,s0002,worksheet,f000050,regular,worksheet-formula,1,single-cell,1,B23,,,0,cross-cutting.unit-conversion|hydraulics.two-phase-flow,local-context,
f0be457863a6cecc,hydraulics,.xls,2,s0002,worksheet,f000051,regular,worksheet-formula,1,single-cell,1,B13,,,0,cross-cutting.unit-conversion|hydraulics.two-phase-flow,local-context,
f0be457863a6cecc,hydraulics,.xls,2,s0002,worksheet,f000052,regular,worksheet-formula,1,single-cell,1,B22,,,0,cross-cutting.unit-conversion|hydraulics.two-phase-flow,local-context,
f0be457863a6cecc,hydraulics,.xls,2,s0002,worksheet,f000053,regular,worksheet-formula,1,single-cell,1,B19,,,0,cross-cutting.unit-conversion|hydraulics.two-phase-flow,local-context,
f0be457863a6cecc,hydraulics,.xls,2,s0002,worksheet,f000054,regular,worksheet-formula,1,single-cell,1,C25,,,0,cross-cutting.unit-conversion|hydraulics.two-phase-flow,local-context,
f0be457863a6cecc,hydraulics,.xls,2,s0002,worksheet,f000055,regular,worksheet-formula,1,single-cell,1,C24,,,0,cross-cutting.unit-conversion|hydraulics.two-phase-flow,local-context,
f0be457863a6cecc,hydraulics,.xls,2,s0002,worksheet,f000056,regular,worksheet-formula,1,single-cell,1,C33,IF|MAX,,0,cross-cutting.unit-conversion|hydraulics.two-phase-flow,local-context,
f0be457863a6cecc,hydraulics,.xls,2,s0002,worksheet,f000057,regular,worksheet-formula,1,single-cell,1,D26,COS|PI,,0,cross-cutting.unit-conversion|hydraulics.two-phase-flow,local-context,
f0be457863a6cecc,hydraulics,.xls,2,s0002,worksheet,f000058,regular,worksheet-formula,1,single-cell,1,B36,,,0,cross-cutting.unit-conversion|hydraulics.two-phase-flow,local-context,
f0be457863a6cecc,hydraulics,.xls,2,s0002,worksheet,f000059,regular,worksheet-formula,1,single-cell,1,B21,,,0,cross-cutting.unit-conversion|hydraulics.two-phase-flow,local-context,
f0be457863a6cecc,hydraulics,.xls,2,s0002,worksheet,f000060,regular,worksheet-formula,6,multi-area,3,B29|C29:C30|D29:D31,,,0,cross-cutting.unit-conversion|hydraulics.two-phase-flow,local-context,
f6201fb121ebbf2c,directional,.xls,9,s0009,worksheet,f000001,regular,worksheet-formula,1,single-cell,1,B11,,,0,directional.coordinates,local-context,
f6201fb121ebbf2c,directional,.xls,9,s0009,worksheet,f000002,regular,worksheet-formula,1,single-cell,1,G8,RADIANS|TAN,,0,directional.coordinates,local-context,
f6201fb121ebbf2c,directional,.xls,4,s0004,worksheet,f000003,regular,worksheet-formula,1,single-cell,1,V16,ASIN|DEGREES,,0,directional.coordinates,local-context,
f6201fb121ebbf2c,directional,.xls,4,s0004,worksheet,f000004,regular,worksheet-formula,32,multi-area,12,C4|D4|E4|F4|F79:F81|F100:F103|M5|M33:M36|M43:M46|M54:M58|M89:M91|M100:M103,,,0,directional.coordinates,local-context,
f6201fb121ebbf2c,directional,.xls,4,s0004,worksheet,f000005,regular,worksheet-formula,45,multi-area,12,H12:H16|H33:H36|H43:H46|H54:H58|H89:H91|H100:H103|H123:H124|K43:K46|K54:K58|K89:K91|K100:K103|K123:K124,IF,,0,directional.unresolved,catalog-category,
f6201fb121ebbf2c,directional,.xls,4,s0004,worksheet,f000006,regular,worksheet-formula,54,rectangular-table,1,I12:J124,AVERAGE|IF,,0,directional.unresolved,catalog-category,
f6201fb121ebbf2c,directional,.xls,4,s0004,worksheet,f000007,regular,worksheet-formula,24,filled-column,1,O5:O103,PI|SIN,,0,directional.coordinates,local-context,
f6201fb121ebbf2c,directional,.xls,4,s0004,worksheet,f000008,regular,worksheet-formula,1,single-cell,1,U15,VLOOKUP,,0,directional.coordinates,local-context,
f6201fb121ebbf2c,directional,.xls,4,s0004,worksheet,f000009,regular,worksheet-formula,1,single-cell,1,N91,,,0,directional.unresolved,catalog-category,
f6201fb121ebbf2c,directional,.xls,4,s0004,worksheet,f000010,regular,worksheet-formula,1,single-cell,1,T15,MAX,,0,directional.coordinates,local-context,
f6201fb121ebbf2c,directional,.xls,4,s0004,worksheet,f000011,regular,worksheet-formula,7,filled-column,1,A91:A103,,,0,directional.unresolved,catalog-category,
f6201fb121ebbf2c,directional,.xls,4,s0004,worksheet,f000012,regular,worksheet-formula,22,filled-column,1,G33:G124,ATAN|IF|PI,,0,directional.unresolved,catalog-category,
f6201fb121ebbf2c,directional,.xls,4,s0004,worksheet,f000013,regular,worksheet-formula,24,filled-column,1,L5:L103,PI|SIN,,0,directional.unresolved,catalog-category,
f6201fb121ebbf2c,directional,.xls,4,s0004,worksheet,f000014,regular,worksheet-formula,12,multi-area,5,C5|C12:C16|C33:C35|D5|F123:F124,IF|SUM,,0,directional.unresolved,catalog-category,
f6201fb121ebbf2c,directional,.xls,4,s0004,worksheet,f000015,regular,worksheet-formula,1,single-cell,1,V15,VLOOKUP,,0,directional.coordinates,local-context,
f6201fb121ebbf2c,directional,.xls,2,s0002,worksheet,f000016,regular,worksheet-formula,1437,rectangular-table,1,B21:D501,,,0,directional.unresolved,catalog-category,deg|ft
f6201fb121ebbf2c,directional,.xls,2,s0002,worksheet,f000017,regular,worksheet-formula,1,single-cell,1,S20,ACOS|COS|IF|SIN,,0,directional.unresolved,catalog-category,rad
f6201fb121ebbf2c,directional,.xls,2,s0002,worksheet,f000018,regular,worksheet-formula,2,filled-column,1,R10:R11,IF,,0,directional.coordinates,local-context,deg|ft
f6201fb121ebbf2c,directional,.xls,2,s0002,worksheet,f000019,regular,worksheet-formula,7,filled-column,1,L106:L112,ATAN2|IF|PI,,0,directional.unresolved,catalog-category,
f6201fb121ebbf2c,directional,.xls,2,s0002,worksheet,f000020,regular,worksheet-formula,1,single-cell,1,T111,IF|PI|SIN,,0,directional.unresolved,catalog-category,
f6201fb121ebbf2c,directional,.xls,3,s0003,worksheet,f000021,regular,worksheet-formula,2,filled-column,1,H3:H4,IF|INDEX|MATCH|UDF,,0,directional.unresolved,catalog-category,
f6201fb121ebbf2c,directional,.xls,3,s0003,worksheet,f000022,regular,worksheet-formula,1,single-cell,1,AR61,,,0,directional.unresolved,catalog-category,
f6201fb121ebbf2c,directional,.xls,3,s0003,worksheet,f000023,regular,worksheet-formula,2,filled-row,1,O4:P4,,,0,directional.coordinates,local-context,
f6201fb121ebbf2c,directional,.xls,3,s0003,worksheet,f000024,regular,worksheet-formula,2,filled-column,1,J3:J4,ACOS|COS|IF|INDEX|MATCH|PI|RADIANS|SIN|TAN,,0,directional.coordinates,local-context,
f6201fb121ebbf2c,directional,.xls,3,s0003,worksheet,f000025,regular,worksheet-formula,1,single-cell,1,AR62,,,0,directional.unresolved,catalog-category,
f6201fb121ebbf2c,directional,.xls,3,s0003,worksheet,f000026,regular,worksheet-formula,15,multi-area,11,B6|C4|C6|D3:D6|F3:F4|K4|L4|M4|N4|AJ4|AK4,,,0,directional.coordinates,local-context,
f6201fb121ebbf2c,directional,.xls,3,s0003,worksheet,f000027,regular,worksheet-formula,2,filled-row,1,R4:AI4,,,0,directional.coordinates,local-context,
f6201fb121ebbf2c,directional,.xls,3,s0003,worksheet,f000028,regular,worksheet-formula,2,filled-column,1,G3:G4,IF|INDEX|MATCH|UDF,,0,directional.unresolved,catalog-category,
f6201fb121ebbf2c,directional,.xls,3,s0003,worksheet,f000029,regular,worksheet-formula,2,filled-column,1,I3:I4,IF|INDEX|MATCH,,0,directional.coordinates,local-context,
f6201fb121ebbf2c,directional,.xls,3,s0003,worksheet,f000030,regular,worksheet-formula,2,filled-row,1,Q4:AH4,ASIN|DEGREES,,0,directional.coordinates,local-context,
f6201fb121ebbf2c,directional,.xls,3,s0003,worksheet,f000031,regular,worksheet-formula,1,single-cell,1,AR59,,,0,directional.unresolved,catalog-category,
f6201fb121ebbf2c,directional,.xls,3,s0003,worksheet,f000032,regular,worksheet-formula,2,filled-column,1,C3:C5,,,0,directional.unresolved,catalog-category,
f6201fb121ebbf2c,directional,.xls,3,s0003,worksheet,f000033,regular,worksheet-formula,2,filled-row,1,S4:T4,VLOOKUP,,0,directional.unresolved,catalog-category,s
f6201fb121ebbf2c,directional,.xls,7,s0007,worksheet,f000034,regular,worksheet-formula,10,filled-column,1,HX24:HX33,,,0,directional.unresolved,catalog-category,percent
f6201fb121ebbf2c,directional,.xls,7,s0007,worksheet,f000035,regular,worksheet-formula,12,rectangular-table,1,ID44:IG113,IF,,0,directional.unresolved,catalog-category,
f6201fb121ebbf2c,directional,.xls,7,s0007,worksheet,f000036,regular,worksheet-formula,13,multi-area,10,IR56|IR92:IR93|IR114|IS56|IS92:IS93|IT47|IT56|IT92:IT93|IT116|IT137,,,0,directional.unresolved,catalog-category,
f6201fb121ebbf2c,directional,.xls,7,s0007,worksheet,f000037,regular,worksheet-formula,9,multi-area,6,S12|U44|U55|U149|U151|U201:U204,IF|OR|PI|SIN,,0,directional.unresolved,catalog-category,
f6201fb121ebbf2c,directional,.xls,7,s0007,worksheet,f000038,regular,worksheet-formula,5,filled-column,1,HI35:HI39,,,0,directional.unresolved,catalog-category,
f6201fb121ebbf2c,directional,.xls,7,s0007,worksheet,f000039,regular,worksheet-formula,18,multi-area,13,O12|HH35:HH39|IR90:IR91|IR113|IS121|IS149|IS151|IT43|IT114|IT121|IT130|IT145|IT150,,,0,directional.unresolved,catalog-category,
f6201fb121ebbf2c,directional,.xls,7,s0007,worksheet,f000040,regular,worksheet-formula,12,filled-column,1,P12:P412,IF,,0,directional.unresolved,catalog-category,
f6201fb121ebbf2c,directional,.xls,7,s0007,worksheet,f000041,regular,worksheet-formula,1,single-cell,1,M415,IF|INDEX|MATCH,,0,directional.dogleg-severity,local-context,
f6201fb121ebbf2c,directional,.xls,7,s0007,worksheet,f000042,regular,worksheet-formula,1,single-cell,1,I415,ACOS|COS|IF|INDEX|MATCH|PI|SIN|TAN,,0,directional.dogleg-severity,local-context,
f6201fb121ebbf2c,directional,.xls,7,s0007,worksheet,f000043,regular,worksheet-formula,1,single-cell,1,L415,IF|INDEX|MATCH,,0,directional.dogleg-severity,local-context,
f6201fb121ebbf2c,directional,.xls,7,s0007,worksheet,f000044,regular,worksheet-formula,16,filled-column,1,K13:K413,ACOS|COS|IF|PI|SIN,,0,directional.dogleg-severity,local-context,
f6201fb121ebbf2c,directional,.xls,7,s0007,worksheet,f000045,regular,worksheet-formula,1,single-cell,1,J415,ACOS|COS|IF|INDEX|MATCH|PI|SIN|TAN,,0,directional.dogleg-severity,local-context,
f6201fb121ebbf2c,directional,.xls,7,s0007,worksheet,f000046,regular,worksheet-formula,12,filled-column,1,J13:J413,ACOS|COS|IF|PI|SIN|TAN,,0,directional.dogleg-severity,local-context,
f6201fb121ebbf2c,directional,.xls,7,s0007,worksheet,f000047,regular,worksheet-formula,4,filled-row,1,ID57:IG57,IF,,0,directional.unresolved,catalog-category,
f6201fb121ebbf2c,directional,.xls,7,s0007,worksheet,f000048,regular,worksheet-formula,8,multi-area,8,FK45|FK56|FS45|FS56|ID12|IE12|IF12|IG12,,,0,directional.dogleg-severity,local-context,
f6201fb121ebbf2c,directional,.xls,7,s0007,worksheet,f000049,regular,worksheet-formula,1,single-cell,1,ES58,,,0,directional.unresolved,catalog-category,
f6201fb121ebbf2c,directional,.xls,7,s0007,worksheet,f000050,regular,worksheet-formula,1,single-cell,1,F415,IF|INDEX|MATCH,,0,directional.unresolved,catalog-category,
f6201fb121ebbf2c,directional,.xls,7,s0007,worksheet,f000051,regular,worksheet-formula,1,single-cell,1,D415,IF|INDEX|MATCH|UDF,,0,directional.unresolved,catalog-category,
f6201fb121ebbf2c,directional,.xls,7,s0007,worksheet,f000052,regular,worksheet-formula,1,single-cell,1,HJ35,,,0,directional.unresolved,catalog-category,
f6201fb121ebbf2c,directional,.xls,7,s0007,worksheet,f000053,regular,worksheet-formula,1,single-cell,1,E415,IF|INDEX|MATCH|UDF,,0,directional.unresolved,catalog-category,
f6201fb121ebbf2c,directional,.xls,7,s0007,worksheet,f000054,regular,worksheet-formula,7,multi-area,4,R12|T44|T55|T201:T204,IF,,0,directional.unresolved,catalog-category,
f6201fb121ebbf2c,directional,.xls,7,s0007,worksheet,f000055,regular,worksheet-formula,1,single-cell,1,B413,IF,,0,directional.unresolved,catalog-category,
f6201fb121ebbf2c,directional,.xls,7,s0007,worksheet,f000056,regular,worksheet-formula,5,multi-area,2,Q12|S201:S204,ATAN|DEGREES|IF,,0,directional.unresolved,catalog-category,
f6201fb121ebbf2c,directional,.xls,7,s0007,worksheet,f000057,regular,worksheet-formula,6,filled-column,1,R44:R204,IF|SQRT|UDF,,0,directional.unresolved,catalog-category,
f6201fb121ebbf2c,directional,.xls,7,s0007,worksheet,f000058,regular,worksheet-formula,1,single-cell,1,GJ113,,,0,directional.unresolved,catalog-category,
f6201fb121ebbf2c,directional,.xls,7,s0007,worksheet,f000059,regular,worksheet-formula,2,filled-column,1,H13:H415,ATAN2|COS|IF|PI|SQRT,,0,directional.unresolved,catalog-category,
f6201fb121ebbf2c,directional,.xls,7,s0007,worksheet,f000060,regular,worksheet-formula,1,single-cell,1,HH28,,,0,directional.unresolved,catalog-category,
f6201fb121ebbf2c,directional,.xls,7,s0007,worksheet,f000061,regular,worksheet-formula,2,filled-column,1,FW48:FW49,,,0,directional.unresolved,catalog-category,
f6201fb121ebbf2c,directional,.xls,7,s0007,worksheet,f000062,regular,worksheet-formula,38,filled-column,1,W164:W201,AVERAGE|IF,,0,directional.unresolved,catalog-category,
f6201fb121ebbf2c,directional,.xls,7,s0007,worksheet,f000063,regular,worksheet-formula,12,filled-column,1,I13:I413,ACOS|COS|IF|PI|SIN|TAN,,0,directional.dogleg-severity,local-context,
f6201fb121ebbf2c,directional,.xls,7,s0007,worksheet,f000064,regular,worksheet-formula,16,rectangular-table,1,ID56:IG114,IF,,0,directional.unresolved,catalog-category,
f6201fb121ebbf2c,directional,.xls,7,s0007,worksheet,f000065,regular,worksheet-formula,1,single-cell,1,GW48,,,0,directional.unresolved,catalog-category,
f6201fb121ebbf2c,directional,.xls,7,s0007,worksheet,f000066,regular,worksheet-formula,1,single-cell,1,G415,ACOS|COS|IF|INDEX|MATCH|PI|RADIANS|SIN|TAN,,0,directional.unresolved,catalog-category,
f6201fb121ebbf2c,directional,.xls,7,s0007,worksheet,f000067,regular,worksheet-formula,6,filled-column,1,F13:F205,IF,,0,directional.unresolved,catalog-category,
f6201fb121ebbf2c,directional,.xls,7,s0007,worksheet,f000068,regular,worksheet-formula,1,single-cell,1,GR24,,,0,directional.unresolved,catalog-category,
f6201fb121ebbf2c,directional,.xls,7,s0007,worksheet,f000069,regular,worksheet-formula,12,filled-column,1,G13:G413,ACOS|COS|IF|PI|SIN|TAN,,0,directional.unresolved,catalog-category,
f6201fb121ebbf2c,directional,.xls,7,s0007,worksheet,f000070,regular,worksheet-formula,1,single-cell,1,K415,ACOS|COS|IF|INDEX|MATCH|PI|SIN,,0,directional.dogleg-severity,local-context,
f6201fb121ebbf2c,directional,.xls,7,s0007,worksheet,f000071,regular,worksheet-formula,6,filled-column,1,Q44:Q204,ATAN2|DEGREES|IF,,0,directional.unresolved,catalog-category,
f6201fb121ebbf2c,directional,.xls,7,s0007,worksheet,f000072,regular,worksheet-formula,1,single-cell,1,HZ33,,,0,directional.unresolved,catalog-category,
f6201fb121ebbf2c,directional,.xls,7,s0007,worksheet,f000073,regular,worksheet-formula,5,filled-column,1,M13:M151,IF,,0,directional.dogleg-severity,local-context,
f6201fb121ebbf2c,directional,.xls,7,s0007,worksheet,f000074,regular,worksheet-formula,10,filled-column,1,L13:L413,IF,,0,directional.dogleg-severity,local-context,
f6201fb121ebbf2c,directional,.xls,7,s0007,worksheet,f000075,regular,worksheet-formula,24,filled-column,1,W140:W163,AVERAGE,,0,directional.unresolved,catalog-category,
f6201fb121ebbf2c,directional,.xls,6,s0006,worksheet,f000076,regular,worksheet-formula,5,multi-area,5,I6|I16|I169|J6|K6,,,0,directional.unresolved,catalog-category,
f6201fb121ebbf2c,directional,.xls,6,s0006,worksheet,f000077,regular,worksheet-formula,3,filled-row,1,H1359:J1359,IF,,0,directional.unresolved,catalog-category,
f6201fb121ebbf2c,directional,.xls,1,s0001,worksheet,f000078,regular,worksheet-formula,10,filled-column,1,HX24:HX33,,,0,directional.unresolved,catalog-category,percent
f6201fb121ebbf2c,directional,.xls,1,s0001,worksheet,f000079,regular,worksheet-formula,8,rectangular-table,1,ID113:IG157,IF,,0,directional.unresolved,catalog-category,
f6201fb121ebbf2c,directional,.xls,1,s0001,worksheet,f000080,regular,worksheet-formula,13,multi-area,10,IR56|IR92:IR93|IR114|IS56|IS92:IS93|IT47|IT56|IT92:IT93|IT116|IT137,,,0,directional.unresolved,catalog-category,
f6201fb121ebbf2c,directional,.xls,1,s0001,worksheet,f000081,regular,worksheet-formula,3,multi-area,3,S12|U130|U157,IF|OR|PI|SIN,,0,directional.unresolved,catalog-category,
f6201fb121ebbf2c,directional,.xls,1,s0001,worksheet,f000082,regular,worksheet-formula,5,filled-column,1,HI35:HI39,,,0,directional.unresolved,catalog-category,
f6201fb121ebbf2c,directional,.xls,1,s0001,worksheet,f000083,regular,worksheet-formula,18,multi-area,9,O268|HH35:HH39|IR113|IR157|IS113|IS157|IT43:IT46|IT113:IT115|IT130,,,0,directional.unresolved,catalog-category,
f6201fb121ebbf2c,directional,.xls,1,s0001,worksheet,f000084,regular,worksheet-formula,5,filled-column,1,P157:P290,IF,,0,directional.unresolved,catalog-category,
f6201fb121ebbf2c,directional,.xls,1,s0001,worksheet,f000085,regular,worksheet-formula,1,single-cell,1,M415,IF|INDEX|MATCH,,0,directional.dogleg-severity,local-context,
f6201fb121ebbf2c,directional,.xls,1,s0001,worksheet,f000086,regular,worksheet-formula,2,filled-column,1,J157:J158,ACOS|COS|IF|PI|SIN|TAN,,0,directional.unresolved,catalog-category,
f6201fb121ebbf2c,directional,.xls,1,s0001,worksheet,f000087,regular,worksheet-formula,1,single-cell,1,I415,ACOS|COS|IF|INDEX|MATCH|PI|SIN|TAN,,0,directional.dogleg-severity,local-context,
f6201fb121ebbf2c,directional,.xls,1,s0001,worksheet,f000088,regular,worksheet-formula,1,single-cell,1,L415,IF|INDEX|MATCH,,0,directional.dogleg-severity,local-context,
f6201fb121ebbf2c,directional,.xls,1,s0001,worksheet,f000089,regular,worksheet-formula,2,filled-column,1,K157:K158,ACOS|COS|IF|PI|SIN,,0,directional.unresolved,catalog-category,
f6201fb121ebbf2c,directional,.xls,1,s0001,worksheet,f000090,regular,worksheet-formula,1,single-cell,1,J415,ACOS|COS|IF|INDEX|MATCH|PI|SIN|TAN,,0,directional.dogleg-severity,local-context,
f6201fb121ebbf2c,directional,.xls,1,s0001,worksheet,f000091,regular,worksheet-formula,1,single-cell,1,J413,ACOS|COS|IF|PI|SIN|TAN,,0,directional.dogleg-severity,local-context,
f6201fb121ebbf2c,directional,.xls,1,s0001,worksheet,f000092,regular,worksheet-formula,4,filled-row,1,ID57:IG57,IF,,0,directional.unresolved,catalog-category,
f6201fb121ebbf2c,directional,.xls,1,s0001,worksheet,f000093,regular,worksheet-formula,8,multi-area,8,FK45|FK56|FS45|FS56|ID12|IE12|IF12|IG12,,,0,directional.dogleg-severity,local-context,
f6201fb121ebbf2c,directional,.xls,1,s0001,worksheet,f000094,regular,worksheet-formula,1,single-cell,1,ES58,,,0,directional.unresolved,catalog-category,
f6201fb121ebbf2c,directional,.xls,1,s0001,worksheet,f000095,regular,worksheet-formula,1,single-cell,1,F415,IF|INDEX|MATCH,,0,directional.unresolved,catalog-category,
f6201fb121ebbf2c,directional,.xls,1,s0001,worksheet,f000096,regular,worksheet-formula,1,single-cell,1,D415,IF|INDEX|MATCH|UDF,,0,directional.unresolved,catalog-category,
f6201fb121ebbf2c,directional,.xls,1,s0001,worksheet,f000097,regular,worksheet-formula,1,single-cell,1,HJ35,,,0,directional.unresolved,catalog-category,
f6201fb121ebbf2c,directional,.xls,1,s0001,worksheet,f000098,regular,worksheet-formula,1,single-cell,1,E415,IF|INDEX|MATCH|UDF,,0,directional.unresolved,catalog-category,
f6201fb121ebbf2c,directional,.xls,1,s0001,worksheet,f000099,regular,worksheet-formula,2,multi-area,2,R12|T157,IF,,0,directional.unresolved,catalog-category,
f6201fb121ebbf2c,directional,.xls,1,s0001,worksheet,f000100,regular,worksheet-formula,2,multi-area,2,Q12|S157,ATAN|DEGREES|IF,,0,directional.unresolved,catalog-category,
f6201fb121ebbf2c,directional,.xls,1,s0001,worksheet,f000101,regular,worksheet-formula,1,single-cell,1,R157,IF|SQRT|UDF,,0,directional.unresolved,catalog-category,
f6201fb121ebbf2c,directional,.xls,1,s0001,worksheet,f000102,regular,worksheet-formula,1,single-cell,1,GJ113,,,0,directional.unresolved,catalog-category,
f6201fb121ebbf2c,directional,.xls,1,s0001,worksheet,f000103,regular,worksheet-formula,7,filled-column,1,H13:H415,ATAN2|COS|IF|PI|SQRT,,0,directional.unresolved,catalog-category,
f6201fb121ebbf2c,directional,.xls,1,s0001,worksheet,f000104,regular,worksheet-formula,1,single-cell,1,HH28,,,0,directional.unresolved,catalog-category,
f6201fb121ebbf2c,directional,.xls,1,s0001,worksheet,f000105,regular,worksheet-formula,2,filled-column,1,FW48:FW49,,,0,directional.unresolved,catalog-category,
f6201fb121ebbf2c,directional,.xls,1,s0001,worksheet,f000106,regular,worksheet-formula,2,filled-column,1,X146:X157,ROUND,,0,directional.unresolved,catalog-category,
f6201fb121ebbf2c,directional,.xls,1,s0001,worksheet,f000107,regular,worksheet-formula,38,filled-column,1,W164:W201,AVERAGE|IF,,0,directional.unresolved,catalog-category,
f6201fb121ebbf2c,directional,.xls,1,s0001,worksheet,f000108,regular,worksheet-formula,2,filled-column,1,I157:I158,ACOS|COS|IF|PI|SIN|TAN,,0,directional.unresolved,catalog-category,
f6201fb121ebbf2c,directional,.xls,1,s0001,worksheet,f000109,regular,worksheet-formula,16,rectangular-table,1,ID56:IG114,IF,,0,directional.unresolved,catalog-category,
f6201fb121ebbf2c,directional,.xls,1,s0001,worksheet,f000110,regular,worksheet-formula,1,single-cell,1,GW48,,,0,directional.unresolved,catalog-category,
f6201fb121ebbf2c,directional,.xls,1,s0001,worksheet,f000111,regular,worksheet-formula,1,single-cell,1,G415,ACOS|COS|IF|INDEX|MATCH|PI|RADIANS|SIN|TAN,,0,directional.unresolved,catalog-category,
f6201fb121ebbf2c,directional,.xls,1,s0001,worksheet,f000112,regular,worksheet-formula,2,filled-column,1,F157:F158,IF,,0,directional.unresolved,catalog-category,
f6201fb121ebbf2c,directional,.xls,1,s0001,worksheet,f000113,regular,worksheet-formula,1,single-cell,1,GR24,,,0,directional.unresolved,catalog-category,
f6201fb121ebbf2c,directional,.xls,1,s0001,worksheet,f000114,regular,worksheet-formula,3,filled-column,1,G157:G269,ACOS|COS|IF|PI|SIN|TAN,,0,directional.unresolved,catalog-category,
f6201fb121ebbf2c,directional,.xls,1,s0001,worksheet,f000115,regular,worksheet-formula,1,single-cell,1,K415,ACOS|COS|IF|INDEX|MATCH|PI|SIN,,0,directional.dogleg-severity,local-context,
f6201fb121ebbf2c,directional,.xls,1,s0001,worksheet,f000116,regular,worksheet-formula,1,single-cell,1,Q157,ATAN2|DEGREES|IF,,0,directional.unresolved,catalog-category,
f6201fb121ebbf2c,directional,.xls,1,s0001,worksheet,f000117,regular,worksheet-formula,1,single-cell,1,HZ33,,,0,directional.unresolved,catalog-category,
f6201fb121ebbf2c,directional,.xls,1,s0001,worksheet,f000118,regular,worksheet-formula,2,filled-column,1,L157:L158,IF,,0,directional.unresolved,catalog-category,
f6201fb121ebbf2c,directional,.xls,1,s0001,worksheet,f000119,regular,worksheet-formula,24,filled-column,1,W140:W163,AVERAGE,,0,directional.unresolved,catalog-category,
f6201fb121ebbf2c,directional,.xls,8,s0008,worksheet,f000120,regular,worksheet-formula,2,filled-row,1,D2:G2,,,0,directional.coordinates,local-context,ft
f6201fb121ebbf2c,directional,.xls,8,s0008,worksheet,f000121,regular,worksheet-formula,1,single-cell,1,E2,,,0,directional.coordinates,local-context,ft
f6201fb121ebbf2c,directional,.xls,8,s0008,worksheet,f000122,regular,worksheet-formula,1,single-cell,1,J2,,,0,directional.coordinates,local-context,
f6201fb121ebbf2c,directional,.xls,8,s0008,worksheet,f000123,regular,worksheet-formula,1,single-cell,1,F2,,,0,directional.coordinates,local-context,ft
fa4a08f6c42eb693,torque-drag-drillstring,.xlsx,1,s0001,worksheet,f000001,regular,worksheet-formula,1362,rectangular-table,1,I1:J681,,,0,torque-drag.unresolved,catalog-category,
