workbook_id,category,extension,sheet_index,sheet_id,sheet_kind,visibility,rows_used,columns_used,populated_cells,formula_cells,formula_families,external_reference_formulas,volatile_formula_cells,functions,calculation_topics,unit_evidence_count,unit_dimensions,canonical_units,warning_count,extraction_method,extraction_status
03d6e377ebce5434,cementing-casing,.xlsx,1,s0001,worksheet,visible,295,21,1922,1508,9,0,0,IF|UDF|VLOOKUP,casing-cementing.unresolved,64,density|length|pressure,ft|in|mm|ppg|psi,0,openpyxl-read-only,ok
04fb7368e003571e,hydraulics,.xlsx,1,s0001,worksheet,visible,45,9,48,1,1,0,0,SUM,cross-cutting.validation,19,area|density|dynamic_viscosity|length|penetration_rate|pressure|rotational_speed|time|volumetric_flow,cP|ft|ft/h|ft^2|gal/min|in|min|ppg|psi|rpm,0,openpyxl-read-only,ok
04fb7368e003571e,hydraulics,.xlsx,2,s0002,worksheet,visible,86,9,192,0,0,0,0,,cross-cutting.validation,110,length|penetration_rate|pressure|rotational_speed|volumetric_flow,ft|ft/h|gal/min|psi|rpm,0,openpyxl-read-only,ok
04fb7368e003571e,hydraulics,.xlsx,3,s0003,worksheet,visible,84,9,600,480,1,0,0,,hydraulics.equivalent-circulating-density|hydraulics.pressure-loss,18,density|pressure|rotational_speed|volumetric_flow,gal/min|ppg|psi|rpm,0,openpyxl-read-only,ok
04fb7368e003571e,hydraulics,.xlsx,4,s0004,worksheet,visible,47,10,4,0,0,0,0,,cross-cutting.validation,0,,,0,openpyxl-read-only,ok
07703bad7ed83b8e,hydraulics,.xlsx,1,s0001,worksheet,visible,22,4,83,40,2,0,0,,hydraulics.unresolved,0,,,0,openpyxl-read-only,ok
07703bad7ed83b8e,hydraulics,.xlsx,2,s0002,worksheet,visible,0,0,0,0,0,0,0,,hydraulics.unresolved,0,,,0,openpyxl-read-only,ok
07703bad7ed83b8e,hydraulics,.xlsx,3,s0003,worksheet,visible,0,0,0,0,0,0,0,,hydraulics.unresolved,0,,,0,openpyxl-read-only,ok
08779a41064fe720,well-control,.xls,1,s0001,worksheet,visible,20,7,37,5,5,0,4,UDF,hydraulics.fluid-properties,6,density|density_ratio|time,h|lbm/ft^3|specific-gravity,5,calamine-static,ok
08779a41064fe720,well-control,.xls,2,s0002,worksheet,visible,0,0,0,0,0,0,0,,well-control.unresolved,0,,,1,calamine-static,ok
08779a41064fe720,well-control,.xls,3,s0003,worksheet,visible,0,0,0,0,0,0,0,,well-control.unresolved,0,,,1,calamine-static,ok
08779a41064fe720,well-control,.xls,4,s0004,worksheet,visible,0,0,0,0,0,0,0,,well-control.unresolved,0,,,1,calamine-static,ok
0bd17e3b1ef5840f,hydraulics,.xlsx,1,s0001,worksheet,visible,56,9,133,1,1,0,0,SUM,cross-cutting.validation,27,angle|area|density|dynamic_viscosity|length|penetration_rate|pressure|rotational_speed|time|volumetric_flow,cP|ft|ft/h|ft^2|gal/min|in|min|mm|ppg|psi|rad|rpm,0,openpyxl-read-only,ok
0bd17e3b1ef5840f,hydraulics,.xlsx,2,s0002,worksheet,visible,86,9,372,0,0,0,0,,hydraulics.rheology,110,length|penetration_rate|pressure|rotational_speed|volumetric_flow,ft|ft/h|gal/min|psi|rpm,0,openpyxl-read-only,ok
0bd17e3b1ef5840f,hydraulics,.xlsx,3,s0003,worksheet,visible,84,9,600,450,1,0,0,,hydraulics.equivalent-circulating-density|hydraulics.pressure-loss,18,density|pressure|rotational_speed|volumetric_flow,gal/min|ppg|psi|rpm,0,openpyxl-read-only,ok
0bd17e3b1ef5840f,hydraulics,.xlsx,4,s0004,worksheet,visible,47,10,4,0,0,0,0,,hydraulics.rheology,0,,,0,openpyxl-read-only,ok
103555378b7cd4f8,hydraulics,.xlsx,1,s0001,worksheet,visible,995,15,12941,3976,3,0,0,ABS|IF|POWER,hydraulics.rheology,0,,,0,openpyxl-read-only,ok
103555378b7cd4f8,hydraulics,.xlsx,2,s0002,worksheet,visible,0,0,0,0,0,0,0,,hydraulics.rheology,0,,,0,openpyxl-read-only,ok
103555378b7cd4f8,hydraulics,.xlsx,3,s0003,worksheet,visible,0,0,0,0,0,0,0,,hydraulics.rheology,0,,,0,openpyxl-read-only,ok
10ad89a67b02b3a8,bha-tools,.xlsx,1,s0001,worksheet,visible,252,19,446,248,9,0,0,SUM,bha.geometry|torque-drag.connection-capacity,10,angle|density|length,ft|ppg|rad,0,openpyxl-read-only,ok
10ad89a67b02b3a8,bha-tools,.xlsx,2,s0002,worksheet,visible,0,0,0,0,0,0,0,,bha.geometry,0,,,0,openpyxl-read-only,ok
10ad89a67b02b3a8,bha-tools,.xlsx,3,s0003,worksheet,visible,97,20,1096,96,9,0,0,ACOS|COS|RADIANS|SIN|SQRT|TAN,bha.geometry|directional.coordinates,9,angle|curvature|length,deg|deg/30m|ft|m|rad,0,openpyxl-read-only,ok
10ad89a67b02b3a8,bha-tools,.xlsx,4,s0004,worksheet,visible,35,12,160,114,3,0,0,SQRT,bha.geometry,5,length|time,ft|m|s,0,openpyxl-read-only,ok
150938c6fccf188a,hydraulics,.xlsx,1,s0001,worksheet,visible,65,11,300,1,1,0,0,,hydraulics.fluid-properties|hydraulics.rheology,0,,,0,openpyxl-read-only,ok
150938c6fccf188a,hydraulics,.xlsx,2,s0002,worksheet,visible,0,0,0,0,0,0,0,,hydraulics.fluid-properties|hydraulics.rheology,0,,,0,openpyxl-read-only,ok
150938c6fccf188a,hydraulics,.xlsx,3,s0003,worksheet,visible,0,0,0,0,0,0,0,,hydraulics.fluid-properties|hydraulics.rheology,0,,,0,openpyxl-read-only,ok
17219f0e78ccdcfd,bha-tools,.xlsm,1,s0001,worksheet,visible,10,7,67,14,10,0,0,,bha.geometry|torque-drag.axial-load,4,force|length,kN|m|mm,0,openpyxl-read-only,ok
17219f0e78ccdcfd,bha-tools,.xlsm,2,s0002,worksheet,visible,6,15,87,4,1,0,0,,hydraulics.fluid-properties,11,density|length|pressure,MPa|kg/m^3|m|mm,0,openpyxl-read-only,ok
17219f0e78ccdcfd,bha-tools,.xlsm,3,s0003,worksheet,visible,3,17,47,1,1,0,0,,hydraulics.fluid-properties,11,density|length|pressure,MPa|kg/m^3|m|mm,0,openpyxl-read-only,ok
17219f0e78ccdcfd,bha-tools,.xlsm,4,s0004,worksheet,visible,3,11,26,0,0,0,0,,bha.geometry,7,force|length,ft|in|kN|m|mm,0,openpyxl-read-only,ok
17219f0e78ccdcfd,bha-tools,.xlsm,5,s0005,worksheet,visible,3,30,73,0,0,0,0,,bha.unresolved,24,density|force|length|linear_mass|pressure,MPa|in|kg/m^3|lbf|lbm/ft|lbm/ft^3|m|mm|psi,0,openpyxl-read-only,ok
1d0b997e43f13c8f,torque-drag-drillstring,.xls,1,s0001,worksheet,visible,21,9,17,0,0,0,0,,torque-drag.axial-load|torque-drag.torque,0,,,1,calamine-static,ok
1d0b997e43f13c8f,torque-drag-drillstring,.xls,2,s0002,worksheet,visible,126,13,65,0,0,0,0,,torque-drag.axial-load|torque-drag.torque,0,,,1,calamine-static,ok
1d0b997e43f13c8f,torque-drag-drillstring,.xls,3,s0003,worksheet,visible,157,6,295,0,0,0,0,,torque-drag.axial-load|torque-drag.torque,5,force|length|torque,ft|ft*lbf|lbf,1,calamine-static,ok
1d0b997e43f13c8f,torque-drag-drillstring,.xls,4,s0004,worksheet,visible,107,13,230,0,0,0,0,,torque-drag.axial-load|torque-drag.torque,7,angle|force|length|torque,deg|ft|ft*lbf|lbf,1,calamine-static,ok
1d0b997e43f13c8f,torque-drag-drillstring,.xls,5,s0005,chart-sheet,visible,0,0,0,0,0,0,0,,torque-drag.axial-load|torque-drag.torque,0,,,1,calamine-static,ok
1e6e0ff76799305d,hydraulics,.xls,1,s0001,worksheet,visible,77,9,153,50,22,0,1,COS|IF|ISERROR|NOW|PI|ROUNDDOWN|ROUNDUP|SUM|TEXT|UDF,directional.coordinates|hydraulics.annular-velocity|hydraulics.bit-nozzle|hydraulics.equivalent-circulating-density|hydraulics.pressure-loss,37,area|density|dynamic_viscosity|fraction|length|power|pressure|pump_rate|time|volumetric_flow,cP|ft|ft^2|gal/min|hp|in|in^2|min|percent|ppg|psi|strokes/min,1,calamine-static,ok
1e6f56798a002c5f,torque-drag-drillstring,.xls,1,s0001,worksheet,visible,43,5,88,27,15,0,0,COS|IF|PI|RADIANS,torque-drag.axial-load,7,angle|length,deg|ft,1,calamine-static,ok
1e6f56798a002c5f,torque-drag-drillstring,.xls,2,s0002,worksheet,visible,0,0,0,0,0,0,0,,torque-drag.unresolved,0,,,1,calamine-static,ok
1e6f56798a002c5f,torque-drag-drillstring,.xls,3,s0003,worksheet,visible,0,0,0,0,0,0,0,,torque-drag.unresolved,0,,,1,calamine-static,ok
1e6f56798a002c5f,torque-drag-drillstring,.xls,4,s0004,worksheet,visible,0,0,0,0,0,0,0,,torque-drag.unresolved,0,,,1,calamine-static,ok
1e6f56798a002c5f,torque-drag-drillstring,.xls,5,s0005,worksheet,visible,0,0,0,0,0,0,0,,torque-drag.unresolved,0,,,1,calamine-static,ok
1e6f56798a002c5f,torque-drag-drillstring,.xls,6,s0006,worksheet,visible,0,0,0,0,0,0,0,,torque-drag.unresolved,0,,,1,calamine-static,ok
1e6f56798a002c5f,torque-drag-drillstring,.xls,7,s0007,worksheet,visible,0,0,0,0,0,0,0,,torque-drag.unresolved,0,,,1,calamine-static,ok
1e6f56798a002c5f,torque-drag-drillstring,.xls,8,s0008,worksheet,visible,0,0,0,0,0,0,0,,torque-drag.unresolved,0,,,1,calamine-static,ok
1e6f56798a002c5f,torque-drag-drillstring,.xls,9,s0009,worksheet,visible,0,0,0,0,0,0,0,,torque-drag.unresolved,0,,,1,calamine-static,ok
1e6ff4d7941da18d,hydraulics,.xlsx,1,s0001,worksheet,visible,53,9,65,1,1,0,0,SUM,cross-cutting.validation,26,angle|area|density|dynamic_viscosity|length|penetration_rate|pressure|rotational_speed|time|volumetric_flow,cP|ft|ft/h|ft^2|gal/min|in|min|ppg|psi|rad|rpm,0,openpyxl-read-only,ok
1e6ff4d7941da18d,hydraulics,.xlsx,2,s0002,worksheet,visible,86,9,192,0,0,0,0,,cross-cutting.validation,110,length|penetration_rate|pressure|rotational_speed|volumetric_flow,ft|ft/h|gal/min|psi|rpm,0,openpyxl-read-only,ok
1e6ff4d7941da18d,hydraulics,.xlsx,3,s0003,worksheet,visible,84,9,600,480,1,0,0,,hydraulics.equivalent-circulating-density|hydraulics.pressure-loss,18,density|pressure|rotational_speed|volumetric_flow,gal/min|ppg|psi|rpm,0,openpyxl-read-only,ok
1e6ff4d7941da18d,hydraulics,.xlsx,4,s0004,worksheet,visible,47,10,4,0,0,0,0,,cross-cutting.validation,0,,,0,openpyxl-read-only,ok
1e714a35863a0d7e,bha-tools,.xls,1,s0001,worksheet,visible,59,15,435,8,5,0,0,IF|SUM,bha.geometry|torque-drag.connection-capacity,20,density_ratio|length|mass|power,ft|hp|in|kg|m|specific-gravity,1,calamine-static,ok
1e714a35863a0d7e,bha-tools,.xls,2,s0002,worksheet,visible,59,15,418,8,5,0,0,IF|SUM,bha.geometry|torque-drag.connection-capacity,20,density_ratio|length|mass|power,ft|hp|in|kg|m|specific-gravity,1,calamine-static,ok
1e714a35863a0d7e,bha-tools,.xls,3,s0003,worksheet,visible,65,15,468,8,5,0,0,IF|SUM,bha.geometry|torque-drag.connection-capacity,20,density_ratio|length|mass|power,ft|hp|in|kg|m|specific-gravity,1,calamine-static,ok
1e714a35863a0d7e,bha-tools,.xls,4,s0004,worksheet,visible,65,15,422,8,5,0,0,IF|SUM,bha.geometry|torque-drag.connection-capacity,20,density_ratio|length|mass|power,ft|hp|in|kg|m|specific-gravity,1,calamine-static,ok
1e714a35863a0d7e,bha-tools,.xls,5,s0005,worksheet,visible,65,15,468,8,5,0,0,IF|SUM,bha.geometry|torque-drag.connection-capacity,20,density_ratio|length|mass|power,ft|hp|in|kg|m|specific-gravity,1,calamine-static,ok
1e714a35863a0d7e,bha-tools,.xls,6,s0006,worksheet,visible,65,15,397,8,5,0,0,IF|SUM,bha.geometry|torque-drag.connection-capacity,22,density_ratio|length|mass|power|volume,bbl|ft|hp|in|kg|m|specific-gravity,1,calamine-static,ok
1e714a35863a0d7e,bha-tools,.xls,7,s0007,worksheet,visible,65,15,397,8,5,0,0,IF|SUM,bha.geometry|torque-drag.connection-capacity,22,density_ratio|length|mass|power|volume,bbl|ft|hp|in|kg|m|specific-gravity,1,calamine-static,ok
1e714a35863a0d7e,bha-tools,.xls,8,s0008,worksheet,visible,65,15,469,8,5,0,0,IF|SUM,bha.geometry|torque-drag.connection-capacity,20,density_ratio|length|mass|power,ft|hp|in|kg|m|specific-gravity,1,calamine-static,ok
1e714a35863a0d7e,bha-tools,.xls,9,s0009,worksheet,visible,65,15,469,8,5,0,0,IF|SUM,bha.geometry|torque-drag.connection-capacity,20,density_ratio|length|mass|power,ft|hp|in|kg|m|specific-gravity,1,calamine-static,ok
1e714a35863a0d7e,bha-tools,.xls,10,s0010,worksheet,visible,65,15,469,8,5,0,0,IF|SUM,bha.geometry|torque-drag.connection-capacity,20,density_ratio|length|mass|power,ft|hp|in|kg|m|specific-gravity,1,calamine-static,ok
1e714a35863a0d7e,bha-tools,.xls,11,s0011,worksheet,visible,65,15,469,10,6,0,0,IF|SUM,bha.geometry|torque-drag.connection-capacity,20,density_ratio|length|mass|power,ft|hp|in|kg|m|specific-gravity,1,calamine-static,ok
261356ca402063dc,torque-drag-drillstring,.xls,1,s0001,worksheet,visible,54,9,158,37,26,0,0,COS|IF|MIN|PI,bha.bending-loading|hydraulics.friction-factor|torque-drag.axial-load|torque-drag.connection-capacity|torque-drag.stress-capacity,48,angle|area|force|length|pressure|torque|volume,deg|ft|ft*lbf|in|in^2|in^3|lbf|psi,1,calamine-static,ok
261356ca402063dc,torque-drag-drillstring,.xls,2,s0002,worksheet,visible,54,9,158,37,26,0,0,COS|IF|MIN|PI,bha.bending-loading|hydraulics.friction-factor|torque-drag.axial-load|torque-drag.connection-capacity|torque-drag.stress-capacity,48,angle|area|force|length|pressure|torque|volume,deg|ft|ft*lbf|in|in^2|in^3|lbf|psi,1,calamine-static,ok
266671ee19a7b17b,bha-tools,.xlsx,1,s0001,worksheet,visible,252,16,381,188,7,0,0,SUM,bha.geometry|torque-drag.connection-capacity,6,density|length,ft|ppg,0,openpyxl-read-only,ok
266671ee19a7b17b,bha-tools,.xlsx,2,s0002,worksheet,visible,74,15,449,259,6,0,0,SUM,bha.geometry,6,density|length,ft|mm|ppg,0,openpyxl-read-only,ok
266671ee19a7b17b,bha-tools,.xlsx,3,s0003,worksheet,visible,0,0,0,0,0,0,0,,bha.geometry,0,,,0,openpyxl-read-only,ok
266671ee19a7b17b,bha-tools,.xlsx,4,s0004,worksheet,visible,97,20,1030,36,8,0,0,ACOS|COS|RADIANS|SIN|SQRT|TAN,bha.geometry|directional.coordinates,7,angle|curvature|length,deg|deg/30m|m|rad,0,openpyxl-read-only,ok
266671ee19a7b17b,bha-tools,.xlsx,5,s0005,worksheet,visible,36,15,127,26,1,0,0,SQRT,bha.geometry,2,length,m,0,openpyxl-read-only,ok
282c3e39ed333b87,hydraulics,.xlsx,1,s0001,worksheet,visible,56,9,115,1,1,0,0,SUM,cross-cutting.validation,27,angle|area|density|dynamic_viscosity|length|penetration_rate|pressure|rotational_speed|time|volumetric_flow,cP|ft|ft/h|ft^2|gal/min|in|min|mm|ppg|psi|rad|rpm,0,openpyxl-read-only,ok
282c3e39ed333b87,hydraulics,.xlsx,2,s0002,worksheet,visible,86,9,312,0,0,0,0,,hydraulics.rheology,110,length|penetration_rate|pressure|rotational_speed|volumetric_flow,ft|ft/h|gal/min|psi|rpm,0,openpyxl-read-only,ok
282c3e39ed333b87,hydraulics,.xlsx,3,s0003,worksheet,visible,84,10,610,460,2,0,0,ABS,hydraulics.equivalent-circulating-density|hydraulics.pressure-loss,18,density|pressure|rotational_speed|volumetric_flow,gal/min|ppg|psi|rpm,0,openpyxl-read-only,ok
282c3e39ed333b87,hydraulics,.xlsx,4,s0004,worksheet,visible,47,10,4,0,0,0,0,,hydraulics.rheology,0,,,0,openpyxl-read-only,ok
2f31e7e9f41839d2,hydraulics,.xlsm,1,s0001,worksheet,visible,22,91,372,285,24,0,0,AND|IF|NOT|SUM|UDF,bha.geometry|directional.coordinates,1,time,min,0,calamine-static-ooxml-fallback,ok
2f31e7e9f41839d2,hydraulics,.xlsm,2,s0002,worksheet,visible,32,67,143,58,12,0,0,IF,cementing.volume,21,fraction|length|pump_rate|time|volumetric_flow,L/min|L/s|in|min|mm|percent|strokes/min,0,calamine-static-ooxml-fallback,ok
2f31e7e9f41839d2,hydraulics,.xlsm,3,s0003,worksheet,hidden,494,208,19621,13566,221,0,0,AND|CONCATENATE|IF|LEFT|LOG|MAX|MIN|NA|NOT|OR|PI|SQRT|SUM|TEXT|UDF,casing.capacity|cementing.volume|cross-cutting.lookup|cross-cutting.unit-conversion|directional.coordinates|hydraulics.bit-nozzle|hydraulics.equivalent-circulating-density|hydraulics.fluid-properties|hydraulics.friction-factor|hydraulics.hydrostatic-pressure|hydraulics.lag|hydraulics.pressure-loss|hydraulics.reynolds-number|hydraulics.rheology|hydraulics.surge-swab|hydraulics.two-phase-flow|well-control.gas-behavior|well-control.kick-tolerance|well-control.kill-density|well-control.maasp,239,area|density|density_ratio|dynamic_viscosity|force|fraction|length|mass|power|pressure|pump_rate|time|velocity|volume|volumetric_flow,L/min|L/s|bar|bbl|cP|ft|ft/min|ft/s|ft^2|gal|hp|in|in^2|kPa|kg|kg/m^3|lbf|m|m/s|m^2|m^3|m^3/s|min|mm|percent|ppg|psi|s|specific-gravity|strokes/min,0,calamine-static-ooxml-fallback,ok
2f31e7e9f41839d2,hydraulics,.xlsm,4,s0004,worksheet,hidden,206,68,10414,10254,62,0,0,ACOS|AND|ATAN|CONCATENATE|COS|IF|LOG|MAX|NA|NOT|OR|PI|RADIANS|SIN|SQRT|SUM|TAN|UDF,bha.geometry|directional.coordinates|directional.dogleg-severity|directional.trajectory|hydraulics.bit-nozzle|hydraulics.reynolds-number|hydraulics.rheology,18,angle|area|fraction|length|power,deg|hp|m|m^2|percent,0,calamine-static-ooxml-fallback,ok
2f31e7e9f41839d2,hydraulics,.xlsm,5,s0005,worksheet,visible,33,45,60,24,12,0,0,CONCATENATE|IF|UDF,directional.coordinates|hydraulics.equivalent-circulating-density,4,area|dynamic_viscosity,cP|ft^2,0,calamine-static-ooxml-fallback,ok
2f31e7e9f41839d2,hydraulics,.xlsm,6,s0006,worksheet,visible,19,44,68,10,4,0,0,IF,hydraulics.bit-nozzle|hydraulics.pressure-loss,10,area|fraction|power,hp|in^2|percent,0,calamine-static-ooxml-fallback,ok
2f31e7e9f41839d2,hydraulics,.xlsm,7,s0007,worksheet,visible,28,19,396,349,15,0,0,AND|IF|SUM|UDF,hydraulics.unresolved,0,,,0,calamine-static-ooxml-fallback,ok
2f31e7e9f41839d2,hydraulics,.xlsm,8,s0008,worksheet,visible,51,10,231,179,21,0,1,CONCATENATE|IF|MAX|SUM|TODAY|UDF,directional.coordinates|hydraulics.bit-nozzle|hydraulics.equivalent-circulating-density|hydraulics.hydrostatic-pressure|hydraulics.rheology,8,area|fraction|length|power|time,hp|in^2|min|mm|percent,0,calamine-static-ooxml-fallback,ok
2f31e7e9f41839d2,hydraulics,.xlsm,9,s0009,worksheet,visible,16,12,19,7,4,0,0,CONCATENATE|IF|UDF,hydraulics.surge-swab,4,time,min,0,calamine-static-ooxml-fallback,ok
2f31e7e9f41839d2,hydraulics,.xlsm,10,s0010,worksheet,visible,29,123,97,36,13,0,0,CONCATENATE|IF|UDF,hydraulics.fluid-properties|well-control.gas-behavior|well-control.kick-tolerance|well-control.maasp,6,density|dynamic_viscosity|pump_rate,cP|ppg|strokes/min,0,calamine-static-ooxml-fallback,ok
2f31e7e9f41839d2,hydraulics,.xlsm,11,s0011,worksheet,visible,30,119,23,10,7,0,0,CONCATENATE|IF|UDF,well-control.gas-behavior|well-control.kick-tolerance|well-control.maasp,0,,,0,calamine-static-ooxml-fallback,ok
2f31e7e9f41839d2,hydraulics,.xlsm,12,s0012,worksheet,visible,33,81,56,38,15,0,0,CONCATENATE|IF|UDF,well-control.gas-behavior|well-control.maasp,0,,,0,calamine-static-ooxml-fallback,ok
2f31e7e9f41839d2,hydraulics,.xlsm,13,s0013,worksheet,visible,43,67,367,345,8,0,0,IF,cross-cutting.lookup|directional.coordinates|hydraulics.fluid-properties|well-control.gas-behavior|well-control.kill-density|well-control.maasp,1,dynamic_viscosity,cP,0,calamine-static-ooxml-fallback,ok
2f31e7e9f41839d2,hydraulics,.xlsm,14,s0014,worksheet,visible,31,11,274,261,17,0,0,CONCATENATE|IF|UDF,hydraulics.fluid-properties,3,fraction|time,min|percent,0,calamine-static-ooxml-fallback,ok
2f31e7e9f41839d2,hydraulics,.xlsm,15,s0015,worksheet,visible,203,210,1661,1406,5,0,6,AND|IF|OFFSET|UDF,hydraulics.unresolved,0,,,0,calamine-static-ooxml-fallback,ok
2f31e7e9f41839d2,hydraulics,.xlsm,16,s0016,chart-sheet,visible,0,0,0,0,0,0,0,,hydraulics.unresolved,0,,,0,calamine-static-ooxml-fallback,ok
2f31e7e9f41839d2,hydraulics,.xlsm,17,s0017,chart-sheet,visible,0,0,0,0,0,0,0,,hydraulics.unresolved,0,,,0,calamine-static-ooxml-fallback,ok
2f31e7e9f41839d2,hydraulics,.xlsm,18,s0018,worksheet,visible,13,15,5,3,3,0,0,CONCATENATE|IF|UDF,hydraulics.unresolved,2,angle,deg,0,calamine-static-ooxml-fallback,ok
2f31e7e9f41839d2,hydraulics,.xlsm,19,s0019,worksheet,visible,21,8,96,91,1,0,0,,cross-cutting.lookup,0,,,0,calamine-static-ooxml-fallback,ok
2f31e7e9f41839d2,hydraulics,.xlsm,20,s0020,worksheet,visible,56,2,94,0,0,0,0,,hydraulics.unresolved,4,density|dynamic_viscosity|length|pressure,bar|cP|mm|ppg,0,calamine-static-ooxml-fallback,ok
30cdfd3f5cc38e9d,hydraulics,.xlsx,1,s0001,worksheet,visible,28780,26,748267,90803,4,0,0,ABS|IF|OR,hydraulics.fluid-properties|hydraulics.reynolds-number,0,,,0,openpyxl-read-only,ok
30cdfd3f5cc38e9d,hydraulics,.xlsx,2,s0002,worksheet,visible,0,0,0,0,0,0,0,,hydraulics.unresolved,0,,,0,openpyxl-read-only,ok
30cdfd3f5cc38e9d,hydraulics,.xlsx,3,s0003,worksheet,visible,0,0,0,0,0,0,0,,hydraulics.unresolved,0,,,0,openpyxl-read-only,ok
320f71bf493043d3,torque-drag-drillstring,.xls,1,s0001,worksheet,visible,19,7,23,4,4,0,0,,torque-drag.unresolved,4,length,ft|in|m,1,calamine-static,ok
332bc3b3c75e571d,torque-drag-drillstring,.xlsm,1,s0001,worksheet,visible,37,12,116,11,1,11,0,,bha.geometry,7,force|length,ft|in|kN|m|mm,0,openpyxl-read-only,ok
332bc3b3c75e571d,torque-drag-drillstring,.xlsm,2,s0002,worksheet,visible,35,38,324,30,1,30,0,,hydraulics.fluid-properties,26,density|length|linear_mass|pressure,MPa|ft|in|kg/m^3|lbm/ft|lbm/ft^3|m|mm|psi,0,openpyxl-read-only,ok
332bc3b3c75e571d,torque-drag-drillstring,.xlsm,3,s0003,worksheet,visible,17,10,41,0,0,0,0,,torque-drag.unresolved,6,length,ft|in|m|mm,0,openpyxl-read-only,ok
343671c0857a9b3e,bha-tools,.xlsx,1,s0001,worksheet,visible,252,16,381,188,7,0,0,SUM,bha.geometry|torque-drag.connection-capacity,6,density|length,ft|ppg,0,openpyxl-read-only,ok
343671c0857a9b3e,bha-tools,.xlsx,2,s0002,worksheet,visible,74,15,449,259,6,0,0,SUM,bha.geometry,6,density|length,ft|mm|ppg,0,openpyxl-read-only,ok
343671c0857a9b3e,bha-tools,.xlsx,3,s0003,worksheet,visible,0,0,0,0,0,0,0,,bha.geometry,0,,,0,openpyxl-read-only,ok
343671c0857a9b3e,bha-tools,.xlsx,4,s0004,worksheet,visible,97,20,1030,36,8,0,0,ACOS|COS|RADIANS|SIN|SQRT|TAN,bha.geometry|directional.coordinates,7,angle|curvature|length,deg|deg/30m|m|rad,0,openpyxl-read-only,ok
343671c0857a9b3e,bha-tools,.xlsx,5,s0005,worksheet,visible,36,15,127,26,1,0,0,SQRT,bha.geometry,2,length,m,0,openpyxl-read-only,ok
348dd5eb51c7fac7,thermal,.xlsx,1,s0001,worksheet,visible,174,10,752,357,3,0,0,,directional.coordinates|thermal.geothermal-gradient,0,,,0,openpyxl-read-only,ok
399cbdbf28c48f34,torque-drag-drillstring,.xls,1,s0001,worksheet,visible,55,21,398,51,4,0,0,IF|MAX|MIN,bha.bending-loading|torque-drag.connection-capacity,5,fraction|length,in|percent,1,calamine-static,ok
399cbdbf28c48f34,torque-drag-drillstring,.xls,2,s0002,worksheet,visible,577,26,11935,440,16,0,0,COS|INDEX|MIN|PI,bha.bending-loading|torque-drag.connection-capacity,0,,,1,calamine-static,ok
41a400bce396b5cf,bha-tools,.xlsx,1,s0001,worksheet,visible,252,16,382,188,7,0,0,SUM,bha.geometry|torque-drag.connection-capacity,6,density|length,ft|ppg,0,openpyxl-read-only,ok
41a400bce396b5cf,bha-tools,.xlsx,2,s0002,worksheet,visible,74,15,450,260,7,0,0,SUM,bha.geometry,6,density|length,ft|mm|ppg,0,openpyxl-read-only,ok
41a400bce396b5cf,bha-tools,.xlsx,3,s0003,worksheet,visible,46,17,351,169,6,0,0,SUM,bha.geometry|torque-drag.connection-capacity,7,density|length|rotational_speed,ft|ppg|rpm,0,openpyxl-read-only,ok
41a400bce396b5cf,bha-tools,.xlsx,4,s0004,worksheet,visible,55,64,149,8,3,0,0,SUM,bha.geometry|cross-cutting.lookup,6,length|volume,ft|gal|in,0,openpyxl-read-only,ok
41a400bce396b5cf,bha-tools,.xlsx,5,s0005,worksheet,visible,0,0,0,0,0,0,0,,bha.geometry,0,,,0,openpyxl-read-only,ok
41a400bce396b5cf,bha-tools,.xlsx,6,s0006,worksheet,visible,97,28,1274,137,13,0,0,ACOS|COS|PI|RADIANS|SIN|SQRT|TAN,bha.geometry|directional.coordinates|directional.trajectory,14,angle|curvature|length,deg|deg/30m|ft|m|rad,0,openpyxl-read-only,ok
41a400bce396b5cf,bha-tools,.xlsx,7,s0007,worksheet,visible,0,0,0,0,0,0,0,,bha.geometry,0,,,0,openpyxl-read-only,ok
41a400bce396b5cf,bha-tools,.xlsx,8,s0008,worksheet,visible,31,1,27,0,0,0,0,,bha.geometry,0,,,0,openpyxl-read-only,ok
41a400bce396b5cf,bha-tools,.xlsx,9,s0009,worksheet,visible,0,0,0,0,0,0,0,,bha.geometry,0,,,0,openpyxl-read-only,ok
431420c5c348232e,torque-drag-drillstring,.xls,1,s0001,worksheet,visible,36,15,203,17,15,0,1,COS|IF|NOW|PI|TEXT|UDF,casing.strength|hydraulics.hydrostatic-pressure|torque-drag.stress-capacity,8,angle|density|length|pressure,deg|ft|ppg|psi,1,calamine-static,ok
482b9ee6b3cdd008,hydraulics,.xlsx,1,s0001,worksheet,visible,19,5,52,32,17,0,0,POWER,hydraulics.flow-regime|hydraulics.rheology,0,,,0,openpyxl-read-only,ok
482b9ee6b3cdd008,hydraulics,.xlsx,2,s0002,worksheet,visible,0,0,0,0,0,0,0,,hydraulics.flow-regime|hydraulics.rheology,0,,,0,openpyxl-read-only,ok
482b9ee6b3cdd008,hydraulics,.xlsx,3,s0003,worksheet,visible,0,0,0,0,0,0,0,,hydraulics.flow-regime|hydraulics.rheology,0,,,0,openpyxl-read-only,ok
48e84a7374ffc7ba,torque-drag-drillstring,.xls,1,s0001,worksheet,visible,80,5,154,39,18,0,1,COS|NOW|PI|UDF,bha.bending-loading|bha.motor-performance|torque-drag.connection-capacity|well-control.pressure-schedule,19,angle|area|dynamic_viscosity|force|fraction|length|pressure|time|volume,N|cP|deg|ft|in^2|in^3|min|percent|psi,1,calamine-static,ok
48e84a7374ffc7ba,torque-drag-drillstring,.xls,2,s0002,worksheet,visible,80,5,153,38,17,0,1,COS|NOW|PI|UDF,bha.bending-loading|bha.motor-performance|torque-drag.connection-capacity|well-control.pressure-schedule,19,angle|area|dynamic_viscosity|force|fraction|length|pressure|time|volume,N|cP|deg|ft|in^2|in^3|min|percent|psi,1,calamine-static,ok
48e84a7374ffc7ba,torque-drag-drillstring,.xls,3,s0003,worksheet,visible,80,5,115,19,16,0,1,COS|NOW|PI|UDF,bha.bending-loading|bha.motor-performance|torque-drag.connection-capacity|well-control.pressure-schedule,19,angle|area|dynamic_viscosity|force|fraction|length|pressure|time|volume,N|cP|deg|ft|in^2|in^3|min|percent|psi,1,calamine-static,ok
4cbca8b6c3894d03,hydraulics,.xls,1,s0001,worksheet,visible,44,18,397,13,12,0,0,IF,hydraulics.unresolved,15,fraction|length|temperature|time|volume,bbl|degF|h|m|mm|percent,1,calamine-static,ok
4cbca8b6c3894d03,hydraulics,.xls,2,s0002,worksheet,visible,44,18,400,3,3,0,0,IF,hydraulics.unresolved,15,fraction|length|temperature|time|volume,bbl|degF|h|m|mm|percent,1,calamine-static,ok
4cbca8b6c3894d03,hydraulics,.xls,3,s0003,worksheet,visible,0,0,0,0,0,0,0,,hydraulics.unresolved,0,,,1,calamine-static,ok
4cbca8b6c3894d03,hydraulics,.xls,4,s0004,worksheet,visible,0,0,0,0,0,0,0,,hydraulics.unresolved,0,,,1,calamine-static,ok
4d958ab4bc13174c,hydraulics,.xlsx,1,s0001,worksheet,visible,56,9,115,1,1,0,0,SUM,cross-cutting.validation,27,angle|area|density|dynamic_viscosity|length|penetration_rate|pressure|rotational_speed|time|volumetric_flow,cP|ft|ft/h|ft^2|gal/min|in|min|mm|ppg|psi|rad|rpm,0,openpyxl-read-only,ok
4d958ab4bc13174c,hydraulics,.xlsx,2,s0002,worksheet,visible,86,9,372,0,0,0,0,,hydraulics.flow-regime|hydraulics.rheology,110,length|penetration_rate|pressure|rotational_speed|volumetric_flow,ft|ft/h|gal/min|psi|rpm,0,openpyxl-read-only,ok
4d958ab4bc13174c,hydraulics,.xlsx,3,s0003,worksheet,visible,84,28,806,654,30,0,0,IF|LOG10|PI|POWER|SUM,hydraulics.equivalent-circulating-density|hydraulics.pressure-loss|hydraulics.reynolds-number,18,density|pressure|rotational_speed|volumetric_flow,gal/min|ppg|psi|rpm,0,openpyxl-read-only,ok
4d958ab4bc13174c,hydraulics,.xlsx,4,s0004,worksheet,visible,47,10,4,0,0,0,0,,hydraulics.flow-regime|hydraulics.rheology,0,,,0,openpyxl-read-only,ok
53335805f35b505d,uncategorized,.xlsx,1,s0001,worksheet,visible,45,9,48,1,1,0,0,SUM,cross-cutting.validation,19,area|density|dynamic_viscosity|length|penetration_rate|pressure|rotational_speed|time|volumetric_flow,cP|ft|ft/h|ft^2|gal/min|in|min|ppg|psi|rpm,0,openpyxl-read-only,ok
53335805f35b505d,uncategorized,.xlsx,2,s0002,worksheet,visible,86,9,192,0,0,0,0,,cross-cutting.validation,110,length|penetration_rate|pressure|rotational_speed|volumetric_flow,ft|ft/h|gal/min|psi|rpm,0,openpyxl-read-only,ok
53335805f35b505d,uncategorized,.xlsx,3,s0003,worksheet,visible,84,9,600,480,1,0,0,,hydraulics.equivalent-circulating-density|hydraulics.pressure-loss,18,density|pressure|rotational_speed|volumetric_flow,gal/min|ppg|psi|rpm,0,openpyxl-read-only,ok
53335805f35b505d,uncategorized,.xlsx,4,s0004,worksheet,visible,47,10,4,0,0,0,0,,cross-cutting.validation,0,,,0,openpyxl-read-only,ok
56583a81cfd6535e,hydraulics,.xlsx,1,s0001,worksheet,visible,56,9,115,1,1,0,0,SUM,cross-cutting.validation,27,angle|area|density|dynamic_viscosity|length|penetration_rate|pressure|rotational_speed|time|volumetric_flow,cP|ft|ft/h|ft^2|gal/min|in|min|mm|ppg|psi|rad|rpm,0,openpyxl-read-only,ok
56583a81cfd6535e,hydraulics,.xlsx,2,s0002,worksheet,visible,86,9,372,0,0,0,0,,hydraulics.flow-regime,110,length|penetration_rate|pressure|rotational_speed|volumetric_flow,ft|ft/h|gal/min|psi|rpm,0,openpyxl-read-only,ok
56583a81cfd6535e,hydraulics,.xlsx,3,s0003,worksheet,visible,84,26,977,764,39,0,0,LOG10|PI|POWER|SUM,hydraulics.equivalent-circulating-density|hydraulics.pressure-loss|hydraulics.reynolds-number,18,density|pressure|rotational_speed|volumetric_flow,gal/min|ppg|psi|rpm,0,openpyxl-read-only,ok
56583a81cfd6535e,hydraulics,.xlsx,4,s0004,worksheet,visible,47,10,4,0,0,0,0,,hydraulics.flow-regime,0,,,0,openpyxl-read-only,ok
5692bbb13d3ca49e,bha-tools,.xls,1,s0001,worksheet,visible,23,5,44,8,6,0,0,PI,bha.unresolved,10,length|pressure|rotational_speed|time|velocity,ft/min|in|min|psi|rpm,1,calamine-static,ok
5692bbb13d3ca49e,bha-tools,.xls,2,s0002,worksheet,visible,0,0,0,0,0,0,0,,bha.unresolved,0,,,1,calamine-static,ok
5692bbb13d3ca49e,bha-tools,.xls,3,s0003,worksheet,visible,0,0,0,0,0,0,0,,bha.unresolved,0,,,1,calamine-static,ok
581aa9ad4b0e03f1,bha-tools,.xlsx,1,s0001,worksheet,visible,20,2,13,0,0,0,0,,bha.geometry,0,,,0,openpyxl-read-only,ok
581aa9ad4b0e03f1,bha-tools,.xlsx,2,s0002,worksheet,visible,40,14,33,0,0,0,0,,bha.geometry,6,angle|length|rotational_speed,deg|ft|m|rpm,0,openpyxl-read-only,ok
581aa9ad4b0e03f1,bha-tools,.xlsx,3,s0003,worksheet,visible,2,2,1,0,0,0,0,,bha.geometry,0,,,0,openpyxl-read-only,ok
581aa9ad4b0e03f1,bha-tools,.xlsx,4,s0004,worksheet,visible,8,14,3,0,0,0,0,,bha.geometry,0,,,0,openpyxl-read-only,ok
581aa9ad4b0e03f1,bha-tools,.xlsx,5,s0005,worksheet,visible,143,52,1338,45,1,0,0,SUM,bha.geometry,140,length,mm,0,openpyxl-read-only,ok
581aa9ad4b0e03f1,bha-tools,.xlsx,6,s0006,worksheet,visible,116,92,247,0,0,0,0,,bha.geometry,0,,,0,openpyxl-read-only,ok
581aa9ad4b0e03f1,bha-tools,.xlsx,7,s0007,worksheet,visible,6,11,3,0,0,0,0,,bha.geometry,0,,,0,openpyxl-read-only,ok
581aa9ad4b0e03f1,bha-tools,.xlsx,8,s0008,worksheet,visible,21,12,7,0,0,0,0,,bha.geometry,0,,,0,openpyxl-read-only,ok
5a338156f0e62d7c,torque-drag-drillstring,.xlsm,1,s0001,worksheet,visible,6,11,31,9,9,0,0,,bha.geometry,7,force|length,ft|in|kN|m|mm,0,openpyxl-read-only,ok
5a338156f0e62d7c,torque-drag-drillstring,.xlsm,2,s0002,worksheet,visible,7,38,113,3,3,0,0,SUM,torque-drag.unresolved,26,density|length|linear_mass|pressure,MPa|ft|in|kg/m^3|lbm/ft|lbm/ft^3|m|mm|psi,0,openpyxl-read-only,ok
5a338156f0e62d7c,torque-drag-drillstring,.xlsm,3,s0003,worksheet,visible,17,10,42,1,1,0,0,SUM,torque-drag.unresolved,6,length,ft|in|m|mm,0,openpyxl-read-only,ok
5a338156f0e62d7c,torque-drag-drillstring,.xlsm,4,s0004,worksheet,visible,31,5,107,102,5,0,0,IF,torque-drag.unresolved,0,,,0,openpyxl-read-only,ok
5a338156f0e62d7c,torque-drag-drillstring,.xlsm,5,s0005,worksheet,visible,6,5,19,6,3,0,0,SUM,hydraulics.fluid-properties,0,,,0,openpyxl-read-only,ok
5a338156f0e62d7c,torque-drag-drillstring,.xlsm,6,s0006,worksheet,visible,5,12,40,22,8,0,0,SUM,hydraulics.fluid-properties,0,,,0,openpyxl-read-only,ok
5adf5f7d44a22ab7,bha-tools,.xlsx,1,s0001,worksheet,visible,90,17,1239,0,0,0,0,,bha.geometry,0,,,0,openpyxl-read-only,ok
5eb097b4508eedac,hydraulics,.xlsx,1,s0001,worksheet,visible,1707,34,37577,13,8,0,0,LOG10|PI|POWER,hydraulics.reynolds-number,0,,,0,openpyxl-read-only,ok
5eb097b4508eedac,hydraulics,.xlsx,2,s0002,worksheet,visible,0,0,0,0,0,0,0,,hydraulics.rheology,0,,,0,openpyxl-read-only,ok
5eb097b4508eedac,hydraulics,.xlsx,3,s0003,worksheet,visible,0,0,0,0,0,0,0,,hydraulics.rheology,0,,,0,openpyxl-read-only,ok
659bcaadadb110f0,torque-drag-drillstring,.xls,1,s0001,worksheet,visible,21,9,17,0,0,0,0,,torque-drag.axial-load|torque-drag.torque,0,,,1,calamine-static,ok
659bcaadadb110f0,torque-drag-drillstring,.xls,2,s0002,worksheet,visible,126,13,65,0,0,0,0,,torque-drag.axial-load|torque-drag.torque,0,,,1,calamine-static,ok
659bcaadadb110f0,torque-drag-drillstring,.xls,3,s0003,worksheet,visible,76,6,52,0,0,0,0,,torque-drag.axial-load|torque-drag.torque,5,force|length|torque,ft|ft*lbf|lbf,1,calamine-static,ok
659bcaadadb110f0,torque-drag-drillstring,.xls,4,s0004,worksheet,visible,76,13,65,0,0,0,0,,torque-drag.axial-load|torque-drag.torque,7,angle|force|length|torque,deg|ft|ft*lbf|lbf,1,calamine-static,ok
659bcaadadb110f0,torque-drag-drillstring,.xls,5,s0005,chart-sheet,visible,0,0,0,0,0,0,0,,torque-drag.axial-load|torque-drag.torque,0,,,1,calamine-static,ok
65e07d7859867671,hydraulics,.xls,1,s0001,worksheet,hidden,11,6,34,0,0,0,0,,hydraulics.unresolved,15,angle|area|density|force|length|penetration_rate|volumetric_flow,deg|ft|ft/h|ft^2|gal/min|in|lbf|lbm/ft^3|ppg,1,calamine-static,ok
65e07d7859867671,hydraulics,.xls,2,s0002,chart-sheet,visible,12,2,24,0,0,0,0,,hydraulics.unresolved,0,,,1,calamine-static,ok
65e07d7859867671,hydraulics,.xls,3,s0003,worksheet,hidden,20,7,105,0,0,0,0,,hydraulics.unresolved,8,area|force|fraction|length|pressure|rotational_speed,Pa|ft|lbf|m^2|percent|rpm,1,calamine-static,ok
65e07d7859867671,hydraulics,.xls,4,s0004,chart-sheet,visible,31,2,62,0,0,0,0,,hydraulics.unresolved,0,,,1,calamine-static,ok
65e07d7859867671,hydraulics,.xls,5,s0005,chart-sheet,visible,31,1,31,0,0,0,0,,hydraulics.unresolved,0,,,1,calamine-static,ok
65e07d7859867671,hydraulics,.xls,6,s0006,worksheet,visible,33,10,323,310,2,0,0,IF,cross-cutting.lookup|directional.coordinates,10,length,ft,1,calamine-static,ok
65e07d7859867671,hydraulics,.xls,7,s0007,chart-sheet,visible,31,1,31,0,0,0,0,,hydraulics.unresolved,0,,,1,calamine-static,ok
65e07d7859867671,hydraulics,.xls,8,s0008,chart-sheet,visible,31,2,62,0,0,0,0,,hydraulics.unresolved,0,,,1,calamine-static,ok
65e07d7859867671,hydraulics,.xls,9,s0009,worksheet,visible,33,7,227,217,1,0,0,,cross-cutting.lookup|directional.coordinates,7,length|time,ft|min,1,calamine-static,ok
65e07d7859867671,hydraulics,.xls,10,s0010,worksheet,hidden,65536,18,255663,0,0,0,0,,hydraulics.unresolved,19,length|time,ft|min,1,calamine-static,ok
65e07d7859867671,hydraulics,.xls,11,s0011,worksheet,hidden,316,10,3143,2,2,0,0,CONCATENATE,hydraulics.unresolved,226,force|length|rotational_speed|time,ft|in|lbf|min|rpm,1,calamine-static,ok
65e07d7859867671,hydraulics,.xls,12,s0012,worksheet,hidden,24,7,162,1,1,0,0,CONCATENATE,hydraulics.unresolved,27,force|length|linear_mass,ft|in|lbf|lbm/ft,1,calamine-static,ok
65e07d7859867671,hydraulics,.xls,13,s0013,worksheet,hidden,131,8,1041,2,2,0,0,CONCATENATE,hydraulics.unresolved,133,length|linear_mass,in|lbm/ft,1,calamine-static,ok
69b5527651746601,hydraulics,.xlsx,1,s0001,worksheet,visible,56,9,115,1,1,0,0,SUM,cross-cutting.validation,27,angle|area|density|dynamic_viscosity|length|penetration_rate|pressure|rotational_speed|time|volumetric_flow,cP|ft|ft/h|ft^2|gal/min|in|min|mm|ppg|psi|rad|rpm,0,openpyxl-read-only,ok
69b5527651746601,hydraulics,.xlsx,2,s0002,worksheet,visible,86,9,312,0,0,0,0,,hydraulics.rheology,110,length|penetration_rate|pressure|rotational_speed|volumetric_flow,ft|ft/h|gal/min|psi|rpm,0,openpyxl-read-only,ok
69b5527651746601,hydraulics,.xlsx,3,s0003,worksheet,visible,84,10,630,450,2,0,0,ABS,hydraulics.equivalent-circulating-density|hydraulics.pressure-loss,18,density|pressure|rotational_speed|volumetric_flow,gal/min|ppg|psi|rpm,0,openpyxl-read-only,ok
69b5527651746601,hydraulics,.xlsx,4,s0004,worksheet,visible,47,10,4,0,0,0,0,,hydraulics.rheology,0,,,0,openpyxl-read-only,ok
6abd1401132ecde4,hydraulics,.xlsx,1,s0001,worksheet,visible,56,9,115,1,1,0,0,SUM,cross-cutting.validation,27,angle|area|density|dynamic_viscosity|length|penetration_rate|pressure|rotational_speed|time|volumetric_flow,cP|ft|ft/h|ft^2|gal/min|in|min|mm|ppg|psi|rad|rpm,0,openpyxl-read-only,ok
6abd1401132ecde4,hydraulics,.xlsx,2,s0002,worksheet,visible,86,9,372,0,0,0,0,,cross-cutting.validation|hydraulics.rheology,110,length|penetration_rate|pressure|rotational_speed|volumetric_flow,ft|ft/h|gal/min|psi|rpm,0,openpyxl-read-only,ok
6abd1401132ecde4,hydraulics,.xlsx,3,s0003,worksheet,visible,84,9,600,480,1,0,0,,hydraulics.equivalent-circulating-density|hydraulics.pressure-loss,18,density|pressure|rotational_speed|volumetric_flow,gal/min|ppg|psi|rpm,0,openpyxl-read-only,ok
6abd1401132ecde4,hydraulics,.xlsx,4,s0004,worksheet,visible,47,10,4,0,0,0,0,,cross-cutting.validation|hydraulics.rheology,0,,,0,openpyxl-read-only,ok
779e267fd49f229e,directional,.xls,1,s0001,worksheet,visible,432,256,11214,249,43,0,0,ACOS|ATAN|ATAN2|AVERAGE|COS|DEGREES|IF|INDEX|MATCH|OR|PI|RADIANS|ROUND|SIN|SQRT|TAN|UDF,directional.coordinates|directional.dogleg-severity,2,fraction,percent,1,calamine-static,ok
779e267fd49f229e,directional,.xls,2,s0002,worksheet,visible,501,37,6738,1454,5,0,0,ACOS|ATAN2|COS|IF|PI|SIN,directional.coordinates,29,angle|length|time,deg|ft|h|rad,1,calamine-static,ok
779e267fd49f229e,directional,.xls,3,s0003,worksheet,visible,401,44,1464,36,13,0,0,ACOS|ASIN|COS|DEGREES|IF|INDEX|MATCH|PI|RADIANS|SIN|TAN|UDF|VLOOKUP,directional.coordinates,1,time,s,1,calamine-static,ok
779e267fd49f229e,directional,.xls,4,s0004,worksheet,visible,124,23,1832,225,13,0,0,ASIN|ATAN|AVERAGE|DEGREES|IF|MAX|PI|SIN|SUM|VLOOKUP,directional.coordinates,0,,,1,calamine-static,ok
779e267fd49f229e,directional,.xls,5,s0005,worksheet,visible,2,22,19,0,0,0,0,,directional.unresolved,0,,,1,calamine-static,ok
779e267fd49f229e,directional,.xls,6,s0006,worksheet,visible,1372,11,4936,8,2,0,0,IF,directional.unresolved,0,,,1,calamine-static,ok
779e267fd49f229e,directional,.xls,7,s0007,worksheet,visible,432,256,10458,287,42,0,0,ACOS|ATAN|ATAN2|AVERAGE|COS|DEGREES|IF|INDEX|MATCH|OR|PI|RADIANS|SIN|SQRT|TAN|UDF,directional.dogleg-severity,2,fraction,percent,1,calamine-static,ok
779e267fd49f229e,directional,.xls,8,s0008,worksheet,visible,3,10,21,5,4,0,0,,directional.coordinates,2,length,ft,1,calamine-static,ok
779e267fd49f229e,directional,.xls,9,s0009,worksheet,visible,9,7,14,2,2,0,0,RADIANS|TAN,directional.coordinates,0,,,1,calamine-static,ok
779e267fd49f229e,directional,.xls,10,s0010,worksheet,visible,0,0,0,0,0,0,0,,directional.unresolved,0,,,1,calamine-static,ok
779fd4af0ea2b337,hydraulics,.xlsx,1,s0001,worksheet,visible,56,9,120,1,1,0,0,SUM,cross-cutting.validation,27,angle|area|density|dynamic_viscosity|length|penetration_rate|pressure|rotational_speed|time|volumetric_flow,cP|ft|ft/h|ft^2|gal/min|in|min|mm|ppg|psi|rad|rpm,0,openpyxl-read-only,ok
779fd4af0ea2b337,hydraulics,.xlsx,2,s0002,worksheet,visible,86,9,372,0,0,0,0,,hydraulics.rheology,110,length|penetration_rate|pressure|rotational_speed|volumetric_flow,ft|ft/h|gal/min|psi|rpm,0,openpyxl-read-only,ok
779fd4af0ea2b337,hydraulics,.xlsx,3,s0003,worksheet,visible,84,21,687,551,6,0,0,POWER,hydraulics.equivalent-circulating-density|hydraulics.fluid-properties|hydraulics.pressure-loss|hydraulics.reynolds-number,18,density|pressure|rotational_speed|volumetric_flow,gal/min|ppg|psi|rpm,0,openpyxl-read-only,ok
779fd4af0ea2b337,hydraulics,.xlsx,4,s0004,worksheet,visible,47,10,4,0,0,0,0,,hydraulics.rheology,0,,,0,openpyxl-read-only,ok
787752da0f1ca014,general-drilling,.xls,1,s0001,worksheet,visible,78,6,112,0,0,0,0,,general-drilling.unresolved,26,fraction|length|time|volume,bbl|ft|h|m|mm|percent,1,calamine-static-after-standard-office-decryption,ok
787752da0f1ca014,general-drilling,.xls,2,s0002,worksheet,visible,78,6,112,0,0,0,0,,general-drilling.unresolved,26,fraction|length|time|volume,bbl|ft|h|m|mm|percent,1,calamine-static-after-standard-office-decryption,ok
787752da0f1ca014,general-drilling,.xls,3,s0003,worksheet,visible,78,6,112,0,0,0,0,,general-drilling.unresolved,26,fraction|length|time|volume,bbl|ft|h|m|mm|percent,1,calamine-static-after-standard-office-decryption,ok
787752da0f1ca014,general-drilling,.xls,4,s0004,worksheet,visible,78,6,112,0,0,0,0,,general-drilling.unresolved,26,fraction|length|time|volume,bbl|ft|h|m|mm|percent,1,calamine-static-after-standard-office-decryption,ok
7a610befec9d9d7c,bha-tools,.xlsx,1,s0001,worksheet,visible,85,40,798,204,11,0,0,COS|IF|PI|RADIANS|SUM|VLOOKUP,bha.geometry|cross-cutting.lookup|torque-drag.axial-load|torque-drag.connection-capacity|torque-drag.stress-capacity,27,angle|area|length|linear_mass|mass|penetration_rate|pressure|rotational_speed|torque,N*m|deg|kPa|kg|kg/m|lbm/ft|m|m/h|m^2|mm|rpm,0,openpyxl-read-only,ok
7a610befec9d9d7c,bha-tools,.xlsx,2,s0002,worksheet,visible,85,40,793,197,11,0,0,COS|IF|PI|RADIANS|SUM|VLOOKUP,bha.geometry|cross-cutting.lookup|torque-drag.axial-load|torque-drag.connection-capacity|torque-drag.stress-capacity,28,angle|area|length|linear_mass|mass|penetration_rate|pressure|rotational_speed|torque|volume,N*m|bbl|deg|kPa|kg|kg/m|lbm/ft|m|m/h|m^2|mm|rpm,0,openpyxl-read-only,ok
7d8cc3b6df44e74a,bha-tools,.xlsm,1,s0001,worksheet,visible,72,8,46,0,0,0,0,,bha.geometry,0,,,0,openpyxl-read-only,ok
7d8cc3b6df44e74a,bha-tools,.xlsm,2,s0002,worksheet,visible,0,0,0,0,0,0,0,,bha.geometry,0,,,0,openpyxl-read-only,ok
7e5801830b4e42cc,hydraulics,.xlsb,1,s0001,worksheet,visible,44,29,136,67,19,0,1,ABS|LOG|NOW|PI|ROUND|SQRT|TEXT,hydraulics.bit-nozzle,12,density|power|pressure|time|volumetric_flow,gal/min|hp|ppg|psi|s,1,calamine-static,ok
7e5801830b4e42cc,hydraulics,.xlsb,2,s0002,worksheet,visible,44,29,136,67,19,0,1,ABS|LOG|NOW|PI|ROUND|SQRT|TEXT,hydraulics.bit-nozzle,12,density|power|pressure|time|volumetric_flow,gal/min|hp|ppg|psi|s,1,calamine-static,ok
7e74eb7c519c8177,bha-tools,.xlsx,1,s0001,worksheet,visible,252,16,382,188,7,0,0,SUM,bha.geometry|torque-drag.connection-capacity,6,density|length,ft|ppg,0,openpyxl-read-only,ok
7e74eb7c519c8177,bha-tools,.xlsx,2,s0002,worksheet,visible,74,15,450,260,7,0,0,SUM,bha.geometry,6,density|length,ft|mm|ppg,0,openpyxl-read-only,ok
7e74eb7c519c8177,bha-tools,.xlsx,3,s0003,worksheet,visible,46,17,351,169,6,0,0,SUM,bha.geometry|torque-drag.connection-capacity,7,density|length|rotational_speed,ft|ppg|rpm,0,openpyxl-read-only,ok
7e74eb7c519c8177,bha-tools,.xlsx,4,s0004,worksheet,visible,55,64,149,8,3,0,0,SUM,bha.geometry|cross-cutting.lookup,6,length|volume,ft|gal|in,0,openpyxl-read-only,ok
7e74eb7c519c8177,bha-tools,.xlsx,5,s0005,worksheet,visible,0,0,0,0,0,0,0,,bha.geometry,0,,,0,openpyxl-read-only,ok
7e74eb7c519c8177,bha-tools,.xlsx,6,s0006,worksheet,visible,97,29,1310,147,15,0,0,ACOS|COS|PI|RADIANS|SIN|SQRT|TAN,bha.geometry|directional.coordinates|directional.trajectory,16,angle|curvature|length,deg|deg/30m|ft|m|rad,0,openpyxl-read-only,ok
7e74eb7c519c8177,bha-tools,.xlsx,7,s0007,worksheet,visible,0,0,0,0,0,0,0,,bha.geometry,0,,,0,openpyxl-read-only,ok
7e74eb7c519c8177,bha-tools,.xlsx,8,s0008,worksheet,visible,31,1,27,0,0,0,0,,bha.geometry,0,,,0,openpyxl-read-only,ok
7e74eb7c519c8177,bha-tools,.xlsx,9,s0009,worksheet,visible,0,0,0,0,0,0,0,,bha.geometry,0,,,0,openpyxl-read-only,ok
7ebe5b47d502226d,bha-tools,.xlsx,1,s0001,worksheet,visible,252,16,382,188,7,0,0,SUM,bha.geometry|torque-drag.connection-capacity,6,density|length,ft|ppg,0,openpyxl-read-only,ok
7ebe5b47d502226d,bha-tools,.xlsx,2,s0002,worksheet,visible,74,15,450,260,7,0,0,SUM,bha.geometry,6,density|length,ft|mm|ppg,0,openpyxl-read-only,ok
7ebe5b47d502226d,bha-tools,.xlsx,3,s0003,worksheet,visible,46,17,351,169,6,0,0,SUM,bha.geometry|torque-drag.connection-capacity,7,density|length|rotational_speed,ft|ppg|rpm,0,openpyxl-read-only,ok
7ebe5b47d502226d,bha-tools,.xlsx,4,s0004,worksheet,visible,55,64,149,8,3,0,0,SUM,bha.geometry|cross-cutting.lookup,6,length|volume,ft|gal|in,0,openpyxl-read-only,ok
7ebe5b47d502226d,bha-tools,.xlsx,5,s0005,worksheet,visible,0,0,0,0,0,0,0,,bha.geometry,0,,,0,openpyxl-read-only,ok
7ebe5b47d502226d,bha-tools,.xlsx,6,s0006,worksheet,visible,97,28,1274,137,13,0,0,ACOS|COS|PI|RADIANS|SIN|SQRT|TAN,bha.geometry|directional.coordinates|directional.trajectory,14,angle|curvature|length,deg|deg/30m|ft|m|rad,0,openpyxl-read-only,ok
7ebe5b47d502226d,bha-tools,.xlsx,7,s0007,worksheet,visible,0,0,0,0,0,0,0,,bha.geometry,0,,,0,openpyxl-read-only,ok
80929f251aead383,hydraulics,.xlsx,1,s0001,worksheet,visible,56,9,115,1,1,0,0,SUM,cross-cutting.validation,27,angle|area|density|dynamic_viscosity|length|penetration_rate|pressure|rotational_speed|time|volumetric_flow,cP|ft|ft/h|ft^2|gal/min|in|min|mm|ppg|psi|rad|rpm,0,openpyxl-read-only,ok
80929f251aead383,hydraulics,.xlsx,2,s0002,worksheet,visible,86,9,312,0,0,0,0,,hydraulics.rheology,110,length|penetration_rate|pressure|rotational_speed|volumetric_flow,ft|ft/h|gal/min|psi|rpm,0,openpyxl-read-only,ok
80929f251aead383,hydraulics,.xlsx,3,s0003,worksheet,visible,84,10,630,270,2,0,0,ABS,hydraulics.equivalent-circulating-density,18,density|pressure|rotational_speed|volumetric_flow,gal/min|ppg|psi|rpm,0,openpyxl-read-only,ok
80929f251aead383,hydraulics,.xlsx,4,s0004,worksheet,visible,47,10,4,0,0,0,0,,hydraulics.rheology,0,,,0,openpyxl-read-only,ok
86bfc7a842aae7f0,hydraulics,.xlsx,1,s0001,worksheet,visible,69,8,295,43,1,0,0,,hydraulics.unresolved,36,area|density|dynamic_viscosity,cP|ft^2|ppg,0,openpyxl-read-only,ok
86bfc7a842aae7f0,hydraulics,.xlsx,2,s0002,worksheet,visible,0,0,0,0,0,0,0,,hydraulics.unresolved,0,,,0,openpyxl-read-only,ok
86bfc7a842aae7f0,hydraulics,.xlsx,3,s0003,worksheet,visible,0,0,0,0,0,0,0,,hydraulics.unresolved,0,,,0,openpyxl-read-only,ok
86e1a87c92bcaf52,bha-tools,.xlsm,1,s0001,worksheet,visible,24,7,155,21,2,0,0,,bha.geometry,4,force|length,kN|m|mm,0,openpyxl-read-only,ok
86e1a87c92bcaf52,bha-tools,.xlsm,2,s0002,worksheet,visible,17,15,189,10,1,0,0,,bha.unresolved,11,density|length|pressure,MPa|kg/m^3|m|mm,0,openpyxl-read-only,ok
86e1a87c92bcaf52,bha-tools,.xlsm,3,s0003,worksheet,visible,3,17,47,1,1,0,0,,hydraulics.fluid-properties,11,density|length|pressure,MPa|kg/m^3|m|mm,0,openpyxl-read-only,ok
86e1a87c92bcaf52,bha-tools,.xlsm,4,s0004,worksheet,visible,3,11,26,0,0,0,0,,bha.geometry,7,force|length,ft|in|kN|m|mm,0,openpyxl-read-only,ok
86e1a87c92bcaf52,bha-tools,.xlsm,5,s0005,worksheet,visible,3,30,73,0,0,0,0,,bha.unresolved,24,density|force|length|linear_mass|pressure,MPa|in|kg/m^3|lbf|lbm/ft|lbm/ft^3|m|mm|psi,0,openpyxl-read-only,ok
8798ede1448cb8e6,bha-tools,.xls,1,s0001,worksheet,visible,55,9,150,7,7,0,0,IF|MIN,bha.geometry|bha.motor-performance|cross-cutting.lookup,4,time,min,1,calamine-static,ok
8798ede1448cb8e6,bha-tools,.xls,2,s0002,worksheet,visible,0,0,0,0,0,0,0,,bha.motor-performance,0,,,1,calamine-static,ok
8798ede1448cb8e6,bha-tools,.xls,3,s0003,worksheet,visible,0,0,0,0,0,0,0,,bha.motor-performance,0,,,1,calamine-static,ok
8b22cd9c8f783873,bha-tools,.xls,1,s0001,worksheet,visible,59,15,287,25,12,0,0,IF|SUM,bha.geometry|torque-drag.connection-capacity,21,density_ratio|length|mass|power|time,ft|hp|in|kg|m|s|specific-gravity,1,calamine-static,ok
8b22cd9c8f783873,bha-tools,.xls,2,s0002,worksheet,visible,59,15,405,23,12,0,0,IF|SUM,bha.geometry|torque-drag.connection-capacity,21,density_ratio|length|mass|power|time,ft|hp|in|kg|m|s|specific-gravity,1,calamine-static,ok
8b22cd9c8f783873,bha-tools,.xls,3,s0003,worksheet,visible,59,15,440,13,10,0,0,IF|SUM,bha.geometry|torque-drag.connection-capacity,20,density_ratio|length|mass|power,ft|hp|in|kg|m|specific-gravity,1,calamine-static,ok
8b22cd9c8f783873,bha-tools,.xls,4,s0004,worksheet,visible,60,15,449,7,6,0,0,IF|SUM,bha.geometry|torque-drag.connection-capacity,20,density_ratio|length|mass|power,ft|hp|in|kg|m|specific-gravity,1,calamine-static,ok
8b22cd9c8f783873,bha-tools,.xls,5,s0005,worksheet,visible,62,15,474,9,7,0,0,IF|SUM,bha.geometry|torque-drag.connection-capacity,20,density_ratio|length|mass|power,ft|hp|in|kg|m|specific-gravity,1,calamine-static,ok
8b22cd9c8f783873,bha-tools,.xls,6,s0006,worksheet,visible,61,15,462,18,6,0,0,IF|SUM,bha.geometry|torque-drag.connection-capacity,20,density_ratio|length|mass|power,ft|hp|in|kg|m|specific-gravity,1,calamine-static,ok
8b22cd9c8f783873,bha-tools,.xls,7,s0007,worksheet,visible,61,15,462,8,5,0,0,IF|SUM,bha.geometry|torque-drag.connection-capacity,20,density_ratio|length|mass|power,ft|hp|in|kg|m|specific-gravity,1,calamine-static,ok
8b22cd9c8f783873,bha-tools,.xls,8,s0008,worksheet,visible,61,15,419,8,5,0,0,IF|SUM,bha.geometry|torque-drag.connection-capacity,20,density_ratio|length|mass|power,ft|hp|in|kg|m|specific-gravity,1,calamine-static,ok
8b22cd9c8f783873,bha-tools,.xls,9,s0009,worksheet,visible,61,15,327,15,7,0,0,IF|SUM,bha.geometry|torque-drag.connection-capacity,20,density_ratio|length|mass|power,ft|hp|in|kg|m|specific-gravity,1,calamine-static,ok
8b22cd9c8f783873,bha-tools,.xls,10,s0010,worksheet,visible,62,15,455,9,6,0,0,IF|SUM,bha.geometry|torque-drag.connection-capacity,21,density_ratio|length|mass|power,ft|hp|in|kg|m|specific-gravity,1,calamine-static,ok
8b22cd9c8f783873,bha-tools,.xls,11,s0011,worksheet,visible,73,15,616,15,7,0,0,IF|SUM,bha.geometry|torque-drag.connection-capacity,27,density_ratio|length|mass|power|volume,bbl|ft|hp|in|kg|m|specific-gravity,1,calamine-static,ok
8b22cd9c8f783873,bha-tools,.xls,12,s0012,worksheet,visible,73,15,617,16,7,0,0,IF|SUM,bha.geometry|torque-drag.connection-capacity,27,density_ratio|length|mass|power|volume,bbl|ft|hp|in|kg|m|specific-gravity,1,calamine-static,ok
8b22cd9c8f783873,bha-tools,.xls,13,s0013,worksheet,visible,71,15,588,18,8,0,0,IF|SUM,bha.geometry|torque-drag.connection-capacity,25,density_ratio|length|mass|power|volume,bbl|ft|hp|in|kg|m|specific-gravity,1,calamine-static,ok
8b22cd9c8f783873,bha-tools,.xls,14,s0014,worksheet,visible,71,15,588,11,7,0,0,IF|SUM,bha.geometry|torque-drag.connection-capacity,25,density_ratio|length|mass|power|volume,bbl|ft|hp|in|kg|m|specific-gravity,1,calamine-static,ok
8b22cd9c8f783873,bha-tools,.xls,15,s0015,worksheet,visible,73,15,617,9,6,0,0,IF|SUM,bha.geometry|torque-drag.connection-capacity,27,density_ratio|length|mass|power|volume,bbl|ft|hp|in|kg|m|specific-gravity,1,calamine-static,ok
8b22cd9c8f783873,bha-tools,.xls,16,s0016,worksheet,visible,73,15,617,9,6,0,0,IF|SUM,bha.geometry|torque-drag.connection-capacity,27,density_ratio|length|mass|power|volume,bbl|ft|hp|in|kg|m|specific-gravity,1,calamine-static,ok
8b22cd9c8f783873,bha-tools,.xls,17,s0017,worksheet,visible,75,15,644,15,7,0,0,IF|SUM,bha.geometry|torque-drag.connection-capacity,27,density_ratio|length|mass|power|volume,bbl|ft|hp|in|kg|m|specific-gravity,1,calamine-static,ok
8b22cd9c8f783873,bha-tools,.xls,18,s0018,worksheet,visible,75,15,644,11,7,0,0,IF|SUM,bha.geometry|torque-drag.connection-capacity,27,density_ratio|length|mass|power|volume,bbl|ft|hp|in|kg|m|specific-gravity,1,calamine-static,ok
8b22cd9c8f783873,bha-tools,.xls,19,s0019,worksheet,visible,75,15,644,11,7,0,0,IF|SUM,bha.geometry|torque-drag.connection-capacity,27,density_ratio|length|mass|power|volume,bbl|ft|hp|in|kg|m|specific-gravity,1,calamine-static,ok
8b22cd9c8f783873,bha-tools,.xls,20,s0020,worksheet,visible,62,15,468,16,6,0,0,IF|SUM,bha.geometry|torque-drag.connection-capacity,20,density_ratio|length|mass|power,ft|hp|in|kg|m|specific-gravity,1,calamine-static,ok
8b22cd9c8f783873,bha-tools,.xls,21,s0021,worksheet,visible,66,15,539,17,8,0,0,IF|SUM,bha.geometry|torque-drag.connection-capacity,20,density_ratio|length|mass|power,ft|hp|in|kg|m|specific-gravity,1,calamine-static,ok
8b22cd9c8f783873,bha-tools,.xls,22,s0022,worksheet,visible,66,15,539,8,5,0,0,IF|SUM,bha.geometry|torque-drag.connection-capacity,20,density_ratio|length|mass|power,ft|hp|in|kg|m|specific-gravity,1,calamine-static,ok
8c2e041f05eb97d0,general-drilling,.xls,1,s0001,worksheet,visible,22,8,12,0,0,0,0,,general-drilling.unresolved,0,,,1,calamine-static,ok
8c2e041f05eb97d0,general-drilling,.xls,2,s0002,worksheet,visible,66,31,912,0,0,0,0,,general-drilling.unresolved,16,fraction|length|linear_mass|pressure|time|volume,bbl|ft|gal|in|lbm/ft|min|percent|psi,1,calamine-static,ok
8c2e041f05eb97d0,general-drilling,.xls,3,s0003,worksheet,visible,148,16,1527,0,0,0,0,,general-drilling.unresolved,12,length|pressure|time,ft|h|in|psi,1,calamine-static,ok
8c2e041f05eb97d0,general-drilling,.xls,4,s0004,worksheet,visible,229,40,3051,0,0,0,0,,general-drilling.unresolved,9,length|pressure,ft|in|psi,1,calamine-static,ok
8c2e041f05eb97d0,general-drilling,.xls,5,s0005,worksheet,visible,29,12,49,21,11,0,0,IF|PI|SUM,general-drilling.unresolved,4,angle|length|volume,bbl|ft|rad,1,calamine-static,ok
8c2e041f05eb97d0,general-drilling,.xls,6,s0006,worksheet,visible,36,13,62,17,5,0,0,,casing.capacity,12,length|volume,bbl|ft|in,1,calamine-static,ok
8c2e041f05eb97d0,general-drilling,.xls,7,s0007,worksheet,visible,25,10,35,7,3,0,0,,general-drilling.unresolved,4,length|volumetric_flow,bbl/min|in,1,calamine-static,ok
8c2e041f05eb97d0,general-drilling,.xls,8,s0008,worksheet,visible,19,10,27,5,3,0,0,,hydraulics.bit-nozzle|hydraulics.pressure-loss,4,density|length|pressure|volumetric_flow,bbl/min|in|ppg|psi,1,calamine-static,ok
8c2e041f05eb97d0,general-drilling,.xls,9,s0009,worksheet,visible,16,10,34,7,7,0,0,UDF,hydraulics.fluid-properties|hydraulics.hydrostatic-pressure,9,angle|density|dynamic_viscosity|pressure|pressure_gradient|temperature,cP|degF|g/cm^3|ppg|psi|psi/ft|rad,1,calamine-static,ok
8c2e041f05eb97d0,general-drilling,.xls,10,s0010,worksheet,visible,26,10,50,14,10,0,0,SUM|UDF,hydraulics.hydrostatic-pressure,11,length|mass_fraction|pressure|pressure_gradient|temperature|volume,bbl|degF|ft|ppm|psi|psi/ft,1,calamine-static,ok
8c2e041f05eb97d0,general-drilling,.xls,11,s0011,worksheet,visible,14,5,13,1,1,0,0,UDF,hydraulics.fluid-properties,3,density|pressure|temperature,degF|g/cm^3|psi,1,calamine-static,ok
8c2e041f05eb97d0,general-drilling,.xls,12,s0012,worksheet,hidden,0,0,0,0,0,0,0,,general-drilling.unresolved,0,,,1,calamine-static,ok
8c2e041f05eb97d0,general-drilling,.xls,13,s0013,worksheet,hidden,0,0,0,0,0,0,0,,general-drilling.unresolved,0,,,1,calamine-static,ok
8c2e041f05eb97d0,general-drilling,.xls,14,s0014,worksheet,hidden,0,0,0,0,0,0,0,,general-drilling.unresolved,0,,,1,calamine-static,ok
8c2e041f05eb97d0,general-drilling,.xls,15,s0015,worksheet,visible,69,9,172,35,16,0,10,PI|SUM|UDF,general-drilling.unresolved,34,length|linear_mass|volume,bbl|ft|in|lbm/ft,11,calamine-static,ok
8c2e041f05eb97d0,general-drilling,.xls,16,s0016,worksheet,visible,53,11,97,16,10,0,0,INDEX|SUM,general-drilling.unresolved,16,length|pressure,in|psi,1,calamine-static,ok
8c2e041f05eb97d0,general-drilling,.xls,17,s0017,worksheet,visible,11,8,14,1,1,0,0,,hydraulics.bit-nozzle,5,power|pressure|volumetric_flow,bbl/min|hp|psi,1,calamine-static,ok
8c2e041f05eb97d0,general-drilling,.xls,18,s0018,worksheet,visible,14,8,19,1,1,0,0,,hydraulics.equivalent-circulating-density|hydraulics.fluid-properties,4,density|length|pressure,ft|lbm/gal|psi,1,calamine-static,ok
8c2e041f05eb97d0,general-drilling,.xls,19,s0019,worksheet,visible,12,7,15,2,2,0,0,IF|SQRT|UDF,general-drilling.unresolved,1,density,lbm/gal,1,calamine-static,ok
8c2e041f05eb97d0,general-drilling,.xls,20,s0020,worksheet,visible,33,12,43,7,5,0,1,LOG|UDF,general-drilling.unresolved,3,length,ft|in,2,calamine-static,ok
8c2e041f05eb97d0,general-drilling,.xls,21,s0021,worksheet,visible,18,10,13,2,2,0,0,,general-drilling.unresolved,0,,,1,calamine-static,ok
8c2e041f05eb97d0,general-drilling,.xls,22,s0022,worksheet,visible,16,9,11,3,3,0,0,POWER,general-drilling.unresolved,1,pressure,psi,1,calamine-static,ok
8c2e041f05eb97d0,general-drilling,.xls,23,s0023,worksheet,visible,33,10,47,8,5,0,0,LN,general-drilling.unresolved,5,dynamic_viscosity|length|pressure,cP|ft|in|psi,1,calamine-static,ok
8c2e041f05eb97d0,general-drilling,.xls,24,s0024,vba-module,hidden,0,0,0,0,0,0,0,,general-drilling.unresolved,0,,,1,calamine-static,ok
8c2e041f05eb97d0,general-drilling,.xls,25,s0025,vba-module,hidden,0,0,0,0,0,0,0,,general-drilling.unresolved,0,,,1,calamine-static,ok
8c2e041f05eb97d0,general-drilling,.xls,26,s0026,worksheet,visible,26,11,49,0,0,0,0,,general-drilling.unresolved,0,,,1,calamine-static,ok
8c2e041f05eb97d0,general-drilling,.xls,27,s0027,vba-module,hidden,0,0,0,0,0,0,0,,general-drilling.unresolved,0,,,1,calamine-static,ok
8c2e041f05eb97d0,general-drilling,.xls,28,s0028,vba-module,hidden,0,0,0,0,0,0,0,,general-drilling.unresolved,0,,,1,calamine-static,ok
8c2e041f05eb97d0,general-drilling,.xls,29,s0029,vba-module,hidden,0,0,0,0,0,0,0,,general-drilling.unresolved,0,,,1,calamine-static,ok
8c2e041f05eb97d0,general-drilling,.xls,30,s0030,vba-module,hidden,0,0,0,0,0,0,0,,general-drilling.unresolved,0,,,1,calamine-static,ok
919d5d19a825b186,hydraulics,.xls,1,s0001,worksheet,visible,26,4,68,25,13,0,15,IF|LOG|OFFSET|PI|SQRT,bha.motor-performance|hydraulics.annular-velocity|hydraulics.pressure-loss|hydraulics.reynolds-number,11,area|density|length|pressure|volumetric_flow,ft^2|gal/min|in|kg/m^3|psi,1,calamine-static,ok
919d5d19a825b186,hydraulics,.xls,2,s0002,worksheet,veryHidden,146,11,1509,0,0,0,0,,hydraulics.unresolved,137,length|power,ft|hp,1,calamine-static,ok
9900762f1edd4ae6,directional,.xls,1,s0001,worksheet,visible,432,256,10965,250,43,0,0,ACOS|ATAN|ATAN2|AVERAGE|COS|DEGREES|IF|INDEX|MATCH|OR|PI|RADIANS|ROUND|SIN|SQRT|TAN|UDF,directional.coordinates|directional.dogleg-severity,2,fraction,percent,1,calamine-static,ok
9900762f1edd4ae6,directional,.xls,2,s0002,worksheet,visible,501,37,6738,1454,5,0,0,ACOS|ATAN2|COS|IF|PI|SIN,directional.coordinates,29,angle|length|time,deg|ft|h|rad,1,calamine-static,ok
9900762f1edd4ae6,directional,.xls,3,s0003,worksheet,visible,401,44,1463,36,13,0,0,ACOS|ASIN|COS|DEGREES|IF|INDEX|MATCH|PI|RADIANS|SIN|TAN|UDF|VLOOKUP,directional.coordinates,1,time,s,1,calamine-static,ok
9900762f1edd4ae6,directional,.xls,4,s0004,worksheet,visible,124,23,1832,225,13,0,0,ASIN|ATAN|AVERAGE|DEGREES|IF|MAX|PI|SIN|SUM|VLOOKUP,directional.coordinates,0,,,1,calamine-static,ok
9900762f1edd4ae6,directional,.xls,5,s0005,worksheet,visible,2,22,19,0,0,0,0,,directional.unresolved,0,,,1,calamine-static,ok
9900762f1edd4ae6,directional,.xls,6,s0006,worksheet,visible,1372,16,4913,8,2,0,0,IF,directional.unresolved,0,,,1,calamine-static,ok
9900762f1edd4ae6,directional,.xls,7,s0007,worksheet,visible,432,256,9701,287,42,0,0,ACOS|ATAN|ATAN2|AVERAGE|COS|DEGREES|IF|INDEX|MATCH|OR|PI|RADIANS|SIN|SQRT|TAN|UDF,directional.dogleg-severity,2,fraction,percent,1,calamine-static,ok
9900762f1edd4ae6,directional,.xls,8,s0008,worksheet,visible,3,10,21,5,4,0,0,,directional.coordinates,2,length,ft,1,calamine-static,ok
9900762f1edd4ae6,directional,.xls,9,s0009,worksheet,visible,9,7,14,2,2,0,0,RADIANS|TAN,directional.coordinates,0,,,1,calamine-static,ok
9900762f1edd4ae6,directional,.xls,10,s0010,worksheet,visible,0,0,0,0,0,0,0,,directional.unresolved,0,,,1,calamine-static,ok
99541520e60d10a5,hydraulics,.xlsx,1,s0001,worksheet,visible,12829,20,205268,12828,1,0,0,,cross-cutting.validation|hydraulics.reynolds-number,1,fraction,percent,0,openpyxl-read-only,ok
99541520e60d10a5,hydraulics,.xlsx,2,s0002,worksheet,visible,0,0,0,0,0,0,0,,cross-cutting.validation,0,,,0,openpyxl-read-only,ok
99541520e60d10a5,hydraulics,.xlsx,3,s0003,worksheet,visible,0,0,0,0,0,0,0,,cross-cutting.validation,0,,,0,openpyxl-read-only,ok
9c1a98952c10d8be,bha-tools,.xlsx,1,s0001,worksheet,visible,252,16,381,188,7,0,0,SUM,bha.geometry|torque-drag.connection-capacity,6,density|length,ft|ppg,0,openpyxl-read-only,ok
9c1a98952c10d8be,bha-tools,.xlsx,2,s0002,worksheet,visible,0,0,0,0,0,0,0,,bha.geometry,0,,,0,openpyxl-read-only,ok
9c1a98952c10d8be,bha-tools,.xlsx,3,s0003,worksheet,visible,97,20,1030,36,8,0,0,ACOS|COS|RADIANS|SIN|SQRT|TAN,bha.geometry|directional.coordinates,7,angle|curvature|length,deg|deg/30m|m|rad,0,openpyxl-read-only,ok
9c1a98952c10d8be,bha-tools,.xlsx,4,s0004,worksheet,visible,36,15,127,26,1,0,0,SQRT,bha.geometry,2,length,m,0,openpyxl-read-only,ok
9d94e7c93c53521d,hydraulics,.xlsx,1,s0001,worksheet,visible,44914,34,1122867,134748,8,0,0,LOG10|POWER,hydraulics.reynolds-number,0,,,0,openpyxl-read-only,ok
9d94e7c93c53521d,hydraulics,.xlsx,2,s0002,worksheet,visible,0,0,0,0,0,0,0,,hydraulics.rheology,0,,,0,openpyxl-read-only,ok
9d94e7c93c53521d,hydraulics,.xlsx,3,s0003,worksheet,visible,0,0,0,0,0,0,0,,hydraulics.rheology,0,,,0,openpyxl-read-only,ok
9dbc746eb3c5e468,cementing-casing,.xls,1,s0001,worksheet,visible,86,30,1457,22,9,0,0,IF|SUM,casing.strength|cross-cutting.lookup|torque-drag.stress-capacity,12,density|length|pressure|time,ft|in|ppg|psi|s,1,calamine-static,ok
a09760979bc979fd,torque-drag-drillstring,.xlsm,1,s0001,worksheet,visible,28,9,10,0,0,0,0,,torque-drag.unresolved,0,,,0,openpyxl-read-only,ok
a09760979bc979fd,torque-drag-drillstring,.xlsm,2,s0002,worksheet,visible,26,11,112,78,7,0,0,CONCATENATE|SIN|VLOOKUP,torque-drag.unresolved,2,density|length,in|ppg,0,openpyxl-read-only,ok
a09760979bc979fd,torque-drag-drillstring,.xlsm,3,s0003,worksheet,visible,1,3,1,1,1,0,0,,torque-drag.unresolved,0,,,0,openpyxl-read-only,ok
a09760979bc979fd,torque-drag-drillstring,.xlsm,4,s0004,worksheet,visible,24,11,47,3,3,0,0,VLOOKUP,casing.strength|torque-drag.axial-load,2,fraction|pressure,percent|psi,0,openpyxl-read-only,ok
a09760979bc979fd,torque-drag-drillstring,.xlsm,5,s0005,worksheet,visible,108,7,436,327,4,0,0,PI,torque-drag.axial-load,6,fraction|length|pressure,ft|percent|psi,0,openpyxl-read-only,ok
a09760979bc979fd,torque-drag-drillstring,.xlsm,6,s0006,worksheet,visible,36,5,62,14,13,0,0,COS|IF|PI|VLOOKUP,bha.geometry|torque-drag.connection-capacity,6,length|pressure,ft|in|psi,0,openpyxl-read-only,ok
a09760979bc979fd,torque-drag-drillstring,.xlsm,7,s0007,worksheet,visible,45,15,93,27,17,0,0,COS|PI|VLOOKUP,bha.geometry|torque-drag.axial-load|torque-drag.connection-capacity,6,length|pressure,ft|in|psi,0,openpyxl-read-only,ok
a09760979bc979fd,torque-drag-drillstring,.xlsm,8,s0008,worksheet,visible,101,12,206,89,6,0,0,PI,torque-drag.axial-load|torque-drag.connection-capacity,4,fraction|length|pressure,ft|percent|psi,0,openpyxl-read-only,ok
a09760979bc979fd,torque-drag-drillstring,.xlsm,9,s0009,worksheet,visible,37,11,312,24,1,0,0,,torque-drag.unresolved,1,length,ft,0,openpyxl-read-only,ok
a09760979bc979fd,torque-drag-drillstring,.xlsm,10,s0010,worksheet,visible,35,17,408,0,0,0,0,,torque-drag.unresolved,8,length|linear_mass|pressure,in|lbm/ft|psi,0,openpyxl-read-only,ok
a09760979bc979fd,torque-drag-drillstring,.xlsm,11,s0011,worksheet,visible,0,0,0,0,0,0,0,,torque-drag.unresolved,0,,,0,openpyxl-read-only,ok
a09760979bc979fd,torque-drag-drillstring,.xlsm,12,s0012,worksheet,visible,16,5,29,0,0,0,0,,cross-cutting.lookup,0,,,0,openpyxl-read-only,ok
a152748f5aed45bb,hydraulics,.xlsx,1,s0001,worksheet,visible,0,0,0,0,0,0,0,,hydraulics.unresolved,0,,,0,openpyxl-read-only,ok
a152748f5aed45bb,hydraulics,.xlsx,2,s0002,worksheet,visible,0,0,0,0,0,0,0,,hydraulics.unresolved,0,,,0,openpyxl-read-only,ok
a152748f5aed45bb,hydraulics,.xlsx,3,s0003,worksheet,visible,0,0,0,0,0,0,0,,hydraulics.unresolved,0,,,0,openpyxl-read-only,ok
a20de360a6901fad,bha-tools,.xlsm,1,s0001,worksheet,visible,45,1,45,0,0,0,0,,bha.unresolved,0,,,0,openpyxl-read-only,ok
a20de360a6901fad,bha-tools,.xlsm,2,s0002,worksheet,visible,35,18,92,0,0,0,0,,bha.unresolved,30,area|curvature|density|dynamic_viscosity|fraction|length|power|pressure|temperature,cP|deg/100ft|degF|ft|ft^2|hp|in|percent|ppg|psi,0,openpyxl-read-only,ok
a20de360a6901fad,bha-tools,.xlsm,3,s0003,worksheet,visible,48,6,50,0,0,0,0,,bha.unresolved,0,,,0,openpyxl-read-only,ok
a20de360a6901fad,bha-tools,.xlsm,4,s0004,worksheet,visible,72,11,230,0,0,0,0,,bha.unresolved,199,angle|density|fraction|length|pressure,MPa|Pa|deg|g/cm^3|mm|percent,0,openpyxl-read-only,ok
a20de360a6901fad,bha-tools,.xlsm,5,s0005,worksheet,visible,126,28,85,0,0,0,0,,bha.unresolved,6,density,ppg,0,openpyxl-read-only,ok
a20de360a6901fad,bha-tools,.xlsm,6,s0006,worksheet,visible,1,1,1,0,0,0,0,,bha.unresolved,0,,,0,openpyxl-read-only,ok
a20de360a6901fad,bha-tools,.xlsm,7,s0007,worksheet,visible,42,19,62,0,0,0,0,,bha.unresolved,0,,,0,openpyxl-read-only,ok
a20de360a6901fad,bha-tools,.xlsm,8,s0008,worksheet,visible,43,11,149,0,0,0,0,,bha.unresolved,48,angle|length,deg|ft|m,0,openpyxl-read-only,ok
a20de360a6901fad,bha-tools,.xlsm,9,s0009,worksheet,visible,48,3,133,0,0,0,0,,bha.unresolved,14,angle|length,deg|ft|m|mm,0,openpyxl-read-only,ok
a20de360a6901fad,bha-tools,.xlsm,10,s0010,worksheet,visible,93,25,424,99,17,0,0,ABS|SUM,bha.unresolved,1,time,s,0,openpyxl-read-only,ok
a20de360a6901fad,bha-tools,.xlsm,11,s0011,worksheet,visible,48,29,235,87,5,0,0,ABS,bha.unresolved,0,,,0,openpyxl-read-only,ok
a20de360a6901fad,bha-tools,.xlsm,12,s0012,worksheet,visible,18,13,33,0,0,0,0,,bha.unresolved,0,,,0,openpyxl-read-only,ok
a20de360a6901fad,bha-tools,.xlsm,13,s0013,worksheet,visible,16,3,46,0,0,0,0,,bha.unresolved,14,length,mm,0,openpyxl-read-only,ok
a20de360a6901fad,bha-tools,.xlsm,14,s0014,worksheet,hidden,20,8,20,0,0,0,0,,bha.unresolved,0,,,0,openpyxl-read-only,ok
a20de360a6901fad,bha-tools,.xlsm,15,s0015,worksheet,visible,40,4,90,0,0,0,0,,bha.unresolved,10,length|power|pressure|torque|volumetric_flow,ft|ft*lbf|gal/min|hp|in|psi,0,openpyxl-read-only,ok
a20de360a6901fad,bha-tools,.xlsm,16,s0016,worksheet,hidden,45,32,232,86,5,0,0,ABS,bha.unresolved,0,,,0,openpyxl-read-only,ok
a20de360a6901fad,bha-tools,.xlsm,17,s0017,worksheet,visible,78,2,124,4,4,0,0,UDF,bha.geometry,1,length,ft,0,openpyxl-read-only,ok
a20de360a6901fad,bha-tools,.xlsm,18,s0018,worksheet,visible,144,10,1213,710,4,0,0,ABS,bha.geometry,0,,,0,openpyxl-read-only,ok
a20de360a6901fad,bha-tools,.xlsm,19,s0019,worksheet,visible,79,8,207,31,14,0,0,,bha.unresolved,54,angle|length,deg|m,0,openpyxl-read-only,ok
a20de360a6901fad,bha-tools,.xlsm,20,s0020,worksheet,visible,55,5,136,0,0,0,0,,bha.unresolved,5,power,W|hp,0,openpyxl-read-only,ok
a20de360a6901fad,bha-tools,.xlsm,21,s0021,worksheet,visible,96,22,1970,1268,9,0,0,ACOS|COS|RADIANS|SIN|SQRT|SUM|TAN,directional.coordinates,17,angle|length|time,deg|m|rad|s,0,openpyxl-read-only,ok
a20de360a6901fad,bha-tools,.xlsm,22,s0022,worksheet,visible,466,15,6257,0,0,0,0,,bha.unresolved,11,angle|curvature|length,deg|deg/100ft|ft|m,0,openpyxl-read-only,ok
a20de360a6901fad,bha-tools,.xlsm,23,s0023,worksheet,visible,34,4,36,0,0,0,0,,bha.unresolved,0,,,0,openpyxl-read-only,ok
a20de360a6901fad,bha-tools,.xlsm,24,s0024,worksheet,visible,4717,12,8437,0,0,0,0,,bha.unresolved,2542,angle|angular_velocity|area|curvature|density|density_ratio|dynamic_viscosity|energy|force|fraction|frequency|length|linear_mass|mass|mass_fraction|penetration_rate|power|pressure|pressure_gradient|pump_rate|rotational_speed|specific_heat_capacity|temperature|temperature_gradient|time|torque|velocity|volume|volumetric_flow|yield_stress,Btu|Hz|J|J/(kg*K)|K|L/min|MPa|N|N*m|Pa|W|bar|bbl|bbl/min|cP|cm|deg|deg/100ft|deg/30m|degC|degF|degF/100ft|ft|ft*lbf|ft/h|ft/min|ft/s|ft^2|ft^3|g/cm^3|gal|gal/min|h|hp|in|in^2|in^3|kJ|kJ/(kg*K)|kN|kN*m|kPa|kPa/m|kW|kg|kg/m|kg/m^3|klbf|ksi|lbf|lbf/(100*ft^2)|lbm/ft|lbm/ft^3|m|m/h|m/s|m^2|m^3|m^3/min|m^3/s|min|mm|percent|ppg|ppm|psi|psi/ft|rad|rad/s|rpm|s|specific-gravity|strokes/min,0,openpyxl-read-only,ok
a20de360a6901fad,bha-tools,.xlsm,25,s0025,worksheet,visible,272,4,649,0,0,0,0,,bha.unresolved,78,area|density|length|penetration_rate|power|pressure|rotational_speed|time|velocity|volumetric_flow,ft|ft/h|ft/min|ft/s|gal/min|hp|in^2|min|ppg|psi|rpm|s,0,openpyxl-read-only,ok
a20de360a6901fad,bha-tools,.xlsm,26,s0026,worksheet,visible,262,8,1035,0,0,0,0,,bha.unresolved,511,length,mm,0,openpyxl-read-only,ok
a20de360a6901fad,bha-tools,.xlsm,27,s0027,worksheet,visible,1,1,1,0,0,0,0,,bha.unresolved,0,,,0,openpyxl-read-only,ok
a20de360a6901fad,bha-tools,.xlsm,28,s0028,worksheet,visible,473,14,1150,0,0,0,0,,bha.unresolved,207,angle|area|curvature|density|dynamic_viscosity|energy|force|fraction|frequency|length|mass|mass_fraction|penetration_rate|power|pressure|pressure_gradient|rotational_speed|temperature|temperature_gradient|time|torque|velocity|volume|volumetric_flow|yield_stress,Btu|Hz|Pa|bbl|cP|deg|deg/100ft|degF|degF/100ft|ft|ft*lbf|ft/h|ft/min|ft/s|ft^2|ft^3|gal|gal/min|hp|in|in^2|klbf|ksi|lbf|lbf/(100*ft^2)|lbm|lbm/ft^3|lbm/gal|m|min|mm|percent|ppm|psi|psi/ft|rpm|s,0,openpyxl-read-only,ok
a20de360a6901fad,bha-tools,.xlsm,29,s0029,worksheet,visible,6308,15,32160,0,0,0,0,,bha.unresolved,381,angle|area|curvature|density|dynamic_viscosity|energy|force|fraction|frequency|length|mass|mass_fraction|penetration_rate|power|pressure|pressure_gradient|pump_rate|rotational_speed|temperature|temperature_gradient|time|torque|velocity|volume|volumetric_flow|yield_stress,Btu|Hz|L/s|bbl|cP|deg|deg/100ft|degF|degF/100ft|ft|ft*lbf|ft/h|ft/min|ft/s|ft^2|ft^3|gal|gal/min|hp|in|in^2|klbf|ksi|lbf|lbf/(100*ft^2)|lbm|lbm/ft^3|lbm/gal|m|min|percent|ppm|psi|psi/ft|rpm|s|strokes/min,0,openpyxl-read-only,ok
a20de360a6901fad,bha-tools,.xlsm,30,s0030,worksheet,visible,1,1,1,0,0,0,0,,bha.unresolved,0,,,0,openpyxl-read-only,ok
a20de360a6901fad,bha-tools,.xlsm,31,s0031,worksheet,visible,1183,5,5900,1180,1,0,0,IF|UDF,bha.geometry|cross-cutting.unit-conversion|hydraulics.bit-nozzle|hydraulics.hydrostatic-pressure,2859,angle|angular_velocity|area|density|dynamic_viscosity|energy|force|fraction|frequency|length|linear_mass|mass|mass_fraction|penetration_rate|power|pressure|pressure_gradient|rotational_speed|temperature|temperature_gradient|time|velocity|volume|volumetric_flow|yield_stress,Btu|Hz|J|K|L/min|L/s|MPa|MPa/m|N|Pa|W|bar|bbl|cP|cm|deg|degC|degC/100m|degF|degF/100ft|ft|ft/h|ft/min|ft/s|ft^2|ft^3|g/cm^3|gal|gal/min|h|hp|in|in^2|in^3|kJ|kN|kPa|kPa/m|kW|kg|kg/m|kg/m^3|klbf|lbf|lbf/(100*ft^2)|lbm|lbm/ft|lbm/ft^3|lbm/gal|m|m/h|m/s|m^2|m^3|m^3/min|m^3/s|min|mm|percent|ppm|psi|psi/ft|psia|psig|rad|rad/s|rpm|s,0,openpyxl-read-only,ok
a20de360a6901fad,bha-tools,.xlsm,32,s0032,worksheet,visible,65,3,129,0,0,0,0,,bha.unresolved,5,pressure|time,bar|min,0,openpyxl-read-only,ok
a20de360a6901fad,bha-tools,.xlsm,33,s0033,worksheet,visible,150,51,2272,1780,20,0,0,IF|OR|SUM,bha.geometry|directional.dogleg-severity|torque-drag.axial-load,277,fraction|length|penetration_rate|rotational_speed|time|volume|volumetric_flow,L/s|ft|ft/h|gal|gal/min|h|min|mm|percent|rpm,0,openpyxl-read-only,ok
a20de360a6901fad,bha-tools,.xlsm,34,s0034,worksheet,visible,54,5,64,0,0,0,0,,cross-cutting.lookup,18,length|penetration_rate|rotational_speed|time|volume|volumetric_flow,L/s|ft|ft/h|gal|gal/min|h|m|min|rpm,0,openpyxl-read-only,ok
a20de360a6901fad,bha-tools,.xlsm,35,s0035,worksheet,visible,329,15,2878,0,0,0,0,,bha.unresolved,0,,,0,openpyxl-read-only,ok
a20de360a6901fad,bha-tools,.xlsm,36,s0036,worksheet,visible,408,6,741,0,0,0,0,,bha.unresolved,382,density|density_ratio|fraction|length|linear_mass|penetration_rate|power|pressure|pressure_gradient|pump_rate|time|velocity|volume|volumetric_flow,L/min|L/s|bbl|ft|ft/h|ft/min|ft^3|gal|gal/min|h|hp|lbm/ft|lbm/ft^3|lbm/gal|min|percent|ppg|psi|psi/ft|specific-gravity|strokes/min,0,openpyxl-read-only,ok
a20de360a6901fad,bha-tools,.xlsm,37,s0037,worksheet,visible,42,47,106,52,6,0,15,MAX|MIN|RANDBETWEEN,bha.unresolved,0,,,0,openpyxl-read-only,ok
a20de360a6901fad,bha-tools,.xlsm,38,s0038,worksheet,visible,248,2,403,11,11,0,0,UDF,bha.unresolved,1,length,ft,0,openpyxl-read-only,ok
a20de360a6901fad,bha-tools,.xlsm,39,s0039,worksheet,visible,83,2,130,4,4,0,0,UDF,bha.unresolved,1,length,ft,0,openpyxl-read-only,ok
a20de360a6901fad,bha-tools,.xlsm,40,s0040,worksheet,visible,10025,10,19244,19210,10,0,57,MAX|RANDBETWEEN,bha.unresolved,3,rotational_speed|time,h|rpm,0,openpyxl-read-only,ok
a20de360a6901fad,bha-tools,.xlsm,41,s0041,worksheet,visible,61,23,251,78,19,0,0,ABS|ACOS|COS|DEGREES|IF|RADIANS|SIN|SQRT|TAN,directional.coordinates|directional.dogleg-severity|directional.toolface,9,angle|fraction|time,deg|percent|rad|s,0,openpyxl-read-only,ok
a20de360a6901fad,bha-tools,.xlsm,42,s0042,worksheet,visible,24,7,108,59,21,0,0,EXP|SIN|SQRT|TRIM|UDF,bha.unresolved,0,,,0,openpyxl-read-only,ok
a20de360a6901fad,bha-tools,.xlsm,43,s0043,worksheet,visible,47,26,127,89,8,0,0,COS|RADIANS|SIN,bha.unresolved,1,length,ft,0,openpyxl-read-only,ok
a20de360a6901fad,bha-tools,.xlsm,44,s0044,worksheet,visible,8101,17,137701,0,0,0,0,,bha.unresolved,272,angle|length,cm|in|rad,0,openpyxl-read-only,ok
a20de360a6901fad,bha-tools,.xlsm,45,s0045,worksheet,visible,1047,47,47025,25923,21,0,0,COS|IF|MIN|PI|SQRT,torque-drag.connection-capacity|torque-drag.stress-capacity,13,area|length|linear_mass|pressure|volume,ft|gal|in|in^2|lbm/ft|psi,0,openpyxl-read-only,ok
a86a606c50c1000a,hydraulics,.xls,1,s0001,worksheet,visible,15,1,8,0,0,0,0,,hydraulics.unresolved,9,power|rotational_speed|temperature|time,degC|hp|rpm|s,1,calamine-static,ok
a86a606c50c1000a,hydraulics,.xls,2,s0002,worksheet,visible,30,8,109,13,4,0,0,EXP,hydraulics.unresolved,9,power|pressure|rotational_speed|temperature|volumetric_flow,L/s|degC|hp|psi|rpm,1,calamine-static,ok
a86a606c50c1000a,hydraulics,.xls,3,s0003,worksheet,visible,28,8,158,10,6,0,0,EXP,hydraulics.unresolved,7,mass|temperature|volume|volumetric_flow,L/s|degC|kg|m^3,1,calamine-static,ok
a86a606c50c1000a,hydraulics,.xls,4,s0004,worksheet,visible,57,7,60,9,4,0,0,,hydraulics.unresolved,10,area|dynamic_viscosity|rotational_speed,cP|ft^2|rpm,1,calamine-static,ok
aaa642ca1d4178f6,hydraulics,.xlsx,1,s0001,worksheet,visible,56,9,133,1,1,0,0,SUM,cross-cutting.validation,27,angle|area|density|dynamic_viscosity|length|penetration_rate|pressure|rotational_speed|time|volumetric_flow,cP|ft|ft/h|ft^2|gal/min|in|min|mm|ppg|psi|rad|rpm,0,openpyxl-read-only,ok
aaa642ca1d4178f6,hydraulics,.xlsx,2,s0002,worksheet,visible,86,9,372,0,0,0,0,,hydraulics.unresolved,110,length|penetration_rate|pressure|rotational_speed|volumetric_flow,ft|ft/h|gal/min|psi|rpm,0,openpyxl-read-only,ok
aaa642ca1d4178f6,hydraulics,.xlsx,3,s0003,worksheet,visible,84,13,688,520,2,0,0,ABS,hydraulics.equivalent-circulating-density|hydraulics.pressure-loss,18,density|pressure|rotational_speed|volumetric_flow,gal/min|ppg|psi|rpm,0,openpyxl-read-only,ok
aaa642ca1d4178f6,hydraulics,.xlsx,4,s0004,worksheet,visible,47,10,4,0,0,0,0,,hydraulics.unresolved,0,,,0,openpyxl-read-only,ok
ad8281d5b5ff5bf8,torque-drag-drillstring,.xls,1,s0001,worksheet,visible,19,7,23,4,4,0,0,,torque-drag.unresolved,4,length,ft|in|m,1,calamine-static,ok
ae621c1b35daafb1,directional,.xlsx,1,s0001,worksheet,visible,29,8,70,23,11,0,0,ACOS|ATAN|COS|DEGREES|PI|RADIANS|SIN|TAN,directional.dogleg-severity,3,angle|length,ft|rad,0,openpyxl-read-only,ok
ae621c1b35daafb1,directional,.xlsx,2,s0002,worksheet,visible,11,7,14,2,2,0,0,RADIANS|TAN,directional.coordinates,0,,,0,openpyxl-read-only,ok
ae768ddc41b85b6f,cementing-casing,.xlsx,1,s0001,worksheet,visible,356,7,2492,0,0,0,0,,casing-cementing.unresolved,0,,,0,openpyxl-read-only,ok
ae9533001ab5aa68,torque-drag-drillstring,.xls,1,s0001,worksheet,visible,37,15,127,29,23,0,0,DEGREES|PI|RADIANS|SIN,bha.bending-loading|torque-drag.stress-capacity,42,angle|area|length|pressure|time,deg|ft|h|in|in^2|psi|rad,1,calamine-static,ok
ae9533001ab5aa68,torque-drag-drillstring,.xls,2,s0002,worksheet,visible,0,0,0,0,0,0,0,,torque-drag.unresolved,0,,,1,calamine-static,ok
ae9533001ab5aa68,torque-drag-drillstring,.xls,3,s0003,worksheet,visible,0,0,0,0,0,0,0,,torque-drag.unresolved,0,,,1,calamine-static,ok
aeba21cbab05dedc,hydraulics,.xls,1,s0001,worksheet,visible,72,60,385,175,55,0,1,EXP|IF|LN|NOW|PI|SQRT|SUM|TEXT|UDF,hydraulics.bit-nozzle|hydraulics.equivalent-circulating-density|hydraulics.hole-cleaning|hydraulics.rheology,32,density|fraction|length|power|pressure|pump_rate|time|volumetric_flow,ft|gal/min|hp|percent|ppg|psi|s|strokes/min,1,calamine-static,ok
af96303bd2882c28,hydraulics,.xlsx,1,s0001,worksheet,visible,53,9,65,1,1,0,0,SUM,cross-cutting.validation,26,angle|area|density|dynamic_viscosity|length|penetration_rate|pressure|rotational_speed|time|volumetric_flow,cP|ft|ft/h|ft^2|gal/min|in|min|ppg|psi|rad|rpm,0,openpyxl-read-only,ok
af96303bd2882c28,hydraulics,.xlsx,2,s0002,worksheet,visible,86,9,192,0,0,0,0,,cross-cutting.validation,110,length|penetration_rate|pressure|rotational_speed|volumetric_flow,ft|ft/h|gal/min|psi|rpm,0,openpyxl-read-only,ok
af96303bd2882c28,hydraulics,.xlsx,3,s0003,worksheet,visible,84,9,600,480,1,0,0,,hydraulics.equivalent-circulating-density|hydraulics.pressure-loss,18,density|pressure|rotational_speed|volumetric_flow,gal/min|ppg|psi|rpm,0,openpyxl-read-only,ok
af96303bd2882c28,hydraulics,.xlsx,4,s0004,worksheet,visible,47,10,4,0,0,0,0,,cross-cutting.validation,0,,,0,openpyxl-read-only,ok
b147eb91b2f2fd18,thermal,.xlsm,1,s0001,worksheet,hidden,76,75,396,0,0,0,0,,thermal.unresolved,38,length|power|rotational_speed,W|ft|mm|rpm,0,openpyxl-read-only,ok
b147eb91b2f2fd18,thermal,.xlsm,2,s0002,worksheet,visible,0,0,0,0,0,0,0,,thermal.unresolved,0,,,0,openpyxl-read-only,ok
b147eb91b2f2fd18,thermal,.xlsm,3,s0003,worksheet,hidden,280,42,257,180,32,0,3,CONCATENATE|IF|ROUND|TODAY|UDF,bha.motor-performance,130,length|power|pressure|rotational_speed|torque|volume,N*m|ft|gal|hp|kPa|kW|psi|rpm,0,openpyxl-read-only,ok
b147eb91b2f2fd18,thermal,.xlsm,4,s0004,worksheet,hidden,270,82,2974,1331,79,0,0,AVERAGE|CONCATENATE|FIND|IF|IFERROR|LOOKUP|MAX|MID|MIN|OR|PI|ROUND|SIN|SQRT|UDF|VLOOKUP,bha.geometry,897,fraction|length|power|pressure|rotational_speed|time|volumetric_flow,ft|gal/min|hp|min|mm|percent|psi|rpm,0,openpyxl-read-only,ok
b147eb91b2f2fd18,thermal,.xlsm,5,s0005,worksheet,hidden,176,43,255,134,47,0,2,AND|CONCATENATE|IF|MAX|ROUND|TODAY|UDF,bha.motor-performance,44,fraction|length|time,h|min|mm|percent,0,openpyxl-read-only,ok
b147eb91b2f2fd18,thermal,.xlsm,6,s0006,worksheet,hidden,266,53,587,473,43,0,3,CONCATENATE|IF|LOOKUP|TODAY|UDF,bha.bending-loading|bha.geometry|bha.motor-performance|cross-cutting.lookup|directional.dogleg-severity|torque-drag.contact-force,5,angle|length|rotational_speed,in|rad|rpm,0,openpyxl-read-only,ok
b147eb91b2f2fd18,thermal,.xlsm,7,s0007,worksheet,hidden,385,51,7137,4083,156,0,0,AND|ASIN|ATAN|AVERAGE|COS|HLOOKUP|IF|LOOKUP|MAX|MIN|PI|RADIANS|ROUND|ROW|SIN|SQRT|TAN|UDF|VLOOKUP,bha.bending-loading|bha.geometry|bha.motor-performance|directional.dogleg-severity|torque-drag.contact-force,387,angle|curvature|force|fraction|length|rotational_speed|time,deg|deg/100ft|ft|in|lbf|m|min|mm|percent|rad|rpm,0,openpyxl-read-only,ok
b147eb91b2f2fd18,thermal,.xlsm,8,s0008,worksheet,hidden,157,33,601,498,17,0,0,IF|INDEX|LOOKUP|MATCH|MAX|VLOOKUP,bha.geometry|cross-cutting.unit-conversion|directional.dogleg-severity,14,angle|curvature|time,deg|deg/100ft|min,0,openpyxl-read-only,ok
b147eb91b2f2fd18,thermal,.xlsm,9,s0009,worksheet,hidden,102,30,606,375,82,0,0,AND|AVERAGE|CONCATENATE|IF|IFERROR|LOOKUP|MAX|MIN|SUM|VLOOKUP,bha.motor-performance|cross-cutting.unit-conversion,83,density|fraction|length|power|pressure|rotational_speed|temperature|time|volumetric_flow,degC|degF|ft|gal/min|h|hp|in|kPa|kg/m^3|min|percent|ppg|psi|rpm,0,openpyxl-read-only,ok
b147eb91b2f2fd18,thermal,.xlsm,10,s0010,worksheet,hidden,176,53,525,448,16,0,2,CONCATENATE|IF|ROUND|TODAY|UDF,bha.motor-performance|cross-cutting.unit-conversion|hydraulics.bit-nozzle,4,force|fraction|rotational_speed,lbf|percent|rpm,0,openpyxl-read-only,ok
b147eb91b2f2fd18,thermal,.xlsm,11,s0011,worksheet,hidden,168,23,1391,1195,43,0,0,IF|LOOKUP|MIN|MOD|PI|ROUND|SQRT|UDF|VLOOKUP,bha.motor-performance|cross-cutting.unit-conversion|hydraulics.bit-nozzle|hydraulics.pressure-loss,34,area|density|force|fraction|length|pressure|velocity|volumetric_flow,cm|ft/s|gal/min|in|in^2|kPa|lbf|mm|percent|ppg|psi,0,openpyxl-read-only,ok
b147eb91b2f2fd18,thermal,.xlsm,12,s0012,worksheet,hidden,242,42,164,88,45,0,4,CONCATENATE|IF|ROUND|TEXT|TODAY|UDF,cross-cutting.unit-conversion,42,length|mass|power|pressure|temperature|torque|volume,N*m|degC|degF|ft|gal|hp|kPa|kW|kg|mm|psi,0,openpyxl-read-only,ok
b147eb91b2f2fd18,thermal,.xlsm,13,s0013,worksheet,hidden,161,44,178,86,6,0,3,CONCATENATE|IF|TODAY|UDF,cross-cutting.unit-conversion,42,length|mass|power|pressure|temperature|torque|volume,N*m|degC|degF|ft|gal|hp|kPa|kW|kg|mm|psi,0,openpyxl-read-only,ok
b147eb91b2f2fd18,thermal,.xlsm,14,s0014,worksheet,hidden,85,43,517,339,90,0,0,AVERAGE|CONCATENATE|IF|MIN|PI|ROUND|SQRT|VLOOKUP,cross-cutting.unit-conversion,60,area|length|power|pressure|rotational_speed|time|volumetric_flow,ft|gal/min|hp|in|in^2|min|psi|rpm,0,openpyxl-read-only,ok
b147eb91b2f2fd18,thermal,.xlsm,15,s0015,worksheet,hidden,88,38,87,34,19,0,7,CONCATENATE|IF|MATCH|OFFSET|ROUND|TODAY|UDF,bha.motor-performance|hydraulics.pressure-loss,0,,,0,openpyxl-read-only,ok
b147eb91b2f2fd18,thermal,.xlsm,16,s0016,worksheet,hidden,77,19,312,210,23,0,0,AVERAGE|IF|UDF|VLOOKUP,bha.motor-performance,138,density|length|pressure|time|volumetric_flow,gal/min|in|kPa|min|mm|ppg|psi,0,openpyxl-read-only,ok
b147eb91b2f2fd18,thermal,.xlsm,17,s0017,worksheet,hidden,79,88,190,160,100,0,1,AND|CONCATENATE|IF|OR|ROUND|TODAY|UDF,bha.motor-performance,13,fraction|length|power|pressure|rotational_speed|temperature|volumetric_flow,degF|ft|gal/min|hp|percent|psi|rpm,0,openpyxl-read-only,ok
b147eb91b2f2fd18,thermal,.xlsm,18,s0018,worksheet,hidden,93,35,533,317,73,0,6,CONCATENATE|IFERROR|LOOKUP|MATCH|MAX|MIN|OFFSET|ROUND|SQRT|UDF|VLOOKUP,cross-cutting.unit-conversion,53,length|power|pressure|rotational_speed|time|volumetric_flow,ft|gal/min|hp|in|kPa|min|psi|rpm,0,openpyxl-read-only,ok
b147eb91b2f2fd18,thermal,.xlsm,19,s0019,worksheet,hidden,83,79,225,39,32,0,1,AND|CONCATENATE|IF|MAX|OR|PI|ROUND|TODAY|UDF,bha.motor-performance|bha.tool-life,57,area|density|fraction|length|pressure|temperature|time|volumetric_flow,degC|degF|gal/min|h|in|in^2|kPa|kg/m^3|mm|percent|ppg|psi,0,openpyxl-read-only,ok
b147eb91b2f2fd18,thermal,.xlsm,20,s0020,worksheet,hidden,172,38,163,69,55,0,2,AND|CONCATENATE|IF|MAX|MIN|OR|ROUND|TODAY|UDF,bha.geometry|cross-cutting.unit-conversion|directional.dogleg-severity|hydraulics.annular-velocity|hydraulics.bit-nozzle|hydraulics.flow-regime|hydraulics.hole-cleaning|hydraulics.reynolds-number|hydraulics.rheology,13,angle|fraction|pressure,Pa|deg|percent,0,openpyxl-read-only,ok
b147eb91b2f2fd18,thermal,.xlsm,21,s0021,worksheet,hidden,424,27,4755,1166,107,0,0,ACOS|ASIN|AVERAGE|COS|COUNTIF|DEGREES|IF|INDEX|LOG|MATCH|MAX|PI|RADIANS|ROWS|SIN|SQRT|TAN,bha.geometry|bha.motor-performance|cross-cutting.unit-conversion|hydraulics.annular-velocity|hydraulics.flow-regime|hydraulics.fluid-properties|hydraulics.rheology,861,angle|area|density|dynamic_viscosity|fraction|length|mass|pressure|rheology_consistency|time|velocity|volumetric_flow|yield_stress,cP|deg|ft/min|gal/min|in|in^2|kg|kg/m^3|lbf*s^n/(100*ft^2)|lbf/(100*ft^2)|m|m^2|min|mm|percent|ppg|psi,0,openpyxl-read-only,ok
b147eb91b2f2fd18,thermal,.xlsm,22,s0022,worksheet,hidden,171,53,882,319,62,0,1,AVERAGE|CONCATENATE|IF|LEFT|LOOKUP|MAX|MIN|OR|PI|ROUND|ROUNDDOWN|ROUNDUP|SQRT|TODAY|UDF,bha.motor-performance|cross-cutting.unit-conversion,87,fraction|length|mass|power|pressure|rotational_speed|temperature|time|torque|velocity|volume|volumetric_flow,N*m|degC|degF|ft|gal|gal/min|hp|in|kPa|kW|kg|m/s|min|mm|percent|psi|rpm,0,openpyxl-read-only,ok
b147eb91b2f2fd18,thermal,.xlsm,23,s0023,worksheet,hidden,94,22,361,72,45,0,0,CONCATENATE|IF|LOOKUP|MAX|PI|ROUND,bha.motor-performance|hydraulics.fluid-properties,83,area|fraction|length|power|pressure|rotational_speed|time|velocity|volume|volumetric_flow,ft|gal|gal/min|hp|in|in^2|in^3|m|m/s|min|percent|psi|rpm,0,openpyxl-read-only,ok
b147eb91b2f2fd18,thermal,.xlsm,24,s0024,worksheet,hidden,200,77,619,450,116,0,2,AND|AVERAGE|CONCATENATE|HLOOKUP|IF|MAX|MIN|OR|ROUND|TODAY|UDF,bha.motor-performance|bha.tool-life|cross-cutting.optimization|directional.coordinates|hydraulics.bit-nozzle,89,density|fraction|frequency|length|pressure|temperature|time|velocity|volumetric_flow,Hz|degF|ft|gal/min|h|in|m/s|min|mm|percent|ppg|psi,0,openpyxl-read-only,ok
b147eb91b2f2fd18,thermal,.xlsm,25,s0025,worksheet,hidden,89,86,321,144,72,0,0,AND|HLOOKUP|IF|IFERROR|MAX|MIN|ROUND|SUM,cross-cutting.optimization|cross-cutting.unit-conversion,40,area|fraction|length|power|pressure|rotational_speed|temperature|time|volumetric_flow,degC|degF|ft|gal/min|in|in^2|kPa|kW|min|mm|percent|psi|rpm,0,openpyxl-read-only,ok
b147eb91b2f2fd18,thermal,.xlsm,26,s0026,worksheet,hidden,115,49,792,576,118,0,0,ABS|HLOOKUP|IF|MAX|MIN|ROUND|SUM,bha.motor-performance|bha.tool-life,330,fraction|frequency|length|velocity,Hz|in|m/s|percent,0,openpyxl-read-only,ok
b147eb91b2f2fd18,thermal,.xlsm,27,s0027,worksheet,hidden,621,76,23854,13193,36,0,1,AVERAGE|CONCATENATE|COUNTA|COUNTIF|FIND|IF|INDEX|MATCH|MAX|MID|PI|RIGHT|ROWS|TODAY|UDF|VLOOKUP,bha.motor-performance|cross-cutting.lookup,22,fraction|length|power|pressure|rotational_speed|time|volumetric_flow,ft|gal/min|hp|min|mm|percent|psi|rpm,0,openpyxl-read-only,ok
b147eb91b2f2fd18,thermal,.xlsm,28,s0028,worksheet,hidden,120,39,885,387,11,0,0,COLUMN|COUNTIF|IF|INDEX|MATCH|MAX|ROWS|UDF|VLOOKUP,bha.motor-performance|cross-cutting.lookup,24,force|length|rotational_speed,ft|lbf|mm|rpm,0,openpyxl-read-only,ok
b147eb91b2f2fd18,thermal,.xlsm,29,s0029,worksheet,hidden,52,35,278,81,14,0,0,IF,cross-cutting.unit-conversion,76,area|density|fraction|length|pressure|temperature|time|volumetric_flow,degC|degF|ft|gal/min|in|in^2|kPa|kg/m^3|m|m^2|min|mm|percent|ppg|psi,0,openpyxl-read-only,ok
b147eb91b2f2fd18,thermal,.xlsm,30,s0030,worksheet,hidden,57,45,309,119,69,0,0,AVERAGE|CONCATENATE|HLOOKUP|IF|PI|SUM|VLOOKUP,bha.motor-performance,41,area|length|power|pressure|rotational_speed|temperature|time|volumetric_flow,degF|ft|gal/min|h|hp|in|in^2|min|psi|rpm,0,openpyxl-read-only,ok
b147eb91b2f2fd18,thermal,.xlsm,31,s0031,worksheet,hidden,100,55,531,364,184,0,0,CONCATENATE|IF|LOOKUP|ROUND,bha.motor-performance|cross-cutting.unit-conversion,133,length|temperature,degC|mm,0,openpyxl-read-only,ok
b147eb91b2f2fd18,thermal,.xlsm,32,s0032,worksheet,hidden,51,35,170,124,19,0,0,IF|PI,cross-cutting.unit-conversion,21,area|density|length|pressure|velocity|volumetric_flow,Pa|in|in^2|kg/m^3|m|m/s|m^2|m^3/s,0,openpyxl-read-only,ok
b147eb91b2f2fd18,thermal,.xlsm,33,s0033,worksheet,hidden,53,35,184,134,39,0,0,AVERAGE|IF|LOOKUP|OR|PI,bha.tool-life,10,density|fraction|length|mass|rotational_speed,in|kg|kg/m^3|m|percent|rpm,0,openpyxl-read-only,ok
b147eb91b2f2fd18,thermal,.xlsm,34,s0034,worksheet,hidden,45,35,107,60,22,0,0,IF|LOOKUP|OR|PI,bha.tool-life|cross-cutting.unit-conversion,17,area|fraction|length,in|in^2|percent,0,openpyxl-read-only,ok
b147eb91b2f2fd18,thermal,.xlsm,35,s0035,worksheet,hidden,51,35,267,153,15,0,0,AVERAGE|IF|PI|ROUND|VLOOKUP,cross-cutting.unit-conversion,5,fraction|rotational_speed,percent|rpm,0,openpyxl-read-only,ok
b147eb91b2f2fd18,thermal,.xlsm,36,s0036,worksheet,hidden,149,57,5917,708,1,0,0,ABS|IF|IFERROR|OR|UDF,thermal.unresolved,19,fraction|length|pressure|time,Pa|ft|h|percent|psi,0,openpyxl-read-only,ok
b147eb91b2f2fd18,thermal,.xlsm,37,s0037,worksheet,hidden,36,24,100,15,3,0,0,COUNTIF,bha.tool-life,34,fraction|temperature,degC|degF|percent,0,openpyxl-read-only,ok
b147eb91b2f2fd18,thermal,.xlsm,38,s0038,worksheet,hidden,73,43,412,275,28,0,0,IF|MAX|SUM,thermal.unresolved,63,fraction|length|pressure|rotational_speed|temperature,degC|degF|in|percent|psi|rpm,0,openpyxl-read-only,ok
b147eb91b2f2fd18,thermal,.xlsm,39,s0039,worksheet,hidden,47,16,135,0,0,0,0,,thermal.unresolved,2,pressure,bar,0,openpyxl-read-only,ok
b147eb91b2f2fd18,thermal,.xlsm,40,s0040,worksheet,hidden,4,85,203,0,0,0,0,,thermal.unresolved,81,area|density|fraction|length|pressure|temperature|time|volumetric_flow,degC|degF|ft|gal/min|h|in|in^2|kPa|kg/m^3|m|m^2|min|mm|percent|ppg|psi,0,openpyxl-read-only,ok
b147eb91b2f2fd18,thermal,.xlsm,41,s0041,worksheet,hidden,4,69,166,0,0,0,0,,thermal.unresolved,51,density|fraction|length|pressure|temperature|time|volumetric_flow,degC|degF|gal/min|h|in|kPa|kg/m^3|mm|percent|ppg|psi,0,openpyxl-read-only,ok
b147eb91b2f2fd18,thermal,.xlsm,42,s0042,worksheet,hidden,49,35,132,21,5,0,0,IF|UDF,bha.motor-performance|bha.tool-life|cross-cutting.lookup,32,density|fraction|frequency|length|power|pressure|temperature|time|velocity,Hz|Pa|degC|degF|ft/s|hp|in|kg/m^3|m/s|min|percent,0,openpyxl-read-only,ok
b147eb91b2f2fd18,thermal,.xlsm,43,s0043,worksheet,hidden,86,16,547,442,11,0,1,CONCATENATE|COS|MAX|RADIANS|SIN|TODAY|UDF,thermal.unresolved,9,angle|length|time,deg|ft|min,0,openpyxl-read-only,ok
b72c195b11e69082,hydraulics,.xls,1,s0001,worksheet,hidden,0,0,0,0,0,0,0,,hydraulics.unresolved,0,,,1,calamine-static,ok
b72c195b11e69082,hydraulics,.xls,2,s0002,worksheet,veryHidden,0,0,0,0,0,0,0,,hydraulics.unresolved,0,,,1,calamine-static,ok
b72c195b11e69082,hydraulics,.xls,3,s0003,worksheet,visible,12,3,10,0,0,0,0,,hydraulics.unresolved,0,,,1,calamine-static,ok
b72c195b11e69082,hydraulics,.xls,4,s0004,worksheet,visible,53,11,135,53,16,0,0,IF|PI,hydraulics.hole-cleaning,33,area|density|dynamic_viscosity|fraction|length|penetration_rate|velocity|volumetric_flow,cP|ft/h|ft/s|ft^2|gal/min|in|percent|ppg,1,calamine-static,ok
b72c195b11e69082,hydraulics,.xls,5,s0005,worksheet,visible,14,8,97,67,12,0,0,,hydraulics.unresolved,4,fraction|length,in|percent,1,calamine-static,ok
b72c195b11e69082,hydraulics,.xls,6,s0006,chart-sheet,visible,10,4,40,0,0,0,0,,hydraulics.unresolved,0,,,1,calamine-static,ok
b72c195b11e69082,hydraulics,.xls,7,s0007,chart-sheet,visible,10,4,40,0,0,0,0,,hydraulics.unresolved,0,,,1,calamine-static,ok
b72c195b11e69082,hydraulics,.xls,8,s0008,chart-sheet,visible,10,4,40,0,0,0,0,,hydraulics.unresolved,0,,,1,calamine-static,ok
b72c195b11e69082,hydraulics,.xls,9,s0009,chart-sheet,visible,6,4,24,0,0,0,0,,hydraulics.unresolved,0,,,1,calamine-static,ok
b72c195b11e69082,hydraulics,.xls,10,s0010,worksheet,visible,53,11,129,61,16,0,0,IF|PI,hydraulics.hole-cleaning,30,area|density|dynamic_viscosity|fraction|length|penetration_rate|velocity|volumetric_flow,cP|ft/h|ft/s|ft^2|gal/min|in|percent|ppg,1,calamine-static,ok
b72c195b11e69082,hydraulics,.xls,11,s0011,worksheet,visible,53,11,129,61,16,0,0,IF|PI,hydraulics.hole-cleaning,30,area|density|dynamic_viscosity|fraction|length|penetration_rate|velocity|volumetric_flow,cP|ft/h|ft/s|ft^2|gal/min|in|percent|ppg,1,calamine-static,ok
b72c195b11e69082,hydraulics,.xls,12,s0012,worksheet,visible,53,11,129,61,16,0,0,IF|PI,hydraulics.hole-cleaning,30,area|density|dynamic_viscosity|fraction|length|penetration_rate|velocity|volumetric_flow,cP|ft/h|ft/s|ft^2|gal/min|in|percent|ppg,1,calamine-static,ok
b72c195b11e69082,hydraulics,.xls,13,s0013,worksheet,visible,53,11,129,61,16,0,0,IF|PI,hydraulics.hole-cleaning,30,area|density|dynamic_viscosity|fraction|length|penetration_rate|velocity|volumetric_flow,cP|ft/h|ft/s|ft^2|gal/min|in|percent|ppg,1,calamine-static,ok
b72c195b11e69082,hydraulics,.xls,14,s0014,worksheet,visible,53,11,129,61,16,0,0,IF|PI,hydraulics.hole-cleaning,30,area|density|dynamic_viscosity|fraction|length|penetration_rate|velocity|volumetric_flow,cP|ft/h|ft/s|ft^2|gal/min|in|percent|ppg,1,calamine-static,ok
b72c195b11e69082,hydraulics,.xls,15,s0015,worksheet,visible,53,11,129,61,16,0,0,IF|PI,hydraulics.hole-cleaning,30,area|density|dynamic_viscosity|fraction|length|penetration_rate|velocity|volumetric_flow,cP|ft/h|ft/s|ft^2|gal/min|in|percent|ppg,1,calamine-static,ok
b72c195b11e69082,hydraulics,.xls,16,s0016,worksheet,visible,53,11,129,61,16,0,0,IF|PI,hydraulics.hole-cleaning,30,area|density|dynamic_viscosity|fraction|length|penetration_rate|velocity|volumetric_flow,cP|ft/h|ft/s|ft^2|gal/min|in|percent|ppg,1,calamine-static,ok
b72c195b11e69082,hydraulics,.xls,17,s0017,worksheet,visible,53,11,129,61,16,0,0,IF|PI,hydraulics.hole-cleaning,30,area|density|dynamic_viscosity|fraction|length|penetration_rate|velocity|volumetric_flow,cP|ft/h|ft/s|ft^2|gal/min|in|percent|ppg,1,calamine-static,ok
b72c195b11e69082,hydraulics,.xls,18,s0018,worksheet,visible,53,11,129,61,16,0,0,IF|PI,hydraulics.hole-cleaning,30,area|density|dynamic_viscosity|fraction|length|penetration_rate|velocity|volumetric_flow,cP|ft/h|ft/s|ft^2|gal/min|in|percent|ppg,1,calamine-static,ok
b72c195b11e69082,hydraulics,.xls,19,s0019,worksheet,visible,53,11,129,61,16,0,0,IF|PI,hydraulics.hole-cleaning,30,area|density|dynamic_viscosity|fraction|length|penetration_rate|velocity|volumetric_flow,cP|ft/h|ft/s|ft^2|gal/min|in|percent|ppg,1,calamine-static,ok
b72c195b11e69082,hydraulics,.xls,20,s0020,worksheet,visible,53,11,129,61,16,0,0,IF|PI,hydraulics.hole-cleaning,30,area|density|dynamic_viscosity|fraction|length|penetration_rate|velocity|volumetric_flow,cP|ft/h|ft/s|ft^2|gal/min|in|percent|ppg,1,calamine-static,ok
b72c195b11e69082,hydraulics,.xls,21,s0021,worksheet,visible,50,2,100,1,1,0,0,,hydraulics.unresolved,1,fraction,percent,1,calamine-static,ok
bcae2b0cfa613071,hydraulics,.xlsx,1,s0001,worksheet,visible,35062,31,1086632,104545,2,0,0,,hydraulics.fluid-properties,0,,,0,openpyxl-read-only,ok
bcae2b0cfa613071,hydraulics,.xlsx,2,s0002,worksheet,visible,0,0,0,0,0,0,0,,hydraulics.rheology,0,,,0,openpyxl-read-only,ok
bcae2b0cfa613071,hydraulics,.xlsx,3,s0003,worksheet,visible,0,0,0,0,0,0,0,,hydraulics.rheology,0,,,0,openpyxl-read-only,ok
bcae2b0cfa613071,hydraulics,.xlsx,4,s0004,worksheet,visible,0,0,0,0,0,0,0,,hydraulics.rheology,0,,,0,openpyxl-read-only,ok
bcae2b0cfa613071,hydraulics,.xlsx,5,s0005,worksheet,visible,0,0,0,0,0,0,0,,hydraulics.rheology,0,,,0,openpyxl-read-only,ok
c00c3d2869bee7b4,directional,.xls,1,s0001,worksheet,visible,432,256,11298,216,44,0,0,ACOS|ATAN|ATAN2|AVERAGE|COS|DEGREES|IF|INDEX|MATCH|OR|PI|RADIANS|ROUND|SIN|SQRT|TAN|UDF,directional.dogleg-severity,2,fraction,percent,1,calamine-static,ok
c00c3d2869bee7b4,directional,.xls,2,s0002,worksheet,visible,501,37,6738,1446,6,0,0,ACOS|ATAN2|COS|IF|PI|SIN,directional.coordinates,29,angle|length|time,deg|ft|h|rad,1,calamine-static,ok
c00c3d2869bee7b4,directional,.xls,3,s0003,worksheet,visible,9,5,14,2,2,0,0,RADIANS|TAN,directional.coordinates,0,,,1,calamine-static,ok
c00c3d2869bee7b4,directional,.xls,4,s0004,worksheet,visible,9539,44,11000,36,13,0,0,ACOS|ASIN|COS|DEGREES|IF|INDEX|MATCH|PI|RADIANS|SIN|TAN|UDF|VLOOKUP,directional.coordinates,1,time,s,1,calamine-static,ok
c00c3d2869bee7b4,directional,.xls,5,s0005,worksheet,visible,124,23,1832,247,13,0,0,ASIN|ATAN|AVERAGE|DEGREES|IF|MAX|PI|SIN|SUM|VLOOKUP,directional.coordinates,0,,,1,calamine-static,ok
c00c3d2869bee7b4,directional,.xls,6,s0006,worksheet,visible,9542,22,19097,0,0,0,0,,directional.unresolved,0,,,1,calamine-static,ok
c00c3d2869bee7b4,directional,.xls,7,s0007,worksheet,visible,1372,11,5134,8,2,0,0,IF,directional.unresolved,0,,,1,calamine-static,ok
c00c3d2869bee7b4,directional,.xls,8,s0008,worksheet,visible,432,256,10028,287,42,0,0,ACOS|ATAN|ATAN2|AVERAGE|COS|DEGREES|IF|INDEX|MATCH|OR|PI|RADIANS|SIN|SQRT|TAN|UDF,directional.dogleg-severity,2,fraction,percent,1,calamine-static,ok
c00c3d2869bee7b4,directional,.xls,9,s0009,worksheet,visible,3,10,21,5,4,0,0,,directional.coordinates,2,length,ft,1,calamine-static,ok
c00c3d2869bee7b4,directional,.xls,10,s0010,worksheet,visible,0,0,0,0,0,0,0,,directional.unresolved,0,,,1,calamine-static,ok
c489fe62048a52c6,hydraulics,.xlsx,1,s0001,worksheet,visible,45,9,97,1,1,0,0,SUM,cross-cutting.validation,20,area|density|dynamic_viscosity|length|penetration_rate|pressure|rotational_speed|time|volumetric_flow,cP|ft|ft/h|ft^2|gal/min|in|min|mm|ppg|psi|rpm,0,openpyxl-read-only,ok
c489fe62048a52c6,hydraulics,.xlsx,2,s0002,worksheet,visible,86,9,372,0,0,0,0,,cross-cutting.validation,110,length|penetration_rate|pressure|rotational_speed|volumetric_flow,ft|ft/h|gal/min|psi|rpm,0,openpyxl-read-only,ok
c489fe62048a52c6,hydraulics,.xlsx,3,s0003,worksheet,visible,84,9,600,480,1,0,0,,hydraulics.equivalent-circulating-density|hydraulics.pressure-loss,18,density|pressure|rotational_speed|volumetric_flow,gal/min|ppg|psi|rpm,0,openpyxl-read-only,ok
c489fe62048a52c6,hydraulics,.xlsx,4,s0004,worksheet,visible,47,10,4,0,0,0,0,,cross-cutting.validation,0,,,0,openpyxl-read-only,ok
c7365ac0f26eb95f,bha-tools,.xlsx,1,s0001,worksheet,visible,53,12,170,37,2,0,0,IF|SUM,bha.geometry,17,length|mass|time,h|kg|m|mm,0,openpyxl-read-only,ok
c7365ac0f26eb95f,bha-tools,.xlsx,2,s0002,worksheet,visible,0,0,0,0,0,0,0,,bha.geometry,0,,,0,openpyxl-read-only,ok
c7365ac0f26eb95f,bha-tools,.xlsx,3,s0003,worksheet,visible,0,0,0,0,0,0,0,,bha.geometry,0,,,0,openpyxl-read-only,ok
ccf2bd54db46ebc5,hydraulics,.xlsx,1,s0001,worksheet,visible,45,9,97,1,1,0,0,SUM,cross-cutting.validation,20,area|density|dynamic_viscosity|length|penetration_rate|pressure|rotational_speed|time|volumetric_flow,cP|ft|ft/h|ft^2|gal/min|in|min|mm|ppg|psi|rpm,0,openpyxl-read-only,ok
ccf2bd54db46ebc5,hydraulics,.xlsx,2,s0002,worksheet,visible,86,9,372,0,0,0,0,,cross-cutting.validation,110,length|penetration_rate|pressure|rotational_speed|volumetric_flow,ft|ft/h|gal/min|psi|rpm,0,openpyxl-read-only,ok
ccf2bd54db46ebc5,hydraulics,.xlsx,3,s0003,worksheet,visible,84,9,600,480,1,0,0,,hydraulics.equivalent-circulating-density|hydraulics.pressure-loss,18,density|pressure|rotational_speed|volumetric_flow,gal/min|ppg|psi|rpm,0,openpyxl-read-only,ok
ccf2bd54db46ebc5,hydraulics,.xlsx,4,s0004,worksheet,visible,47,10,4,0,0,0,0,,cross-cutting.validation,0,,,0,openpyxl-read-only,ok
cd4e89d944e757af,hydraulics,.xlsx,1,s0001,worksheet,visible,56,9,115,1,1,0,0,SUM,cross-cutting.validation,27,angle|area|density|dynamic_viscosity|length|penetration_rate|pressure|rotational_speed|time|volumetric_flow,cP|ft|ft/h|ft^2|gal/min|in|min|mm|ppg|psi|rad|rpm,0,openpyxl-read-only,ok
cd4e89d944e757af,hydraulics,.xlsx,2,s0002,worksheet,visible,86,9,372,0,0,0,0,,hydraulics.flow-regime|hydraulics.rheology,110,length|penetration_rate|pressure|rotational_speed|volumetric_flow,ft|ft/h|gal/min|psi|rpm,0,openpyxl-read-only,ok
cd4e89d944e757af,hydraulics,.xlsx,3,s0003,worksheet,visible,84,25,773,625,23,0,0,IF|LOG10|PI|POWER,hydraulics.equivalent-circulating-density|hydraulics.pressure-loss|hydraulics.reynolds-number,18,density|pressure|rotational_speed|volumetric_flow,gal/min|ppg|psi|rpm,0,openpyxl-read-only,ok
cd4e89d944e757af,hydraulics,.xlsx,4,s0004,worksheet,visible,47,10,4,0,0,0,0,,hydraulics.flow-regime|hydraulics.rheology,0,,,0,openpyxl-read-only,ok
cdc1401e53841798,bha-tools,.xlsx,1,s0001,worksheet,visible,203,10,225,50,25,0,0,,bha.geometry|bha.motor-performance|cross-cutting.lookup|hydraulics.fluid-properties|torque-drag.connection-capacity,21,fraction|length|mass|volume,bbl|ft|in|kg|mm|percent,0,openpyxl-read-only,ok
cedfdf758e91c9a6,bha-tools,.xls,1,s0001,worksheet,visible,57,9,101,38,19,0,0,COS|PI|SIN|TAN,torque-drag.axial-load,16,angle|area|length,deg|ft|in|in^2,1,calamine-static,ok
cedfdf758e91c9a6,bha-tools,.xls,2,s0002,worksheet,visible,0,0,0,0,0,0,0,,bha.bending-loading,0,,,1,calamine-static,ok
cedfdf758e91c9a6,bha-tools,.xls,3,s0003,worksheet,visible,0,0,0,0,0,0,0,,bha.bending-loading,0,,,1,calamine-static,ok
d338233f05c5e396,directional,.xls,1,s0001,worksheet,visible,432,256,10884,249,43,0,0,ACOS|ATAN|ATAN2|AVERAGE|COS|DEGREES|IF|INDEX|MATCH|OR|PI|RADIANS|ROUND|SIN|SQRT|TAN|UDF,directional.coordinates|directional.dogleg-severity,2,fraction,percent,1,calamine-static,ok
d338233f05c5e396,directional,.xls,2,s0002,worksheet,visible,501,37,6738,1454,5,0,0,ACOS|ATAN2|COS|IF|PI|SIN,directional.coordinates,29,angle|length|time,deg|ft|h|rad,1,calamine-static,ok
d338233f05c5e396,directional,.xls,3,s0003,worksheet,visible,401,44,1464,36,13,0,0,ACOS|ASIN|COS|DEGREES|IF|INDEX|MATCH|PI|RADIANS|SIN|TAN|UDF|VLOOKUP,directional.coordinates,1,time,s,1,calamine-static,ok
d338233f05c5e396,directional,.xls,4,s0004,worksheet,visible,124,23,1832,225,13,0,0,ASIN|ATAN|AVERAGE|DEGREES|IF|MAX|PI|SIN|SUM|VLOOKUP,directional.coordinates,0,,,1,calamine-static,ok
d338233f05c5e396,directional,.xls,5,s0005,worksheet,visible,2,22,19,0,0,0,0,,directional.unresolved,0,,,1,calamine-static,ok
d338233f05c5e396,directional,.xls,6,s0006,worksheet,visible,1372,11,4936,8,2,0,0,IF,directional.unresolved,0,,,1,calamine-static,ok
d338233f05c5e396,directional,.xls,7,s0007,worksheet,visible,432,256,10458,287,42,0,0,ACOS|ATAN|ATAN2|AVERAGE|COS|DEGREES|IF|INDEX|MATCH|OR|PI|RADIANS|SIN|SQRT|TAN|UDF,directional.dogleg-severity,2,fraction,percent,1,calamine-static,ok
d338233f05c5e396,directional,.xls,8,s0008,worksheet,visible,3,10,21,5,4,0,0,,directional.coordinates,2,length,ft,1,calamine-static,ok
d338233f05c5e396,directional,.xls,9,s0009,worksheet,visible,9,7,14,2,2,0,0,RADIANS|TAN,directional.coordinates,0,,,1,calamine-static,ok
d338233f05c5e396,directional,.xls,10,s0010,worksheet,visible,0,0,0,0,0,0,0,,directional.unresolved,0,,,1,calamine-static,ok
d3f73f2583b83fa0,bha-tools,.xls,1,s0001,worksheet,visible,51,14,324,24,11,0,0,IF|SUM,bha.geometry,18,length|linear_mass|mass|power|time,ft|hp|in|kg|kg/m|m|s,1,calamine-static,ok
d3f73f2583b83fa0,bha-tools,.xls,2,s0002,worksheet,visible,52,14,246,21,13,0,0,IF|SUM|UDF,bha.geometry|torque-drag.connection-capacity,17,length|linear_mass|mass|power,ft|hp|in|kg|kg/m|m,1,calamine-static,ok
d3f73f2583b83fa0,bha-tools,.xls,3,s0003,worksheet,visible,51,14,292,22,12,0,0,IF|SUM,bha.geometry,18,length|linear_mass|mass|power|time,ft|hp|in|kg|kg/m|m|s,1,calamine-static,ok
d3f73f2583b83fa0,bha-tools,.xls,4,s0004,worksheet,visible,53,14,345,33,14,0,0,IF|SUM,bha.geometry|torque-drag.connection-capacity,17,length|linear_mass|mass|power,ft|hp|in|kg|kg/m|m,1,calamine-static,ok
d3f73f2583b83fa0,bha-tools,.xls,5,s0005,worksheet,visible,55,14,313,25,12,0,0,IF|SUM,bha.geometry,18,density_ratio|length|linear_mass|mass|power,ft|hp|in|kg|kg/m|m|specific-gravity,1,calamine-static,ok
d3f73f2583b83fa0,bha-tools,.xls,6,s0006,worksheet,visible,69,15,521,39,11,0,0,IF|SUM,bha.geometry,19,density_ratio|length|linear_mass|mass|power,ft|hp|in|kg|kg/m|m|specific-gravity,1,calamine-static,ok
d3f73f2583b83fa0,bha-tools,.xls,7,s0007,worksheet,visible,69,15,515,41,12,0,0,IF|SUM,bha.geometry,19,density_ratio|length|linear_mass|mass|power,ft|hp|in|kg|kg/m|m|specific-gravity,1,calamine-static,ok
d3f73f2583b83fa0,bha-tools,.xls,8,s0008,worksheet,visible,69,15,515,39,12,0,0,IF|SUM,bha.geometry,19,density_ratio|length|linear_mass|mass|power,ft|hp|in|kg|kg/m|m|specific-gravity,1,calamine-static,ok
d3f73f2583b83fa0,bha-tools,.xls,9,s0009,worksheet,visible,66,15,481,36,12,0,0,IF|SUM,bha.geometry,20,density_ratio|length|linear_mass|mass|power,ft|hp|in|kg|kg/m|m|specific-gravity,1,calamine-static,ok
d3f73f2583b83fa0,bha-tools,.xls,10,s0010,worksheet,visible,68,15,508,44,12,0,0,IF|SUM,bha.geometry,20,density_ratio|length|linear_mass|mass|power,ft|hp|in|kg|kg/m|m|specific-gravity,1,calamine-static,ok
d3f73f2583b83fa0,bha-tools,.xls,11,s0011,worksheet,visible,67,15,507,18,12,0,0,IF|SUM,bha.geometry,20,density_ratio|length|linear_mass|mass|power,ft|hp|in|kg|kg/m|m|specific-gravity,1,calamine-static,ok
d3f73f2583b83fa0,bha-tools,.xls,12,s0012,worksheet,visible,67,15,507,13,12,0,0,IF|SUM,bha.geometry,20,density_ratio|length|linear_mass|mass|power,ft|hp|in|kg|kg/m|m|specific-gravity,1,calamine-static,ok
d3f73f2583b83fa0,bha-tools,.xls,13,s0013,worksheet,visible,61,15,422,15,11,0,0,IF|SUM,bha.geometry,20,density_ratio|length|linear_mass|mass|power,ft|hp|in|kg|kg/m|m|specific-gravity,1,calamine-static,ok
d3f73f2583b83fa0,bha-tools,.xls,14,s0014,worksheet,visible,61,15,422,12,11,0,0,IF|SUM,bha.geometry,20,density_ratio|length|linear_mass|mass|power,ft|hp|in|kg|kg/m|m|specific-gravity,1,calamine-static,ok
d3f73f2583b83fa0,bha-tools,.xls,15,s0015,worksheet,visible,61,15,422,12,11,0,0,IF|SUM,bha.geometry,20,density_ratio|length|linear_mass|mass|power,ft|hp|in|kg|kg/m|m|specific-gravity,1,calamine-static,ok
d3f73f2583b83fa0,bha-tools,.xls,16,s0016,worksheet,visible,69,15,539,13,12,0,0,IF|SUM,bha.geometry,19,length|linear_mass|mass|power,ft|hp|in|kg|kg/m|m,1,calamine-static,ok
d3f73f2583b83fa0,bha-tools,.xls,17,s0017,worksheet,visible,70,15,554,13,12,0,0,IF|SUM,bha.geometry,19,length|linear_mass|mass|power,ft|hp|in|kg|kg/m|m,1,calamine-static,ok
d3f73f2583b83fa0,bha-tools,.xls,18,s0018,worksheet,visible,70,15,554,13,12,0,0,IF|SUM,bha.geometry,19,length|linear_mass|mass|power,ft|hp|in|kg|kg/m|m,1,calamine-static,ok
d3f73f2583b83fa0,bha-tools,.xls,19,s0019,worksheet,visible,85,15,754,15,12,0,0,IF|SUM,bha.geometry,21,density_ratio|length|linear_mass|mass|power,ft|hp|in|kg|kg/m|m|specific-gravity,1,calamine-static,ok
d3f73f2583b83fa0,bha-tools,.xls,20,s0020,worksheet,visible,78,15,656,11,10,0,0,IF|SUM,bha.geometry,20,density_ratio|length|linear_mass|mass|power,ft|hp|in|kg|kg/m|m|specific-gravity,1,calamine-static,ok
d3f73f2583b83fa0,bha-tools,.xls,21,s0021,worksheet,visible,85,15,754,21,12,0,0,IF|SUM|UDF,bha.geometry,21,density_ratio|length|linear_mass|mass|power,ft|hp|in|kg|kg/m|m|specific-gravity,1,calamine-static,ok
d3f73f2583b83fa0,bha-tools,.xls,22,s0022,worksheet,visible,85,15,754,11,10,0,0,IF|SUM|UDF,bha.geometry,21,density_ratio|length|linear_mass|mass|power,ft|hp|in|kg|kg/m|m|specific-gravity,1,calamine-static,ok
d3f73f2583b83fa0,bha-tools,.xls,23,s0023,worksheet,visible,72,15,599,9,8,0,0,IF|SUM|UDF,bha.geometry,21,density_ratio|length|linear_mass|mass|power|volume,bbl|ft|hp|in|kg|kg/m|m|specific-gravity,1,calamine-static,ok
d3f73f2583b83fa0,bha-tools,.xls,24,s0024,worksheet,visible,77,15,674,11,10,0,0,IF|SUM|UDF,bha.geometry,20,density_ratio|length|linear_mass|mass|power,ft|hp|in|kg|kg/m|m|specific-gravity,1,calamine-static,ok
d3f73f2583b83fa0,bha-tools,.xls,25,s0025,worksheet,visible,72,15,599,8,8,0,0,IF|SUM|UDF,bha.geometry,21,density_ratio|length|linear_mass|mass|power|volume,bbl|ft|hp|in|kg|kg/m|m|specific-gravity,1,calamine-static,ok
d3f73f2583b83fa0,bha-tools,.xls,26,s0026,worksheet,visible,72,15,599,8,8,0,0,IF|SUM|UDF,bha.geometry,21,density_ratio|length|linear_mass|mass|power|volume,bbl|ft|hp|in|kg|kg/m|m|specific-gravity,1,calamine-static,ok
d3f73f2583b83fa0,bha-tools,.xls,27,s0027,worksheet,visible,72,15,599,8,8,0,0,IF|SUM|UDF,bha.geometry,21,density_ratio|length|linear_mass|mass|power|volume,bbl|ft|hp|in|kg|kg/m|m|specific-gravity,1,calamine-static,ok
d3f73f2583b83fa0,bha-tools,.xls,28,s0028,worksheet,visible,72,15,599,8,8,0,0,IF|SUM|UDF,bha.geometry,21,density_ratio|length|linear_mass|mass|power|volume,bbl|ft|hp|in|kg|kg/m|m|specific-gravity,1,calamine-static,ok
d3f73f2583b83fa0,bha-tools,.xls,29,s0029,worksheet,visible,72,15,599,8,8,0,0,IF|SUM|UDF,bha.geometry,21,density_ratio|length|linear_mass|mass|power|volume,bbl|ft|hp|in|kg|kg/m|m|specific-gravity,1,calamine-static,ok
d3f73f2583b83fa0,bha-tools,.xls,30,s0030,worksheet,visible,72,15,599,8,8,0,0,IF|SUM|UDF,bha.geometry,21,density_ratio|length|linear_mass|mass|power|volume,bbl|ft|hp|in|kg|kg/m|m|specific-gravity,1,calamine-static,ok
d3f73f2583b83fa0,bha-tools,.xls,31,s0031,worksheet,visible,70,15,396,8,7,0,0,IF|SUM,bha.geometry,20,density_ratio|length|linear_mass|mass|power,ft|hp|in|kg|kg/m|m|specific-gravity,1,calamine-static,ok
d3f73f2583b83fa0,bha-tools,.xls,32,s0032,worksheet,visible,75,15,640,11,8,0,0,IF|SUM|UDF,bha.geometry,21,density_ratio|length|linear_mass|mass|power|volume,bbl|ft|hp|in|kg|kg/m|m|specific-gravity,1,calamine-static,ok
d3f73f2583b83fa0,bha-tools,.xls,33,s0033,worksheet,visible,68,15,383,24,10,0,0,IF|SUM,bha.geometry,20,density_ratio|length|linear_mass|mass|power,ft|hp|in|kg|kg/m|m|specific-gravity,1,calamine-static,ok
d3f73f2583b83fa0,bha-tools,.xls,34,s0034,worksheet,visible,70,15,384,8,7,0,0,IF|SUM,bha.geometry,20,density_ratio|length|linear_mass|mass|power,ft|hp|in|kg|kg/m|m|specific-gravity,1,calamine-static,ok
d48acc7d8e572848,bha-tools,.xls,1,s0001,worksheet,visible,30,24,86,23,10,0,0,IF,bha.geometry,23,length|penetration_rate,ft/h|in,1,calamine-static,ok
d90d33dfed854317,bha-tools,.xlsx,1,s0001,worksheet,visible,72,8,46,0,0,0,0,,bha.geometry,0,,,0,openpyxl-read-only,ok
dbfddbefee5b196d,uncategorized,.xlsb,1,s0001,worksheet,visible,154579,67,10356793,4,1,0,0,,cross-cutting.validation,3,rotational_speed,rpm,1,calamine-static,ok
dbfddbefee5b196d,uncategorized,.xlsb,2,s0002,worksheet,visible,154579,5,772883,4,1,0,0,,cross-cutting.validation,0,,,1,calamine-static,ok
dbfddbefee5b196d,uncategorized,.xlsb,3,s0003,worksheet,visible,1220,2,2440,0,0,0,0,,cross-cutting.validation,2,length|pressure,ft|psi,1,calamine-static,ok
dbfddbefee5b196d,uncategorized,.xlsb,4,s0004,worksheet,visible,154579,3,291281,0,0,0,0,,cross-cutting.validation,0,,,1,calamine-static,ok
dbfddbefee5b196d,uncategorized,.xlsb,5,s0005,worksheet,visible,24,4,96,0,0,0,0,,cross-cutting.validation,0,,,1,calamine-static,ok
dbfddbefee5b196d,uncategorized,.xlsb,6,s0006,worksheet,visible,6,23,138,0,0,0,0,,cross-cutting.validation,0,,,1,calamine-static,ok
dc888cd53f297b84,thermal,.xls,1,s0001,worksheet,visible,195,9,88,10,9,0,0,LN,cross-cutting.lookup|thermal.geothermal-gradient|thermal.heat-exchange,31,heat_transfer_coefficient|length|power|temperature|thermal_conductivity|time,Btu/(h*ft*degF)|Btu/(h*ft^2*degF)|degF|ft|h|hp|kW,1,calamine-static,ok
dc888cd53f297b84,thermal,.xls,2,s0002,worksheet,visible,142,13,65,0,0,0,0,,thermal.unresolved,12,density|pressure|temperature|thermal_conductivity|velocity,Btu/(h*ft*degF)|degC|degF|g/cm^3|lbm/gal|m/s|psia,1,calamine-static,ok
dc888cd53f297b84,thermal,.xls,3,s0003,worksheet,visible,155,22,891,142,34,0,0,,cross-cutting.lookup,85,angle|area|density|energy|fraction|heat_transfer_coefficient|length|mass|pressure|specific_heat_capacity|temperature|thermal_conductivity,Btu|Btu/(h*ft*degF)|Btu/(lbm*degF)|K|W/(m^2*K)|cm|deg|degC|ft|ft^2|g/cm^3|in|kg|kg/m^3|lbm/ft^3|m^2|percent|psi,1,calamine-static,ok
de6f0fc41517cd0b,well-control,.xls,1,s0001,worksheet,visible,18,17,79,7,7,0,0,SQRT,well-control.unresolved,3,length|pressure|temperature,degF|in|psia,1,calamine-static,ok
de6f0fc41517cd0b,well-control,.xls,2,s0002,worksheet,visible,0,0,0,0,0,0,0,,well-control.unresolved,0,,,1,calamine-static,ok
de6f0fc41517cd0b,well-control,.xls,3,s0003,worksheet,visible,0,0,0,0,0,0,0,,well-control.unresolved,0,,,1,calamine-static,ok
e2a8f7179c81b8c0,torque-drag-drillstring,.xlsm,1,s0001,worksheet,visible,37,12,83,11,1,11,0,,bha.geometry,7,force|length,ft|in|kN|m|mm,0,openpyxl-read-only,ok
e2a8f7179c81b8c0,torque-drag-drillstring,.xlsm,2,s0002,worksheet,visible,35,38,156,30,1,30,0,,hydraulics.fluid-properties,26,density|length|linear_mass|pressure,MPa|ft|in|kg/m^3|lbm/ft|lbm/ft^3|m|mm|psi,0,openpyxl-read-only,ok
e2a8f7179c81b8c0,torque-drag-drillstring,.xlsm,3,s0003,worksheet,visible,17,10,41,0,0,0,0,,torque-drag.unresolved,6,length,ft|in|m|mm,0,openpyxl-read-only,ok
e729a48f04acf271,well-control,.xls,1,s0001,worksheet,visible,17,2,26,6,6,0,0,LOOKUP|SQRT|UDF,hydraulics.fluid-properties|hydraulics.hydrostatic-pressure,4,density_ratio|pressure|volume,m^3|psia|psig|specific-gravity,1,calamine-static,ok
e729a48f04acf271,well-control,.xls,2,s0002,worksheet,visible,22,10,155,0,0,0,0,,well-control.unresolved,0,,,1,calamine-static,ok
e729a48f04acf271,well-control,.xls,3,s0003,worksheet,visible,42,10,309,0,0,0,0,,well-control.unresolved,0,,,1,calamine-static,ok
e729a48f04acf271,well-control,.xls,4,s0004,worksheet,visible,64,6,351,0,0,0,0,,well-control.unresolved,0,,,1,calamine-static,ok
e729a48f04acf271,well-control,.xls,5,s0005,worksheet,visible,11,3,12,1,1,0,0,,well-control.unresolved,3,length|pressure|velocity,ft/s|in|psia,1,calamine-static,ok
e729a48f04acf271,well-control,.xls,6,s0006,worksheet,hidden,171,6,343,0,0,0,0,,well-control.unresolved,0,,,1,calamine-static,ok
e7cb09f7199d8263,hydraulics,.xlsx,1,s0001,worksheet,visible,56,9,115,1,1,0,0,SUM,cross-cutting.validation,27,angle|area|density|dynamic_viscosity|length|penetration_rate|pressure|rotational_speed|time|volumetric_flow,cP|ft|ft/h|ft^2|gal/min|in|min|mm|ppg|psi|rad|rpm,0,openpyxl-read-only,ok
e7cb09f7199d8263,hydraulics,.xlsx,2,s0002,worksheet,visible,86,9,312,0,0,0,0,,hydraulics.rheology,110,length|penetration_rate|pressure|rotational_speed|volumetric_flow,ft|ft/h|gal/min|psi|rpm,0,openpyxl-read-only,ok
e7cb09f7199d8263,hydraulics,.xlsx,3,s0003,worksheet,visible,84,12,660,420,3,0,0,ABS,hydraulics.equivalent-circulating-density|hydraulics.pressure-loss,18,density|pressure|rotational_speed|volumetric_flow,gal/min|ppg|psi|rpm,0,openpyxl-read-only,ok
e7cb09f7199d8263,hydraulics,.xlsx,4,s0004,worksheet,visible,47,10,4,0,0,0,0,,hydraulics.rheology,0,,,0,openpyxl-read-only,ok
e8e922ac045c3b52,hydraulics,.xlsx,1,s0001,worksheet,visible,48,11,224,2,2,0,0,LN,hydraulics.rheology,0,,,0,openpyxl-read-only,ok
e8e922ac045c3b52,hydraulics,.xlsx,2,s0002,worksheet,visible,0,0,0,0,0,0,0,,hydraulics.rheology,0,,,0,openpyxl-read-only,ok
e8e922ac045c3b52,hydraulics,.xlsx,3,s0003,worksheet,visible,0,0,0,0,0,0,0,,hydraulics.rheology,0,,,0,openpyxl-read-only,ok
ed945bbfd0732f3a,hydraulics,.xlsx,1,s0001,worksheet,visible,744,25,9623,94,1,0,0,,hydraulics.unresolved,0,,,0,openpyxl-read-only,ok
ed945bbfd0732f3a,hydraulics,.xlsx,2,s0002,worksheet,visible,0,0,0,0,0,0,0,,hydraulics.unresolved,0,,,0,openpyxl-read-only,ok
ed945bbfd0732f3a,hydraulics,.xlsx,3,s0003,worksheet,visible,0,0,0,0,0,0,0,,hydraulics.unresolved,0,,,0,openpyxl-read-only,ok
eead67a5b5e26825,hydraulics,.xlsx,1,s0001,worksheet,visible,56,9,115,1,1,0,0,SUM,cross-cutting.validation,27,angle|area|density|dynamic_viscosity|length|penetration_rate|pressure|rotational_speed|time|volumetric_flow,cP|ft|ft/h|ft^2|gal/min|in|min|mm|ppg|psi|rad|rpm,0,openpyxl-read-only,ok
eead67a5b5e26825,hydraulics,.xlsx,2,s0002,worksheet,visible,86,9,312,0,0,0,0,,hydraulics.rheology,110,length|penetration_rate|pressure|rotational_speed|volumetric_flow,ft|ft/h|gal/min|psi|rpm,0,openpyxl-read-only,ok
eead67a5b5e26825,hydraulics,.xlsx,3,s0003,worksheet,visible,84,22,930,300,2,0,0,ABS,hydraulics.equivalent-circulating-density,18,density|pressure|rotational_speed|volumetric_flow,gal/min|ppg|psi|rpm,0,openpyxl-read-only,ok
eead67a5b5e26825,hydraulics,.xlsx,4,s0004,worksheet,visible,47,10,4,0,0,0,0,,hydraulics.rheology,0,,,0,openpyxl-read-only,ok
f0be457863a6cecc,hydraulics,.xls,1,s0001,worksheet,visible,18,8,50,7,4,0,0,PI,hydraulics.hydrostatic-pressure|hydraulics.pressure-loss|hydraulics.two-phase-flow,14,length|power|pressure|time|velocity|volume|volumetric_flow,cm|hp|kPa|m/s|m^3|m^3/min|min|mm,1,calamine-static,ok
f0be457863a6cecc,hydraulics,.xls,2,s0002,worksheet,visible,38,5,75,34,28,0,0,ABS|ACOS|COS|IF|MAX|PI,cross-cutting.unit-conversion|hydraulics.two-phase-flow,4,length|pressure|volumetric_flow,kPa|m|m^3/min,1,calamine-static,ok
f0be457863a6cecc,hydraulics,.xls,3,s0003,worksheet,visible,38,5,75,34,28,0,0,ABS|ACOS|COS|IF|MAX|PI,hydraulics.two-phase-flow,6,length|pressure|time|volumetric_flow,gal/min|m|min|psi,1,calamine-static,ok
f0be457863a6cecc,hydraulics,.xls,4,s0004,vba-module,visible,0,0,0,0,0,0,0,,hydraulics.two-phase-flow,0,,,1,calamine-static,ok
f2ee68608fec03f5,hydraulics,.xls,1,s0001,worksheet,visible,44,17,249,0,0,0,0,,hydraulics.unresolved,14,fraction|length|temperature|time|volume,bbl|degF|h|m|mm|percent,1,calamine-static,ok
f2ee68608fec03f5,hydraulics,.xls,2,s0002,worksheet,visible,0,0,0,0,0,0,0,,hydraulics.unresolved,0,,,1,calamine-static,ok
f2ee68608fec03f5,hydraulics,.xls,3,s0003,worksheet,visible,0,0,0,0,0,0,0,,hydraulics.unresolved,0,,,1,calamine-static,ok
f2ee68608fec03f5,hydraulics,.xls,4,s0004,worksheet,visible,44,17,106,0,0,0,0,,hydraulics.unresolved,14,fraction|length|temperature|time|volume,bbl|degF|h|m|mm|percent,1,calamine-static,ok
f6201fb121ebbf2c,directional,.xls,1,s0001,worksheet,visible,432,256,10620,199,42,0,0,ACOS|ATAN|ATAN2|AVERAGE|COS|DEGREES|IF|INDEX|MATCH|OR|PI|RADIANS|ROUND|SIN|SQRT|TAN|UDF,directional.dogleg-severity,2,fraction,percent,1,calamine-static,ok
f6201fb121ebbf2c,directional,.xls,2,s0002,worksheet,visible,501,37,6738,1448,5,0,0,ACOS|ATAN2|COS|IF|PI|SIN,directional.coordinates,29,angle|length|time,deg|ft|h|rad,1,calamine-static,ok
f6201fb121ebbf2c,directional,.xls,3,s0003,worksheet,visible,10848,44,12308,36,13,0,0,ACOS|ASIN|COS|DEGREES|IF|INDEX|MATCH|PI|RADIANS|SIN|TAN|UDF|VLOOKUP,directional.coordinates,1,time,s,1,calamine-static,ok
f6201fb121ebbf2c,directional,.xls,4,s0004,worksheet,visible,124,23,1832,225,13,0,0,ASIN|ATAN|AVERAGE|DEGREES|IF|MAX|PI|SIN|SUM|VLOOKUP,directional.coordinates,0,,,1,calamine-static,ok
f6201fb121ebbf2c,directional,.xls,5,s0005,worksheet,visible,10851,22,21715,0,0,0,0,,directional.unresolved,0,,,1,calamine-static,ok
f6201fb121ebbf2c,directional,.xls,6,s0006,worksheet,visible,1372,12,3929,8,2,0,0,IF,directional.unresolved,0,,,1,calamine-static,ok
f6201fb121ebbf2c,directional,.xls,7,s0007,worksheet,visible,432,256,9703,287,42,0,0,ACOS|ATAN|ATAN2|AVERAGE|COS|DEGREES|IF|INDEX|MATCH|OR|PI|RADIANS|SIN|SQRT|TAN|UDF,directional.dogleg-severity,2,fraction,percent,1,calamine-static,ok
f6201fb121ebbf2c,directional,.xls,8,s0008,worksheet,visible,3,10,21,5,4,0,0,,directional.coordinates,2,length,ft,1,calamine-static,ok
f6201fb121ebbf2c,directional,.xls,9,s0009,worksheet,visible,9,7,14,2,2,0,0,RADIANS|TAN,directional.coordinates,0,,,1,calamine-static,ok
f6201fb121ebbf2c,directional,.xls,10,s0010,worksheet,visible,0,0,0,0,0,0,0,,directional.unresolved,0,,,1,calamine-static,ok
fa4a08f6c42eb693,torque-drag-drillstring,.xlsx,1,s0001,worksheet,visible,681,10,6810,1362,1,0,0,,torque-drag.axial-load,0,,,0,openpyxl-read-only,ok
fa4a08f6c42eb693,torque-drag-drillstring,.xlsx,2,s0002,worksheet,visible,0,0,0,0,0,0,0,,torque-drag.axial-load,0,,,0,openpyxl-read-only,ok
fa4a08f6c42eb693,torque-drag-drillstring,.xlsx,3,s0003,worksheet,visible,0,0,0,0,0,0,0,,torque-drag.axial-load,0,,,0,openpyxl-read-only,ok
fd6bc4683cd208c1,torque-drag-drillstring,.xls,1,s0001,worksheet,visible,21,9,17,0,0,0,0,,torque-drag.axial-load|torque-drag.torque,0,,,1,calamine-static,ok
fd6bc4683cd208c1,torque-drag-drillstring,.xls,2,s0002,worksheet,visible,126,13,65,0,0,0,0,,torque-drag.axial-load|torque-drag.torque,0,,,1,calamine-static,ok
fd6bc4683cd208c1,torque-drag-drillstring,.xls,3,s0003,worksheet,visible,157,6,295,0,0,0,0,,torque-drag.axial-load|torque-drag.torque,5,force|length|torque,ft|ft*lbf|lbf,1,calamine-static,ok
fd6bc4683cd208c1,torque-drag-drillstring,.xls,4,s0004,worksheet,visible,107,13,220,0,0,0,0,,torque-drag.axial-load|torque-drag.torque,7,angle|force|length|torque,deg|ft|ft*lbf|lbf,1,calamine-static,ok
fd6bc4683cd208c1,torque-drag-drillstring,.xls,5,s0005,chart-sheet,visible,0,0,0,0,0,0,0,,torque-drag.axial-load|torque-drag.torque,0,,,1,calamine-static,ok
