workbook_id,category,sheet_index,sheet_id,observed_unit,canonical_unit,dimension,canonical_si_unit,conversion_kind,si_multiplier,si_offset,pressure_basis,temperature_kind,reference_state,quantity_kind,evidence_source,evidence_confidence,occurrences,normalization_hazard
03d6e377ebce5434,cementing-casing,1,s0001,ft,ft,length,m,scale,0.3048,0.0,not-applicable,not-applicable,not-applicable,length,cell-text,high,1,
03d6e377ebce5434,cementing-casing,1,s0001,in,in,length,m,scale,0.0254,0.0,not-applicable,not-applicable,not-applicable,length,cell-text,high,58,
03d6e377ebce5434,cementing-casing,1,s0001,mm,mm,length,m,scale,0.001,0.0,not-applicable,not-applicable,not-applicable,length,number-format,medium,2,
03d6e377ebce5434,cementing-casing,1,s0001,ppg,ppg,density,kg/m^3,scale,119.82642732,0.0,not-applicable,not-applicable,not-applicable,mass-density-or-mud-weight,number-format,medium,1,mass-density-vs-mud-weight-gradient
03d6e377ebce5434,cementing-casing,1,s0001,psi,psi,pressure,Pa,scale,6894.757293168,0.0,unspecified,not-applicable,not-applicable,pressure,number-format,medium,2,gauge-vs-absolute-and-pressure-vs-stress
04fb7368e003571e,hydraulics,3,s0003,gal/min,gal/min,volumetric_flow,m^3/s,scale,6.30901964e-05,0.0,not-applicable,not-applicable,context-required,volumetric_flow,cell-text,high,6,actual-vs-standard-reference-state
04fb7368e003571e,hydraulics,3,s0003,ppg,ppg,density,kg/m^3,scale,119.82642732,0.0,not-applicable,not-applicable,not-applicable,mass-density-or-mud-weight,cell-text,high,1,mass-density-vs-mud-weight-gradient
04fb7368e003571e,hydraulics,3,s0003,psi,psi,pressure,Pa,scale,6894.757293168,0.0,unspecified,not-applicable,not-applicable,pressure,cell-text,high,5,gauge-vs-absolute-and-pressure-vs-stress
04fb7368e003571e,hydraulics,3,s0003,rpm,rpm,rotational_speed,rad/s,scale,0.1047197551,0.0,not-applicable,not-applicable,not-applicable,rotational_speed,cell-text,high,6,
04fb7368e003571e,hydraulics,1,s0001,cP,cP,dynamic_viscosity,Pa*s,scale,0.001,0.0,not-applicable,not-applicable,not-applicable,dynamic_viscosity,cell-text,high,2,
04fb7368e003571e,hydraulics,1,s0001,ft,ft,length,m,scale,0.3048,0.0,not-applicable,not-applicable,not-applicable,length,cell-text,high,4,
04fb7368e003571e,hydraulics,1,s0001,ft/h,ft/h,penetration_rate,m/s,scale,8.466666666666667e-05,0.0,not-applicable,not-applicable,not-applicable,penetration_rate,cell-text,high,1,
04fb7368e003571e,hydraulics,1,s0001,ft^2,ft^2,area,m^2,scale,0.09290304,0.0,not-applicable,not-applicable,not-applicable,area,cell-text,high,2,
04fb7368e003571e,hydraulics,1,s0001,gal/min,gal/min,volumetric_flow,m^3/s,scale,6.30901964e-05,0.0,not-applicable,not-applicable,context-required,volumetric_flow,cell-text,high,1,actual-vs-standard-reference-state
04fb7368e003571e,hydraulics,1,s0001,in,in,length,m,scale,0.0254,0.0,not-applicable,not-applicable,not-applicable,length,cell-text,high,5,
04fb7368e003571e,hydraulics,1,s0001,min,min,time,s,scale,60.0,0.0,not-applicable,not-applicable,not-applicable,time,cell-text,high,1,
04fb7368e003571e,hydraulics,1,s0001,ppg,ppg,density,kg/m^3,scale,119.82642732,0.0,not-applicable,not-applicable,not-applicable,mass-density-or-mud-weight,cell-text,high,1,mass-density-vs-mud-weight-gradient
04fb7368e003571e,hydraulics,1,s0001,psi,psi,pressure,Pa,scale,6894.757293168,0.0,unspecified,not-applicable,not-applicable,pressure,cell-text,high,1,gauge-vs-absolute-and-pressure-vs-stress
04fb7368e003571e,hydraulics,1,s0001,rpm,rpm,rotational_speed,rad/s,scale,0.1047197551,0.0,not-applicable,not-applicable,not-applicable,rotational_speed,cell-text,high,1,
04fb7368e003571e,hydraulics,2,s0002,ft,ft,length,m,scale,0.3048,0.0,not-applicable,not-applicable,not-applicable,length,cell-text,high,20,
04fb7368e003571e,hydraulics,2,s0002,ft/h,ft/h,penetration_rate,m/s,scale,8.466666666666667e-05,0.0,not-applicable,not-applicable,not-applicable,penetration_rate,cell-text,high,10,
04fb7368e003571e,hydraulics,2,s0002,gal/min,gal/min,volumetric_flow,m^3/s,scale,6.30901964e-05,0.0,not-applicable,not-applicable,context-required,volumetric_flow,cell-text,high,10,actual-vs-standard-reference-state
04fb7368e003571e,hydraulics,2,s0002,psi,psi,pressure,Pa,scale,6894.757293168,0.0,unspecified,not-applicable,not-applicable,pressure,cell-text,high,60,gauge-vs-absolute-and-pressure-vs-stress
04fb7368e003571e,hydraulics,2,s0002,rpm,rpm,rotational_speed,rad/s,scale,0.1047197551,0.0,not-applicable,not-applicable,not-applicable,rotational_speed,cell-text,high,10,
08779a41064fe720,well-control,1,s0001,h,h,time,s,scale,3600.0,0.0,not-applicable,not-applicable,not-applicable,time,cell-text,high,2,
08779a41064fe720,well-control,1,s0001,lbm/ft^3,lbm/ft^3,density,kg/m^3,scale,16.018463374,0.0,not-applicable,not-applicable,not-applicable,density,cell-text,high,1,mass-density-vs-mud-weight-gradient
08779a41064fe720,well-control,1,s0001,specific-gravity,specific-gravity,density_ratio,1,scale,1.0,0.0,not-applicable,not-applicable,not-applicable,density_ratio,cell-text,high,3,
0bd17e3b1ef5840f,hydraulics,3,s0003,gal/min,gal/min,volumetric_flow,m^3/s,scale,6.30901964e-05,0.0,not-applicable,not-applicable,context-required,volumetric_flow,cell-text,high,6,actual-vs-standard-reference-state
0bd17e3b1ef5840f,hydraulics,3,s0003,ppg,ppg,density,kg/m^3,scale,119.82642732,0.0,not-applicable,not-applicable,not-applicable,mass-density-or-mud-weight,cell-text,high,1,mass-density-vs-mud-weight-gradient
0bd17e3b1ef5840f,hydraulics,3,s0003,psi,psi,pressure,Pa,scale,6894.757293168,0.0,unspecified,not-applicable,not-applicable,pressure,cell-text,high,5,gauge-vs-absolute-and-pressure-vs-stress
0bd17e3b1ef5840f,hydraulics,3,s0003,rpm,rpm,rotational_speed,rad/s,scale,0.1047197551,0.0,not-applicable,not-applicable,not-applicable,rotational_speed,cell-text,high,6,
0bd17e3b1ef5840f,hydraulics,1,s0001,cP,cP,dynamic_viscosity,Pa*s,scale,0.001,0.0,not-applicable,not-applicable,not-applicable,dynamic_viscosity,cell-text,high,1,
0bd17e3b1ef5840f,hydraulics,1,s0001,ft,ft,length,m,scale,0.3048,0.0,not-applicable,not-applicable,not-applicable,length,cell-text,high,9,
0bd17e3b1ef5840f,hydraulics,1,s0001,ft/h,ft/h,penetration_rate,m/s,scale,8.466666666666667e-05,0.0,not-applicable,not-applicable,not-applicable,penetration_rate,cell-text,high,1,
0bd17e3b1ef5840f,hydraulics,1,s0001,ft^2,ft^2,area,m^2,scale,0.09290304,0.0,not-applicable,not-applicable,not-applicable,area,cell-text,high,4,
0bd17e3b1ef5840f,hydraulics,1,s0001,gal/min,gal/min,volumetric_flow,m^3/s,scale,6.30901964e-05,0.0,not-applicable,not-applicable,context-required,volumetric_flow,cell-text,high,1,actual-vs-standard-reference-state
0bd17e3b1ef5840f,hydraulics,1,s0001,in,in,length,m,scale,0.0254,0.0,not-applicable,not-applicable,not-applicable,length,cell-text,high,5,
0bd17e3b1ef5840f,hydraulics,1,s0001,min,min,time,s,scale,60.0,0.0,not-applicable,not-applicable,not-applicable,time,cell-text,high,1,
0bd17e3b1ef5840f,hydraulics,1,s0001,mm,mm,length,m,scale,0.001,0.0,not-applicable,not-applicable,not-applicable,length,number-format,medium,1,
0bd17e3b1ef5840f,hydraulics,1,s0001,ppg,ppg,density,kg/m^3,scale,119.82642732,0.0,not-applicable,not-applicable,not-applicable,mass-density-or-mud-weight,cell-text,high,1,mass-density-vs-mud-weight-gradient
0bd17e3b1ef5840f,hydraulics,1,s0001,psi,psi,pressure,Pa,scale,6894.757293168,0.0,unspecified,not-applicable,not-applicable,pressure,cell-text,high,1,gauge-vs-absolute-and-pressure-vs-stress
0bd17e3b1ef5840f,hydraulics,1,s0001,rad,rad,angle,rad,scale,1.0,0.0,not-applicable,not-applicable,not-applicable,angle,cell-text,high,1,
0bd17e3b1ef5840f,hydraulics,1,s0001,rpm,rpm,rotational_speed,rad/s,scale,0.1047197551,0.0,not-applicable,not-applicable,not-applicable,rotational_speed,cell-text,high,1,
0bd17e3b1ef5840f,hydraulics,2,s0002,ft,ft,length,m,scale,0.3048,0.0,not-applicable,not-applicable,not-applicable,length,cell-text,high,20,
0bd17e3b1ef5840f,hydraulics,2,s0002,ft/h,ft/h,penetration_rate,m/s,scale,8.466666666666667e-05,0.0,not-applicable,not-applicable,not-applicable,penetration_rate,cell-text,high,10,
0bd17e3b1ef5840f,hydraulics,2,s0002,gal/min,gal/min,volumetric_flow,m^3/s,scale,6.30901964e-05,0.0,not-applicable,not-applicable,context-required,volumetric_flow,cell-text,high,10,actual-vs-standard-reference-state
0bd17e3b1ef5840f,hydraulics,2,s0002,psi,psi,pressure,Pa,scale,6894.757293168,0.0,unspecified,not-applicable,not-applicable,pressure,cell-text,high,60,gauge-vs-absolute-and-pressure-vs-stress
0bd17e3b1ef5840f,hydraulics,2,s0002,rpm,rpm,rotational_speed,rad/s,scale,0.1047197551,0.0,not-applicable,not-applicable,not-applicable,rotational_speed,cell-text,high,10,
10ad89a67b02b3a8,bha-tools,1,s0001,ft,ft,length,m,scale,0.3048,0.0,not-applicable,not-applicable,not-applicable,length,cell-text,high,7,
10ad89a67b02b3a8,bha-tools,1,s0001,ppg,ppg,density,kg/m^3,scale,119.82642732,0.0,not-applicable,not-applicable,not-applicable,mass-density-or-mud-weight,cell-text,high,1,mass-density-vs-mud-weight-gradient
10ad89a67b02b3a8,bha-tools,1,s0001,rad,rad,angle,rad,scale,1.0,0.0,not-applicable,not-applicable,not-applicable,angle,cell-text,high,2,
10ad89a67b02b3a8,bha-tools,4,s0004,ft,ft,length,m,scale,0.3048,0.0,not-applicable,not-applicable,not-applicable,length,cell-text,high,2,
10ad89a67b02b3a8,bha-tools,4,s0004,m,m,length,m,scale,1.0,0.0,not-applicable,not-applicable,not-applicable,length,cell-text,high,2,
10ad89a67b02b3a8,bha-tools,4,s0004,s,s,time,s,scale,1.0,0.0,not-applicable,not-applicable,not-applicable,time,cell-text,high,1,
10ad89a67b02b3a8,bha-tools,3,s0003,deg,deg,angle,rad,scale,0.01745329252,0.0,not-applicable,not-applicable,not-applicable,angle,cell-text,high,2,
10ad89a67b02b3a8,bha-tools,3,s0003,deg/30m,deg/30m,curvature,rad/m,scale,0.0005817764,0.0,not-applicable,not-applicable,not-applicable,curvature,cell-text,high,1,interval-basis-and-angle-convention
10ad89a67b02b3a8,bha-tools,3,s0003,ft,ft,length,m,scale,0.3048,0.0,not-applicable,not-applicable,not-applicable,length,cell-text,high,2,
10ad89a67b02b3a8,bha-tools,3,s0003,m,m,length,m,scale,1.0,0.0,not-applicable,not-applicable,not-applicable,length,cell-text,high,2,
10ad89a67b02b3a8,bha-tools,3,s0003,rad,rad,angle,rad,scale,1.0,0.0,not-applicable,not-applicable,not-applicable,angle,cell-text,high,2,
17219f0e78ccdcfd,bha-tools,3,s0003,MPa,MPa,pressure,Pa,scale,1000000.0,0.0,unspecified,not-applicable,not-applicable,pressure,cell-text,high,4,gauge-vs-absolute-and-pressure-vs-stress
17219f0e78ccdcfd,bha-tools,3,s0003,kg/m^3,kg/m^3,density,kg/m^3,scale,1.0,0.0,not-applicable,not-applicable,not-applicable,density,cell-text,high,1,mass-density-vs-mud-weight-gradient
17219f0e78ccdcfd,bha-tools,3,s0003,m,m,length,m,scale,1.0,0.0,not-applicable,not-applicable,not-applicable,length,cell-text,high,1,
17219f0e78ccdcfd,bha-tools,3,s0003,mm,mm,length,m,scale,0.001,0.0,not-applicable,not-applicable,not-applicable,length,cell-text,high,5,
17219f0e78ccdcfd,bha-tools,1,s0001,kN,kN,force,N,scale,1000.0,0.0,not-applicable,not-applicable,not-applicable,force,cell-text,high,1,
17219f0e78ccdcfd,bha-tools,1,s0001,m,m,length,m,scale,1.0,0.0,not-applicable,not-applicable,not-applicable,length,cell-text,high,1,
17219f0e78ccdcfd,bha-tools,1,s0001,mm,mm,length,m,scale,0.001,0.0,not-applicable,not-applicable,not-applicable,length,cell-text,high,2,
17219f0e78ccdcfd,bha-tools,2,s0002,MPa,MPa,pressure,Pa,scale,1000000.0,0.0,unspecified,not-applicable,not-applicable,pressure,cell-text,high,4,gauge-vs-absolute-and-pressure-vs-stress
17219f0e78ccdcfd,bha-tools,2,s0002,kg/m^3,kg/m^3,density,kg/m^3,scale,1.0,0.0,not-applicable,not-applicable,not-applicable,density,cell-text,high,1,mass-density-vs-mud-weight-gradient
17219f0e78ccdcfd,bha-tools,2,s0002,m,m,length,m,scale,1.0,0.0,not-applicable,not-applicable,not-applicable,length,cell-text,high,2,
17219f0e78ccdcfd,bha-tools,2,s0002,mm,mm,length,m,scale,0.001,0.0,not-applicable,not-applicable,not-applicable,length,cell-text,high,4,
17219f0e78ccdcfd,bha-tools,4,s0004,ft,ft,length,m,scale,0.3048,0.0,not-applicable,not-applicable,not-applicable,length,cell-text,high,1,
17219f0e78ccdcfd,bha-tools,4,s0004,in,in,length,m,scale,0.0254,0.0,not-applicable,not-applicable,not-applicable,length,cell-text,high,2,
17219f0e78ccdcfd,bha-tools,4,s0004,kN,kN,force,N,scale,1000.0,0.0,not-applicable,not-applicable,not-applicable,force,cell-text,high,1,
17219f0e78ccdcfd,bha-tools,4,s0004,m,m,length,m,scale,1.0,0.0,not-applicable,not-applicable,not-applicable,length,cell-text,high,1,
17219f0e78ccdcfd,bha-tools,4,s0004,mm,mm,length,m,scale,0.001,0.0,not-applicable,not-applicable,not-applicable,length,cell-text,high,2,
17219f0e78ccdcfd,bha-tools,5,s0005,MPa,MPa,pressure,Pa,scale,1000000.0,0.0,unspecified,not-applicable,not-applicable,pressure,cell-text,high,4,gauge-vs-absolute-and-pressure-vs-stress
17219f0e78ccdcfd,bha-tools,5,s0005,in,in,length,m,scale,0.0254,0.0,not-applicable,not-applicable,not-applicable,length,cell-text,high,5,
17219f0e78ccdcfd,bha-tools,5,s0005,kg/m^3,kg/m^3,density,kg/m^3,scale,1.0,0.0,not-applicable,not-applicable,not-applicable,density,cell-text,high,1,mass-density-vs-mud-weight-gradient
17219f0e78ccdcfd,bha-tools,5,s0005,lbf,lbf,force,N,scale,4.4482216153,0.0,not-applicable,not-applicable,not-applicable,force,cell-text,high,2,
17219f0e78ccdcfd,bha-tools,5,s0005,lbm/ft,lbm/ft,linear_mass,kg/m,scale,1.4881639436,0.0,not-applicable,not-applicable,not-applicable,linear_mass,cell-text,high,1,
17219f0e78ccdcfd,bha-tools,5,s0005,lbm/ft^3,lbm/ft^3,density,kg/m^3,scale,16.018463374,0.0,not-applicable,not-applicable,not-applicable,density,cell-text,high,1,mass-density-vs-mud-weight-gradient
17219f0e78ccdcfd,bha-tools,5,s0005,m,m,length,m,scale,1.0,0.0,not-applicable,not-applicable,not-applicable,length,cell-text,high,1,
17219f0e78ccdcfd,bha-tools,5,s0005,mm,mm,length,m,scale,0.001,0.0,not-applicable,not-applicable,not-applicable,length,cell-text,high,5,
17219f0e78ccdcfd,bha-tools,5,s0005,psi,psi,pressure,Pa,scale,6894.757293168,0.0,unspecified,not-applicable,not-applicable,pressure,cell-text,high,4,gauge-vs-absolute-and-pressure-vs-stress
1d0b997e43f13c8f,torque-drag-drillstring,3,s0003,ft,ft,length,m,scale,0.3048,0.0,not-applicable,not-applicable,not-applicable,length,cell-text,high,2,
1d0b997e43f13c8f,torque-drag-drillstring,3,s0003,ft*lbf,ft*lbf,torque,N*m,scale,1.3558179483,0.0,not-applicable,not-applicable,not-applicable,torque,cell-text,high,1,torque-vs-energy
1d0b997e43f13c8f,torque-drag-drillstring,3,s0003,lbf,lbf,force,N,scale,4.4482216153,0.0,not-applicable,not-applicable,not-applicable,force,cell-text,high,2,
1d0b997e43f13c8f,torque-drag-drillstring,4,s0004,deg,deg,angle,rad,scale,0.01745329252,0.0,not-applicable,not-applicable,not-applicable,angle,cell-text,high,2,
1d0b997e43f13c8f,torque-drag-drillstring,4,s0004,ft,ft,length,m,scale,0.3048,0.0,not-applicable,not-applicable,not-applicable,length,cell-text,high,2,
1d0b997e43f13c8f,torque-drag-drillstring,4,s0004,ft*lbf,ft*lbf,torque,N*m,scale,1.3558179483,0.0,not-applicable,not-applicable,not-applicable,torque,cell-text,high,1,torque-vs-energy
1d0b997e43f13c8f,torque-drag-drillstring,4,s0004,lbf,lbf,force,N,scale,4.4482216153,0.0,not-applicable,not-applicable,not-applicable,force,cell-text,high,2,
1e6e0ff76799305d,hydraulics,1,s0001,cP,cP,dynamic_viscosity,Pa*s,scale,0.001,0.0,not-applicable,not-applicable,not-applicable,dynamic_viscosity,cell-text,high,2,
1e6e0ff76799305d,hydraulics,1,s0001,ft,ft,length,m,scale,0.3048,0.0,not-applicable,not-applicable,not-applicable,length,cell-text,high,7,
1e6e0ff76799305d,hydraulics,1,s0001,ft^2,ft^2,area,m^2,scale,0.09290304,0.0,not-applicable,not-applicable,not-applicable,area,cell-text,high,2,
1e6e0ff76799305d,hydraulics,1,s0001,gal/min,gal/min,volumetric_flow,m^3/s,scale,6.30901964e-05,0.0,not-applicable,not-applicable,context-required,volumetric_flow,cell-text,high,3,actual-vs-standard-reference-state
1e6e0ff76799305d,hydraulics,1,s0001,hp,hp,power,W,scale,745.69987158,0.0,not-applicable,not-applicable,not-applicable,power,cell-text,high,5,
1e6e0ff76799305d,hydraulics,1,s0001,in,in,length,m,scale,0.0254,0.0,not-applicable,not-applicable,not-applicable,length,cell-text,high,2,
1e6e0ff76799305d,hydraulics,1,s0001,in^2,in^2,area,m^2,scale,0.00064516,0.0,not-applicable,not-applicable,not-applicable,area,cell-text,high,2,
1e6e0ff76799305d,hydraulics,1,s0001,min,min,time,s,scale,60.0,0.0,not-applicable,not-applicable,not-applicable,time,cell-text,high,2,
1e6e0ff76799305d,hydraulics,1,s0001,percent,percent,fraction,1,scale,0.01,0.0,not-applicable,not-applicable,not-applicable,fraction,cell-text,high,2,
1e6e0ff76799305d,hydraulics,1,s0001,ppg,ppg,density,kg/m^3,scale,119.82642732,0.0,not-applicable,not-applicable,not-applicable,mass-density-or-mud-weight,cell-text,high,5,mass-density-vs-mud-weight-gradient
1e6e0ff76799305d,hydraulics,1,s0001,psi,psi,pressure,Pa,scale,6894.757293168,0.0,unspecified,not-applicable,not-applicable,pressure,cell-text,high,2,gauge-vs-absolute-and-pressure-vs-stress
1e6e0ff76799305d,hydraulics,1,s0001,strokes/min,strokes/min,pump_rate,1/s,scale,0.016666666666666666,0.0,not-applicable,not-applicable,not-applicable,pump_rate,cell-text,high,3,
1e6f56798a002c5f,torque-drag-drillstring,1,s0001,deg,deg,angle,rad,scale,0.01745329252,0.0,not-applicable,not-applicable,not-applicable,angle,cell-text,high,2,
1e6f56798a002c5f,torque-drag-drillstring,1,s0001,ft,ft,length,m,scale,0.3048,0.0,not-applicable,not-applicable,not-applicable,length,cell-text,high,5,
1e6ff4d7941da18d,hydraulics,3,s0003,gal/min,gal/min,volumetric_flow,m^3/s,scale,6.30901964e-05,0.0,not-applicable,not-applicable,context-required,volumetric_flow,cell-text,high,6,actual-vs-standard-reference-state
1e6ff4d7941da18d,hydraulics,3,s0003,ppg,ppg,density,kg/m^3,scale,119.82642732,0.0,not-applicable,not-applicable,not-applicable,mass-density-or-mud-weight,cell-text,high,1,mass-density-vs-mud-weight-gradient
1e6ff4d7941da18d,hydraulics,3,s0003,psi,psi,pressure,Pa,scale,6894.757293168,0.0,unspecified,not-applicable,not-applicable,pressure,cell-text,high,5,gauge-vs-absolute-and-pressure-vs-stress
1e6ff4d7941da18d,hydraulics,3,s0003,rpm,rpm,rotational_speed,rad/s,scale,0.1047197551,0.0,not-applicable,not-applicable,not-applicable,rotational_speed,cell-text,high,6,
1e6ff4d7941da18d,hydraulics,1,s0001,cP,cP,dynamic_viscosity,Pa*s,scale,0.001,0.0,not-applicable,not-applicable,not-applicable,dynamic_viscosity,cell-text,high,1,
1e6ff4d7941da18d,hydraulics,1,s0001,ft,ft,length,m,scale,0.3048,0.0,not-applicable,not-applicable,not-applicable,length,cell-text,high,9,
1e6ff4d7941da18d,hydraulics,1,s0001,ft/h,ft/h,penetration_rate,m/s,scale,8.466666666666667e-05,0.0,not-applicable,not-applicable,not-applicable,penetration_rate,cell-text,high,1,
1e6ff4d7941da18d,hydraulics,1,s0001,ft^2,ft^2,area,m^2,scale,0.09290304,0.0,not-applicable,not-applicable,not-applicable,area,cell-text,high,4,
1e6ff4d7941da18d,hydraulics,1,s0001,gal/min,gal/min,volumetric_flow,m^3/s,scale,6.30901964e-05,0.0,not-applicable,not-applicable,context-required,volumetric_flow,cell-text,high,1,actual-vs-standard-reference-state
1e6ff4d7941da18d,hydraulics,1,s0001,in,in,length,m,scale,0.0254,0.0,not-applicable,not-applicable,not-applicable,length,cell-text,high,5,
1e6ff4d7941da18d,hydraulics,1,s0001,min,min,time,s,scale,60.0,0.0,not-applicable,not-applicable,not-applicable,time,cell-text,high,1,
1e6ff4d7941da18d,hydraulics,1,s0001,ppg,ppg,density,kg/m^3,scale,119.82642732,0.0,not-applicable,not-applicable,not-applicable,mass-density-or-mud-weight,cell-text,high,1,mass-density-vs-mud-weight-gradient
1e6ff4d7941da18d,hydraulics,1,s0001,psi,psi,pressure,Pa,scale,6894.757293168,0.0,unspecified,not-applicable,not-applicable,pressure,cell-text,high,1,gauge-vs-absolute-and-pressure-vs-stress
1e6ff4d7941da18d,hydraulics,1,s0001,rad,rad,angle,rad,scale,1.0,0.0,not-applicable,not-applicable,not-applicable,angle,cell-text,high,1,
1e6ff4d7941da18d,hydraulics,1,s0001,rpm,rpm,rotational_speed,rad/s,scale,0.1047197551,0.0,not-applicable,not-applicable,not-applicable,rotational_speed,cell-text,high,1,
1e6ff4d7941da18d,hydraulics,2,s0002,ft,ft,length,m,scale,0.3048,0.0,not-applicable,not-applicable,not-applicable,length,cell-text,high,20,
1e6ff4d7941da18d,hydraulics,2,s0002,ft/h,ft/h,penetration_rate,m/s,scale,8.466666666666667e-05,0.0,not-applicable,not-applicable,not-applicable,penetration_rate,cell-text,high,10,
1e6ff4d7941da18d,hydraulics,2,s0002,gal/min,gal/min,volumetric_flow,m^3/s,scale,6.30901964e-05,0.0,not-applicable,not-applicable,context-required,volumetric_flow,cell-text,high,10,actual-vs-standard-reference-state
1e6ff4d7941da18d,hydraulics,2,s0002,psi,psi,pressure,Pa,scale,6894.757293168,0.0,unspecified,not-applicable,not-applicable,pressure,cell-text,high,60,gauge-vs-absolute-and-pressure-vs-stress
1e6ff4d7941da18d,hydraulics,2,s0002,rpm,rpm,rotational_speed,rad/s,scale,0.1047197551,0.0,not-applicable,not-applicable,not-applicable,rotational_speed,cell-text,high,10,
1e714a35863a0d7e,bha-tools,6,s0006,bbl,bbl,volume,m^3,scale,0.158987294928,0.0,not-applicable,not-applicable,context-required,volume,cell-text,high,2,actual-vs-standard-reference-state
1e714a35863a0d7e,bha-tools,6,s0006,ft,ft,length,m,scale,0.3048,0.0,not-applicable,not-applicable,not-applicable,length,cell-text,high,2,
1e714a35863a0d7e,bha-tools,6,s0006,hp,hp,power,W,scale,745.69987158,0.0,not-applicable,not-applicable,not-applicable,power,cell-text,high,1,
1e714a35863a0d7e,bha-tools,6,s0006,in,in,length,m,scale,0.0254,0.0,not-applicable,not-applicable,not-applicable,length,cell-text,high,9,
1e714a35863a0d7e,bha-tools,6,s0006,kg,kg,mass,kg,scale,1.0,0.0,not-applicable,not-applicable,not-applicable,mass,cell-text,high,4,
1e714a35863a0d7e,bha-tools,6,s0006,m,m,length,m,scale,1.0,0.0,not-applicable,not-applicable,not-applicable,length,cell-text,high,3,
1e714a35863a0d7e,bha-tools,6,s0006,specific-gravity,specific-gravity,density_ratio,1,scale,1.0,0.0,not-applicable,not-applicable,not-applicable,density_ratio,cell-text,high,1,
1e714a35863a0d7e,bha-tools,7,s0007,bbl,bbl,volume,m^3,scale,0.158987294928,0.0,not-applicable,not-applicable,context-required,volume,cell-text,high,2,actual-vs-standard-reference-state
1e714a35863a0d7e,bha-tools,7,s0007,ft,ft,length,m,scale,0.3048,0.0,not-applicable,not-applicable,not-applicable,length,cell-text,high,2,
1e714a35863a0d7e,bha-tools,7,s0007,hp,hp,power,W,scale,745.69987158,0.0,not-applicable,not-applicable,not-applicable,power,cell-text,high,1,
1e714a35863a0d7e,bha-tools,7,s0007,in,in,length,m,scale,0.0254,0.0,not-applicable,not-applicable,not-applicable,length,cell-text,high,9,
1e714a35863a0d7e,bha-tools,7,s0007,kg,kg,mass,kg,scale,1.0,0.0,not-applicable,not-applicable,not-applicable,mass,cell-text,high,4,
1e714a35863a0d7e,bha-tools,7,s0007,m,m,length,m,scale,1.0,0.0,not-applicable,not-applicable,not-applicable,length,cell-text,high,3,
1e714a35863a0d7e,bha-tools,7,s0007,specific-gravity,specific-gravity,density_ratio,1,scale,1.0,0.0,not-applicable,not-applicable,not-applicable,density_ratio,cell-text,high,1,
1e714a35863a0d7e,bha-tools,1,s0001,ft,ft,length,m,scale,0.3048,0.0,not-applicable,not-applicable,not-applicable,length,cell-text,high,2,
1e714a35863a0d7e,bha-tools,1,s0001,hp,hp,power,W,scale,745.69987158,0.0,not-applicable,not-applicable,not-applicable,power,cell-text,high,1,
1e714a35863a0d7e,bha-tools,1,s0001,in,in,length,m,scale,0.0254,0.0,not-applicable,not-applicable,not-applicable,length,cell-text,high,9,
1e714a35863a0d7e,bha-tools,1,s0001,kg,kg,mass,kg,scale,1.0,0.0,not-applicable,not-applicable,not-applicable,mass,cell-text,high,4,
1e714a35863a0d7e,bha-tools,1,s0001,m,m,length,m,scale,1.0,0.0,not-applicable,not-applicable,not-applicable,length,cell-text,high,3,
1e714a35863a0d7e,bha-tools,1,s0001,specific-gravity,specific-gravity,density_ratio,1,scale,1.0,0.0,not-applicable,not-applicable,not-applicable,density_ratio,cell-text,high,1,
1e714a35863a0d7e,bha-tools,10,s0010,ft,ft,length,m,scale,0.3048,0.0,not-applicable,not-applicable,not-applicable,length,cell-text,high,2,
1e714a35863a0d7e,bha-tools,10,s0010,hp,hp,power,W,scale,745.69987158,0.0,not-applicable,not-applicable,not-applicable,power,cell-text,high,1,
1e714a35863a0d7e,bha-tools,10,s0010,in,in,length,m,scale,0.0254,0.0,not-applicable,not-applicable,not-applicable,length,cell-text,high,9,
1e714a35863a0d7e,bha-tools,10,s0010,kg,kg,mass,kg,scale,1.0,0.0,not-applicable,not-applicable,not-applicable,mass,cell-text,high,4,
1e714a35863a0d7e,bha-tools,10,s0010,m,m,length,m,scale,1.0,0.0,not-applicable,not-applicable,not-applicable,length,cell-text,high,3,
1e714a35863a0d7e,bha-tools,10,s0010,specific-gravity,specific-gravity,density_ratio,1,scale,1.0,0.0,not-applicable,not-applicable,not-applicable,density_ratio,cell-text,high,1,
1e714a35863a0d7e,bha-tools,11,s0011,ft,ft,length,m,scale,0.3048,0.0,not-applicable,not-applicable,not-applicable,length,cell-text,high,2,
1e714a35863a0d7e,bha-tools,11,s0011,hp,hp,power,W,scale,745.69987158,0.0,not-applicable,not-applicable,not-applicable,power,cell-text,high,1,
1e714a35863a0d7e,bha-tools,11,s0011,in,in,length,m,scale,0.0254,0.0,not-applicable,not-applicable,not-applicable,length,cell-text,high,9,
1e714a35863a0d7e,bha-tools,11,s0011,kg,kg,mass,kg,scale,1.0,0.0,not-applicable,not-applicable,not-applicable,mass,cell-text,high,4,
1e714a35863a0d7e,bha-tools,11,s0011,m,m,length,m,scale,1.0,0.0,not-applicable,not-applicable,not-applicable,length,cell-text,high,3,
1e714a35863a0d7e,bha-tools,11,s0011,specific-gravity,specific-gravity,density_ratio,1,scale,1.0,0.0,not-applicable,not-applicable,not-applicable,density_ratio,cell-text,high,1,
1e714a35863a0d7e,bha-tools,3,s0003,ft,ft,length,m,scale,0.3048,0.0,not-applicable,not-applicable,not-applicable,length,cell-text,high,2,
1e714a35863a0d7e,bha-tools,3,s0003,hp,hp,power,W,scale,745.69987158,0.0,not-applicable,not-applicable,not-applicable,power,cell-text,high,1,
1e714a35863a0d7e,bha-tools,3,s0003,in,in,length,m,scale,0.0254,0.0,not-applicable,not-applicable,not-applicable,length,cell-text,high,9,
1e714a35863a0d7e,bha-tools,3,s0003,kg,kg,mass,kg,scale,1.0,0.0,not-applicable,not-applicable,not-applicable,mass,cell-text,high,4,
1e714a35863a0d7e,bha-tools,3,s0003,m,m,length,m,scale,1.0,0.0,not-applicable,not-applicable,not-applicable,length,cell-text,high,3,
1e714a35863a0d7e,bha-tools,3,s0003,specific-gravity,specific-gravity,density_ratio,1,scale,1.0,0.0,not-applicable,not-applicable,not-applicable,density_ratio,cell-text,high,1,
1e714a35863a0d7e,bha-tools,5,s0005,ft,ft,length,m,scale,0.3048,0.0,not-applicable,not-applicable,not-applicable,length,cell-text,high,2,
1e714a35863a0d7e,bha-tools,5,s0005,hp,hp,power,W,scale,745.69987158,0.0,not-applicable,not-applicable,not-applicable,power,cell-text,high,1,
1e714a35863a0d7e,bha-tools,5,s0005,in,in,length,m,scale,0.0254,0.0,not-applicable,not-applicable,not-applicable,length,cell-text,high,9,
1e714a35863a0d7e,bha-tools,5,s0005,kg,kg,mass,kg,scale,1.0,0.0,not-applicable,not-applicable,not-applicable,mass,cell-text,high,4,
1e714a35863a0d7e,bha-tools,5,s0005,m,m,length,m,scale,1.0,0.0,not-applicable,not-applicable,not-applicable,length,cell-text,high,3,
1e714a35863a0d7e,bha-tools,5,s0005,specific-gravity,specific-gravity,density_ratio,1,scale,1.0,0.0,not-applicable,not-applicable,not-applicable,density_ratio,cell-text,high,1,
1e714a35863a0d7e,bha-tools,8,s0008,ft,ft,length,m,scale,0.3048,0.0,not-applicable,not-applicable,not-applicable,length,cell-text,high,2,
1e714a35863a0d7e,bha-tools,8,s0008,hp,hp,power,W,scale,745.69987158,0.0,not-applicable,not-applicable,not-applicable,power,cell-text,high,1,
1e714a35863a0d7e,bha-tools,8,s0008,in,in,length,m,scale,0.0254,0.0,not-applicable,not-applicable,not-applicable,length,cell-text,high,9,
1e714a35863a0d7e,bha-tools,8,s0008,kg,kg,mass,kg,scale,1.0,0.0,not-applicable,not-applicable,not-applicable,mass,cell-text,high,4,
1e714a35863a0d7e,bha-tools,8,s0008,m,m,length,m,scale,1.0,0.0,not-applicable,not-applicable,not-applicable,length,cell-text,high,3,
1e714a35863a0d7e,bha-tools,8,s0008,specific-gravity,specific-gravity,density_ratio,1,scale,1.0,0.0,not-applicable,not-applicable,not-applicable,density_ratio,cell-text,high,1,
1e714a35863a0d7e,bha-tools,9,s0009,ft,ft,length,m,scale,0.3048,0.0,not-applicable,not-applicable,not-applicable,length,cell-text,high,2,
1e714a35863a0d7e,bha-tools,9,s0009,hp,hp,power,W,scale,745.69987158,0.0,not-applicable,not-applicable,not-applicable,power,cell-text,high,1,
1e714a35863a0d7e,bha-tools,9,s0009,in,in,length,m,scale,0.0254,0.0,not-applicable,not-applicable,not-applicable,length,cell-text,high,9,
1e714a35863a0d7e,bha-tools,9,s0009,kg,kg,mass,kg,scale,1.0,0.0,not-applicable,not-applicable,not-applicable,mass,cell-text,high,4,
1e714a35863a0d7e,bha-tools,9,s0009,m,m,length,m,scale,1.0,0.0,not-applicable,not-applicable,not-applicable,length,cell-text,high,3,
1e714a35863a0d7e,bha-tools,9,s0009,specific-gravity,specific-gravity,density_ratio,1,scale,1.0,0.0,not-applicable,not-applicable,not-applicable,density_ratio,cell-text,high,1,
1e714a35863a0d7e,bha-tools,4,s0004,ft,ft,length,m,scale,0.3048,0.0,not-applicable,not-applicable,not-applicable,length,cell-text,high,2,
1e714a35863a0d7e,bha-tools,4,s0004,hp,hp,power,W,scale,745.69987158,0.0,not-applicable,not-applicable,not-applicable,power,cell-text,high,1,
1e714a35863a0d7e,bha-tools,4,s0004,in,in,length,m,scale,0.0254,0.0,not-applicable,not-applicable,not-applicable,length,cell-text,high,9,
1e714a35863a0d7e,bha-tools,4,s0004,kg,kg,mass,kg,scale,1.0,0.0,not-applicable,not-applicable,not-applicable,mass,cell-text,high,4,
1e714a35863a0d7e,bha-tools,4,s0004,m,m,length,m,scale,1.0,0.0,not-applicable,not-applicable,not-applicable,length,cell-text,high,3,
1e714a35863a0d7e,bha-tools,4,s0004,specific-gravity,specific-gravity,density_ratio,1,scale,1.0,0.0,not-applicable,not-applicable,not-applicable,density_ratio,cell-text,high,1,
1e714a35863a0d7e,bha-tools,2,s0002,ft,ft,length,m,scale,0.3048,0.0,not-applicable,not-applicable,not-applicable,length,cell-text,high,2,
1e714a35863a0d7e,bha-tools,2,s0002,hp,hp,power,W,scale,745.69987158,0.0,not-applicable,not-applicable,not-applicable,power,cell-text,high,1,
1e714a35863a0d7e,bha-tools,2,s0002,in,in,length,m,scale,0.0254,0.0,not-applicable,not-applicable,not-applicable,length,cell-text,high,9,
1e714a35863a0d7e,bha-tools,2,s0002,kg,kg,mass,kg,scale,1.0,0.0,not-applicable,not-applicable,not-applicable,mass,cell-text,high,4,
1e714a35863a0d7e,bha-tools,2,s0002,m,m,length,m,scale,1.0,0.0,not-applicable,not-applicable,not-applicable,length,cell-text,high,3,
1e714a35863a0d7e,bha-tools,2,s0002,specific-gravity,specific-gravity,density_ratio,1,scale,1.0,0.0,not-applicable,not-applicable,not-applicable,density_ratio,cell-text,high,1,
261356ca402063dc,torque-drag-drillstring,2,s0002,deg,deg,angle,rad,scale,0.01745329252,0.0,not-applicable,not-applicable,not-applicable,angle,cell-text,high,1,
261356ca402063dc,torque-drag-drillstring,2,s0002,ft,ft,length,m,scale,0.3048,0.0,not-applicable,not-applicable,not-applicable,length,cell-text,high,2,
261356ca402063dc,torque-drag-drillstring,2,s0002,ft*lbf,ft*lbf,torque,N*m,scale,1.3558179483,0.0,not-applicable,not-applicable,not-applicable,torque,cell-text,high,4,torque-vs-energy
261356ca402063dc,torque-drag-drillstring,2,s0002,in,in,length,m,scale,0.0254,0.0,not-applicable,not-applicable,not-applicable,length,cell-text,high,20,
261356ca402063dc,torque-drag-drillstring,2,s0002,in^2,in^2,area,m^2,scale,0.00064516,0.0,not-applicable,not-applicable,not-applicable,area,cell-text,high,5,
261356ca402063dc,torque-drag-drillstring,2,s0002,in^3,in^3,volume,m^3,scale,1.6387064e-05,0.0,not-applicable,not-applicable,context-required,volume,cell-text,high,2,actual-vs-standard-reference-state
261356ca402063dc,torque-drag-drillstring,2,s0002,lbf,lbf,force,N,scale,4.4482216153,0.0,not-applicable,not-applicable,not-applicable,force,cell-text,high,4,
261356ca402063dc,torque-drag-drillstring,2,s0002,psi,psi,pressure,Pa,scale,6894.757293168,0.0,unspecified,not-applicable,not-applicable,pressure,cell-text,high,10,gauge-vs-absolute-and-pressure-vs-stress
261356ca402063dc,torque-drag-drillstring,1,s0001,deg,deg,angle,rad,scale,0.01745329252,0.0,not-applicable,not-applicable,not-applicable,angle,cell-text,high,1,
261356ca402063dc,torque-drag-drillstring,1,s0001,ft,ft,length,m,scale,0.3048,0.0,not-applicable,not-applicable,not-applicable,length,cell-text,high,2,
261356ca402063dc,torque-drag-drillstring,1,s0001,ft*lbf,ft*lbf,torque,N*m,scale,1.3558179483,0.0,not-applicable,not-applicable,not-applicable,torque,cell-text,high,4,torque-vs-energy
261356ca402063dc,torque-drag-drillstring,1,s0001,in,in,length,m,scale,0.0254,0.0,not-applicable,not-applicable,not-applicable,length,cell-text,high,20,
261356ca402063dc,torque-drag-drillstring,1,s0001,in^2,in^2,area,m^2,scale,0.00064516,0.0,not-applicable,not-applicable,not-applicable,area,cell-text,high,5,
261356ca402063dc,torque-drag-drillstring,1,s0001,in^3,in^3,volume,m^3,scale,1.6387064e-05,0.0,not-applicable,not-applicable,context-required,volume,cell-text,high,2,actual-vs-standard-reference-state
261356ca402063dc,torque-drag-drillstring,1,s0001,lbf,lbf,force,N,scale,4.4482216153,0.0,not-applicable,not-applicable,not-applicable,force,cell-text,high,4,
261356ca402063dc,torque-drag-drillstring,1,s0001,psi,psi,pressure,Pa,scale,6894.757293168,0.0,unspecified,not-applicable,not-applicable,pressure,cell-text,high,10,gauge-vs-absolute-and-pressure-vs-stress
266671ee19a7b17b,bha-tools,2,s0002,ft,ft,length,m,scale,0.3048,0.0,not-applicable,not-applicable,not-applicable,length,cell-text,high,4,
266671ee19a7b17b,bha-tools,2,s0002,mm,mm,length,m,scale,0.001,0.0,not-applicable,not-applicable,not-applicable,length,cell-text,high,1,
266671ee19a7b17b,bha-tools,2,s0002,ppg,ppg,density,kg/m^3,scale,119.82642732,0.0,not-applicable,not-applicable,not-applicable,mass-density-or-mud-weight,cell-text,high,1,mass-density-vs-mud-weight-gradient
266671ee19a7b17b,bha-tools,1,s0001,ft,ft,length,m,scale,0.3048,0.0,not-applicable,not-applicable,not-applicable,length,cell-text,high,5,
266671ee19a7b17b,bha-tools,1,s0001,ppg,ppg,density,kg/m^3,scale,119.82642732,0.0,not-applicable,not-applicable,not-applicable,mass-density-or-mud-weight,cell-text,high,1,mass-density-vs-mud-weight-gradient
266671ee19a7b17b,bha-tools,5,s0005,m,m,length,m,scale,1.0,0.0,not-applicable,not-applicable,not-applicable,length,cell-text,high,2,
266671ee19a7b17b,bha-tools,4,s0004,deg,deg,angle,rad,scale,0.01745329252,0.0,not-applicable,not-applicable,not-applicable,angle,cell-text,high,2,
266671ee19a7b17b,bha-tools,4,s0004,deg/30m,deg/30m,curvature,rad/m,scale,0.0005817764,0.0,not-applicable,not-applicable,not-applicable,curvature,cell-text,high,1,interval-basis-and-angle-convention
266671ee19a7b17b,bha-tools,4,s0004,m,m,length,m,scale,1.0,0.0,not-applicable,not-applicable,not-applicable,length,cell-text,high,2,
266671ee19a7b17b,bha-tools,4,s0004,rad,rad,angle,rad,scale,1.0,0.0,not-applicable,not-applicable,not-applicable,angle,cell-text,high,2,
282c3e39ed333b87,hydraulics,3,s0003,gal/min,gal/min,volumetric_flow,m^3/s,scale,6.30901964e-05,0.0,not-applicable,not-applicable,context-required,volumetric_flow,cell-text,high,6,actual-vs-standard-reference-state
282c3e39ed333b87,hydraulics,3,s0003,ppg,ppg,density,kg/m^3,scale,119.82642732,0.0,not-applicable,not-applicable,not-applicable,mass-density-or-mud-weight,cell-text,high,1,mass-density-vs-mud-weight-gradient
282c3e39ed333b87,hydraulics,3,s0003,psi,psi,pressure,Pa,scale,6894.757293168,0.0,unspecified,not-applicable,not-applicable,pressure,cell-text,high,5,gauge-vs-absolute-and-pressure-vs-stress
282c3e39ed333b87,hydraulics,3,s0003,rpm,rpm,rotational_speed,rad/s,scale,0.1047197551,0.0,not-applicable,not-applicable,not-applicable,rotational_speed,cell-text,high,6,
282c3e39ed333b87,hydraulics,1,s0001,cP,cP,dynamic_viscosity,Pa*s,scale,0.001,0.0,not-applicable,not-applicable,not-applicable,dynamic_viscosity,cell-text,high,1,
282c3e39ed333b87,hydraulics,1,s0001,ft,ft,length,m,scale,0.3048,0.0,not-applicable,not-applicable,not-applicable,length,cell-text,high,9,
282c3e39ed333b87,hydraulics,1,s0001,ft/h,ft/h,penetration_rate,m/s,scale,8.466666666666667e-05,0.0,not-applicable,not-applicable,not-applicable,penetration_rate,cell-text,high,1,
282c3e39ed333b87,hydraulics,1,s0001,ft^2,ft^2,area,m^2,scale,0.09290304,0.0,not-applicable,not-applicable,not-applicable,area,cell-text,high,4,
282c3e39ed333b87,hydraulics,1,s0001,gal/min,gal/min,volumetric_flow,m^3/s,scale,6.30901964e-05,0.0,not-applicable,not-applicable,context-required,volumetric_flow,cell-text,high,1,actual-vs-standard-reference-state
282c3e39ed333b87,hydraulics,1,s0001,in,in,length,m,scale,0.0254,0.0,not-applicable,not-applicable,not-applicable,length,cell-text,high,5,
282c3e39ed333b87,hydraulics,1,s0001,min,min,time,s,scale,60.0,0.0,not-applicable,not-applicable,not-applicable,time,cell-text,high,1,
282c3e39ed333b87,hydraulics,1,s0001,mm,mm,length,m,scale,0.001,0.0,not-applicable,not-applicable,not-applicable,length,number-format,medium,1,
282c3e39ed333b87,hydraulics,1,s0001,ppg,ppg,density,kg/m^3,scale,119.82642732,0.0,not-applicable,not-applicable,not-applicable,mass-density-or-mud-weight,cell-text,high,1,mass-density-vs-mud-weight-gradient
282c3e39ed333b87,hydraulics,1,s0001,psi,psi,pressure,Pa,scale,6894.757293168,0.0,unspecified,not-applicable,not-applicable,pressure,cell-text,high,1,gauge-vs-absolute-and-pressure-vs-stress
282c3e39ed333b87,hydraulics,1,s0001,rad,rad,angle,rad,scale,1.0,0.0,not-applicable,not-applicable,not-applicable,angle,cell-text,high,1,
282c3e39ed333b87,hydraulics,1,s0001,rpm,rpm,rotational_speed,rad/s,scale,0.1047197551,0.0,not-applicable,not-applicable,not-applicable,rotational_speed,cell-text,high,1,
282c3e39ed333b87,hydraulics,2,s0002,ft,ft,length,m,scale,0.3048,0.0,not-applicable,not-applicable,not-applicable,length,cell-text,high,20,
282c3e39ed333b87,hydraulics,2,s0002,ft/h,ft/h,penetration_rate,m/s,scale,8.466666666666667e-05,0.0,not-applicable,not-applicable,not-applicable,penetration_rate,cell-text,high,10,
282c3e39ed333b87,hydraulics,2,s0002,gal/min,gal/min,volumetric_flow,m^3/s,scale,6.30901964e-05,0.0,not-applicable,not-applicable,context-required,volumetric_flow,cell-text,high,10,actual-vs-standard-reference-state
282c3e39ed333b87,hydraulics,2,s0002,psi,psi,pressure,Pa,scale,6894.757293168,0.0,unspecified,not-applicable,not-applicable,pressure,cell-text,high,60,gauge-vs-absolute-and-pressure-vs-stress
282c3e39ed333b87,hydraulics,2,s0002,rpm,rpm,rotational_speed,rad/s,scale,0.1047197551,0.0,not-applicable,not-applicable,not-applicable,rotational_speed,cell-text,high,10,
2f31e7e9f41839d2,hydraulics,3,s0003,L/min,L/min,volumetric_flow,m^3/s,scale,1.6666666666666667e-05,0.0,not-applicable,not-applicable,context-required,volumetric_flow,cell-text,high,6,actual-vs-standard-reference-state
2f31e7e9f41839d2,hydraulics,3,s0003,L/s,L/s,volumetric_flow,m^3/s,scale,0.001,0.0,not-applicable,not-applicable,context-required,volumetric_flow,cell-text,high,11,actual-vs-standard-reference-state
2f31e7e9f41839d2,hydraulics,3,s0003,bar,bar,pressure,Pa,scale,100000.0,0.0,unspecified,not-applicable,not-applicable,pressure,cell-text,high,2,gauge-vs-absolute-and-pressure-vs-stress
2f31e7e9f41839d2,hydraulics,3,s0003,bbl,bbl,volume,m^3,scale,0.158987294928,0.0,not-applicable,not-applicable,context-required,volume,cell-text,high,34,actual-vs-standard-reference-state
2f31e7e9f41839d2,hydraulics,3,s0003,cP,cP,dynamic_viscosity,Pa*s,scale,0.001,0.0,not-applicable,not-applicable,not-applicable,dynamic_viscosity,cell-text,high,2,
2f31e7e9f41839d2,hydraulics,3,s0003,ft,ft,length,m,scale,0.3048,0.0,not-applicable,not-applicable,not-applicable,length,cell-text,high,25,
2f31e7e9f41839d2,hydraulics,3,s0003,ft/min,ft/min,velocity,m/s,scale,0.00508,0.0,not-applicable,not-applicable,not-applicable,velocity,cell-text,high,17,
2f31e7e9f41839d2,hydraulics,3,s0003,ft/s,ft/s,velocity,m/s,scale,0.3048,0.0,not-applicable,not-applicable,not-applicable,velocity,cell-text,high,5,
2f31e7e9f41839d2,hydraulics,3,s0003,ft^2,ft^2,area,m^2,scale,0.09290304,0.0,not-applicable,not-applicable,not-applicable,area,cell-text,high,1,
2f31e7e9f41839d2,hydraulics,3,s0003,gal,gal,volume,m^3,scale,0.003785411784,0.0,not-applicable,not-applicable,context-required,volume,cell-text,high,4,actual-vs-standard-reference-state
2f31e7e9f41839d2,hydraulics,3,s0003,hp,hp,power,W,scale,745.69987158,0.0,not-applicable,not-applicable,not-applicable,power,cell-text,high,6,
2f31e7e9f41839d2,hydraulics,3,s0003,in,in,length,m,scale,0.0254,0.0,not-applicable,not-applicable,not-applicable,length,cell-text,high,14,
2f31e7e9f41839d2,hydraulics,3,s0003,in^2,in^2,area,m^2,scale,0.00064516,0.0,not-applicable,not-applicable,not-applicable,area,cell-text,high,1,
2f31e7e9f41839d2,hydraulics,3,s0003,kPa,kPa,pressure,Pa,scale,1000.0,0.0,unspecified,not-applicable,not-applicable,pressure,cell-text,high,2,gauge-vs-absolute-and-pressure-vs-stress
2f31e7e9f41839d2,hydraulics,3,s0003,kg,kg,mass,kg,scale,1.0,0.0,not-applicable,not-applicable,not-applicable,mass,cell-text,high,5,
2f31e7e9f41839d2,hydraulics,3,s0003,kg/m^3,kg/m^3,density,kg/m^3,scale,1.0,0.0,not-applicable,not-applicable,not-applicable,density,cell-text,high,5,mass-density-vs-mud-weight-gradient
2f31e7e9f41839d2,hydraulics,3,s0003,lbf,lbf,force,N,scale,4.4482216153,0.0,not-applicable,not-applicable,not-applicable,force,cell-text,high,1,
2f31e7e9f41839d2,hydraulics,3,s0003,m,m,length,m,scale,1.0,0.0,not-applicable,not-applicable,not-applicable,length,cell-text,high,5,
2f31e7e9f41839d2,hydraulics,3,s0003,m/s,m/s,velocity,m/s,scale,1.0,0.0,not-applicable,not-applicable,not-applicable,velocity,cell-text,high,3,
2f31e7e9f41839d2,hydraulics,3,s0003,m^2,m^2,area,m^2,scale,1.0,0.0,not-applicable,not-applicable,not-applicable,area,cell-text,high,1,
2f31e7e9f41839d2,hydraulics,3,s0003,m^3,m^3,volume,m^3,scale,1.0,0.0,not-applicable,not-applicable,context-required,volume,cell-text,high,4,actual-vs-standard-reference-state
2f31e7e9f41839d2,hydraulics,3,s0003,m^3/s,m^3/s,volumetric_flow,m^3/s,scale,1.0,0.0,not-applicable,not-applicable,context-required,volumetric_flow,cell-text,high,1,actual-vs-standard-reference-state
2f31e7e9f41839d2,hydraulics,3,s0003,min,min,time,s,scale,60.0,0.0,not-applicable,not-applicable,not-applicable,time,cell-text,high,11,
2f31e7e9f41839d2,hydraulics,3,s0003,mm,mm,length,m,scale,0.001,0.0,not-applicable,not-applicable,not-applicable,length,cell-text,high,4,
2f31e7e9f41839d2,hydraulics,3,s0003,percent,percent,fraction,1,scale,0.01,0.0,not-applicable,not-applicable,not-applicable,fraction,cell-text,high,4,
2f31e7e9f41839d2,hydraulics,3,s0003,ppg,ppg,density,kg/m^3,scale,119.82642732,0.0,not-applicable,not-applicable,not-applicable,mass-density-or-mud-weight,cell-text,high,23,mass-density-vs-mud-weight-gradient
2f31e7e9f41839d2,hydraulics,3,s0003,psi,psi,pressure,Pa,scale,6894.757293168,0.0,unspecified,not-applicable,not-applicable,pressure,cell-text,high,36,gauge-vs-absolute-and-pressure-vs-stress
2f31e7e9f41839d2,hydraulics,3,s0003,s,s,time,s,scale,1.0,0.0,not-applicable,not-applicable,not-applicable,time,cell-text,high,1,
2f31e7e9f41839d2,hydraulics,3,s0003,specific-gravity,specific-gravity,density_ratio,1,scale,1.0,0.0,not-applicable,not-applicable,not-applicable,density_ratio,cell-text,high,1,
2f31e7e9f41839d2,hydraulics,3,s0003,strokes/min,strokes/min,pump_rate,1/s,scale,0.016666666666666666,0.0,not-applicable,not-applicable,not-applicable,pump_rate,cell-text,high,4,
2f31e7e9f41839d2,hydraulics,6,s0006,hp,hp,power,W,scale,745.69987158,0.0,not-applicable,not-applicable,not-applicable,power,cell-text,high,5,
2f31e7e9f41839d2,hydraulics,6,s0006,in^2,in^2,area,m^2,scale,0.00064516,0.0,not-applicable,not-applicable,not-applicable,area,cell-text,high,1,
2f31e7e9f41839d2,hydraulics,6,s0006,percent,percent,fraction,1,scale,0.01,0.0,not-applicable,not-applicable,not-applicable,fraction,cell-text,high,4,
2f31e7e9f41839d2,hydraulics,18,s0018,deg,deg,angle,rad,scale,0.01745329252,0.0,not-applicable,not-applicable,not-applicable,angle,cell-text,high,2,
2f31e7e9f41839d2,hydraulics,20,s0020,bar,bar,pressure,Pa,scale,100000.0,0.0,unspecified,not-applicable,not-applicable,pressure,cell-text,high,1,gauge-vs-absolute-and-pressure-vs-stress
2f31e7e9f41839d2,hydraulics,20,s0020,cP,cP,dynamic_viscosity,Pa*s,scale,0.001,0.0,not-applicable,not-applicable,not-applicable,dynamic_viscosity,cell-text,high,1,
2f31e7e9f41839d2,hydraulics,20,s0020,mm,mm,length,m,scale,0.001,0.0,not-applicable,not-applicable,not-applicable,length,cell-text,high,1,
2f31e7e9f41839d2,hydraulics,20,s0020,ppg,ppg,density,kg/m^3,scale,119.82642732,0.0,not-applicable,not-applicable,not-applicable,mass-density-or-mud-weight,cell-text,high,1,mass-density-vs-mud-weight-gradient
2f31e7e9f41839d2,hydraulics,1,s0001,min,min,time,s,scale,60.0,0.0,not-applicable,not-applicable,not-applicable,time,cell-text,high,1,
2f31e7e9f41839d2,hydraulics,14,s0014,min,min,time,s,scale,60.0,0.0,not-applicable,not-applicable,not-applicable,time,cell-text,high,2,
2f31e7e9f41839d2,hydraulics,14,s0014,percent,percent,fraction,1,scale,0.01,0.0,not-applicable,not-applicable,not-applicable,fraction,cell-text,high,1,
2f31e7e9f41839d2,hydraulics,10,s0010,cP,cP,dynamic_viscosity,Pa*s,scale,0.001,0.0,not-applicable,not-applicable,not-applicable,dynamic_viscosity,cell-text,high,1,
2f31e7e9f41839d2,hydraulics,10,s0010,ppg,ppg,density,kg/m^3,scale,119.82642732,0.0,not-applicable,not-applicable,not-applicable,mass-density-or-mud-weight,cell-text,high,1,mass-density-vs-mud-weight-gradient
2f31e7e9f41839d2,hydraulics,10,s0010,strokes/min,strokes/min,pump_rate,1/s,scale,0.016666666666666666,0.0,not-applicable,not-applicable,not-applicable,pump_rate,cell-text,high,4,
2f31e7e9f41839d2,hydraulics,13,s0013,cP,cP,dynamic_viscosity,Pa*s,scale,0.001,0.0,not-applicable,not-applicable,not-applicable,dynamic_viscosity,cell-text,high,1,
2f31e7e9f41839d2,hydraulics,5,s0005,cP,cP,dynamic_viscosity,Pa*s,scale,0.001,0.0,not-applicable,not-applicable,not-applicable,dynamic_viscosity,cell-text,high,1,
2f31e7e9f41839d2,hydraulics,5,s0005,ft^2,ft^2,area,m^2,scale,0.09290304,0.0,not-applicable,not-applicable,not-applicable,area,cell-text,high,3,
2f31e7e9f41839d2,hydraulics,2,s0002,L/min,L/min,volumetric_flow,m^3/s,scale,1.6666666666666667e-05,0.0,not-applicable,not-applicable,context-required,volumetric_flow,cell-text,high,6,actual-vs-standard-reference-state
2f31e7e9f41839d2,hydraulics,2,s0002,L/s,L/s,volumetric_flow,m^3/s,scale,0.001,0.0,not-applicable,not-applicable,context-required,volumetric_flow,cell-text,high,2,actual-vs-standard-reference-state
2f31e7e9f41839d2,hydraulics,2,s0002,in,in,length,m,scale,0.0254,0.0,not-applicable,not-applicable,not-applicable,length,cell-text,high,1,
2f31e7e9f41839d2,hydraulics,2,s0002,min,min,time,s,scale,60.0,0.0,not-applicable,not-applicable,not-applicable,time,cell-text,high,5,
2f31e7e9f41839d2,hydraulics,2,s0002,mm,mm,length,m,scale,0.001,0.0,not-applicable,not-applicable,not-applicable,length,cell-text,high,1,
2f31e7e9f41839d2,hydraulics,2,s0002,percent,percent,fraction,1,scale,0.01,0.0,not-applicable,not-applicable,not-applicable,fraction,cell-text,high,5,
2f31e7e9f41839d2,hydraulics,2,s0002,strokes/min,strokes/min,pump_rate,1/s,scale,0.016666666666666666,0.0,not-applicable,not-applicable,not-applicable,pump_rate,cell-text,high,1,
2f31e7e9f41839d2,hydraulics,8,s0008,hp,hp,power,W,scale,745.69987158,0.0,not-applicable,not-applicable,not-applicable,power,cell-text,high,4,
2f31e7e9f41839d2,hydraulics,8,s0008,in^2,in^2,area,m^2,scale,0.00064516,0.0,not-applicable,not-applicable,not-applicable,area,cell-text,high,1,
2f31e7e9f41839d2,hydraulics,8,s0008,min,min,time,s,scale,60.0,0.0,not-applicable,not-applicable,not-applicable,time,cell-text,high,1,
2f31e7e9f41839d2,hydraulics,8,s0008,mm,mm,length,m,scale,0.001,0.0,not-applicable,not-applicable,not-applicable,length,cell-text,high,1,
2f31e7e9f41839d2,hydraulics,8,s0008,percent,percent,fraction,1,scale,0.01,0.0,not-applicable,not-applicable,not-applicable,fraction,cell-text,high,1,
2f31e7e9f41839d2,hydraulics,4,s0004,deg,deg,angle,rad,scale,0.01745329252,0.0,not-applicable,not-applicable,not-applicable,angle,cell-text,high,4,
2f31e7e9f41839d2,hydraulics,4,s0004,hp,hp,power,W,scale,745.69987158,0.0,not-applicable,not-applicable,not-applicable,power,cell-text,high,5,
2f31e7e9f41839d2,hydraulics,4,s0004,m,m,length,m,scale,1.0,0.0,not-applicable,not-applicable,not-applicable,length,cell-text,high,6,
2f31e7e9f41839d2,hydraulics,4,s0004,m^2,m^2,area,m^2,scale,1.0,0.0,not-applicable,not-applicable,not-applicable,area,cell-text,high,1,
2f31e7e9f41839d2,hydraulics,4,s0004,percent,percent,fraction,1,scale,0.01,0.0,not-applicable,not-applicable,not-applicable,fraction,cell-text,high,2,
2f31e7e9f41839d2,hydraulics,9,s0009,min,min,time,s,scale,60.0,0.0,not-applicable,not-applicable,not-applicable,time,cell-text,high,4,
320f71bf493043d3,torque-drag-drillstring,1,s0001,ft,ft,length,m,scale,0.3048,0.0,not-applicable,not-applicable,not-applicable,length,cell-text,high,2,
320f71bf493043d3,torque-drag-drillstring,1,s0001,in,in,length,m,scale,0.0254,0.0,not-applicable,not-applicable,not-applicable,length,cell-text,high,1,
320f71bf493043d3,torque-drag-drillstring,1,s0001,m,m,length,m,scale,1.0,0.0,not-applicable,not-applicable,not-applicable,length,cell-text,high,1,
332bc3b3c75e571d,torque-drag-drillstring,1,s0001,ft,ft,length,m,scale,0.3048,0.0,not-applicable,not-applicable,not-applicable,length,cell-text,high,1,
332bc3b3c75e571d,torque-drag-drillstring,1,s0001,in,in,length,m,scale,0.0254,0.0,not-applicable,not-applicable,not-applicable,length,cell-text,high,2,
332bc3b3c75e571d,torque-drag-drillstring,1,s0001,kN,kN,force,N,scale,1000.0,0.0,not-applicable,not-applicable,not-applicable,force,cell-text,high,1,
332bc3b3c75e571d,torque-drag-drillstring,1,s0001,m,m,length,m,scale,1.0,0.0,not-applicable,not-applicable,not-applicable,length,cell-text,high,1,
332bc3b3c75e571d,torque-drag-drillstring,1,s0001,mm,mm,length,m,scale,0.001,0.0,not-applicable,not-applicable,not-applicable,length,cell-text,high,2,
332bc3b3c75e571d,torque-drag-drillstring,3,s0003,ft,ft,length,m,scale,0.3048,0.0,not-applicable,not-applicable,not-applicable,length,cell-text,high,2,
332bc3b3c75e571d,torque-drag-drillstring,3,s0003,in,in,length,m,scale,0.0254,0.0,not-applicable,not-applicable,not-applicable,length,cell-text,high,1,
332bc3b3c75e571d,torque-drag-drillstring,3,s0003,m,m,length,m,scale,1.0,0.0,not-applicable,not-applicable,not-applicable,length,cell-text,high,2,
332bc3b3c75e571d,torque-drag-drillstring,3,s0003,mm,mm,length,m,scale,0.001,0.0,not-applicable,not-applicable,not-applicable,length,cell-text,high,1,
332bc3b3c75e571d,torque-drag-drillstring,2,s0002,MPa,MPa,pressure,Pa,scale,1000000.0,0.0,unspecified,not-applicable,not-applicable,pressure,cell-text,high,4,gauge-vs-absolute-and-pressure-vs-stress
332bc3b3c75e571d,torque-drag-drillstring,2,s0002,ft,ft,length,m,scale,0.3048,0.0,not-applicable,not-applicable,not-applicable,length,cell-text,high,3,
332bc3b3c75e571d,torque-drag-drillstring,2,s0002,in,in,length,m,scale,0.0254,0.0,not-applicable,not-applicable,not-applicable,length,cell-text,high,4,
332bc3b3c75e571d,torque-drag-drillstring,2,s0002,kg/m^3,kg/m^3,density,kg/m^3,scale,1.0,0.0,not-applicable,not-applicable,not-applicable,density,cell-text,high,1,mass-density-vs-mud-weight-gradient
332bc3b3c75e571d,torque-drag-drillstring,2,s0002,lbm/ft,lbm/ft,linear_mass,kg/m,scale,1.4881639436,0.0,not-applicable,not-applicable,not-applicable,linear_mass,cell-text,high,1,
332bc3b3c75e571d,torque-drag-drillstring,2,s0002,lbm/ft^3,lbm/ft^3,density,kg/m^3,scale,16.018463374,0.0,not-applicable,not-applicable,not-applicable,density,cell-text,high,1,mass-density-vs-mud-weight-gradient
332bc3b3c75e571d,torque-drag-drillstring,2,s0002,m,m,length,m,scale,1.0,0.0,not-applicable,not-applicable,not-applicable,length,cell-text,high,4,
332bc3b3c75e571d,torque-drag-drillstring,2,s0002,mm,mm,length,m,scale,0.001,0.0,not-applicable,not-applicable,not-applicable,length,cell-text,high,4,
332bc3b3c75e571d,torque-drag-drillstring,2,s0002,psi,psi,pressure,Pa,scale,6894.757293168,0.0,unspecified,not-applicable,not-applicable,pressure,cell-text,high,4,gauge-vs-absolute-and-pressure-vs-stress
343671c0857a9b3e,bha-tools,2,s0002,ft,ft,length,m,scale,0.3048,0.0,not-applicable,not-applicable,not-applicable,length,cell-text,high,4,
343671c0857a9b3e,bha-tools,2,s0002,mm,mm,length,m,scale,0.001,0.0,not-applicable,not-applicable,not-applicable,length,cell-text,high,1,
343671c0857a9b3e,bha-tools,2,s0002,ppg,ppg,density,kg/m^3,scale,119.82642732,0.0,not-applicable,not-applicable,not-applicable,mass-density-or-mud-weight,cell-text,high,1,mass-density-vs-mud-weight-gradient
343671c0857a9b3e,bha-tools,1,s0001,ft,ft,length,m,scale,0.3048,0.0,not-applicable,not-applicable,not-applicable,length,cell-text,high,5,
343671c0857a9b3e,bha-tools,1,s0001,ppg,ppg,density,kg/m^3,scale,119.82642732,0.0,not-applicable,not-applicable,not-applicable,mass-density-or-mud-weight,cell-text,high,1,mass-density-vs-mud-weight-gradient
343671c0857a9b3e,bha-tools,5,s0005,m,m,length,m,scale,1.0,0.0,not-applicable,not-applicable,not-applicable,length,cell-text,high,2,
343671c0857a9b3e,bha-tools,4,s0004,deg,deg,angle,rad,scale,0.01745329252,0.0,not-applicable,not-applicable,not-applicable,angle,cell-text,high,2,
343671c0857a9b3e,bha-tools,4,s0004,deg/30m,deg/30m,curvature,rad/m,scale,0.0005817764,0.0,not-applicable,not-applicable,not-applicable,curvature,cell-text,high,1,interval-basis-and-angle-convention
343671c0857a9b3e,bha-tools,4,s0004,m,m,length,m,scale,1.0,0.0,not-applicable,not-applicable,not-applicable,length,cell-text,high,2,
343671c0857a9b3e,bha-tools,4,s0004,rad,rad,angle,rad,scale,1.0,0.0,not-applicable,not-applicable,not-applicable,angle,cell-text,high,2,
399cbdbf28c48f34,torque-drag-drillstring,1,s0001,in,in,length,m,scale,0.0254,0.0,not-applicable,not-applicable,not-applicable,length,cell-text,high,4,
399cbdbf28c48f34,torque-drag-drillstring,1,s0001,percent,percent,fraction,1,scale,0.01,0.0,not-applicable,not-applicable,not-applicable,fraction,cell-text,high,1,
41a400bce396b5cf,bha-tools,3,s0003,ft,ft,length,m,scale,0.3048,0.0,not-applicable,not-applicable,not-applicable,length,cell-text,high,4,
41a400bce396b5cf,bha-tools,3,s0003,ppg,ppg,density,kg/m^3,scale,119.82642732,0.0,not-applicable,not-applicable,not-applicable,mass-density-or-mud-weight,cell-text,high,1,mass-density-vs-mud-weight-gradient
41a400bce396b5cf,bha-tools,3,s0003,rpm,rpm,rotational_speed,rad/s,scale,0.1047197551,0.0,not-applicable,not-applicable,not-applicable,rotational_speed,cell-text,high,2,
41a400bce396b5cf,bha-tools,2,s0002,ft,ft,length,m,scale,0.3048,0.0,not-applicable,not-applicable,not-applicable,length,cell-text,high,4,
41a400bce396b5cf,bha-tools,2,s0002,mm,mm,length,m,scale,0.001,0.0,not-applicable,not-applicable,not-applicable,length,cell-text,high,1,
41a400bce396b5cf,bha-tools,2,s0002,ppg,ppg,density,kg/m^3,scale,119.82642732,0.0,not-applicable,not-applicable,not-applicable,mass-density-or-mud-weight,cell-text,high,1,mass-density-vs-mud-weight-gradient
41a400bce396b5cf,bha-tools,1,s0001,ft,ft,length,m,scale,0.3048,0.0,not-applicable,not-applicable,not-applicable,length,cell-text,high,5,
41a400bce396b5cf,bha-tools,1,s0001,ppg,ppg,density,kg/m^3,scale,119.82642732,0.0,not-applicable,not-applicable,not-applicable,mass-density-or-mud-weight,cell-text,high,1,mass-density-vs-mud-weight-gradient
41a400bce396b5cf,bha-tools,4,s0004,ft,ft,length,m,scale,0.3048,0.0,not-applicable,not-applicable,not-applicable,length,cell-text,high,1,
41a400bce396b5cf,bha-tools,4,s0004,gal,gal,volume,m^3,scale,0.003785411784,0.0,not-applicable,not-applicable,context-required,volume,cell-text,high,1,actual-vs-standard-reference-state
41a400bce396b5cf,bha-tools,4,s0004,in,in,length,m,scale,0.0254,0.0,not-applicable,not-applicable,not-applicable,length,cell-text,high,4,
41a400bce396b5cf,bha-tools,6,s0006,deg,deg,angle,rad,scale,0.01745329252,0.0,not-applicable,not-applicable,not-applicable,angle,cell-text,high,2,
41a400bce396b5cf,bha-tools,6,s0006,deg/30m,deg/30m,curvature,rad/m,scale,0.0005817764,0.0,not-applicable,not-applicable,not-applicable,curvature,cell-text,high,1,interval-basis-and-angle-convention
41a400bce396b5cf,bha-tools,6,s0006,ft,ft,length,m,scale,0.3048,0.0,not-applicable,not-applicable,not-applicable,length,cell-text,high,3,
41a400bce396b5cf,bha-tools,6,s0006,m,m,length,m,scale,1.0,0.0,not-applicable,not-applicable,not-applicable,length,cell-text,high,4,
41a400bce396b5cf,bha-tools,6,s0006,rad,rad,angle,rad,scale,1.0,0.0,not-applicable,not-applicable,not-applicable,angle,cell-text,high,4,
431420c5c348232e,torque-drag-drillstring,1,s0001,deg,deg,angle,rad,scale,0.01745329252,0.0,not-applicable,not-applicable,not-applicable,angle,cell-text,high,1,
431420c5c348232e,torque-drag-drillstring,1,s0001,ft,ft,length,m,scale,0.3048,0.0,not-applicable,not-applicable,not-applicable,length,cell-text,high,5,
431420c5c348232e,torque-drag-drillstring,1,s0001,ppg,ppg,density,kg/m^3,scale,119.82642732,0.0,not-applicable,not-applicable,not-applicable,mass-density-or-mud-weight,cell-text,high,1,mass-density-vs-mud-weight-gradient
431420c5c348232e,torque-drag-drillstring,1,s0001,psi,psi,pressure,Pa,scale,6894.757293168,0.0,unspecified,not-applicable,not-applicable,pressure,cell-text,high,1,gauge-vs-absolute-and-pressure-vs-stress
48e84a7374ffc7ba,torque-drag-drillstring,1,s0001,N,N,force,N,scale,1.0,0.0,not-applicable,not-applicable,not-applicable,force,cell-text,high,1,
48e84a7374ffc7ba,torque-drag-drillstring,1,s0001,cP,cP,dynamic_viscosity,Pa*s,scale,0.001,0.0,not-applicable,not-applicable,not-applicable,dynamic_viscosity,cell-text,high,3,
48e84a7374ffc7ba,torque-drag-drillstring,1,s0001,deg,deg,angle,rad,scale,0.01745329252,0.0,not-applicable,not-applicable,not-applicable,angle,cell-text,high,1,
48e84a7374ffc7ba,torque-drag-drillstring,1,s0001,ft,ft,length,m,scale,0.3048,0.0,not-applicable,not-applicable,not-applicable,length,cell-text,high,3,
48e84a7374ffc7ba,torque-drag-drillstring,1,s0001,in^2,in^2,area,m^2,scale,0.00064516,0.0,not-applicable,not-applicable,not-applicable,area,cell-text,high,2,
48e84a7374ffc7ba,torque-drag-drillstring,1,s0001,in^3,in^3,volume,m^3,scale,1.6387064e-05,0.0,not-applicable,not-applicable,context-required,volume,cell-text,high,2,actual-vs-standard-reference-state
48e84a7374ffc7ba,torque-drag-drillstring,1,s0001,min,min,time,s,scale,60.0,0.0,not-applicable,not-applicable,not-applicable,time,cell-text,high,4,
48e84a7374ffc7ba,torque-drag-drillstring,1,s0001,percent,percent,fraction,1,scale,0.01,0.0,not-applicable,not-applicable,not-applicable,fraction,cell-text,high,1,
48e84a7374ffc7ba,torque-drag-drillstring,1,s0001,psi,psi,pressure,Pa,scale,6894.757293168,0.0,unspecified,not-applicable,not-applicable,pressure,cell-text,high,2,gauge-vs-absolute-and-pressure-vs-stress
48e84a7374ffc7ba,torque-drag-drillstring,2,s0002,N,N,force,N,scale,1.0,0.0,not-applicable,not-applicable,not-applicable,force,cell-text,high,1,
48e84a7374ffc7ba,torque-drag-drillstring,2,s0002,cP,cP,dynamic_viscosity,Pa*s,scale,0.001,0.0,not-applicable,not-applicable,not-applicable,dynamic_viscosity,cell-text,high,3,
48e84a7374ffc7ba,torque-drag-drillstring,2,s0002,deg,deg,angle,rad,scale,0.01745329252,0.0,not-applicable,not-applicable,not-applicable,angle,cell-text,high,1,
48e84a7374ffc7ba,torque-drag-drillstring,2,s0002,ft,ft,length,m,scale,0.3048,0.0,not-applicable,not-applicable,not-applicable,length,cell-text,high,3,
48e84a7374ffc7ba,torque-drag-drillstring,2,s0002,in^2,in^2,area,m^2,scale,0.00064516,0.0,not-applicable,not-applicable,not-applicable,area,cell-text,high,2,
48e84a7374ffc7ba,torque-drag-drillstring,2,s0002,in^3,in^3,volume,m^3,scale,1.6387064e-05,0.0,not-applicable,not-applicable,context-required,volume,cell-text,high,2,actual-vs-standard-reference-state
48e84a7374ffc7ba,torque-drag-drillstring,2,s0002,min,min,time,s,scale,60.0,0.0,not-applicable,not-applicable,not-applicable,time,cell-text,high,4,
48e84a7374ffc7ba,torque-drag-drillstring,2,s0002,percent,percent,fraction,1,scale,0.01,0.0,not-applicable,not-applicable,not-applicable,fraction,cell-text,high,1,
48e84a7374ffc7ba,torque-drag-drillstring,2,s0002,psi,psi,pressure,Pa,scale,6894.757293168,0.0,unspecified,not-applicable,not-applicable,pressure,cell-text,high,2,gauge-vs-absolute-and-pressure-vs-stress
48e84a7374ffc7ba,torque-drag-drillstring,3,s0003,N,N,force,N,scale,1.0,0.0,not-applicable,not-applicable,not-applicable,force,cell-text,high,1,
48e84a7374ffc7ba,torque-drag-drillstring,3,s0003,cP,cP,dynamic_viscosity,Pa*s,scale,0.001,0.0,not-applicable,not-applicable,not-applicable,dynamic_viscosity,cell-text,high,3,
48e84a7374ffc7ba,torque-drag-drillstring,3,s0003,deg,deg,angle,rad,scale,0.01745329252,0.0,not-applicable,not-applicable,not-applicable,angle,cell-text,high,1,
48e84a7374ffc7ba,torque-drag-drillstring,3,s0003,ft,ft,length,m,scale,0.3048,0.0,not-applicable,not-applicable,not-applicable,length,cell-text,high,3,
48e84a7374ffc7ba,torque-drag-drillstring,3,s0003,in^2,in^2,area,m^2,scale,0.00064516,0.0,not-applicable,not-applicable,not-applicable,area,cell-text,high,2,
48e84a7374ffc7ba,torque-drag-drillstring,3,s0003,in^3,in^3,volume,m^3,scale,1.6387064e-05,0.0,not-applicable,not-applicable,context-required,volume,cell-text,high,2,actual-vs-standard-reference-state
48e84a7374ffc7ba,torque-drag-drillstring,3,s0003,min,min,time,s,scale,60.0,0.0,not-applicable,not-applicable,not-applicable,time,cell-text,high,4,
48e84a7374ffc7ba,torque-drag-drillstring,3,s0003,percent,percent,fraction,1,scale,0.01,0.0,not-applicable,not-applicable,not-applicable,fraction,cell-text,high,1,
48e84a7374ffc7ba,torque-drag-drillstring,3,s0003,psi,psi,pressure,Pa,scale,6894.757293168,0.0,unspecified,not-applicable,not-applicable,pressure,cell-text,high,2,gauge-vs-absolute-and-pressure-vs-stress
4cbca8b6c3894d03,hydraulics,1,s0001,bbl,bbl,volume,m^3,scale,0.158987294928,0.0,not-applicable,not-applicable,context-required,volume,cell-text,high,6,actual-vs-standard-reference-state
4cbca8b6c3894d03,hydraulics,1,s0001,degF,degF,temperature,K,affine,0.5555555555555556,255.3722222222,not-applicable,absolute,not-applicable,temperature,cell-text,high,2,absolute-temperature-vs-temperature-difference
4cbca8b6c3894d03,hydraulics,1,s0001,h,h,time,s,scale,3600.0,0.0,not-applicable,not-applicable,not-applicable,time,cell-text,high,1,
4cbca8b6c3894d03,hydraulics,1,s0001,m,m,length,m,scale,1.0,0.0,not-applicable,not-applicable,not-applicable,length,cell-text,high,2,
4cbca8b6c3894d03,hydraulics,1,s0001,mm,mm,length,m,scale,0.001,0.0,not-applicable,not-applicable,not-applicable,length,cell-text,high,3,
4cbca8b6c3894d03,hydraulics,1,s0001,percent,percent,fraction,1,scale,0.01,0.0,not-applicable,not-applicable,not-applicable,fraction,cell-text,high,1,
4cbca8b6c3894d03,hydraulics,2,s0002,bbl,bbl,volume,m^3,scale,0.158987294928,0.0,not-applicable,not-applicable,context-required,volume,cell-text,high,6,actual-vs-standard-reference-state
4cbca8b6c3894d03,hydraulics,2,s0002,degF,degF,temperature,K,affine,0.5555555555555556,255.3722222222,not-applicable,absolute,not-applicable,temperature,cell-text,high,2,absolute-temperature-vs-temperature-difference
4cbca8b6c3894d03,hydraulics,2,s0002,h,h,time,s,scale,3600.0,0.0,not-applicable,not-applicable,not-applicable,time,cell-text,high,1,
4cbca8b6c3894d03,hydraulics,2,s0002,m,m,length,m,scale,1.0,0.0,not-applicable,not-applicable,not-applicable,length,cell-text,high,2,
4cbca8b6c3894d03,hydraulics,2,s0002,mm,mm,length,m,scale,0.001,0.0,not-applicable,not-applicable,not-applicable,length,cell-text,high,3,
4cbca8b6c3894d03,hydraulics,2,s0002,percent,percent,fraction,1,scale,0.01,0.0,not-applicable,not-applicable,not-applicable,fraction,cell-text,high,1,
4d958ab4bc13174c,hydraulics,3,s0003,gal/min,gal/min,volumetric_flow,m^3/s,scale,6.30901964e-05,0.0,not-applicable,not-applicable,context-required,volumetric_flow,cell-text,high,6,actual-vs-standard-reference-state
4d958ab4bc13174c,hydraulics,3,s0003,ppg,ppg,density,kg/m^3,scale,119.82642732,0.0,not-applicable,not-applicable,not-applicable,mass-density-or-mud-weight,cell-text,high,1,mass-density-vs-mud-weight-gradient
4d958ab4bc13174c,hydraulics,3,s0003,psi,psi,pressure,Pa,scale,6894.757293168,0.0,unspecified,not-applicable,not-applicable,pressure,cell-text,high,5,gauge-vs-absolute-and-pressure-vs-stress
4d958ab4bc13174c,hydraulics,3,s0003,rpm,rpm,rotational_speed,rad/s,scale,0.1047197551,0.0,not-applicable,not-applicable,not-applicable,rotational_speed,cell-text,high,6,
4d958ab4bc13174c,hydraulics,1,s0001,cP,cP,dynamic_viscosity,Pa*s,scale,0.001,0.0,not-applicable,not-applicable,not-applicable,dynamic_viscosity,cell-text,high,1,
4d958ab4bc13174c,hydraulics,1,s0001,ft,ft,length,m,scale,0.3048,0.0,not-applicable,not-applicable,not-applicable,length,cell-text,high,9,
4d958ab4bc13174c,hydraulics,1,s0001,ft/h,ft/h,penetration_rate,m/s,scale,8.466666666666667e-05,0.0,not-applicable,not-applicable,not-applicable,penetration_rate,cell-text,high,1,
4d958ab4bc13174c,hydraulics,1,s0001,ft^2,ft^2,area,m^2,scale,0.09290304,0.0,not-applicable,not-applicable,not-applicable,area,cell-text,high,4,
4d958ab4bc13174c,hydraulics,1,s0001,gal/min,gal/min,volumetric_flow,m^3/s,scale,6.30901964e-05,0.0,not-applicable,not-applicable,context-required,volumetric_flow,cell-text,high,1,actual-vs-standard-reference-state
4d958ab4bc13174c,hydraulics,1,s0001,in,in,length,m,scale,0.0254,0.0,not-applicable,not-applicable,not-applicable,length,cell-text,high,5,
4d958ab4bc13174c,hydraulics,1,s0001,min,min,time,s,scale,60.0,0.0,not-applicable,not-applicable,not-applicable,time,cell-text,high,1,
4d958ab4bc13174c,hydraulics,1,s0001,mm,mm,length,m,scale,0.001,0.0,not-applicable,not-applicable,not-applicable,length,number-format,medium,1,
4d958ab4bc13174c,hydraulics,1,s0001,ppg,ppg,density,kg/m^3,scale,119.82642732,0.0,not-applicable,not-applicable,not-applicable,mass-density-or-mud-weight,cell-text,high,1,mass-density-vs-mud-weight-gradient
4d958ab4bc13174c,hydraulics,1,s0001,psi,psi,pressure,Pa,scale,6894.757293168,0.0,unspecified,not-applicable,not-applicable,pressure,cell-text,high,1,gauge-vs-absolute-and-pressure-vs-stress
4d958ab4bc13174c,hydraulics,1,s0001,rad,rad,angle,rad,scale,1.0,0.0,not-applicable,not-applicable,not-applicable,angle,cell-text,high,1,
4d958ab4bc13174c,hydraulics,1,s0001,rpm,rpm,rotational_speed,rad/s,scale,0.1047197551,0.0,not-applicable,not-applicable,not-applicable,rotational_speed,cell-text,high,1,
4d958ab4bc13174c,hydraulics,2,s0002,ft,ft,length,m,scale,0.3048,0.0,not-applicable,not-applicable,not-applicable,length,cell-text,high,20,
4d958ab4bc13174c,hydraulics,2,s0002,ft/h,ft/h,penetration_rate,m/s,scale,8.466666666666667e-05,0.0,not-applicable,not-applicable,not-applicable,penetration_rate,cell-text,high,10,
4d958ab4bc13174c,hydraulics,2,s0002,gal/min,gal/min,volumetric_flow,m^3/s,scale,6.30901964e-05,0.0,not-applicable,not-applicable,context-required,volumetric_flow,cell-text,high,10,actual-vs-standard-reference-state
4d958ab4bc13174c,hydraulics,2,s0002,psi,psi,pressure,Pa,scale,6894.757293168,0.0,unspecified,not-applicable,not-applicable,pressure,cell-text,high,60,gauge-vs-absolute-and-pressure-vs-stress
4d958ab4bc13174c,hydraulics,2,s0002,rpm,rpm,rotational_speed,rad/s,scale,0.1047197551,0.0,not-applicable,not-applicable,not-applicable,rotational_speed,cell-text,high,10,
53335805f35b505d,uncategorized,3,s0003,gal/min,gal/min,volumetric_flow,m^3/s,scale,6.30901964e-05,0.0,not-applicable,not-applicable,context-required,volumetric_flow,cell-text,high,6,actual-vs-standard-reference-state
53335805f35b505d,uncategorized,3,s0003,ppg,ppg,density,kg/m^3,scale,119.82642732,0.0,not-applicable,not-applicable,not-applicable,mass-density-or-mud-weight,cell-text,high,1,mass-density-vs-mud-weight-gradient
53335805f35b505d,uncategorized,3,s0003,psi,psi,pressure,Pa,scale,6894.757293168,0.0,unspecified,not-applicable,not-applicable,pressure,cell-text,high,5,gauge-vs-absolute-and-pressure-vs-stress
53335805f35b505d,uncategorized,3,s0003,rpm,rpm,rotational_speed,rad/s,scale,0.1047197551,0.0,not-applicable,not-applicable,not-applicable,rotational_speed,cell-text,high,6,
53335805f35b505d,uncategorized,1,s0001,cP,cP,dynamic_viscosity,Pa*s,scale,0.001,0.0,not-applicable,not-applicable,not-applicable,dynamic_viscosity,cell-text,high,2,
53335805f35b505d,uncategorized,1,s0001,ft,ft,length,m,scale,0.3048,0.0,not-applicable,not-applicable,not-applicable,length,cell-text,high,4,
53335805f35b505d,uncategorized,1,s0001,ft/h,ft/h,penetration_rate,m/s,scale,8.466666666666667e-05,0.0,not-applicable,not-applicable,not-applicable,penetration_rate,cell-text,high,1,
53335805f35b505d,uncategorized,1,s0001,ft^2,ft^2,area,m^2,scale,0.09290304,0.0,not-applicable,not-applicable,not-applicable,area,cell-text,high,2,
53335805f35b505d,uncategorized,1,s0001,gal/min,gal/min,volumetric_flow,m^3/s,scale,6.30901964e-05,0.0,not-applicable,not-applicable,context-required,volumetric_flow,cell-text,high,1,actual-vs-standard-reference-state
53335805f35b505d,uncategorized,1,s0001,in,in,length,m,scale,0.0254,0.0,not-applicable,not-applicable,not-applicable,length,cell-text,high,5,
53335805f35b505d,uncategorized,1,s0001,min,min,time,s,scale,60.0,0.0,not-applicable,not-applicable,not-applicable,time,cell-text,high,1,
53335805f35b505d,uncategorized,1,s0001,ppg,ppg,density,kg/m^3,scale,119.82642732,0.0,not-applicable,not-applicable,not-applicable,mass-density-or-mud-weight,cell-text,high,1,mass-density-vs-mud-weight-gradient
53335805f35b505d,uncategorized,1,s0001,psi,psi,pressure,Pa,scale,6894.757293168,0.0,unspecified,not-applicable,not-applicable,pressure,cell-text,high,1,gauge-vs-absolute-and-pressure-vs-stress
53335805f35b505d,uncategorized,1,s0001,rpm,rpm,rotational_speed,rad/s,scale,0.1047197551,0.0,not-applicable,not-applicable,not-applicable,rotational_speed,cell-text,high,1,
53335805f35b505d,uncategorized,2,s0002,ft,ft,length,m,scale,0.3048,0.0,not-applicable,not-applicable,not-applicable,length,cell-text,high,20,
53335805f35b505d,uncategorized,2,s0002,ft/h,ft/h,penetration_rate,m/s,scale,8.466666666666667e-05,0.0,not-applicable,not-applicable,not-applicable,penetration_rate,cell-text,high,10,
53335805f35b505d,uncategorized,2,s0002,gal/min,gal/min,volumetric_flow,m^3/s,scale,6.30901964e-05,0.0,not-applicable,not-applicable,context-required,volumetric_flow,cell-text,high,10,actual-vs-standard-reference-state
53335805f35b505d,uncategorized,2,s0002,psi,psi,pressure,Pa,scale,6894.757293168,0.0,unspecified,not-applicable,not-applicable,pressure,cell-text,high,60,gauge-vs-absolute-and-pressure-vs-stress
53335805f35b505d,uncategorized,2,s0002,rpm,rpm,rotational_speed,rad/s,scale,0.1047197551,0.0,not-applicable,not-applicable,not-applicable,rotational_speed,cell-text,high,10,
56583a81cfd6535e,hydraulics,3,s0003,gal/min,gal/min,volumetric_flow,m^3/s,scale,6.30901964e-05,0.0,not-applicable,not-applicable,context-required,volumetric_flow,cell-text,high,6,actual-vs-standard-reference-state
56583a81cfd6535e,hydraulics,3,s0003,ppg,ppg,density,kg/m^3,scale,119.82642732,0.0,not-applicable,not-applicable,not-applicable,mass-density-or-mud-weight,cell-text,high,1,mass-density-vs-mud-weight-gradient
56583a81cfd6535e,hydraulics,3,s0003,psi,psi,pressure,Pa,scale,6894.757293168,0.0,unspecified,not-applicable,not-applicable,pressure,cell-text,high,5,gauge-vs-absolute-and-pressure-vs-stress
56583a81cfd6535e,hydraulics,3,s0003,rpm,rpm,rotational_speed,rad/s,scale,0.1047197551,0.0,not-applicable,not-applicable,not-applicable,rotational_speed,cell-text,high,6,
56583a81cfd6535e,hydraulics,1,s0001,cP,cP,dynamic_viscosity,Pa*s,scale,0.001,0.0,not-applicable,not-applicable,not-applicable,dynamic_viscosity,cell-text,high,1,
56583a81cfd6535e,hydraulics,1,s0001,ft,ft,length,m,scale,0.3048,0.0,not-applicable,not-applicable,not-applicable,length,cell-text,high,9,
56583a81cfd6535e,hydraulics,1,s0001,ft/h,ft/h,penetration_rate,m/s,scale,8.466666666666667e-05,0.0,not-applicable,not-applicable,not-applicable,penetration_rate,cell-text,high,1,
56583a81cfd6535e,hydraulics,1,s0001,ft^2,ft^2,area,m^2,scale,0.09290304,0.0,not-applicable,not-applicable,not-applicable,area,cell-text,high,4,
56583a81cfd6535e,hydraulics,1,s0001,gal/min,gal/min,volumetric_flow,m^3/s,scale,6.30901964e-05,0.0,not-applicable,not-applicable,context-required,volumetric_flow,cell-text,high,1,actual-vs-standard-reference-state
56583a81cfd6535e,hydraulics,1,s0001,in,in,length,m,scale,0.0254,0.0,not-applicable,not-applicable,not-applicable,length,cell-text,high,5,
56583a81cfd6535e,hydraulics,1,s0001,min,min,time,s,scale,60.0,0.0,not-applicable,not-applicable,not-applicable,time,cell-text,high,1,
56583a81cfd6535e,hydraulics,1,s0001,mm,mm,length,m,scale,0.001,0.0,not-applicable,not-applicable,not-applicable,length,number-format,medium,1,
56583a81cfd6535e,hydraulics,1,s0001,ppg,ppg,density,kg/m^3,scale,119.82642732,0.0,not-applicable,not-applicable,not-applicable,mass-density-or-mud-weight,cell-text,high,1,mass-density-vs-mud-weight-gradient
56583a81cfd6535e,hydraulics,1,s0001,psi,psi,pressure,Pa,scale,6894.757293168,0.0,unspecified,not-applicable,not-applicable,pressure,cell-text,high,1,gauge-vs-absolute-and-pressure-vs-stress
56583a81cfd6535e,hydraulics,1,s0001,rad,rad,angle,rad,scale,1.0,0.0,not-applicable,not-applicable,not-applicable,angle,cell-text,high,1,
56583a81cfd6535e,hydraulics,1,s0001,rpm,rpm,rotational_speed,rad/s,scale,0.1047197551,0.0,not-applicable,not-applicable,not-applicable,rotational_speed,cell-text,high,1,
56583a81cfd6535e,hydraulics,2,s0002,ft,ft,length,m,scale,0.3048,0.0,not-applicable,not-applicable,not-applicable,length,cell-text,high,20,
56583a81cfd6535e,hydraulics,2,s0002,ft/h,ft/h,penetration_rate,m/s,scale,8.466666666666667e-05,0.0,not-applicable,not-applicable,not-applicable,penetration_rate,cell-text,high,10,
56583a81cfd6535e,hydraulics,2,s0002,gal/min,gal/min,volumetric_flow,m^3/s,scale,6.30901964e-05,0.0,not-applicable,not-applicable,context-required,volumetric_flow,cell-text,high,10,actual-vs-standard-reference-state
56583a81cfd6535e,hydraulics,2,s0002,psi,psi,pressure,Pa,scale,6894.757293168,0.0,unspecified,not-applicable,not-applicable,pressure,cell-text,high,60,gauge-vs-absolute-and-pressure-vs-stress
56583a81cfd6535e,hydraulics,2,s0002,rpm,rpm,rotational_speed,rad/s,scale,0.1047197551,0.0,not-applicable,not-applicable,not-applicable,rotational_speed,cell-text,high,10,
5692bbb13d3ca49e,bha-tools,1,s0001,ft/min,ft/min,velocity,m/s,scale,0.00508,0.0,not-applicable,not-applicable,not-applicable,velocity,cell-text,high,1,
5692bbb13d3ca49e,bha-tools,1,s0001,in,in,length,m,scale,0.0254,0.0,not-applicable,not-applicable,not-applicable,length,cell-text,high,5,
5692bbb13d3ca49e,bha-tools,1,s0001,min,min,time,s,scale,60.0,0.0,not-applicable,not-applicable,not-applicable,time,cell-text,high,1,
5692bbb13d3ca49e,bha-tools,1,s0001,psi,psi,pressure,Pa,scale,6894.757293168,0.0,unspecified,not-applicable,not-applicable,pressure,cell-text,high,2,gauge-vs-absolute-and-pressure-vs-stress
5692bbb13d3ca49e,bha-tools,1,s0001,rpm,rpm,rotational_speed,rad/s,scale,0.1047197551,0.0,not-applicable,not-applicable,not-applicable,rotational_speed,cell-text,high,1,
581aa9ad4b0e03f1,bha-tools,2,s0002,deg,deg,angle,rad,scale,0.01745329252,0.0,not-applicable,not-applicable,not-applicable,angle,cell-text,high,2,
581aa9ad4b0e03f1,bha-tools,2,s0002,ft,ft,length,m,scale,0.3048,0.0,not-applicable,not-applicable,not-applicable,length,cell-text,high,2,
581aa9ad4b0e03f1,bha-tools,2,s0002,m,m,length,m,scale,1.0,0.0,not-applicable,not-applicable,not-applicable,length,cell-text,high,1,
581aa9ad4b0e03f1,bha-tools,2,s0002,rpm,rpm,rotational_speed,rad/s,scale,0.1047197551,0.0,not-applicable,not-applicable,not-applicable,rotational_speed,cell-text,high,1,
581aa9ad4b0e03f1,bha-tools,5,s0005,mm,mm,length,m,scale,0.001,0.0,not-applicable,not-applicable,not-applicable,length,cell-text,high,140,
5a338156f0e62d7c,torque-drag-drillstring,1,s0001,ft,ft,length,m,scale,0.3048,0.0,not-applicable,not-applicable,not-applicable,length,cell-text,high,1,
5a338156f0e62d7c,torque-drag-drillstring,1,s0001,in,in,length,m,scale,0.0254,0.0,not-applicable,not-applicable,not-applicable,length,cell-text,high,2,
5a338156f0e62d7c,torque-drag-drillstring,1,s0001,kN,kN,force,N,scale,1000.0,0.0,not-applicable,not-applicable,not-applicable,force,cell-text,high,1,
5a338156f0e62d7c,torque-drag-drillstring,1,s0001,m,m,length,m,scale,1.0,0.0,not-applicable,not-applicable,not-applicable,length,cell-text,high,1,
5a338156f0e62d7c,torque-drag-drillstring,1,s0001,mm,mm,length,m,scale,0.001,0.0,not-applicable,not-applicable,not-applicable,length,cell-text,high,2,
5a338156f0e62d7c,torque-drag-drillstring,3,s0003,ft,ft,length,m,scale,0.3048,0.0,not-applicable,not-applicable,not-applicable,length,cell-text,high,2,
5a338156f0e62d7c,torque-drag-drillstring,3,s0003,in,in,length,m,scale,0.0254,0.0,not-applicable,not-applicable,not-applicable,length,cell-text,high,1,
5a338156f0e62d7c,torque-drag-drillstring,3,s0003,m,m,length,m,scale,1.0,0.0,not-applicable,not-applicable,not-applicable,length,cell-text,high,2,
5a338156f0e62d7c,torque-drag-drillstring,3,s0003,mm,mm,length,m,scale,0.001,0.0,not-applicable,not-applicable,not-applicable,length,cell-text,high,1,
5a338156f0e62d7c,torque-drag-drillstring,2,s0002,MPa,MPa,pressure,Pa,scale,1000000.0,0.0,unspecified,not-applicable,not-applicable,pressure,cell-text,high,4,gauge-vs-absolute-and-pressure-vs-stress
5a338156f0e62d7c,torque-drag-drillstring,2,s0002,ft,ft,length,m,scale,0.3048,0.0,not-applicable,not-applicable,not-applicable,length,cell-text,high,2,
5a338156f0e62d7c,torque-drag-drillstring,2,s0002,in,in,length,m,scale,0.0254,0.0,not-applicable,not-applicable,not-applicable,length,cell-text,high,5,
5a338156f0e62d7c,torque-drag-drillstring,2,s0002,kg/m^3,kg/m^3,density,kg/m^3,scale,1.0,0.0,not-applicable,not-applicable,not-applicable,density,cell-text,high,1,mass-density-vs-mud-weight-gradient
5a338156f0e62d7c,torque-drag-drillstring,2,s0002,lbm/ft,lbm/ft,linear_mass,kg/m,scale,1.4881639436,0.0,not-applicable,not-applicable,not-applicable,linear_mass,cell-text,high,1,
5a338156f0e62d7c,torque-drag-drillstring,2,s0002,lbm/ft^3,lbm/ft^3,density,kg/m^3,scale,16.018463374,0.0,not-applicable,not-applicable,not-applicable,density,cell-text,high,1,mass-density-vs-mud-weight-gradient
5a338156f0e62d7c,torque-drag-drillstring,2,s0002,m,m,length,m,scale,1.0,0.0,not-applicable,not-applicable,not-applicable,length,cell-text,high,4,
5a338156f0e62d7c,torque-drag-drillstring,2,s0002,mm,mm,length,m,scale,0.001,0.0,not-applicable,not-applicable,not-applicable,length,cell-text,high,4,
5a338156f0e62d7c,torque-drag-drillstring,2,s0002,psi,psi,pressure,Pa,scale,6894.757293168,0.0,unspecified,not-applicable,not-applicable,pressure,cell-text,high,4,gauge-vs-absolute-and-pressure-vs-stress
659bcaadadb110f0,torque-drag-drillstring,3,s0003,ft,ft,length,m,scale,0.3048,0.0,not-applicable,not-applicable,not-applicable,length,cell-text,high,2,
659bcaadadb110f0,torque-drag-drillstring,3,s0003,ft*lbf,ft*lbf,torque,N*m,scale,1.3558179483,0.0,not-applicable,not-applicable,not-applicable,torque,cell-text,high,1,torque-vs-energy
659bcaadadb110f0,torque-drag-drillstring,3,s0003,lbf,lbf,force,N,scale,4.4482216153,0.0,not-applicable,not-applicable,not-applicable,force,cell-text,high,2,
659bcaadadb110f0,torque-drag-drillstring,4,s0004,deg,deg,angle,rad,scale,0.01745329252,0.0,not-applicable,not-applicable,not-applicable,angle,cell-text,high,2,
659bcaadadb110f0,torque-drag-drillstring,4,s0004,ft,ft,length,m,scale,0.3048,0.0,not-applicable,not-applicable,not-applicable,length,cell-text,high,2,
659bcaadadb110f0,torque-drag-drillstring,4,s0004,ft*lbf,ft*lbf,torque,N*m,scale,1.3558179483,0.0,not-applicable,not-applicable,not-applicable,torque,cell-text,high,1,torque-vs-energy
659bcaadadb110f0,torque-drag-drillstring,4,s0004,lbf,lbf,force,N,scale,4.4482216153,0.0,not-applicable,not-applicable,not-applicable,force,cell-text,high,2,
65e07d7859867671,hydraulics,1,s0001,deg,deg,angle,rad,scale,0.01745329252,0.0,not-applicable,not-applicable,not-applicable,angle,cell-text,high,1,
65e07d7859867671,hydraulics,1,s0001,ft,ft,length,m,scale,0.3048,0.0,not-applicable,not-applicable,not-applicable,length,cell-text,high,4,
65e07d7859867671,hydraulics,1,s0001,ft/h,ft/h,penetration_rate,m/s,scale,8.466666666666667e-05,0.0,not-applicable,not-applicable,not-applicable,penetration_rate,cell-text,high,1,
65e07d7859867671,hydraulics,1,s0001,ft^2,ft^2,area,m^2,scale,0.09290304,0.0,not-applicable,not-applicable,not-applicable,area,cell-text,high,1,
65e07d7859867671,hydraulics,1,s0001,gal/min,gal/min,volumetric_flow,m^3/s,scale,6.30901964e-05,0.0,not-applicable,not-applicable,context-required,volumetric_flow,cell-text,high,1,actual-vs-standard-reference-state
65e07d7859867671,hydraulics,1,s0001,in,in,length,m,scale,0.0254,0.0,not-applicable,not-applicable,not-applicable,length,cell-text,high,4,
65e07d7859867671,hydraulics,1,s0001,lbf,lbf,force,N,scale,4.4482216153,0.0,not-applicable,not-applicable,not-applicable,force,cell-text,high,1,
65e07d7859867671,hydraulics,1,s0001,lbm/ft^3,lbm/ft^3,density,kg/m^3,scale,16.018463374,0.0,not-applicable,not-applicable,not-applicable,density,cell-text,high,1,mass-density-vs-mud-weight-gradient
65e07d7859867671,hydraulics,1,s0001,ppg,ppg,density,kg/m^3,scale,119.82642732,0.0,not-applicable,not-applicable,not-applicable,mass-density-or-mud-weight,cell-text,high,1,mass-density-vs-mud-weight-gradient
65e07d7859867671,hydraulics,11,s0011,ft,ft,length,m,scale,0.3048,0.0,not-applicable,not-applicable,not-applicable,length,cell-text,high,219,
65e07d7859867671,hydraulics,11,s0011,in,in,length,m,scale,0.0254,0.0,not-applicable,not-applicable,not-applicable,length,cell-text,high,3,
65e07d7859867671,hydraulics,11,s0011,lbf,lbf,force,N,scale,4.4482216153,0.0,not-applicable,not-applicable,not-applicable,force,cell-text,high,1,
65e07d7859867671,hydraulics,11,s0011,min,min,time,s,scale,60.0,0.0,not-applicable,not-applicable,not-applicable,time,cell-text,high,2,
65e07d7859867671,hydraulics,11,s0011,rpm,rpm,rotational_speed,rad/s,scale,0.1047197551,0.0,not-applicable,not-applicable,not-applicable,rotational_speed,cell-text,high,1,
65e07d7859867671,hydraulics,13,s0013,in,in,length,m,scale,0.0254,0.0,not-applicable,not-applicable,not-applicable,length,cell-text,high,4,
65e07d7859867671,hydraulics,13,s0013,lbm/ft,lbm/ft,linear_mass,kg/m,scale,1.4881639436,0.0,not-applicable,not-applicable,not-applicable,linear_mass,cell-text,high,129,
65e07d7859867671,hydraulics,12,s0012,ft,ft,length,m,scale,0.3048,0.0,not-applicable,not-applicable,not-applicable,length,cell-text,high,1,
65e07d7859867671,hydraulics,12,s0012,in,in,length,m,scale,0.0254,0.0,not-applicable,not-applicable,not-applicable,length,cell-text,high,4,
65e07d7859867671,hydraulics,12,s0012,lbf,lbf,force,N,scale,4.4482216153,0.0,not-applicable,not-applicable,not-applicable,force,cell-text,high,1,
65e07d7859867671,hydraulics,12,s0012,lbm/ft,lbm/ft,linear_mass,kg/m,scale,1.4881639436,0.0,not-applicable,not-applicable,not-applicable,linear_mass,cell-text,high,21,
65e07d7859867671,hydraulics,10,s0010,ft,ft,length,m,scale,0.3048,0.0,not-applicable,not-applicable,not-applicable,length,cell-text,high,16,
65e07d7859867671,hydraulics,10,s0010,min,min,time,s,scale,60.0,0.0,not-applicable,not-applicable,not-applicable,time,cell-text,high,3,
65e07d7859867671,hydraulics,3,s0003,Pa,Pa,pressure,Pa,scale,1.0,0.0,unspecified,not-applicable,not-applicable,pressure,cell-text,high,1,gauge-vs-absolute-and-pressure-vs-stress
65e07d7859867671,hydraulics,3,s0003,ft,ft,length,m,scale,0.3048,0.0,not-applicable,not-applicable,not-applicable,length,cell-text,high,3,
65e07d7859867671,hydraulics,3,s0003,lbf,lbf,force,N,scale,4.4482216153,0.0,not-applicable,not-applicable,not-applicable,force,cell-text,high,1,
65e07d7859867671,hydraulics,3,s0003,m^2,m^2,area,m^2,scale,1.0,0.0,not-applicable,not-applicable,not-applicable,area,cell-text,high,1,
65e07d7859867671,hydraulics,3,s0003,percent,percent,fraction,1,scale,0.01,0.0,not-applicable,not-applicable,not-applicable,fraction,cell-text,high,1,
65e07d7859867671,hydraulics,3,s0003,rpm,rpm,rotational_speed,rad/s,scale,0.1047197551,0.0,not-applicable,not-applicable,not-applicable,rotational_speed,cell-text,high,1,
65e07d7859867671,hydraulics,6,s0006,ft,ft,length,m,scale,0.3048,0.0,not-applicable,not-applicable,not-applicable,length,cell-text,high,10,
65e07d7859867671,hydraulics,9,s0009,ft,ft,length,m,scale,0.3048,0.0,not-applicable,not-applicable,not-applicable,length,cell-text,high,4,
65e07d7859867671,hydraulics,9,s0009,min,min,time,s,scale,60.0,0.0,not-applicable,not-applicable,not-applicable,time,cell-text,high,3,
69b5527651746601,hydraulics,3,s0003,gal/min,gal/min,volumetric_flow,m^3/s,scale,6.30901964e-05,0.0,not-applicable,not-applicable,context-required,volumetric_flow,cell-text,high,6,actual-vs-standard-reference-state
69b5527651746601,hydraulics,3,s0003,ppg,ppg,density,kg/m^3,scale,119.82642732,0.0,not-applicable,not-applicable,not-applicable,mass-density-or-mud-weight,cell-text,high,1,mass-density-vs-mud-weight-gradient
69b5527651746601,hydraulics,3,s0003,psi,psi,pressure,Pa,scale,6894.757293168,0.0,unspecified,not-applicable,not-applicable,pressure,cell-text,high,5,gauge-vs-absolute-and-pressure-vs-stress
69b5527651746601,hydraulics,3,s0003,rpm,rpm,rotational_speed,rad/s,scale,0.1047197551,0.0,not-applicable,not-applicable,not-applicable,rotational_speed,cell-text,high,6,
69b5527651746601,hydraulics,1,s0001,cP,cP,dynamic_viscosity,Pa*s,scale,0.001,0.0,not-applicable,not-applicable,not-applicable,dynamic_viscosity,cell-text,high,1,
69b5527651746601,hydraulics,1,s0001,ft,ft,length,m,scale,0.3048,0.0,not-applicable,not-applicable,not-applicable,length,cell-text,high,9,
69b5527651746601,hydraulics,1,s0001,ft/h,ft/h,penetration_rate,m/s,scale,8.466666666666667e-05,0.0,not-applicable,not-applicable,not-applicable,penetration_rate,cell-text,high,1,
69b5527651746601,hydraulics,1,s0001,ft^2,ft^2,area,m^2,scale,0.09290304,0.0,not-applicable,not-applicable,not-applicable,area,cell-text,high,4,
69b5527651746601,hydraulics,1,s0001,gal/min,gal/min,volumetric_flow,m^3/s,scale,6.30901964e-05,0.0,not-applicable,not-applicable,context-required,volumetric_flow,cell-text,high,1,actual-vs-standard-reference-state
69b5527651746601,hydraulics,1,s0001,in,in,length,m,scale,0.0254,0.0,not-applicable,not-applicable,not-applicable,length,cell-text,high,5,
69b5527651746601,hydraulics,1,s0001,min,min,time,s,scale,60.0,0.0,not-applicable,not-applicable,not-applicable,time,cell-text,high,1,
69b5527651746601,hydraulics,1,s0001,mm,mm,length,m,scale,0.001,0.0,not-applicable,not-applicable,not-applicable,length,number-format,medium,1,
69b5527651746601,hydraulics,1,s0001,ppg,ppg,density,kg/m^3,scale,119.82642732,0.0,not-applicable,not-applicable,not-applicable,mass-density-or-mud-weight,cell-text,high,1,mass-density-vs-mud-weight-gradient
69b5527651746601,hydraulics,1,s0001,psi,psi,pressure,Pa,scale,6894.757293168,0.0,unspecified,not-applicable,not-applicable,pressure,cell-text,high,1,gauge-vs-absolute-and-pressure-vs-stress
69b5527651746601,hydraulics,1,s0001,rad,rad,angle,rad,scale,1.0,0.0,not-applicable,not-applicable,not-applicable,angle,cell-text,high,1,
69b5527651746601,hydraulics,1,s0001,rpm,rpm,rotational_speed,rad/s,scale,0.1047197551,0.0,not-applicable,not-applicable,not-applicable,rotational_speed,cell-text,high,1,
69b5527651746601,hydraulics,2,s0002,ft,ft,length,m,scale,0.3048,0.0,not-applicable,not-applicable,not-applicable,length,cell-text,high,20,
69b5527651746601,hydraulics,2,s0002,ft/h,ft/h,penetration_rate,m/s,scale,8.466666666666667e-05,0.0,not-applicable,not-applicable,not-applicable,penetration_rate,cell-text,high,10,
69b5527651746601,hydraulics,2,s0002,gal/min,gal/min,volumetric_flow,m^3/s,scale,6.30901964e-05,0.0,not-applicable,not-applicable,context-required,volumetric_flow,cell-text,high,10,actual-vs-standard-reference-state
69b5527651746601,hydraulics,2,s0002,psi,psi,pressure,Pa,scale,6894.757293168,0.0,unspecified,not-applicable,not-applicable,pressure,cell-text,high,60,gauge-vs-absolute-and-pressure-vs-stress
69b5527651746601,hydraulics,2,s0002,rpm,rpm,rotational_speed,rad/s,scale,0.1047197551,0.0,not-applicable,not-applicable,not-applicable,rotational_speed,cell-text,high,10,
6abd1401132ecde4,hydraulics,3,s0003,gal/min,gal/min,volumetric_flow,m^3/s,scale,6.30901964e-05,0.0,not-applicable,not-applicable,context-required,volumetric_flow,cell-text,high,6,actual-vs-standard-reference-state
6abd1401132ecde4,hydraulics,3,s0003,ppg,ppg,density,kg/m^3,scale,119.82642732,0.0,not-applicable,not-applicable,not-applicable,mass-density-or-mud-weight,cell-text,high,1,mass-density-vs-mud-weight-gradient
6abd1401132ecde4,hydraulics,3,s0003,psi,psi,pressure,Pa,scale,6894.757293168,0.0,unspecified,not-applicable,not-applicable,pressure,cell-text,high,5,gauge-vs-absolute-and-pressure-vs-stress
6abd1401132ecde4,hydraulics,3,s0003,rpm,rpm,rotational_speed,rad/s,scale,0.1047197551,0.0,not-applicable,not-applicable,not-applicable,rotational_speed,cell-text,high,6,
6abd1401132ecde4,hydraulics,1,s0001,cP,cP,dynamic_viscosity,Pa*s,scale,0.001,0.0,not-applicable,not-applicable,not-applicable,dynamic_viscosity,cell-text,high,1,
6abd1401132ecde4,hydraulics,1,s0001,ft,ft,length,m,scale,0.3048,0.0,not-applicable,not-applicable,not-applicable,length,cell-text,high,9,
6abd1401132ecde4,hydraulics,1,s0001,ft/h,ft/h,penetration_rate,m/s,scale,8.466666666666667e-05,0.0,not-applicable,not-applicable,not-applicable,penetration_rate,cell-text,high,1,
6abd1401132ecde4,hydraulics,1,s0001,ft^2,ft^2,area,m^2,scale,0.09290304,0.0,not-applicable,not-applicable,not-applicable,area,cell-text,high,4,
6abd1401132ecde4,hydraulics,1,s0001,gal/min,gal/min,volumetric_flow,m^3/s,scale,6.30901964e-05,0.0,not-applicable,not-applicable,context-required,volumetric_flow,cell-text,high,1,actual-vs-standard-reference-state
6abd1401132ecde4,hydraulics,1,s0001,in,in,length,m,scale,0.0254,0.0,not-applicable,not-applicable,not-applicable,length,cell-text,high,5,
6abd1401132ecde4,hydraulics,1,s0001,min,min,time,s,scale,60.0,0.0,not-applicable,not-applicable,not-applicable,time,cell-text,high,1,
6abd1401132ecde4,hydraulics,1,s0001,mm,mm,length,m,scale,0.001,0.0,not-applicable,not-applicable,not-applicable,length,number-format,medium,1,
6abd1401132ecde4,hydraulics,1,s0001,ppg,ppg,density,kg/m^3,scale,119.82642732,0.0,not-applicable,not-applicable,not-applicable,mass-density-or-mud-weight,cell-text,high,1,mass-density-vs-mud-weight-gradient
6abd1401132ecde4,hydraulics,1,s0001,psi,psi,pressure,Pa,scale,6894.757293168,0.0,unspecified,not-applicable,not-applicable,pressure,cell-text,high,1,gauge-vs-absolute-and-pressure-vs-stress
6abd1401132ecde4,hydraulics,1,s0001,rad,rad,angle,rad,scale,1.0,0.0,not-applicable,not-applicable,not-applicable,angle,cell-text,high,1,
6abd1401132ecde4,hydraulics,1,s0001,rpm,rpm,rotational_speed,rad/s,scale,0.1047197551,0.0,not-applicable,not-applicable,not-applicable,rotational_speed,cell-text,high,1,
6abd1401132ecde4,hydraulics,2,s0002,ft,ft,length,m,scale,0.3048,0.0,not-applicable,not-applicable,not-applicable,length,cell-text,high,20,
6abd1401132ecde4,hydraulics,2,s0002,ft/h,ft/h,penetration_rate,m/s,scale,8.466666666666667e-05,0.0,not-applicable,not-applicable,not-applicable,penetration_rate,cell-text,high,10,
6abd1401132ecde4,hydraulics,2,s0002,gal/min,gal/min,volumetric_flow,m^3/s,scale,6.30901964e-05,0.0,not-applicable,not-applicable,context-required,volumetric_flow,cell-text,high,10,actual-vs-standard-reference-state
6abd1401132ecde4,hydraulics,2,s0002,psi,psi,pressure,Pa,scale,6894.757293168,0.0,unspecified,not-applicable,not-applicable,pressure,cell-text,high,60,gauge-vs-absolute-and-pressure-vs-stress
6abd1401132ecde4,hydraulics,2,s0002,rpm,rpm,rotational_speed,rad/s,scale,0.1047197551,0.0,not-applicable,not-applicable,not-applicable,rotational_speed,cell-text,high,10,
779e267fd49f229e,directional,2,s0002,deg,deg,angle,rad,scale,0.01745329252,0.0,not-applicable,not-applicable,not-applicable,angle,cell-text,high,5,
779e267fd49f229e,directional,2,s0002,ft,ft,length,m,scale,0.3048,0.0,not-applicable,not-applicable,not-applicable,length,cell-text,high,21,
779e267fd49f229e,directional,2,s0002,h,h,time,s,scale,3600.0,0.0,not-applicable,not-applicable,not-applicable,time,cell-text,high,1,
779e267fd49f229e,directional,2,s0002,rad,rad,angle,rad,scale,1.0,0.0,not-applicable,not-applicable,not-applicable,angle,cell-text,high,2,
779e267fd49f229e,directional,3,s0003,s,s,time,s,scale,1.0,0.0,not-applicable,not-applicable,not-applicable,time,cell-text,high,1,
779e267fd49f229e,directional,7,s0007,percent,percent,fraction,1,scale,0.01,0.0,not-applicable,not-applicable,not-applicable,fraction,cell-text,high,2,
779e267fd49f229e,directional,1,s0001,percent,percent,fraction,1,scale,0.01,0.0,not-applicable,not-applicable,not-applicable,fraction,cell-text,high,2,
779e267fd49f229e,directional,8,s0008,ft,ft,length,m,scale,0.3048,0.0,not-applicable,not-applicable,not-applicable,length,cell-text,high,2,
779fd4af0ea2b337,hydraulics,3,s0003,gal/min,gal/min,volumetric_flow,m^3/s,scale,6.30901964e-05,0.0,not-applicable,not-applicable,context-required,volumetric_flow,cell-text,high,6,actual-vs-standard-reference-state
779fd4af0ea2b337,hydraulics,3,s0003,ppg,ppg,density,kg/m^3,scale,119.82642732,0.0,not-applicable,not-applicable,not-applicable,mass-density-or-mud-weight,cell-text,high,1,mass-density-vs-mud-weight-gradient
779fd4af0ea2b337,hydraulics,3,s0003,psi,psi,pressure,Pa,scale,6894.757293168,0.0,unspecified,not-applicable,not-applicable,pressure,cell-text,high,5,gauge-vs-absolute-and-pressure-vs-stress
779fd4af0ea2b337,hydraulics,3,s0003,rpm,rpm,rotational_speed,rad/s,scale,0.1047197551,0.0,not-applicable,not-applicable,not-applicable,rotational_speed,cell-text,high,6,
779fd4af0ea2b337,hydraulics,1,s0001,cP,cP,dynamic_viscosity,Pa*s,scale,0.001,0.0,not-applicable,not-applicable,not-applicable,dynamic_viscosity,cell-text,high,1,
779fd4af0ea2b337,hydraulics,1,s0001,ft,ft,length,m,scale,0.3048,0.0,not-applicable,not-applicable,not-applicable,length,cell-text,high,9,
779fd4af0ea2b337,hydraulics,1,s0001,ft/h,ft/h,penetration_rate,m/s,scale,8.466666666666667e-05,0.0,not-applicable,not-applicable,not-applicable,penetration_rate,cell-text,high,1,
779fd4af0ea2b337,hydraulics,1,s0001,ft^2,ft^2,area,m^2,scale,0.09290304,0.0,not-applicable,not-applicable,not-applicable,area,cell-text,high,4,
779fd4af0ea2b337,hydraulics,1,s0001,gal/min,gal/min,volumetric_flow,m^3/s,scale,6.30901964e-05,0.0,not-applicable,not-applicable,context-required,volumetric_flow,cell-text,high,1,actual-vs-standard-reference-state
779fd4af0ea2b337,hydraulics,1,s0001,in,in,length,m,scale,0.0254,0.0,not-applicable,not-applicable,not-applicable,length,cell-text,high,5,
779fd4af0ea2b337,hydraulics,1,s0001,min,min,time,s,scale,60.0,0.0,not-applicable,not-applicable,not-applicable,time,cell-text,high,1,
779fd4af0ea2b337,hydraulics,1,s0001,mm,mm,length,m,scale,0.001,0.0,not-applicable,not-applicable,not-applicable,length,number-format,medium,1,
779fd4af0ea2b337,hydraulics,1,s0001,ppg,ppg,density,kg/m^3,scale,119.82642732,0.0,not-applicable,not-applicable,not-applicable,mass-density-or-mud-weight,cell-text,high,1,mass-density-vs-mud-weight-gradient
779fd4af0ea2b337,hydraulics,1,s0001,psi,psi,pressure,Pa,scale,6894.757293168,0.0,unspecified,not-applicable,not-applicable,pressure,cell-text,high,1,gauge-vs-absolute-and-pressure-vs-stress
779fd4af0ea2b337,hydraulics,1,s0001,rad,rad,angle,rad,scale,1.0,0.0,not-applicable,not-applicable,not-applicable,angle,cell-text,high,1,
779fd4af0ea2b337,hydraulics,1,s0001,rpm,rpm,rotational_speed,rad/s,scale,0.1047197551,0.0,not-applicable,not-applicable,not-applicable,rotational_speed,cell-text,high,1,
779fd4af0ea2b337,hydraulics,2,s0002,ft,ft,length,m,scale,0.3048,0.0,not-applicable,not-applicable,not-applicable,length,cell-text,high,20,
779fd4af0ea2b337,hydraulics,2,s0002,ft/h,ft/h,penetration_rate,m/s,scale,8.466666666666667e-05,0.0,not-applicable,not-applicable,not-applicable,penetration_rate,cell-text,high,10,
779fd4af0ea2b337,hydraulics,2,s0002,gal/min,gal/min,volumetric_flow,m^3/s,scale,6.30901964e-05,0.0,not-applicable,not-applicable,context-required,volumetric_flow,cell-text,high,10,actual-vs-standard-reference-state
779fd4af0ea2b337,hydraulics,2,s0002,psi,psi,pressure,Pa,scale,6894.757293168,0.0,unspecified,not-applicable,not-applicable,pressure,cell-text,high,60,gauge-vs-absolute-and-pressure-vs-stress
779fd4af0ea2b337,hydraulics,2,s0002,rpm,rpm,rotational_speed,rad/s,scale,0.1047197551,0.0,not-applicable,not-applicable,not-applicable,rotational_speed,cell-text,high,10,
787752da0f1ca014,general-drilling,1,s0001,bbl,bbl,volume,m^3,scale,0.158987294928,0.0,not-applicable,not-applicable,context-required,volume,cell-text,high,1,actual-vs-standard-reference-state
787752da0f1ca014,general-drilling,1,s0001,ft,ft,length,m,scale,0.3048,0.0,not-applicable,not-applicable,not-applicable,length,cell-text,high,10,
787752da0f1ca014,general-drilling,1,s0001,h,h,time,s,scale,3600.0,0.0,not-applicable,not-applicable,not-applicable,time,cell-text,high,2,
787752da0f1ca014,general-drilling,1,s0001,m,m,length,m,scale,1.0,0.0,not-applicable,not-applicable,not-applicable,length,cell-text,high,6,
787752da0f1ca014,general-drilling,1,s0001,mm,mm,length,m,scale,0.001,0.0,not-applicable,not-applicable,not-applicable,length,cell-text,high,6,
787752da0f1ca014,general-drilling,1,s0001,percent,percent,fraction,1,scale,0.01,0.0,not-applicable,not-applicable,not-applicable,fraction,cell-text,high,1,
787752da0f1ca014,general-drilling,2,s0002,bbl,bbl,volume,m^3,scale,0.158987294928,0.0,not-applicable,not-applicable,context-required,volume,cell-text,high,1,actual-vs-standard-reference-state
787752da0f1ca014,general-drilling,2,s0002,ft,ft,length,m,scale,0.3048,0.0,not-applicable,not-applicable,not-applicable,length,cell-text,high,10,
787752da0f1ca014,general-drilling,2,s0002,h,h,time,s,scale,3600.0,0.0,not-applicable,not-applicable,not-applicable,time,cell-text,high,2,
787752da0f1ca014,general-drilling,2,s0002,m,m,length,m,scale,1.0,0.0,not-applicable,not-applicable,not-applicable,length,cell-text,high,6,
787752da0f1ca014,general-drilling,2,s0002,mm,mm,length,m,scale,0.001,0.0,not-applicable,not-applicable,not-applicable,length,cell-text,high,6,
787752da0f1ca014,general-drilling,2,s0002,percent,percent,fraction,1,scale,0.01,0.0,not-applicable,not-applicable,not-applicable,fraction,cell-text,high,1,
787752da0f1ca014,general-drilling,3,s0003,bbl,bbl,volume,m^3,scale,0.158987294928,0.0,not-applicable,not-applicable,context-required,volume,cell-text,high,1,actual-vs-standard-reference-state
787752da0f1ca014,general-drilling,3,s0003,ft,ft,length,m,scale,0.3048,0.0,not-applicable,not-applicable,not-applicable,length,cell-text,high,10,
787752da0f1ca014,general-drilling,3,s0003,h,h,time,s,scale,3600.0,0.0,not-applicable,not-applicable,not-applicable,time,cell-text,high,2,
787752da0f1ca014,general-drilling,3,s0003,m,m,length,m,scale,1.0,0.0,not-applicable,not-applicable,not-applicable,length,cell-text,high,6,
787752da0f1ca014,general-drilling,3,s0003,mm,mm,length,m,scale,0.001,0.0,not-applicable,not-applicable,not-applicable,length,cell-text,high,6,
787752da0f1ca014,general-drilling,3,s0003,percent,percent,fraction,1,scale,0.01,0.0,not-applicable,not-applicable,not-applicable,fraction,cell-text,high,1,
787752da0f1ca014,general-drilling,4,s0004,bbl,bbl,volume,m^3,scale,0.158987294928,0.0,not-applicable,not-applicable,context-required,volume,cell-text,high,1,actual-vs-standard-reference-state
787752da0f1ca014,general-drilling,4,s0004,ft,ft,length,m,scale,0.3048,0.0,not-applicable,not-applicable,not-applicable,length,cell-text,high,10,
787752da0f1ca014,general-drilling,4,s0004,h,h,time,s,scale,3600.0,0.0,not-applicable,not-applicable,not-applicable,time,cell-text,high,2,
787752da0f1ca014,general-drilling,4,s0004,m,m,length,m,scale,1.0,0.0,not-applicable,not-applicable,not-applicable,length,cell-text,high,6,
787752da0f1ca014,general-drilling,4,s0004,mm,mm,length,m,scale,0.001,0.0,not-applicable,not-applicable,not-applicable,length,cell-text,high,6,
787752da0f1ca014,general-drilling,4,s0004,percent,percent,fraction,1,scale,0.01,0.0,not-applicable,not-applicable,not-applicable,fraction,cell-text,high,1,
7a610befec9d9d7c,bha-tools,2,s0002,N*m,N*m,torque,N*m,scale,1.0,0.0,not-applicable,not-applicable,not-applicable,torque,cell-text,high,1,torque-vs-energy
7a610befec9d9d7c,bha-tools,2,s0002,bbl,bbl,volume,m^3,scale,0.158987294928,0.0,not-applicable,not-applicable,context-required,volume,cell-text,high,1,actual-vs-standard-reference-state
7a610befec9d9d7c,bha-tools,2,s0002,deg,deg,angle,rad,scale,0.01745329252,0.0,not-applicable,not-applicable,not-applicable,angle,cell-text,high,1,
7a610befec9d9d7c,bha-tools,2,s0002,kPa,kPa,pressure,Pa,scale,1000.0,0.0,unspecified,not-applicable,not-applicable,pressure,cell-text,high,1,gauge-vs-absolute-and-pressure-vs-stress
7a610befec9d9d7c,bha-tools,2,s0002,kg,kg,mass,kg,scale,1.0,0.0,not-applicable,not-applicable,not-applicable,mass,cell-text,high,1,
7a610befec9d9d7c,bha-tools,2,s0002,kg/m,kg/m,linear_mass,kg/m,scale,1.0,0.0,not-applicable,not-applicable,not-applicable,linear_mass,cell-text,high,6,
7a610befec9d9d7c,bha-tools,2,s0002,lbm/ft,lbm/ft,linear_mass,kg/m,scale,1.4881639436,0.0,not-applicable,not-applicable,not-applicable,linear_mass,cell-text,high,2,
7a610befec9d9d7c,bha-tools,2,s0002,m,m,length,m,scale,1.0,0.0,not-applicable,not-applicable,not-applicable,length,cell-text,high,5,
7a610befec9d9d7c,bha-tools,2,s0002,m/h,m/h,penetration_rate,m/s,scale,0.0002777777777777778,0.0,not-applicable,not-applicable,not-applicable,penetration_rate,cell-text,high,1,
7a610befec9d9d7c,bha-tools,2,s0002,m^2,m^2,area,m^2,scale,1.0,0.0,not-applicable,not-applicable,not-applicable,area,cell-text,high,1,
7a610befec9d9d7c,bha-tools,2,s0002,mm,mm,length,m,scale,0.001,0.0,not-applicable,not-applicable,not-applicable,length,cell-text,high,6,
7a610befec9d9d7c,bha-tools,2,s0002,rpm,rpm,rotational_speed,rad/s,scale,0.1047197551,0.0,not-applicable,not-applicable,not-applicable,rotational_speed,cell-text,high,2,
7a610befec9d9d7c,bha-tools,1,s0001,N*m,N*m,torque,N*m,scale,1.0,0.0,not-applicable,not-applicable,not-applicable,torque,cell-text,high,1,torque-vs-energy
7a610befec9d9d7c,bha-tools,1,s0001,deg,deg,angle,rad,scale,0.01745329252,0.0,not-applicable,not-applicable,not-applicable,angle,cell-text,high,1,
7a610befec9d9d7c,bha-tools,1,s0001,kPa,kPa,pressure,Pa,scale,1000.0,0.0,unspecified,not-applicable,not-applicable,pressure,cell-text,high,1,gauge-vs-absolute-and-pressure-vs-stress
7a610befec9d9d7c,bha-tools,1,s0001,kg,kg,mass,kg,scale,1.0,0.0,not-applicable,not-applicable,not-applicable,mass,cell-text,high,1,
7a610befec9d9d7c,bha-tools,1,s0001,kg/m,kg/m,linear_mass,kg/m,scale,1.0,0.0,not-applicable,not-applicable,not-applicable,linear_mass,cell-text,high,6,
7a610befec9d9d7c,bha-tools,1,s0001,lbm/ft,lbm/ft,linear_mass,kg/m,scale,1.4881639436,0.0,not-applicable,not-applicable,not-applicable,linear_mass,cell-text,high,2,
7a610befec9d9d7c,bha-tools,1,s0001,m,m,length,m,scale,1.0,0.0,not-applicable,not-applicable,not-applicable,length,cell-text,high,5,
7a610befec9d9d7c,bha-tools,1,s0001,m/h,m/h,penetration_rate,m/s,scale,0.0002777777777777778,0.0,not-applicable,not-applicable,not-applicable,penetration_rate,cell-text,high,1,
7a610befec9d9d7c,bha-tools,1,s0001,m^2,m^2,area,m^2,scale,1.0,0.0,not-applicable,not-applicable,not-applicable,area,cell-text,high,1,
7a610befec9d9d7c,bha-tools,1,s0001,mm,mm,length,m,scale,0.001,0.0,not-applicable,not-applicable,not-applicable,length,cell-text,high,6,
7a610befec9d9d7c,bha-tools,1,s0001,rpm,rpm,rotational_speed,rad/s,scale,0.1047197551,0.0,not-applicable,not-applicable,not-applicable,rotational_speed,cell-text,high,2,
7e5801830b4e42cc,hydraulics,1,s0001,gal/min,gal/min,volumetric_flow,m^3/s,scale,6.30901964e-05,0.0,not-applicable,not-applicable,context-required,volumetric_flow,cell-text,high,2,actual-vs-standard-reference-state
7e5801830b4e42cc,hydraulics,1,s0001,hp,hp,power,W,scale,745.69987158,0.0,not-applicable,not-applicable,not-applicable,power,cell-text,high,2,
7e5801830b4e42cc,hydraulics,1,s0001,ppg,ppg,density,kg/m^3,scale,119.82642732,0.0,not-applicable,not-applicable,not-applicable,mass-density-or-mud-weight,cell-text,high,1,mass-density-vs-mud-weight-gradient
7e5801830b4e42cc,hydraulics,1,s0001,psi,psi,pressure,Pa,scale,6894.757293168,0.0,unspecified,not-applicable,not-applicable,pressure,cell-text,high,5,gauge-vs-absolute-and-pressure-vs-stress
7e5801830b4e42cc,hydraulics,1,s0001,s,s,time,s,scale,1.0,0.0,not-applicable,not-applicable,not-applicable,time,cell-text,high,2,
7e5801830b4e42cc,hydraulics,2,s0002,gal/min,gal/min,volumetric_flow,m^3/s,scale,6.30901964e-05,0.0,not-applicable,not-applicable,context-required,volumetric_flow,cell-text,high,2,actual-vs-standard-reference-state
7e5801830b4e42cc,hydraulics,2,s0002,hp,hp,power,W,scale,745.69987158,0.0,not-applicable,not-applicable,not-applicable,power,cell-text,high,2,
7e5801830b4e42cc,hydraulics,2,s0002,ppg,ppg,density,kg/m^3,scale,119.82642732,0.0,not-applicable,not-applicable,not-applicable,mass-density-or-mud-weight,cell-text,high,1,mass-density-vs-mud-weight-gradient
7e5801830b4e42cc,hydraulics,2,s0002,psi,psi,pressure,Pa,scale,6894.757293168,0.0,unspecified,not-applicable,not-applicable,pressure,cell-text,high,5,gauge-vs-absolute-and-pressure-vs-stress
7e5801830b4e42cc,hydraulics,2,s0002,s,s,time,s,scale,1.0,0.0,not-applicable,not-applicable,not-applicable,time,cell-text,high,2,
7e74eb7c519c8177,bha-tools,3,s0003,ft,ft,length,m,scale,0.3048,0.0,not-applicable,not-applicable,not-applicable,length,cell-text,high,4,
7e74eb7c519c8177,bha-tools,3,s0003,ppg,ppg,density,kg/m^3,scale,119.82642732,0.0,not-applicable,not-applicable,not-applicable,mass-density-or-mud-weight,cell-text,high,1,mass-density-vs-mud-weight-gradient
7e74eb7c519c8177,bha-tools,3,s0003,rpm,rpm,rotational_speed,rad/s,scale,0.1047197551,0.0,not-applicable,not-applicable,not-applicable,rotational_speed,cell-text,high,2,
7e74eb7c519c8177,bha-tools,2,s0002,ft,ft,length,m,scale,0.3048,0.0,not-applicable,not-applicable,not-applicable,length,cell-text,high,4,
7e74eb7c519c8177,bha-tools,2,s0002,mm,mm,length,m,scale,0.001,0.0,not-applicable,not-applicable,not-applicable,length,cell-text,high,1,
7e74eb7c519c8177,bha-tools,2,s0002,ppg,ppg,density,kg/m^3,scale,119.82642732,0.0,not-applicable,not-applicable,not-applicable,mass-density-or-mud-weight,cell-text,high,1,mass-density-vs-mud-weight-gradient
7e74eb7c519c8177,bha-tools,1,s0001,ft,ft,length,m,scale,0.3048,0.0,not-applicable,not-applicable,not-applicable,length,cell-text,high,5,
7e74eb7c519c8177,bha-tools,1,s0001,ppg,ppg,density,kg/m^3,scale,119.82642732,0.0,not-applicable,not-applicable,not-applicable,mass-density-or-mud-weight,cell-text,high,1,mass-density-vs-mud-weight-gradient
7e74eb7c519c8177,bha-tools,4,s0004,ft,ft,length,m,scale,0.3048,0.0,not-applicable,not-applicable,not-applicable,length,cell-text,high,1,
7e74eb7c519c8177,bha-tools,4,s0004,gal,gal,volume,m^3,scale,0.003785411784,0.0,not-applicable,not-applicable,context-required,volume,cell-text,high,1,actual-vs-standard-reference-state
7e74eb7c519c8177,bha-tools,4,s0004,in,in,length,m,scale,0.0254,0.0,not-applicable,not-applicable,not-applicable,length,cell-text,high,4,
7e74eb7c519c8177,bha-tools,6,s0006,deg,deg,angle,rad,scale,0.01745329252,0.0,not-applicable,not-applicable,not-applicable,angle,cell-text,high,2,
7e74eb7c519c8177,bha-tools,6,s0006,deg/30m,deg/30m,curvature,rad/m,scale,0.0005817764,0.0,not-applicable,not-applicable,not-applicable,curvature,cell-text,high,1,interval-basis-and-angle-convention
7e74eb7c519c8177,bha-tools,6,s0006,ft,ft,length,m,scale,0.3048,0.0,not-applicable,not-applicable,not-applicable,length,cell-text,high,3,
7e74eb7c519c8177,bha-tools,6,s0006,m,m,length,m,scale,1.0,0.0,not-applicable,not-applicable,not-applicable,length,cell-text,high,4,
7e74eb7c519c8177,bha-tools,6,s0006,rad,rad,angle,rad,scale,1.0,0.0,not-applicable,not-applicable,not-applicable,angle,cell-text,high,6,
7ebe5b47d502226d,bha-tools,3,s0003,ft,ft,length,m,scale,0.3048,0.0,not-applicable,not-applicable,not-applicable,length,cell-text,high,4,
7ebe5b47d502226d,bha-tools,3,s0003,ppg,ppg,density,kg/m^3,scale,119.82642732,0.0,not-applicable,not-applicable,not-applicable,mass-density-or-mud-weight,cell-text,high,1,mass-density-vs-mud-weight-gradient
7ebe5b47d502226d,bha-tools,3,s0003,rpm,rpm,rotational_speed,rad/s,scale,0.1047197551,0.0,not-applicable,not-applicable,not-applicable,rotational_speed,cell-text,high,2,
7ebe5b47d502226d,bha-tools,2,s0002,ft,ft,length,m,scale,0.3048,0.0,not-applicable,not-applicable,not-applicable,length,cell-text,high,4,
7ebe5b47d502226d,bha-tools,2,s0002,mm,mm,length,m,scale,0.001,0.0,not-applicable,not-applicable,not-applicable,length,cell-text,high,1,
7ebe5b47d502226d,bha-tools,2,s0002,ppg,ppg,density,kg/m^3,scale,119.82642732,0.0,not-applicable,not-applicable,not-applicable,mass-density-or-mud-weight,cell-text,high,1,mass-density-vs-mud-weight-gradient
7ebe5b47d502226d,bha-tools,1,s0001,ft,ft,length,m,scale,0.3048,0.0,not-applicable,not-applicable,not-applicable,length,cell-text,high,5,
7ebe5b47d502226d,bha-tools,1,s0001,ppg,ppg,density,kg/m^3,scale,119.82642732,0.0,not-applicable,not-applicable,not-applicable,mass-density-or-mud-weight,cell-text,high,1,mass-density-vs-mud-weight-gradient
7ebe5b47d502226d,bha-tools,4,s0004,ft,ft,length,m,scale,0.3048,0.0,not-applicable,not-applicable,not-applicable,length,cell-text,high,1,
7ebe5b47d502226d,bha-tools,4,s0004,gal,gal,volume,m^3,scale,0.003785411784,0.0,not-applicable,not-applicable,context-required,volume,cell-text,high,1,actual-vs-standard-reference-state
7ebe5b47d502226d,bha-tools,4,s0004,in,in,length,m,scale,0.0254,0.0,not-applicable,not-applicable,not-applicable,length,cell-text,high,4,
7ebe5b47d502226d,bha-tools,6,s0006,deg,deg,angle,rad,scale,0.01745329252,0.0,not-applicable,not-applicable,not-applicable,angle,cell-text,high,2,
7ebe5b47d502226d,bha-tools,6,s0006,deg/30m,deg/30m,curvature,rad/m,scale,0.0005817764,0.0,not-applicable,not-applicable,not-applicable,curvature,cell-text,high,1,interval-basis-and-angle-convention
7ebe5b47d502226d,bha-tools,6,s0006,ft,ft,length,m,scale,0.3048,0.0,not-applicable,not-applicable,not-applicable,length,cell-text,high,3,
7ebe5b47d502226d,bha-tools,6,s0006,m,m,length,m,scale,1.0,0.0,not-applicable,not-applicable,not-applicable,length,cell-text,high,4,
7ebe5b47d502226d,bha-tools,6,s0006,rad,rad,angle,rad,scale,1.0,0.0,not-applicable,not-applicable,not-applicable,angle,cell-text,high,4,
80929f251aead383,hydraulics,3,s0003,gal/min,gal/min,volumetric_flow,m^3/s,scale,6.30901964e-05,0.0,not-applicable,not-applicable,context-required,volumetric_flow,cell-text,high,6,actual-vs-standard-reference-state
80929f251aead383,hydraulics,3,s0003,ppg,ppg,density,kg/m^3,scale,119.82642732,0.0,not-applicable,not-applicable,not-applicable,mass-density-or-mud-weight,cell-text,high,1,mass-density-vs-mud-weight-gradient
80929f251aead383,hydraulics,3,s0003,psi,psi,pressure,Pa,scale,6894.757293168,0.0,unspecified,not-applicable,not-applicable,pressure,cell-text,high,5,gauge-vs-absolute-and-pressure-vs-stress
80929f251aead383,hydraulics,3,s0003,rpm,rpm,rotational_speed,rad/s,scale,0.1047197551,0.0,not-applicable,not-applicable,not-applicable,rotational_speed,cell-text,high,6,
80929f251aead383,hydraulics,1,s0001,cP,cP,dynamic_viscosity,Pa*s,scale,0.001,0.0,not-applicable,not-applicable,not-applicable,dynamic_viscosity,cell-text,high,1,
80929f251aead383,hydraulics,1,s0001,ft,ft,length,m,scale,0.3048,0.0,not-applicable,not-applicable,not-applicable,length,cell-text,high,9,
80929f251aead383,hydraulics,1,s0001,ft/h,ft/h,penetration_rate,m/s,scale,8.466666666666667e-05,0.0,not-applicable,not-applicable,not-applicable,penetration_rate,cell-text,high,1,
80929f251aead383,hydraulics,1,s0001,ft^2,ft^2,area,m^2,scale,0.09290304,0.0,not-applicable,not-applicable,not-applicable,area,cell-text,high,4,
80929f251aead383,hydraulics,1,s0001,gal/min,gal/min,volumetric_flow,m^3/s,scale,6.30901964e-05,0.0,not-applicable,not-applicable,context-required,volumetric_flow,cell-text,high,1,actual-vs-standard-reference-state
80929f251aead383,hydraulics,1,s0001,in,in,length,m,scale,0.0254,0.0,not-applicable,not-applicable,not-applicable,length,cell-text,high,5,
80929f251aead383,hydraulics,1,s0001,min,min,time,s,scale,60.0,0.0,not-applicable,not-applicable,not-applicable,time,cell-text,high,1,
80929f251aead383,hydraulics,1,s0001,mm,mm,length,m,scale,0.001,0.0,not-applicable,not-applicable,not-applicable,length,number-format,medium,1,
80929f251aead383,hydraulics,1,s0001,ppg,ppg,density,kg/m^3,scale,119.82642732,0.0,not-applicable,not-applicable,not-applicable,mass-density-or-mud-weight,cell-text,high,1,mass-density-vs-mud-weight-gradient
80929f251aead383,hydraulics,1,s0001,psi,psi,pressure,Pa,scale,6894.757293168,0.0,unspecified,not-applicable,not-applicable,pressure,cell-text,high,1,gauge-vs-absolute-and-pressure-vs-stress
80929f251aead383,hydraulics,1,s0001,rad,rad,angle,rad,scale,1.0,0.0,not-applicable,not-applicable,not-applicable,angle,cell-text,high,1,
80929f251aead383,hydraulics,1,s0001,rpm,rpm,rotational_speed,rad/s,scale,0.1047197551,0.0,not-applicable,not-applicable,not-applicable,rotational_speed,cell-text,high,1,
80929f251aead383,hydraulics,2,s0002,ft,ft,length,m,scale,0.3048,0.0,not-applicable,not-applicable,not-applicable,length,cell-text,high,20,
80929f251aead383,hydraulics,2,s0002,ft/h,ft/h,penetration_rate,m/s,scale,8.466666666666667e-05,0.0,not-applicable,not-applicable,not-applicable,penetration_rate,cell-text,high,10,
80929f251aead383,hydraulics,2,s0002,gal/min,gal/min,volumetric_flow,m^3/s,scale,6.30901964e-05,0.0,not-applicable,not-applicable,context-required,volumetric_flow,cell-text,high,10,actual-vs-standard-reference-state
80929f251aead383,hydraulics,2,s0002,psi,psi,pressure,Pa,scale,6894.757293168,0.0,unspecified,not-applicable,not-applicable,pressure,cell-text,high,60,gauge-vs-absolute-and-pressure-vs-stress
80929f251aead383,hydraulics,2,s0002,rpm,rpm,rotational_speed,rad/s,scale,0.1047197551,0.0,not-applicable,not-applicable,not-applicable,rotational_speed,cell-text,high,10,
86bfc7a842aae7f0,hydraulics,1,s0001,cP,cP,dynamic_viscosity,Pa*s,scale,0.001,0.0,not-applicable,not-applicable,not-applicable,dynamic_viscosity,cell-text,high,6,
86bfc7a842aae7f0,hydraulics,1,s0001,ft^2,ft^2,area,m^2,scale,0.09290304,0.0,not-applicable,not-applicable,not-applicable,area,cell-text,high,24,
86bfc7a842aae7f0,hydraulics,1,s0001,ppg,ppg,density,kg/m^3,scale,119.82642732,0.0,not-applicable,not-applicable,not-applicable,mass-density-or-mud-weight,cell-text,high,6,mass-density-vs-mud-weight-gradient
86e1a87c92bcaf52,bha-tools,3,s0003,MPa,MPa,pressure,Pa,scale,1000000.0,0.0,unspecified,not-applicable,not-applicable,pressure,cell-text,high,4,gauge-vs-absolute-and-pressure-vs-stress
86e1a87c92bcaf52,bha-tools,3,s0003,kg/m^3,kg/m^3,density,kg/m^3,scale,1.0,0.0,not-applicable,not-applicable,not-applicable,density,cell-text,high,1,mass-density-vs-mud-weight-gradient
86e1a87c92bcaf52,bha-tools,3,s0003,m,m,length,m,scale,1.0,0.0,not-applicable,not-applicable,not-applicable,length,cell-text,high,1,
86e1a87c92bcaf52,bha-tools,3,s0003,mm,mm,length,m,scale,0.001,0.0,not-applicable,not-applicable,not-applicable,length,cell-text,high,5,
86e1a87c92bcaf52,bha-tools,1,s0001,kN,kN,force,N,scale,1000.0,0.0,not-applicable,not-applicable,not-applicable,force,cell-text,high,1,
86e1a87c92bcaf52,bha-tools,1,s0001,m,m,length,m,scale,1.0,0.0,not-applicable,not-applicable,not-applicable,length,cell-text,high,1,
86e1a87c92bcaf52,bha-tools,1,s0001,mm,mm,length,m,scale,0.001,0.0,not-applicable,not-applicable,not-applicable,length,cell-text,high,2,
86e1a87c92bcaf52,bha-tools,2,s0002,MPa,MPa,pressure,Pa,scale,1000000.0,0.0,unspecified,not-applicable,not-applicable,pressure,cell-text,high,4,gauge-vs-absolute-and-pressure-vs-stress
86e1a87c92bcaf52,bha-tools,2,s0002,kg/m^3,kg/m^3,density,kg/m^3,scale,1.0,0.0,not-applicable,not-applicable,not-applicable,density,cell-text,high,1,mass-density-vs-mud-weight-gradient
86e1a87c92bcaf52,bha-tools,2,s0002,m,m,length,m,scale,1.0,0.0,not-applicable,not-applicable,not-applicable,length,cell-text,high,2,
86e1a87c92bcaf52,bha-tools,2,s0002,mm,mm,length,m,scale,0.001,0.0,not-applicable,not-applicable,not-applicable,length,cell-text,high,4,
86e1a87c92bcaf52,bha-tools,4,s0004,ft,ft,length,m,scale,0.3048,0.0,not-applicable,not-applicable,not-applicable,length,cell-text,high,1,
86e1a87c92bcaf52,bha-tools,4,s0004,in,in,length,m,scale,0.0254,0.0,not-applicable,not-applicable,not-applicable,length,cell-text,high,2,
86e1a87c92bcaf52,bha-tools,4,s0004,kN,kN,force,N,scale,1000.0,0.0,not-applicable,not-applicable,not-applicable,force,cell-text,high,1,
86e1a87c92bcaf52,bha-tools,4,s0004,m,m,length,m,scale,1.0,0.0,not-applicable,not-applicable,not-applicable,length,cell-text,high,1,
86e1a87c92bcaf52,bha-tools,4,s0004,mm,mm,length,m,scale,0.001,0.0,not-applicable,not-applicable,not-applicable,length,cell-text,high,2,
86e1a87c92bcaf52,bha-tools,5,s0005,MPa,MPa,pressure,Pa,scale,1000000.0,0.0,unspecified,not-applicable,not-applicable,pressure,cell-text,high,4,gauge-vs-absolute-and-pressure-vs-stress
86e1a87c92bcaf52,bha-tools,5,s0005,in,in,length,m,scale,0.0254,0.0,not-applicable,not-applicable,not-applicable,length,cell-text,high,5,
86e1a87c92bcaf52,bha-tools,5,s0005,kg/m^3,kg/m^3,density,kg/m^3,scale,1.0,0.0,not-applicable,not-applicable,not-applicable,density,cell-text,high,1,mass-density-vs-mud-weight-gradient
86e1a87c92bcaf52,bha-tools,5,s0005,lbf,lbf,force,N,scale,4.4482216153,0.0,not-applicable,not-applicable,not-applicable,force,cell-text,high,2,
86e1a87c92bcaf52,bha-tools,5,s0005,lbm/ft,lbm/ft,linear_mass,kg/m,scale,1.4881639436,0.0,not-applicable,not-applicable,not-applicable,linear_mass,cell-text,high,1,
86e1a87c92bcaf52,bha-tools,5,s0005,lbm/ft^3,lbm/ft^3,density,kg/m^3,scale,16.018463374,0.0,not-applicable,not-applicable,not-applicable,density,cell-text,high,1,mass-density-vs-mud-weight-gradient
86e1a87c92bcaf52,bha-tools,5,s0005,m,m,length,m,scale,1.0,0.0,not-applicable,not-applicable,not-applicable,length,cell-text,high,1,
86e1a87c92bcaf52,bha-tools,5,s0005,mm,mm,length,m,scale,0.001,0.0,not-applicable,not-applicable,not-applicable,length,cell-text,high,5,
86e1a87c92bcaf52,bha-tools,5,s0005,psi,psi,pressure,Pa,scale,6894.757293168,0.0,unspecified,not-applicable,not-applicable,pressure,cell-text,high,4,gauge-vs-absolute-and-pressure-vs-stress
8798ede1448cb8e6,bha-tools,1,s0001,min,min,time,s,scale,60.0,0.0,not-applicable,not-applicable,not-applicable,time,cell-text,high,4,
8b22cd9c8f783873,bha-tools,6,s0006,ft,ft,length,m,scale,0.3048,0.0,not-applicable,not-applicable,not-applicable,length,cell-text,high,2,
8b22cd9c8f783873,bha-tools,6,s0006,hp,hp,power,W,scale,745.69987158,0.0,not-applicable,not-applicable,not-applicable,power,cell-text,high,1,
8b22cd9c8f783873,bha-tools,6,s0006,in,in,length,m,scale,0.0254,0.0,not-applicable,not-applicable,not-applicable,length,cell-text,high,9,
8b22cd9c8f783873,bha-tools,6,s0006,kg,kg,mass,kg,scale,1.0,0.0,not-applicable,not-applicable,not-applicable,mass,cell-text,high,4,
8b22cd9c8f783873,bha-tools,6,s0006,m,m,length,m,scale,1.0,0.0,not-applicable,not-applicable,not-applicable,length,cell-text,high,3,
8b22cd9c8f783873,bha-tools,6,s0006,specific-gravity,specific-gravity,density_ratio,1,scale,1.0,0.0,not-applicable,not-applicable,not-applicable,density_ratio,cell-text,high,1,
8b22cd9c8f783873,bha-tools,7,s0007,ft,ft,length,m,scale,0.3048,0.0,not-applicable,not-applicable,not-applicable,length,cell-text,high,2,
8b22cd9c8f783873,bha-tools,7,s0007,hp,hp,power,W,scale,745.69987158,0.0,not-applicable,not-applicable,not-applicable,power,cell-text,high,1,
8b22cd9c8f783873,bha-tools,7,s0007,in,in,length,m,scale,0.0254,0.0,not-applicable,not-applicable,not-applicable,length,cell-text,high,9,
8b22cd9c8f783873,bha-tools,7,s0007,kg,kg,mass,kg,scale,1.0,0.0,not-applicable,not-applicable,not-applicable,mass,cell-text,high,4,
8b22cd9c8f783873,bha-tools,7,s0007,m,m,length,m,scale,1.0,0.0,not-applicable,not-applicable,not-applicable,length,cell-text,high,3,
8b22cd9c8f783873,bha-tools,7,s0007,specific-gravity,specific-gravity,density_ratio,1,scale,1.0,0.0,not-applicable,not-applicable,not-applicable,density_ratio,cell-text,high,1,
8b22cd9c8f783873,bha-tools,8,s0008,ft,ft,length,m,scale,0.3048,0.0,not-applicable,not-applicable,not-applicable,length,cell-text,high,2,
8b22cd9c8f783873,bha-tools,8,s0008,hp,hp,power,W,scale,745.69987158,0.0,not-applicable,not-applicable,not-applicable,power,cell-text,high,1,
8b22cd9c8f783873,bha-tools,8,s0008,in,in,length,m,scale,0.0254,0.0,not-applicable,not-applicable,not-applicable,length,cell-text,high,9,
8b22cd9c8f783873,bha-tools,8,s0008,kg,kg,mass,kg,scale,1.0,0.0,not-applicable,not-applicable,not-applicable,mass,cell-text,high,4,
8b22cd9c8f783873,bha-tools,8,s0008,m,m,length,m,scale,1.0,0.0,not-applicable,not-applicable,not-applicable,length,cell-text,high,3,
8b22cd9c8f783873,bha-tools,8,s0008,specific-gravity,specific-gravity,density_ratio,1,scale,1.0,0.0,not-applicable,not-applicable,not-applicable,density_ratio,cell-text,high,1,
8b22cd9c8f783873,bha-tools,5,s0005,ft,ft,length,m,scale,0.3048,0.0,not-applicable,not-applicable,not-applicable,length,cell-text,high,2,
8b22cd9c8f783873,bha-tools,5,s0005,hp,hp,power,W,scale,745.69987158,0.0,not-applicable,not-applicable,not-applicable,power,cell-text,high,1,
8b22cd9c8f783873,bha-tools,5,s0005,in,in,length,m,scale,0.0254,0.0,not-applicable,not-applicable,not-applicable,length,cell-text,high,9,
8b22cd9c8f783873,bha-tools,5,s0005,kg,kg,mass,kg,scale,1.0,0.0,not-applicable,not-applicable,not-applicable,mass,cell-text,high,4,
8b22cd9c8f783873,bha-tools,5,s0005,m,m,length,m,scale,1.0,0.0,not-applicable,not-applicable,not-applicable,length,cell-text,high,3,
8b22cd9c8f783873,bha-tools,5,s0005,specific-gravity,specific-gravity,density_ratio,1,scale,1.0,0.0,not-applicable,not-applicable,not-applicable,density_ratio,cell-text,high,1,
8b22cd9c8f783873,bha-tools,3,s0003,ft,ft,length,m,scale,0.3048,0.0,not-applicable,not-applicable,not-applicable,length,cell-text,high,2,
8b22cd9c8f783873,bha-tools,3,s0003,hp,hp,power,W,scale,745.69987158,0.0,not-applicable,not-applicable,not-applicable,power,cell-text,high,1,
8b22cd9c8f783873,bha-tools,3,s0003,in,in,length,m,scale,0.0254,0.0,not-applicable,not-applicable,not-applicable,length,cell-text,high,9,
8b22cd9c8f783873,bha-tools,3,s0003,kg,kg,mass,kg,scale,1.0,0.0,not-applicable,not-applicable,not-applicable,mass,cell-text,high,4,
8b22cd9c8f783873,bha-tools,3,s0003,m,m,length,m,scale,1.0,0.0,not-applicable,not-applicable,not-applicable,length,cell-text,high,3,
8b22cd9c8f783873,bha-tools,3,s0003,specific-gravity,specific-gravity,density_ratio,1,scale,1.0,0.0,not-applicable,not-applicable,not-applicable,density_ratio,cell-text,high,1,
8b22cd9c8f783873,bha-tools,4,s0004,ft,ft,length,m,scale,0.3048,0.0,not-applicable,not-applicable,not-applicable,length,cell-text,high,2,
8b22cd9c8f783873,bha-tools,4,s0004,hp,hp,power,W,scale,745.69987158,0.0,not-applicable,not-applicable,not-applicable,power,cell-text,high,1,
8b22cd9c8f783873,bha-tools,4,s0004,in,in,length,m,scale,0.0254,0.0,not-applicable,not-applicable,not-applicable,length,cell-text,high,9,
8b22cd9c8f783873,bha-tools,4,s0004,kg,kg,mass,kg,scale,1.0,0.0,not-applicable,not-applicable,not-applicable,mass,cell-text,high,4,
8b22cd9c8f783873,bha-tools,4,s0004,m,m,length,m,scale,1.0,0.0,not-applicable,not-applicable,not-applicable,length,cell-text,high,3,
8b22cd9c8f783873,bha-tools,4,s0004,specific-gravity,specific-gravity,density_ratio,1,scale,1.0,0.0,not-applicable,not-applicable,not-applicable,density_ratio,cell-text,high,1,
8b22cd9c8f783873,bha-tools,12,s0012,bbl,bbl,volume,m^3,scale,0.158987294928,0.0,not-applicable,not-applicable,context-required,volume,cell-text,high,7,actual-vs-standard-reference-state
8b22cd9c8f783873,bha-tools,12,s0012,ft,ft,length,m,scale,0.3048,0.0,not-applicable,not-applicable,not-applicable,length,cell-text,high,2,
8b22cd9c8f783873,bha-tools,12,s0012,hp,hp,power,W,scale,745.69987158,0.0,not-applicable,not-applicable,not-applicable,power,cell-text,high,1,
8b22cd9c8f783873,bha-tools,12,s0012,in,in,length,m,scale,0.0254,0.0,not-applicable,not-applicable,not-applicable,length,cell-text,high,9,
8b22cd9c8f783873,bha-tools,12,s0012,kg,kg,mass,kg,scale,1.0,0.0,not-applicable,not-applicable,not-applicable,mass,cell-text,high,4,
8b22cd9c8f783873,bha-tools,12,s0012,m,m,length,m,scale,1.0,0.0,not-applicable,not-applicable,not-applicable,length,cell-text,high,3,
8b22cd9c8f783873,bha-tools,12,s0012,specific-gravity,specific-gravity,density_ratio,1,scale,1.0,0.0,not-applicable,not-applicable,not-applicable,density_ratio,cell-text,high,1,
8b22cd9c8f783873,bha-tools,13,s0013,bbl,bbl,volume,m^3,scale,0.158987294928,0.0,not-applicable,not-applicable,context-required,volume,cell-text,high,5,actual-vs-standard-reference-state
8b22cd9c8f783873,bha-tools,13,s0013,ft,ft,length,m,scale,0.3048,0.0,not-applicable,not-applicable,not-applicable,length,cell-text,high,2,
8b22cd9c8f783873,bha-tools,13,s0013,hp,hp,power,W,scale,745.69987158,0.0,not-applicable,not-applicable,not-applicable,power,cell-text,high,1,
8b22cd9c8f783873,bha-tools,13,s0013,in,in,length,m,scale,0.0254,0.0,not-applicable,not-applicable,not-applicable,length,cell-text,high,9,
8b22cd9c8f783873,bha-tools,13,s0013,kg,kg,mass,kg,scale,1.0,0.0,not-applicable,not-applicable,not-applicable,mass,cell-text,high,4,
8b22cd9c8f783873,bha-tools,13,s0013,m,m,length,m,scale,1.0,0.0,not-applicable,not-applicable,not-applicable,length,cell-text,high,3,
8b22cd9c8f783873,bha-tools,13,s0013,specific-gravity,specific-gravity,density_ratio,1,scale,1.0,0.0,not-applicable,not-applicable,not-applicable,density_ratio,cell-text,high,1,
8b22cd9c8f783873,bha-tools,14,s0014,bbl,bbl,volume,m^3,scale,0.158987294928,0.0,not-applicable,not-applicable,context-required,volume,cell-text,high,5,actual-vs-standard-reference-state
8b22cd9c8f783873,bha-tools,14,s0014,ft,ft,length,m,scale,0.3048,0.0,not-applicable,not-applicable,not-applicable,length,cell-text,high,2,
8b22cd9c8f783873,bha-tools,14,s0014,hp,hp,power,W,scale,745.69987158,0.0,not-applicable,not-applicable,not-applicable,power,cell-text,high,1,
8b22cd9c8f783873,bha-tools,14,s0014,in,in,length,m,scale,0.0254,0.0,not-applicable,not-applicable,not-applicable,length,cell-text,high,9,
8b22cd9c8f783873,bha-tools,14,s0014,kg,kg,mass,kg,scale,1.0,0.0,not-applicable,not-applicable,not-applicable,mass,cell-text,high,4,
8b22cd9c8f783873,bha-tools,14,s0014,m,m,length,m,scale,1.0,0.0,not-applicable,not-applicable,not-applicable,length,cell-text,high,3,
8b22cd9c8f783873,bha-tools,14,s0014,specific-gravity,specific-gravity,density_ratio,1,scale,1.0,0.0,not-applicable,not-applicable,not-applicable,density_ratio,cell-text,high,1,
8b22cd9c8f783873,bha-tools,15,s0015,bbl,bbl,volume,m^3,scale,0.158987294928,0.0,not-applicable,not-applicable,context-required,volume,cell-text,high,7,actual-vs-standard-reference-state
8b22cd9c8f783873,bha-tools,15,s0015,ft,ft,length,m,scale,0.3048,0.0,not-applicable,not-applicable,not-applicable,length,cell-text,high,2,
8b22cd9c8f783873,bha-tools,15,s0015,hp,hp,power,W,scale,745.69987158,0.0,not-applicable,not-applicable,not-applicable,power,cell-text,high,1,
8b22cd9c8f783873,bha-tools,15,s0015,in,in,length,m,scale,0.0254,0.0,not-applicable,not-applicable,not-applicable,length,cell-text,high,9,
8b22cd9c8f783873,bha-tools,15,s0015,kg,kg,mass,kg,scale,1.0,0.0,not-applicable,not-applicable,not-applicable,mass,cell-text,high,4,
8b22cd9c8f783873,bha-tools,15,s0015,m,m,length,m,scale,1.0,0.0,not-applicable,not-applicable,not-applicable,length,cell-text,high,3,
8b22cd9c8f783873,bha-tools,15,s0015,specific-gravity,specific-gravity,density_ratio,1,scale,1.0,0.0,not-applicable,not-applicable,not-applicable,density_ratio,cell-text,high,1,
8b22cd9c8f783873,bha-tools,16,s0016,bbl,bbl,volume,m^3,scale,0.158987294928,0.0,not-applicable,not-applicable,context-required,volume,cell-text,high,7,actual-vs-standard-reference-state
8b22cd9c8f783873,bha-tools,16,s0016,ft,ft,length,m,scale,0.3048,0.0,not-applicable,not-applicable,not-applicable,length,cell-text,high,2,
8b22cd9c8f783873,bha-tools,16,s0016,hp,hp,power,W,scale,745.69987158,0.0,not-applicable,not-applicable,not-applicable,power,cell-text,high,1,
8b22cd9c8f783873,bha-tools,16,s0016,in,in,length,m,scale,0.0254,0.0,not-applicable,not-applicable,not-applicable,length,cell-text,high,9,
8b22cd9c8f783873,bha-tools,16,s0016,kg,kg,mass,kg,scale,1.0,0.0,not-applicable,not-applicable,not-applicable,mass,cell-text,high,4,
8b22cd9c8f783873,bha-tools,16,s0016,m,m,length,m,scale,1.0,0.0,not-applicable,not-applicable,not-applicable,length,cell-text,high,3,
8b22cd9c8f783873,bha-tools,16,s0016,specific-gravity,specific-gravity,density_ratio,1,scale,1.0,0.0,not-applicable,not-applicable,not-applicable,density_ratio,cell-text,high,1,
8b22cd9c8f783873,bha-tools,17,s0017,bbl,bbl,volume,m^3,scale,0.158987294928,0.0,not-applicable,not-applicable,context-required,volume,cell-text,high,7,actual-vs-standard-reference-state
8b22cd9c8f783873,bha-tools,17,s0017,ft,ft,length,m,scale,0.3048,0.0,not-applicable,not-applicable,not-applicable,length,cell-text,high,2,
8b22cd9c8f783873,bha-tools,17,s0017,hp,hp,power,W,scale,745.69987158,0.0,not-applicable,not-applicable,not-applicable,power,cell-text,high,1,
8b22cd9c8f783873,bha-tools,17,s0017,in,in,length,m,scale,0.0254,0.0,not-applicable,not-applicable,not-applicable,length,cell-text,high,9,
8b22cd9c8f783873,bha-tools,17,s0017,kg,kg,mass,kg,scale,1.0,0.0,not-applicable,not-applicable,not-applicable,mass,cell-text,high,4,
8b22cd9c8f783873,bha-tools,17,s0017,m,m,length,m,scale,1.0,0.0,not-applicable,not-applicable,not-applicable,length,cell-text,high,3,
8b22cd9c8f783873,bha-tools,17,s0017,specific-gravity,specific-gravity,density_ratio,1,scale,1.0,0.0,not-applicable,not-applicable,not-applicable,density_ratio,cell-text,high,1,
8b22cd9c8f783873,bha-tools,18,s0018,bbl,bbl,volume,m^3,scale,0.158987294928,0.0,not-applicable,not-applicable,context-required,volume,cell-text,high,7,actual-vs-standard-reference-state
8b22cd9c8f783873,bha-tools,18,s0018,ft,ft,length,m,scale,0.3048,0.0,not-applicable,not-applicable,not-applicable,length,cell-text,high,2,
8b22cd9c8f783873,bha-tools,18,s0018,hp,hp,power,W,scale,745.69987158,0.0,not-applicable,not-applicable,not-applicable,power,cell-text,high,1,
8b22cd9c8f783873,bha-tools,18,s0018,in,in,length,m,scale,0.0254,0.0,not-applicable,not-applicable,not-applicable,length,cell-text,high,9,
8b22cd9c8f783873,bha-tools,18,s0018,kg,kg,mass,kg,scale,1.0,0.0,not-applicable,not-applicable,not-applicable,mass,cell-text,high,4,
8b22cd9c8f783873,bha-tools,18,s0018,m,m,length,m,scale,1.0,0.0,not-applicable,not-applicable,not-applicable,length,cell-text,high,3,
8b22cd9c8f783873,bha-tools,18,s0018,specific-gravity,specific-gravity,density_ratio,1,scale,1.0,0.0,not-applicable,not-applicable,not-applicable,density_ratio,cell-text,high,1,
8b22cd9c8f783873,bha-tools,19,s0019,bbl,bbl,volume,m^3,scale,0.158987294928,0.0,not-applicable,not-applicable,context-required,volume,cell-text,high,7,actual-vs-standard-reference-state
8b22cd9c8f783873,bha-tools,19,s0019,ft,ft,length,m,scale,0.3048,0.0,not-applicable,not-applicable,not-applicable,length,cell-text,high,2,
8b22cd9c8f783873,bha-tools,19,s0019,hp,hp,power,W,scale,745.69987158,0.0,not-applicable,not-applicable,not-applicable,power,cell-text,high,1,
8b22cd9c8f783873,bha-tools,19,s0019,in,in,length,m,scale,0.0254,0.0,not-applicable,not-applicable,not-applicable,length,cell-text,high,9,
8b22cd9c8f783873,bha-tools,19,s0019,kg,kg,mass,kg,scale,1.0,0.0,not-applicable,not-applicable,not-applicable,mass,cell-text,high,4,
8b22cd9c8f783873,bha-tools,19,s0019,m,m,length,m,scale,1.0,0.0,not-applicable,not-applicable,not-applicable,length,cell-text,high,3,
8b22cd9c8f783873,bha-tools,19,s0019,specific-gravity,specific-gravity,density_ratio,1,scale,1.0,0.0,not-applicable,not-applicable,not-applicable,density_ratio,cell-text,high,1,
8b22cd9c8f783873,bha-tools,20,s0020,ft,ft,length,m,scale,0.3048,0.0,not-applicable,not-applicable,not-applicable,length,cell-text,high,2,
8b22cd9c8f783873,bha-tools,20,s0020,hp,hp,power,W,scale,745.69987158,0.0,not-applicable,not-applicable,not-applicable,power,cell-text,high,1,
8b22cd9c8f783873,bha-tools,20,s0020,in,in,length,m,scale,0.0254,0.0,not-applicable,not-applicable,not-applicable,length,cell-text,high,9,
8b22cd9c8f783873,bha-tools,20,s0020,kg,kg,mass,kg,scale,1.0,0.0,not-applicable,not-applicable,not-applicable,mass,cell-text,high,4,
8b22cd9c8f783873,bha-tools,20,s0020,m,m,length,m,scale,1.0,0.0,not-applicable,not-applicable,not-applicable,length,cell-text,high,3,
8b22cd9c8f783873,bha-tools,20,s0020,specific-gravity,specific-gravity,density_ratio,1,scale,1.0,0.0,not-applicable,not-applicable,not-applicable,density_ratio,cell-text,high,1,
8b22cd9c8f783873,bha-tools,21,s0021,ft,ft,length,m,scale,0.3048,0.0,not-applicable,not-applicable,not-applicable,length,cell-text,high,2,
8b22cd9c8f783873,bha-tools,21,s0021,hp,hp,power,W,scale,745.69987158,0.0,not-applicable,not-applicable,not-applicable,power,cell-text,high,1,
8b22cd9c8f783873,bha-tools,21,s0021,in,in,length,m,scale,0.0254,0.0,not-applicable,not-applicable,not-applicable,length,cell-text,high,9,
8b22cd9c8f783873,bha-tools,21,s0021,kg,kg,mass,kg,scale,1.0,0.0,not-applicable,not-applicable,not-applicable,mass,cell-text,high,4,
8b22cd9c8f783873,bha-tools,21,s0021,m,m,length,m,scale,1.0,0.0,not-applicable,not-applicable,not-applicable,length,cell-text,high,3,
8b22cd9c8f783873,bha-tools,21,s0021,specific-gravity,specific-gravity,density_ratio,1,scale,1.0,0.0,not-applicable,not-applicable,not-applicable,density_ratio,cell-text,high,1,
8b22cd9c8f783873,bha-tools,22,s0022,ft,ft,length,m,scale,0.3048,0.0,not-applicable,not-applicable,not-applicable,length,cell-text,high,2,
8b22cd9c8f783873,bha-tools,22,s0022,hp,hp,power,W,scale,745.69987158,0.0,not-applicable,not-applicable,not-applicable,power,cell-text,high,1,
8b22cd9c8f783873,bha-tools,22,s0022,in,in,length,m,scale,0.0254,0.0,not-applicable,not-applicable,not-applicable,length,cell-text,high,9,
8b22cd9c8f783873,bha-tools,22,s0022,kg,kg,mass,kg,scale,1.0,0.0,not-applicable,not-applicable,not-applicable,mass,cell-text,high,4,
8b22cd9c8f783873,bha-tools,22,s0022,m,m,length,m,scale,1.0,0.0,not-applicable,not-applicable,not-applicable,length,cell-text,high,3,
8b22cd9c8f783873,bha-tools,22,s0022,specific-gravity,specific-gravity,density_ratio,1,scale,1.0,0.0,not-applicable,not-applicable,not-applicable,density_ratio,cell-text,high,1,
8b22cd9c8f783873,bha-tools,9,s0009,ft,ft,length,m,scale,0.3048,0.0,not-applicable,not-applicable,not-applicable,length,cell-text,high,2,
8b22cd9c8f783873,bha-tools,9,s0009,hp,hp,power,W,scale,745.69987158,0.0,not-applicable,not-applicable,not-applicable,power,cell-text,high,1,
8b22cd9c8f783873,bha-tools,9,s0009,in,in,length,m,scale,0.0254,0.0,not-applicable,not-applicable,not-applicable,length,cell-text,high,9,
8b22cd9c8f783873,bha-tools,9,s0009,kg,kg,mass,kg,scale,1.0,0.0,not-applicable,not-applicable,not-applicable,mass,cell-text,high,4,
8b22cd9c8f783873,bha-tools,9,s0009,m,m,length,m,scale,1.0,0.0,not-applicable,not-applicable,not-applicable,length,cell-text,high,3,
8b22cd9c8f783873,bha-tools,9,s0009,specific-gravity,specific-gravity,density_ratio,1,scale,1.0,0.0,not-applicable,not-applicable,not-applicable,density_ratio,cell-text,high,1,
8b22cd9c8f783873,bha-tools,10,s0010,ft,ft,length,m,scale,0.3048,0.0,not-applicable,not-applicable,not-applicable,length,cell-text,high,2,
8b22cd9c8f783873,bha-tools,10,s0010,hp,hp,power,W,scale,745.69987158,0.0,not-applicable,not-applicable,not-applicable,power,cell-text,high,2,
8b22cd9c8f783873,bha-tools,10,s0010,in,in,length,m,scale,0.0254,0.0,not-applicable,not-applicable,not-applicable,length,cell-text,high,9,
8b22cd9c8f783873,bha-tools,10,s0010,kg,kg,mass,kg,scale,1.0,0.0,not-applicable,not-applicable,not-applicable,mass,cell-text,high,4,
8b22cd9c8f783873,bha-tools,10,s0010,m,m,length,m,scale,1.0,0.0,not-applicable,not-applicable,not-applicable,length,cell-text,high,3,
8b22cd9c8f783873,bha-tools,10,s0010,specific-gravity,specific-gravity,density_ratio,1,scale,1.0,0.0,not-applicable,not-applicable,not-applicable,density_ratio,cell-text,high,1,
8b22cd9c8f783873,bha-tools,11,s0011,bbl,bbl,volume,m^3,scale,0.158987294928,0.0,not-applicable,not-applicable,context-required,volume,cell-text,high,7,actual-vs-standard-reference-state
8b22cd9c8f783873,bha-tools,11,s0011,ft,ft,length,m,scale,0.3048,0.0,not-applicable,not-applicable,not-applicable,length,cell-text,high,2,
8b22cd9c8f783873,bha-tools,11,s0011,hp,hp,power,W,scale,745.69987158,0.0,not-applicable,not-applicable,not-applicable,power,cell-text,high,1,
8b22cd9c8f783873,bha-tools,11,s0011,in,in,length,m,scale,0.0254,0.0,not-applicable,not-applicable,not-applicable,length,cell-text,high,9,
8b22cd9c8f783873,bha-tools,11,s0011,kg,kg,mass,kg,scale,1.0,0.0,not-applicable,not-applicable,not-applicable,mass,cell-text,high,4,
8b22cd9c8f783873,bha-tools,11,s0011,m,m,length,m,scale,1.0,0.0,not-applicable,not-applicable,not-applicable,length,cell-text,high,3,
8b22cd9c8f783873,bha-tools,11,s0011,specific-gravity,specific-gravity,density_ratio,1,scale,1.0,0.0,not-applicable,not-applicable,not-applicable,density_ratio,cell-text,high,1,
8b22cd9c8f783873,bha-tools,1,s0001,ft,ft,length,m,scale,0.3048,0.0,not-applicable,not-applicable,not-applicable,length,cell-text,high,2,
8b22cd9c8f783873,bha-tools,1,s0001,hp,hp,power,W,scale,745.69987158,0.0,not-applicable,not-applicable,not-applicable,power,cell-text,high,1,
8b22cd9c8f783873,bha-tools,1,s0001,in,in,length,m,scale,0.0254,0.0,not-applicable,not-applicable,not-applicable,length,cell-text,high,9,
8b22cd9c8f783873,bha-tools,1,s0001,kg,kg,mass,kg,scale,1.0,0.0,not-applicable,not-applicable,not-applicable,mass,cell-text,high,4,
8b22cd9c8f783873,bha-tools,1,s0001,m,m,length,m,scale,1.0,0.0,not-applicable,not-applicable,not-applicable,length,cell-text,high,3,
8b22cd9c8f783873,bha-tools,1,s0001,s,s,time,s,scale,1.0,0.0,not-applicable,not-applicable,not-applicable,time,cell-text,high,1,
8b22cd9c8f783873,bha-tools,1,s0001,specific-gravity,specific-gravity,density_ratio,1,scale,1.0,0.0,not-applicable,not-applicable,not-applicable,density_ratio,cell-text,high,1,
8b22cd9c8f783873,bha-tools,2,s0002,ft,ft,length,m,scale,0.3048,0.0,not-applicable,not-applicable,not-applicable,length,cell-text,high,2,
8b22cd9c8f783873,bha-tools,2,s0002,hp,hp,power,W,scale,745.69987158,0.0,not-applicable,not-applicable,not-applicable,power,cell-text,high,1,
8b22cd9c8f783873,bha-tools,2,s0002,in,in,length,m,scale,0.0254,0.0,not-applicable,not-applicable,not-applicable,length,cell-text,high,9,
8b22cd9c8f783873,bha-tools,2,s0002,kg,kg,mass,kg,scale,1.0,0.0,not-applicable,not-applicable,not-applicable,mass,cell-text,high,4,
8b22cd9c8f783873,bha-tools,2,s0002,m,m,length,m,scale,1.0,0.0,not-applicable,not-applicable,not-applicable,length,cell-text,high,3,
8b22cd9c8f783873,bha-tools,2,s0002,s,s,time,s,scale,1.0,0.0,not-applicable,not-applicable,not-applicable,time,cell-text,high,1,
8b22cd9c8f783873,bha-tools,2,s0002,specific-gravity,specific-gravity,density_ratio,1,scale,1.0,0.0,not-applicable,not-applicable,not-applicable,density_ratio,cell-text,high,1,
8c2e041f05eb97d0,general-drilling,10,s0010,bbl,bbl,volume,m^3,scale,0.158987294928,0.0,not-applicable,not-applicable,context-required,volume,cell-text,high,2,actual-vs-standard-reference-state
8c2e041f05eb97d0,general-drilling,10,s0010,degF,degF,temperature,K,affine,0.5555555555555556,255.3722222222,not-applicable,absolute,not-applicable,temperature,cell-text,high,2,absolute-temperature-vs-temperature-difference
8c2e041f05eb97d0,general-drilling,10,s0010,ft,ft,length,m,scale,0.3048,0.0,not-applicable,not-applicable,not-applicable,length,cell-text,high,2,
8c2e041f05eb97d0,general-drilling,10,s0010,ppm,ppm,mass_fraction,1,scale,1e-06,0.0,not-applicable,not-applicable,not-applicable,mass_fraction,cell-text,high,1,
8c2e041f05eb97d0,general-drilling,10,s0010,psi,psi,pressure,Pa,scale,6894.757293168,0.0,unspecified,not-applicable,not-applicable,pressure,cell-text,high,3,gauge-vs-absolute-and-pressure-vs-stress
8c2e041f05eb97d0,general-drilling,10,s0010,psi/ft,psi/ft,pressure_gradient,Pa/m,scale,22620.594793,0.0,not-applicable,not-applicable,not-applicable,pressure_gradient,cell-text,high,1,pressure-gradient-vs-equivalent-density
8c2e041f05eb97d0,general-drilling,9,s0009,cP,cP,dynamic_viscosity,Pa*s,scale,0.001,0.0,not-applicable,not-applicable,not-applicable,dynamic_viscosity,cell-text,high,1,
8c2e041f05eb97d0,general-drilling,9,s0009,degF,degF,temperature,K,affine,0.5555555555555556,255.3722222222,not-applicable,absolute,not-applicable,temperature,cell-text,high,1,absolute-temperature-vs-temperature-difference
8c2e041f05eb97d0,general-drilling,9,s0009,g/cm^3,g/cm^3,density,kg/m^3,scale,1000.0,0.0,not-applicable,not-applicable,not-applicable,density,cell-text,high,1,mass-density-vs-mud-weight-gradient
8c2e041f05eb97d0,general-drilling,9,s0009,ppg,ppg,density,kg/m^3,scale,119.82642732,0.0,not-applicable,not-applicable,not-applicable,mass-density-or-mud-weight,cell-text,high,1,mass-density-vs-mud-weight-gradient
8c2e041f05eb97d0,general-drilling,9,s0009,psi,psi,pressure,Pa,scale,6894.757293168,0.0,unspecified,not-applicable,not-applicable,pressure,cell-text,high,3,gauge-vs-absolute-and-pressure-vs-stress
8c2e041f05eb97d0,general-drilling,9,s0009,psi/ft,psi/ft,pressure_gradient,Pa/m,scale,22620.594793,0.0,not-applicable,not-applicable,not-applicable,pressure_gradient,cell-text,high,1,pressure-gradient-vs-equivalent-density
8c2e041f05eb97d0,general-drilling,9,s0009,rad,rad,angle,rad,scale,1.0,0.0,not-applicable,not-applicable,not-applicable,angle,cell-text,high,1,
8c2e041f05eb97d0,general-drilling,4,s0004,ft,ft,length,m,scale,0.3048,0.0,not-applicable,not-applicable,not-applicable,length,cell-text,high,3,
8c2e041f05eb97d0,general-drilling,4,s0004,in,in,length,m,scale,0.0254,0.0,not-applicable,not-applicable,not-applicable,length,cell-text,high,4,
8c2e041f05eb97d0,general-drilling,4,s0004,psi,psi,pressure,Pa,scale,6894.757293168,0.0,unspecified,not-applicable,not-applicable,pressure,cell-text,high,2,gauge-vs-absolute-and-pressure-vs-stress
8c2e041f05eb97d0,general-drilling,2,s0002,bbl,bbl,volume,m^3,scale,0.158987294928,0.0,not-applicable,not-applicable,context-required,volume,cell-text,high,2,actual-vs-standard-reference-state
8c2e041f05eb97d0,general-drilling,2,s0002,ft,ft,length,m,scale,0.3048,0.0,not-applicable,not-applicable,not-applicable,length,cell-text,high,2,
8c2e041f05eb97d0,general-drilling,2,s0002,gal,gal,volume,m^3,scale,0.003785411784,0.0,not-applicable,not-applicable,context-required,volume,cell-text,high,2,actual-vs-standard-reference-state
8c2e041f05eb97d0,general-drilling,2,s0002,in,in,length,m,scale,0.0254,0.0,not-applicable,not-applicable,not-applicable,length,cell-text,high,1,
8c2e041f05eb97d0,general-drilling,2,s0002,lbm/ft,lbm/ft,linear_mass,kg/m,scale,1.4881639436,0.0,not-applicable,not-applicable,not-applicable,linear_mass,cell-text,high,1,
8c2e041f05eb97d0,general-drilling,2,s0002,min,min,time,s,scale,60.0,0.0,not-applicable,not-applicable,not-applicable,time,cell-text,high,6,
8c2e041f05eb97d0,general-drilling,2,s0002,percent,percent,fraction,1,scale,0.01,0.0,not-applicable,not-applicable,not-applicable,fraction,cell-text,high,1,
8c2e041f05eb97d0,general-drilling,2,s0002,psi,psi,pressure,Pa,scale,6894.757293168,0.0,unspecified,not-applicable,not-applicable,pressure,cell-text,high,1,gauge-vs-absolute-and-pressure-vs-stress
8c2e041f05eb97d0,general-drilling,19,s0019,lbm/gal,lbm/gal,density,kg/m^3,scale,119.82642732,0.0,not-applicable,not-applicable,not-applicable,mass-density-or-mud-weight,cell-text,high,1,mass-density-vs-mud-weight-gradient
8c2e041f05eb97d0,general-drilling,18,s0018,ft,ft,length,m,scale,0.3048,0.0,not-applicable,not-applicable,not-applicable,length,cell-text,high,1,
8c2e041f05eb97d0,general-drilling,18,s0018,lbm/gal,lbm/gal,density,kg/m^3,scale,119.82642732,0.0,not-applicable,not-applicable,not-applicable,mass-density-or-mud-weight,cell-text,high,2,mass-density-vs-mud-weight-gradient
8c2e041f05eb97d0,general-drilling,18,s0018,psi,psi,pressure,Pa,scale,6894.757293168,0.0,unspecified,not-applicable,not-applicable,pressure,cell-text,high,1,gauge-vs-absolute-and-pressure-vs-stress
8c2e041f05eb97d0,general-drilling,7,s0007,bbl/min,bbl/min,volumetric_flow,m^3/s,scale,0.0026497882488000003,0.0,not-applicable,not-applicable,context-required,volumetric_flow,cell-text,high,1,actual-vs-standard-reference-state
8c2e041f05eb97d0,general-drilling,7,s0007,in,in,length,m,scale,0.0254,0.0,not-applicable,not-applicable,not-applicable,length,cell-text,high,3,
8c2e041f05eb97d0,general-drilling,5,s0005,bbl,bbl,volume,m^3,scale,0.158987294928,0.0,not-applicable,not-applicable,context-required,volume,cell-text,high,1,actual-vs-standard-reference-state
8c2e041f05eb97d0,general-drilling,5,s0005,ft,ft,length,m,scale,0.3048,0.0,not-applicable,not-applicable,not-applicable,length,cell-text,high,2,
8c2e041f05eb97d0,general-drilling,5,s0005,rad,rad,angle,rad,scale,1.0,0.0,not-applicable,not-applicable,not-applicable,angle,cell-text,high,1,
8c2e041f05eb97d0,general-drilling,17,s0017,bbl/min,bbl/min,volumetric_flow,m^3/s,scale,0.0026497882488000003,0.0,not-applicable,not-applicable,context-required,volumetric_flow,cell-text,high,1,actual-vs-standard-reference-state
8c2e041f05eb97d0,general-drilling,17,s0017,hp,hp,power,W,scale,745.69987158,0.0,not-applicable,not-applicable,not-applicable,power,cell-text,high,3,
8c2e041f05eb97d0,general-drilling,17,s0017,psi,psi,pressure,Pa,scale,6894.757293168,0.0,unspecified,not-applicable,not-applicable,pressure,cell-text,high,1,gauge-vs-absolute-and-pressure-vs-stress
8c2e041f05eb97d0,general-drilling,23,s0023,cP,cP,dynamic_viscosity,Pa*s,scale,0.001,0.0,not-applicable,not-applicable,not-applicable,dynamic_viscosity,cell-text,high,1,
8c2e041f05eb97d0,general-drilling,23,s0023,ft,ft,length,m,scale,0.3048,0.0,not-applicable,not-applicable,not-applicable,length,cell-text,high,2,
8c2e041f05eb97d0,general-drilling,23,s0023,in,in,length,m,scale,0.0254,0.0,not-applicable,not-applicable,not-applicable,length,cell-text,high,1,
8c2e041f05eb97d0,general-drilling,23,s0023,psi,psi,pressure,Pa,scale,6894.757293168,0.0,unspecified,not-applicable,not-applicable,pressure,cell-text,high,1,gauge-vs-absolute-and-pressure-vs-stress
8c2e041f05eb97d0,general-drilling,15,s0015,bbl,bbl,volume,m^3,scale,0.158987294928,0.0,not-applicable,not-applicable,context-required,volume,cell-text,high,18,actual-vs-standard-reference-state
8c2e041f05eb97d0,general-drilling,15,s0015,ft,ft,length,m,scale,0.3048,0.0,not-applicable,not-applicable,not-applicable,length,cell-text,high,5,
8c2e041f05eb97d0,general-drilling,15,s0015,in,in,length,m,scale,0.0254,0.0,not-applicable,not-applicable,not-applicable,length,cell-text,high,8,
8c2e041f05eb97d0,general-drilling,15,s0015,lbm/ft,lbm/ft,linear_mass,kg/m,scale,1.4881639436,0.0,not-applicable,not-applicable,not-applicable,linear_mass,cell-text,high,3,
8c2e041f05eb97d0,general-drilling,11,s0011,degF,degF,temperature,K,affine,0.5555555555555556,255.3722222222,not-applicable,absolute,not-applicable,temperature,cell-text,high,1,absolute-temperature-vs-temperature-difference
8c2e041f05eb97d0,general-drilling,11,s0011,g/cm^3,g/cm^3,density,kg/m^3,scale,1000.0,0.0,not-applicable,not-applicable,not-applicable,density,cell-text,high,1,mass-density-vs-mud-weight-gradient
8c2e041f05eb97d0,general-drilling,11,s0011,psi,psi,pressure,Pa,scale,6894.757293168,0.0,unspecified,not-applicable,not-applicable,pressure,cell-text,high,1,gauge-vs-absolute-and-pressure-vs-stress
8c2e041f05eb97d0,general-drilling,16,s0016,in,in,length,m,scale,0.0254,0.0,not-applicable,not-applicable,not-applicable,length,cell-text,high,15,
8c2e041f05eb97d0,general-drilling,16,s0016,psi,psi,pressure,Pa,scale,6894.757293168,0.0,unspecified,not-applicable,not-applicable,pressure,cell-text,high,1,gauge-vs-absolute-and-pressure-vs-stress
8c2e041f05eb97d0,general-drilling,20,s0020,ft,ft,length,m,scale,0.3048,0.0,not-applicable,not-applicable,not-applicable,length,cell-text,high,1,
8c2e041f05eb97d0,general-drilling,20,s0020,in,in,length,m,scale,0.0254,0.0,not-applicable,not-applicable,not-applicable,length,cell-text,high,2,
8c2e041f05eb97d0,general-drilling,8,s0008,bbl/min,bbl/min,volumetric_flow,m^3/s,scale,0.0026497882488000003,0.0,not-applicable,not-applicable,context-required,volumetric_flow,cell-text,high,1,actual-vs-standard-reference-state
8c2e041f05eb97d0,general-drilling,8,s0008,in,in,length,m,scale,0.0254,0.0,not-applicable,not-applicable,not-applicable,length,cell-text,high,1,
8c2e041f05eb97d0,general-drilling,8,s0008,ppg,ppg,density,kg/m^3,scale,119.82642732,0.0,not-applicable,not-applicable,not-applicable,mass-density-or-mud-weight,cell-text,high,1,mass-density-vs-mud-weight-gradient
8c2e041f05eb97d0,general-drilling,8,s0008,psi,psi,pressure,Pa,scale,6894.757293168,0.0,unspecified,not-applicable,not-applicable,pressure,cell-text,high,1,gauge-vs-absolute-and-pressure-vs-stress
8c2e041f05eb97d0,general-drilling,6,s0006,bbl,bbl,volume,m^3,scale,0.158987294928,0.0,not-applicable,not-applicable,context-required,volume,cell-text,high,7,actual-vs-standard-reference-state
8c2e041f05eb97d0,general-drilling,6,s0006,ft,ft,length,m,scale,0.3048,0.0,not-applicable,not-applicable,not-applicable,length,cell-text,high,1,
8c2e041f05eb97d0,general-drilling,6,s0006,in,in,length,m,scale,0.0254,0.0,not-applicable,not-applicable,not-applicable,length,cell-text,high,4,
8c2e041f05eb97d0,general-drilling,3,s0003,ft,ft,length,m,scale,0.3048,0.0,not-applicable,not-applicable,not-applicable,length,cell-text,high,2,
8c2e041f05eb97d0,general-drilling,3,s0003,h,h,time,s,scale,3600.0,0.0,not-applicable,not-applicable,not-applicable,time,cell-text,high,2,
8c2e041f05eb97d0,general-drilling,3,s0003,in,in,length,m,scale,0.0254,0.0,not-applicable,not-applicable,not-applicable,length,cell-text,high,7,
8c2e041f05eb97d0,general-drilling,3,s0003,psi,psi,pressure,Pa,scale,6894.757293168,0.0,unspecified,not-applicable,not-applicable,pressure,cell-text,high,1,gauge-vs-absolute-and-pressure-vs-stress
8c2e041f05eb97d0,general-drilling,22,s0022,psi,psi,pressure,Pa,scale,6894.757293168,0.0,unspecified,not-applicable,not-applicable,pressure,cell-text,high,1,gauge-vs-absolute-and-pressure-vs-stress
919d5d19a825b186,hydraulics,2,s0002,ft,ft,length,m,scale,0.3048,0.0,not-applicable,not-applicable,not-applicable,length,cell-text,high,136,
919d5d19a825b186,hydraulics,2,s0002,hp,hp,power,W,scale,745.69987158,0.0,not-applicable,not-applicable,not-applicable,power,cell-text,high,1,
919d5d19a825b186,hydraulics,1,s0001,ft^2,ft^2,area,m^2,scale,0.09290304,0.0,not-applicable,not-applicable,not-applicable,area,cell-text,high,1,
919d5d19a825b186,hydraulics,1,s0001,gal/min,gal/min,volumetric_flow,m^3/s,scale,6.30901964e-05,0.0,not-applicable,not-applicable,context-required,volumetric_flow,cell-text,high,1,actual-vs-standard-reference-state
919d5d19a825b186,hydraulics,1,s0001,in,in,length,m,scale,0.0254,0.0,not-applicable,not-applicable,not-applicable,length,cell-text,high,7,
919d5d19a825b186,hydraulics,1,s0001,kg/m^3,kg/m^3,density,kg/m^3,scale,1.0,0.0,not-applicable,not-applicable,not-applicable,density,cell-text,high,1,mass-density-vs-mud-weight-gradient
919d5d19a825b186,hydraulics,1,s0001,psi,psi,pressure,Pa,scale,6894.757293168,0.0,unspecified,not-applicable,not-applicable,pressure,cell-text,high,1,gauge-vs-absolute-and-pressure-vs-stress
9900762f1edd4ae6,directional,2,s0002,deg,deg,angle,rad,scale,0.01745329252,0.0,not-applicable,not-applicable,not-applicable,angle,cell-text,high,5,
9900762f1edd4ae6,directional,2,s0002,ft,ft,length,m,scale,0.3048,0.0,not-applicable,not-applicable,not-applicable,length,cell-text,high,21,
9900762f1edd4ae6,directional,2,s0002,h,h,time,s,scale,3600.0,0.0,not-applicable,not-applicable,not-applicable,time,cell-text,high,1,
9900762f1edd4ae6,directional,2,s0002,rad,rad,angle,rad,scale,1.0,0.0,not-applicable,not-applicable,not-applicable,angle,cell-text,high,2,
9900762f1edd4ae6,directional,3,s0003,s,s,time,s,scale,1.0,0.0,not-applicable,not-applicable,not-applicable,time,cell-text,high,1,
9900762f1edd4ae6,directional,7,s0007,percent,percent,fraction,1,scale,0.01,0.0,not-applicable,not-applicable,not-applicable,fraction,cell-text,high,2,
9900762f1edd4ae6,directional,1,s0001,percent,percent,fraction,1,scale,0.01,0.0,not-applicable,not-applicable,not-applicable,fraction,cell-text,high,2,
9900762f1edd4ae6,directional,8,s0008,ft,ft,length,m,scale,0.3048,0.0,not-applicable,not-applicable,not-applicable,length,cell-text,high,2,
99541520e60d10a5,hydraulics,1,s0001,percent,percent,fraction,1,scale,0.01,0.0,not-applicable,not-applicable,not-applicable,fraction,cell-text,high,1,
9c1a98952c10d8be,bha-tools,1,s0001,ft,ft,length,m,scale,0.3048,0.0,not-applicable,not-applicable,not-applicable,length,cell-text,high,5,
9c1a98952c10d8be,bha-tools,1,s0001,ppg,ppg,density,kg/m^3,scale,119.82642732,0.0,not-applicable,not-applicable,not-applicable,mass-density-or-mud-weight,cell-text,high,1,mass-density-vs-mud-weight-gradient
9c1a98952c10d8be,bha-tools,4,s0004,m,m,length,m,scale,1.0,0.0,not-applicable,not-applicable,not-applicable,length,cell-text,high,2,
9c1a98952c10d8be,bha-tools,3,s0003,deg,deg,angle,rad,scale,0.01745329252,0.0,not-applicable,not-applicable,not-applicable,angle,cell-text,high,2,
9c1a98952c10d8be,bha-tools,3,s0003,deg/30m,deg/30m,curvature,rad/m,scale,0.0005817764,0.0,not-applicable,not-applicable,not-applicable,curvature,cell-text,high,1,interval-basis-and-angle-convention
9c1a98952c10d8be,bha-tools,3,s0003,m,m,length,m,scale,1.0,0.0,not-applicable,not-applicable,not-applicable,length,cell-text,high,2,
9c1a98952c10d8be,bha-tools,3,s0003,rad,rad,angle,rad,scale,1.0,0.0,not-applicable,not-applicable,not-applicable,angle,cell-text,high,2,
9dbc746eb3c5e468,cementing-casing,1,s0001,ft,ft,length,m,scale,0.3048,0.0,not-applicable,not-applicable,not-applicable,length,cell-text,high,5,
9dbc746eb3c5e468,cementing-casing,1,s0001,in,in,length,m,scale,0.0254,0.0,not-applicable,not-applicable,not-applicable,length,cell-text,high,2,
9dbc746eb3c5e468,cementing-casing,1,s0001,ppg,ppg,density,kg/m^3,scale,119.82642732,0.0,not-applicable,not-applicable,not-applicable,mass-density-or-mud-weight,cell-text,high,1,mass-density-vs-mud-weight-gradient
9dbc746eb3c5e468,cementing-casing,1,s0001,psi,psi,pressure,Pa,scale,6894.757293168,0.0,unspecified,not-applicable,not-applicable,pressure,cell-text,high,3,gauge-vs-absolute-and-pressure-vs-stress
9dbc746eb3c5e468,cementing-casing,1,s0001,s,s,time,s,scale,1.0,0.0,not-applicable,not-applicable,not-applicable,time,cell-text,high,1,
a09760979bc979fd,torque-drag-drillstring,8,s0008,ft,ft,length,m,scale,0.3048,0.0,not-applicable,not-applicable,not-applicable,length,cell-text,high,1,
a09760979bc979fd,torque-drag-drillstring,8,s0008,percent,percent,fraction,1,scale,0.01,0.0,not-applicable,not-applicable,not-applicable,fraction,cell-text,high,2,
a09760979bc979fd,torque-drag-drillstring,8,s0008,psi,psi,pressure,Pa,scale,6894.757293168,0.0,unspecified,not-applicable,not-applicable,pressure,cell-text,high,1,gauge-vs-absolute-and-pressure-vs-stress
a09760979bc979fd,torque-drag-drillstring,6,s0006,ft,ft,length,m,scale,0.3048,0.0,not-applicable,not-applicable,not-applicable,length,cell-text,high,3,
a09760979bc979fd,torque-drag-drillstring,6,s0006,in,in,length,m,scale,0.0254,0.0,not-applicable,not-applicable,not-applicable,length,cell-text,high,1,
a09760979bc979fd,torque-drag-drillstring,6,s0006,psi,psi,pressure,Pa,scale,6894.757293168,0.0,unspecified,not-applicable,not-applicable,pressure,cell-text,high,2,gauge-vs-absolute-and-pressure-vs-stress
a09760979bc979fd,torque-drag-drillstring,7,s0007,ft,ft,length,m,scale,0.3048,0.0,not-applicable,not-applicable,not-applicable,length,cell-text,high,3,
a09760979bc979fd,torque-drag-drillstring,7,s0007,in,in,length,m,scale,0.0254,0.0,not-applicable,not-applicable,not-applicable,length,cell-text,high,1,
a09760979bc979fd,torque-drag-drillstring,7,s0007,psi,psi,pressure,Pa,scale,6894.757293168,0.0,unspecified,not-applicable,not-applicable,pressure,cell-text,high,2,gauge-vs-absolute-and-pressure-vs-stress
a09760979bc979fd,torque-drag-drillstring,2,s0002,in,in,length,m,scale,0.0254,0.0,not-applicable,not-applicable,not-applicable,length,cell-text,high,1,
a09760979bc979fd,torque-drag-drillstring,2,s0002,ppg,ppg,density,kg/m^3,scale,119.82642732,0.0,not-applicable,not-applicable,not-applicable,mass-density-or-mud-weight,cell-text,high,1,mass-density-vs-mud-weight-gradient
a09760979bc979fd,torque-drag-drillstring,10,s0010,in,in,length,m,scale,0.0254,0.0,not-applicable,not-applicable,not-applicable,length,cell-text,high,4,
a09760979bc979fd,torque-drag-drillstring,10,s0010,lbm/ft,lbm/ft,linear_mass,kg/m,scale,1.4881639436,0.0,not-applicable,not-applicable,not-applicable,linear_mass,cell-text,high,2,
a09760979bc979fd,torque-drag-drillstring,10,s0010,psi,psi,pressure,Pa,scale,6894.757293168,0.0,unspecified,not-applicable,not-applicable,pressure,cell-text,high,2,gauge-vs-absolute-and-pressure-vs-stress
a09760979bc979fd,torque-drag-drillstring,9,s0009,ft,ft,length,m,scale,0.3048,0.0,not-applicable,not-applicable,not-applicable,length,cell-text,high,1,
a09760979bc979fd,torque-drag-drillstring,5,s0005,ft,ft,length,m,scale,0.3048,0.0,not-applicable,not-applicable,not-applicable,length,cell-text,high,1,
a09760979bc979fd,torque-drag-drillstring,5,s0005,percent,percent,fraction,1,scale,0.01,0.0,not-applicable,not-applicable,not-applicable,fraction,cell-text,high,4,
a09760979bc979fd,torque-drag-drillstring,5,s0005,psi,psi,pressure,Pa,scale,6894.757293168,0.0,unspecified,not-applicable,not-applicable,pressure,cell-text,high,1,gauge-vs-absolute-and-pressure-vs-stress
a09760979bc979fd,torque-drag-drillstring,4,s0004,percent,percent,fraction,1,scale,0.01,0.0,not-applicable,not-applicable,not-applicable,fraction,cell-text,high,1,
a09760979bc979fd,torque-drag-drillstring,4,s0004,psi,psi,pressure,Pa,scale,6894.757293168,0.0,unspecified,not-applicable,not-applicable,pressure,cell-text,high,1,gauge-vs-absolute-and-pressure-vs-stress
a20de360a6901fad,bha-tools,26,s0026,mm,mm,length,m,scale,0.001,0.0,not-applicable,not-applicable,not-applicable,length,number-format,medium,511,
a20de360a6901fad,bha-tools,17,s0017,ft,ft,length,m,scale,0.3048,0.0,not-applicable,not-applicable,not-applicable,length,cell-text,high,1,
a20de360a6901fad,bha-tools,45,s0045,ft,ft,length,m,scale,0.3048,0.0,not-applicable,not-applicable,not-applicable,length,cell-text,high,7,
a20de360a6901fad,bha-tools,45,s0045,gal,gal,volume,m^3,scale,0.003785411784,0.0,not-applicable,not-applicable,context-required,volume,cell-text,high,2,actual-vs-standard-reference-state
a20de360a6901fad,bha-tools,45,s0045,in,in,length,m,scale,0.0254,0.0,not-applicable,not-applicable,not-applicable,length,cell-text,high,1,
a20de360a6901fad,bha-tools,45,s0045,in^2,in^2,area,m^2,scale,0.00064516,0.0,not-applicable,not-applicable,not-applicable,area,cell-text,high,1,
a20de360a6901fad,bha-tools,45,s0045,lbm/ft,lbm/ft,linear_mass,kg/m,scale,1.4881639436,0.0,not-applicable,not-applicable,not-applicable,linear_mass,cell-text,high,1,
a20de360a6901fad,bha-tools,45,s0045,psi,psi,pressure,Pa,scale,6894.757293168,0.0,unspecified,not-applicable,not-applicable,pressure,cell-text,high,1,gauge-vs-absolute-and-pressure-vs-stress
a20de360a6901fad,bha-tools,41,s0041,deg,deg,angle,rad,scale,0.01745329252,0.0,not-applicable,not-applicable,not-applicable,angle,cell-text,high,2,
a20de360a6901fad,bha-tools,41,s0041,percent,percent,fraction,1,scale,0.01,0.0,not-applicable,not-applicable,not-applicable,fraction,cell-text,high,1,
a20de360a6901fad,bha-tools,41,s0041,rad,rad,angle,rad,scale,1.0,0.0,not-applicable,not-applicable,not-applicable,angle,cell-text,high,2,
a20de360a6901fad,bha-tools,41,s0041,s,s,time,s,scale,1.0,0.0,not-applicable,not-applicable,not-applicable,time,cell-text,high,4,
a20de360a6901fad,bha-tools,38,s0038,ft,ft,length,m,scale,0.3048,0.0,not-applicable,not-applicable,not-applicable,length,cell-text,high,1,
a20de360a6901fad,bha-tools,39,s0039,ft,ft,length,m,scale,0.3048,0.0,not-applicable,not-applicable,not-applicable,length,cell-text,high,1,
a20de360a6901fad,bha-tools,10,s0010,s,s,time,s,scale,1.0,0.0,not-applicable,not-applicable,not-applicable,time,cell-text,high,1,
a20de360a6901fad,bha-tools,8,s0008,deg,deg,angle,rad,scale,0.01745329252,0.0,not-applicable,not-applicable,not-applicable,angle,cell-text,high,20,
a20de360a6901fad,bha-tools,8,s0008,ft,ft,length,m,scale,0.3048,0.0,not-applicable,not-applicable,not-applicable,length,cell-text,high,14,
a20de360a6901fad,bha-tools,8,s0008,m,m,length,m,scale,1.0,0.0,not-applicable,not-applicable,not-applicable,length,cell-text,high,14,
a20de360a6901fad,bha-tools,9,s0009,deg,deg,angle,rad,scale,0.01745329252,0.0,not-applicable,not-applicable,not-applicable,angle,cell-text,high,2,
a20de360a6901fad,bha-tools,9,s0009,ft,ft,length,m,scale,0.3048,0.0,not-applicable,not-applicable,not-applicable,length,cell-text,high,10,
a20de360a6901fad,bha-tools,9,s0009,m,m,length,m,scale,1.0,0.0,not-applicable,not-applicable,not-applicable,length,cell-text,high,1,
a20de360a6901fad,bha-tools,9,s0009,mm,mm,length,m,scale,0.001,0.0,not-applicable,not-applicable,not-applicable,length,cell-text,high,1,
a20de360a6901fad,bha-tools,25,s0025,ft,ft,length,m,scale,0.3048,0.0,not-applicable,not-applicable,not-applicable,length,cell-text,high,1,
a20de360a6901fad,bha-tools,25,s0025,ft/h,ft/h,penetration_rate,m/s,scale,8.466666666666667e-05,0.0,not-applicable,not-applicable,not-applicable,penetration_rate,cell-text,high,9,
a20de360a6901fad,bha-tools,25,s0025,ft/min,ft/min,velocity,m/s,scale,0.00508,0.0,not-applicable,not-applicable,not-applicable,velocity,cell-text,high,2,
a20de360a6901fad,bha-tools,25,s0025,ft/s,ft/s,velocity,m/s,scale,0.3048,0.0,not-applicable,not-applicable,not-applicable,velocity,cell-text,high,2,
a20de360a6901fad,bha-tools,25,s0025,gal/min,gal/min,volumetric_flow,m^3/s,scale,6.30901964e-05,0.0,not-applicable,not-applicable,context-required,volumetric_flow,cell-text,high,9,actual-vs-standard-reference-state
a20de360a6901fad,bha-tools,25,s0025,hp,hp,power,W,scale,745.69987158,0.0,not-applicable,not-applicable,not-applicable,power,cell-text,high,3,
a20de360a6901fad,bha-tools,25,s0025,in^2,in^2,area,m^2,scale,0.00064516,0.0,not-applicable,not-applicable,not-applicable,area,cell-text,high,1,
a20de360a6901fad,bha-tools,25,s0025,min,min,time,s,scale,60.0,0.0,not-applicable,not-applicable,not-applicable,time,cell-text,high,8,
a20de360a6901fad,bha-tools,25,s0025,ppg,ppg,density,kg/m^3,scale,119.82642732,0.0,not-applicable,not-applicable,not-applicable,mass-density-or-mud-weight,cell-text,high,14,mass-density-vs-mud-weight-gradient
a20de360a6901fad,bha-tools,25,s0025,psi,psi,pressure,Pa,scale,6894.757293168,0.0,unspecified,not-applicable,not-applicable,pressure,cell-text,high,16,gauge-vs-absolute-and-pressure-vs-stress
a20de360a6901fad,bha-tools,25,s0025,rpm,rpm,rotational_speed,rad/s,scale,0.1047197551,0.0,not-applicable,not-applicable,not-applicable,rotational_speed,cell-text,high,9,
a20de360a6901fad,bha-tools,25,s0025,s,s,time,s,scale,1.0,0.0,not-applicable,not-applicable,not-applicable,time,cell-text,high,4,
a20de360a6901fad,bha-tools,24,s0024,Btu,Btu,energy,J,scale,1055.05585262,0.0,not-applicable,not-applicable,not-applicable,energy,cell-text,high,18,
a20de360a6901fad,bha-tools,24,s0024,Hz,Hz,frequency,1/s,scale,1.0,0.0,not-applicable,not-applicable,not-applicable,frequency,cell-text,high,4,
a20de360a6901fad,bha-tools,24,s0024,J,J,energy,J,scale,1.0,0.0,not-applicable,not-applicable,not-applicable,energy,cell-text,high,14,
a20de360a6901fad,bha-tools,24,s0024,J/(kg*K),J/(kg*K),specific_heat_capacity,J/(kg*K),scale,1.0,0.0,not-applicable,not-applicable,not-applicable,specific_heat_capacity,cell-text,high,1,
a20de360a6901fad,bha-tools,24,s0024,K,K,temperature,K,affine,1.0,0.0,not-applicable,absolute,not-applicable,temperature,cell-text,high,26,absolute-temperature-vs-temperature-difference
a20de360a6901fad,bha-tools,24,s0024,L/min,L/min,volumetric_flow,m^3/s,scale,1.6666666666666667e-05,0.0,not-applicable,not-applicable,context-required,volumetric_flow,cell-text,high,28,actual-vs-standard-reference-state
a20de360a6901fad,bha-tools,24,s0024,MPa,MPa,pressure,Pa,scale,1000000.0,0.0,unspecified,not-applicable,not-applicable,pressure,cell-text,high,6,gauge-vs-absolute-and-pressure-vs-stress
a20de360a6901fad,bha-tools,24,s0024,N,N,force,N,scale,1.0,0.0,not-applicable,not-applicable,not-applicable,force,cell-text,high,20,
a20de360a6901fad,bha-tools,24,s0024,N*m,N*m,torque,N*m,scale,1.0,0.0,not-applicable,not-applicable,not-applicable,torque,cell-text,high,29,torque-vs-energy
a20de360a6901fad,bha-tools,24,s0024,Pa,Pa,pressure,Pa,scale,1.0,0.0,unspecified,not-applicable,not-applicable,pressure,cell-text,high,23,gauge-vs-absolute-and-pressure-vs-stress
a20de360a6901fad,bha-tools,24,s0024,W,W,power,W,scale,1.0,0.0,not-applicable,not-applicable,not-applicable,power,cell-text,high,14,
a20de360a6901fad,bha-tools,24,s0024,bar,bar,pressure,Pa,scale,100000.0,0.0,unspecified,not-applicable,not-applicable,pressure,cell-text,high,17,gauge-vs-absolute-and-pressure-vs-stress
a20de360a6901fad,bha-tools,24,s0024,bbl,bbl,volume,m^3,scale,0.158987294928,0.0,not-applicable,not-applicable,context-required,volume,cell-text,high,18,actual-vs-standard-reference-state
a20de360a6901fad,bha-tools,24,s0024,bbl/min,bbl/min,volumetric_flow,m^3/s,scale,0.0026497882488000003,0.0,not-applicable,not-applicable,context-required,volumetric_flow,cell-text,high,2,actual-vs-standard-reference-state
a20de360a6901fad,bha-tools,24,s0024,cP,cP,dynamic_viscosity,Pa*s,scale,0.001,0.0,not-applicable,not-applicable,not-applicable,dynamic_viscosity,cell-text,high,9,
a20de360a6901fad,bha-tools,24,s0024,cm,cm,length,m,scale,0.01,0.0,not-applicable,not-applicable,not-applicable,length,cell-text,high,16,
a20de360a6901fad,bha-tools,24,s0024,deg,deg,angle,rad,scale,0.01745329252,0.0,not-applicable,not-applicable,not-applicable,angle,cell-text,high,34,
a20de360a6901fad,bha-tools,24,s0024,deg/100ft,deg/100ft,curvature,rad/m,scale,0.0005729578,0.0,not-applicable,not-applicable,not-applicable,curvature,cell-text,high,2,interval-basis-and-angle-convention
a20de360a6901fad,bha-tools,24,s0024,deg/30m,deg/30m,curvature,rad/m,scale,0.0005817764,0.0,not-applicable,not-applicable,not-applicable,curvature,cell-text,high,2,interval-basis-and-angle-convention
a20de360a6901fad,bha-tools,24,s0024,degC,degC,temperature,K,affine,1.0,273.15,not-applicable,absolute,not-applicable,temperature,cell-text,high,34,absolute-temperature-vs-temperature-difference
a20de360a6901fad,bha-tools,24,s0024,degF,degF,temperature,K,affine,0.5555555555555556,255.3722222222,not-applicable,absolute,not-applicable,temperature,cell-text,high,49,absolute-temperature-vs-temperature-difference
a20de360a6901fad,bha-tools,24,s0024,degF/100ft,degF/100ft,temperature_gradient,K/m,scale,0.01822637795,0.0,not-applicable,difference-per-length,not-applicable,temperature_gradient,cell-text,high,2,
a20de360a6901fad,bha-tools,24,s0024,ft,ft,length,m,scale,0.3048,0.0,not-applicable,not-applicable,not-applicable,length,cell-text,high,325,
a20de360a6901fad,bha-tools,24,s0024,ft*lbf,ft*lbf,torque,N*m,scale,1.3558179483,0.0,not-applicable,not-applicable,not-applicable,torque,cell-text,high,29,torque-vs-energy
a20de360a6901fad,bha-tools,24,s0024,ft/h,ft/h,penetration_rate,m/s,scale,8.466666666666667e-05,0.0,not-applicable,not-applicable,not-applicable,penetration_rate,cell-text,high,35,
a20de360a6901fad,bha-tools,24,s0024,ft/min,ft/min,velocity,m/s,scale,0.00508,0.0,not-applicable,not-applicable,not-applicable,velocity,cell-text,high,7,
a20de360a6901fad,bha-tools,24,s0024,ft/s,ft/s,velocity,m/s,scale,0.3048,0.0,not-applicable,not-applicable,not-applicable,velocity,cell-text,high,30,
a20de360a6901fad,bha-tools,24,s0024,ft^2,ft^2,area,m^2,scale,0.09290304,0.0,not-applicable,not-applicable,not-applicable,area,cell-text,high,4,
a20de360a6901fad,bha-tools,24,s0024,ft^3,ft^3,volume,m^3,scale,0.028316846592,0.0,not-applicable,not-applicable,context-required,volume,cell-text,high,10,actual-vs-standard-reference-state
a20de360a6901fad,bha-tools,24,s0024,g/cm^3,g/cm^3,density,kg/m^3,scale,1000.0,0.0,not-applicable,not-applicable,not-applicable,density,cell-text,high,2,mass-density-vs-mud-weight-gradient
a20de360a6901fad,bha-tools,24,s0024,gal,gal,volume,m^3,scale,0.003785411784,0.0,not-applicable,not-applicable,context-required,volume,cell-text,high,38,actual-vs-standard-reference-state
a20de360a6901fad,bha-tools,24,s0024,gal/min,gal/min,volumetric_flow,m^3/s,scale,6.30901964e-05,0.0,not-applicable,not-applicable,context-required,volumetric_flow,cell-text,high,22,actual-vs-standard-reference-state
a20de360a6901fad,bha-tools,24,s0024,h,h,time,s,scale,3600.0,0.0,not-applicable,not-applicable,not-applicable,time,cell-text,high,92,
a20de360a6901fad,bha-tools,24,s0024,hp,hp,power,W,scale,745.69987158,0.0,not-applicable,not-applicable,not-applicable,power,cell-text,high,49,
a20de360a6901fad,bha-tools,24,s0024,in,in,length,m,scale,0.0254,0.0,not-applicable,not-applicable,not-applicable,length,cell-text,high,134,
a20de360a6901fad,bha-tools,24,s0024,in^2,in^2,area,m^2,scale,0.00064516,0.0,not-applicable,not-applicable,not-applicable,area,cell-text,high,18,
a20de360a6901fad,bha-tools,24,s0024,in^3,in^3,volume,m^3,scale,1.6387064e-05,0.0,not-applicable,not-applicable,context-required,volume,cell-text,high,4,actual-vs-standard-reference-state
a20de360a6901fad,bha-tools,24,s0024,kJ,kJ,energy,J,scale,1000.0,0.0,not-applicable,not-applicable,not-applicable,energy,cell-text,high,3,
a20de360a6901fad,bha-tools,24,s0024,kJ/(kg*K),kJ/(kg*K),specific_heat_capacity,J/(kg*K),scale,1000.0,0.0,not-applicable,not-applicable,not-applicable,specific_heat_capacity,cell-text,high,1,
a20de360a6901fad,bha-tools,24,s0024,kN,kN,force,N,scale,1000.0,0.0,not-applicable,not-applicable,not-applicable,force,cell-text,high,2,
a20de360a6901fad,bha-tools,24,s0024,kN*m,kN*m,torque,N*m,scale,1000.0,0.0,not-applicable,not-applicable,not-applicable,torque,cell-text,high,2,torque-vs-energy
a20de360a6901fad,bha-tools,24,s0024,kPa,kPa,pressure,Pa,scale,1000.0,0.0,unspecified,not-applicable,not-applicable,pressure,cell-text,high,40,gauge-vs-absolute-and-pressure-vs-stress
a20de360a6901fad,bha-tools,24,s0024,kPa/m,kPa/m,pressure_gradient,Pa/m,scale,1000.0,0.0,not-applicable,not-applicable,not-applicable,pressure_gradient,cell-text,high,1,pressure-gradient-vs-equivalent-density
a20de360a6901fad,bha-tools,24,s0024,kW,kW,power,W,scale,1000.0,0.0,not-applicable,not-applicable,not-applicable,power,cell-text,high,15,
a20de360a6901fad,bha-tools,24,s0024,kg,kg,mass,kg,scale,1.0,0.0,not-applicable,not-applicable,not-applicable,mass,cell-text,high,27,
a20de360a6901fad,bha-tools,24,s0024,kg/m,kg/m,linear_mass,kg/m,scale,1.0,0.0,not-applicable,not-applicable,not-applicable,linear_mass,cell-text,high,17,
a20de360a6901fad,bha-tools,24,s0024,kg/m^3,kg/m^3,density,kg/m^3,scale,1.0,0.0,not-applicable,not-applicable,not-applicable,density,cell-text,high,39,mass-density-vs-mud-weight-gradient
a20de360a6901fad,bha-tools,24,s0024,klbf,klbf,force,N,scale,4448.2216153,0.0,not-applicable,not-applicable,not-applicable,force,cell-text,high,6,
a20de360a6901fad,bha-tools,24,s0024,ksi,ksi,pressure,Pa,scale,6894757.293168,0.0,unspecified,not-applicable,not-applicable,pressure,cell-text,high,6,gauge-vs-absolute-and-pressure-vs-stress
a20de360a6901fad,bha-tools,24,s0024,lbf,lbf,force,N,scale,4.4482216153,0.0,not-applicable,not-applicable,not-applicable,force,cell-text,high,87,
a20de360a6901fad,bha-tools,24,s0024,lbf/(100*ft^2),lbf/(100*ft^2),yield_stress,Pa,scale,0.4788025898,0.0,not-applicable,not-applicable,not-applicable,yield_stress,cell-text,high,17,yield-point-vs-stress-convention
a20de360a6901fad,bha-tools,24,s0024,lbm/ft,lbm/ft,linear_mass,kg/m,scale,1.4881639436,0.0,not-applicable,not-applicable,not-applicable,linear_mass,cell-text,high,20,
a20de360a6901fad,bha-tools,24,s0024,lbm/ft^3,lbm/ft^3,density,kg/m^3,scale,16.018463374,0.0,not-applicable,not-applicable,not-applicable,density,cell-text,high,2,mass-density-vs-mud-weight-gradient
a20de360a6901fad,bha-tools,24,s0024,m,m,length,m,scale,1.0,0.0,not-applicable,not-applicable,not-applicable,length,cell-text,high,110,
a20de360a6901fad,bha-tools,24,s0024,m/h,m/h,penetration_rate,m/s,scale,0.0002777777777777778,0.0,not-applicable,not-applicable,not-applicable,penetration_rate,cell-text,high,22,
a20de360a6901fad,bha-tools,24,s0024,m/s,m/s,velocity,m/s,scale,1.0,0.0,not-applicable,not-applicable,not-applicable,velocity,cell-text,high,26,
a20de360a6901fad,bha-tools,24,s0024,m^2,m^2,area,m^2,scale,1.0,0.0,not-applicable,not-applicable,not-applicable,area,cell-text,high,22,
a20de360a6901fad,bha-tools,24,s0024,m^3,m^3,volume,m^3,scale,1.0,0.0,not-applicable,not-applicable,context-required,volume,cell-text,high,19,actual-vs-standard-reference-state
a20de360a6901fad,bha-tools,24,s0024,m^3/min,m^3/min,volumetric_flow,m^3/s,scale,0.016666666666666666,0.0,not-applicable,not-applicable,context-required,volumetric_flow,cell-text,high,2,actual-vs-standard-reference-state
a20de360a6901fad,bha-tools,24,s0024,m^3/s,m^3/s,volumetric_flow,m^3/s,scale,1.0,0.0,not-applicable,not-applicable,context-required,volumetric_flow,cell-text,high,2,actual-vs-standard-reference-state
a20de360a6901fad,bha-tools,24,s0024,min,min,time,s,scale,60.0,0.0,not-applicable,not-applicable,not-applicable,time,cell-text,high,222,
a20de360a6901fad,bha-tools,24,s0024,mm,mm,length,m,scale,0.001,0.0,not-applicable,not-applicable,not-applicable,length,cell-text,high,92,
a20de360a6901fad,bha-tools,24,s0024,mm,mm,length,m,scale,0.001,0.0,not-applicable,not-applicable,not-applicable,length,number-format,medium,3,
a20de360a6901fad,bha-tools,24,s0024,percent,percent,fraction,1,scale,0.01,0.0,not-applicable,not-applicable,not-applicable,fraction,cell-text,high,162,
a20de360a6901fad,bha-tools,24,s0024,ppg,ppg,density,kg/m^3,scale,119.82642732,0.0,not-applicable,not-applicable,not-applicable,mass-density-or-mud-weight,cell-text,high,93,mass-density-vs-mud-weight-gradient
a20de360a6901fad,bha-tools,24,s0024,ppm,ppm,mass_fraction,1,scale,1e-06,0.0,not-applicable,not-applicable,not-applicable,mass_fraction,cell-text,high,2,
a20de360a6901fad,bha-tools,24,s0024,psi,psi,pressure,Pa,scale,6894.757293168,0.0,unspecified,not-applicable,not-applicable,pressure,cell-text,high,65,gauge-vs-absolute-and-pressure-vs-stress
a20de360a6901fad,bha-tools,24,s0024,psi/ft,psi/ft,pressure_gradient,Pa/m,scale,22620.594793,0.0,not-applicable,not-applicable,not-applicable,pressure_gradient,cell-text,high,2,pressure-gradient-vs-equivalent-density
a20de360a6901fad,bha-tools,24,s0024,rad,rad,angle,rad,scale,1.0,0.0,not-applicable,not-applicable,not-applicable,angle,cell-text,high,5,
a20de360a6901fad,bha-tools,24,s0024,rad/s,rad/s,angular_velocity,rad/s,scale,1.0,0.0,not-applicable,not-applicable,not-applicable,angular_velocity,cell-text,high,2,
a20de360a6901fad,bha-tools,24,s0024,rpm,rpm,rotational_speed,rad/s,scale,0.1047197551,0.0,not-applicable,not-applicable,not-applicable,rotational_speed,cell-text,high,101,
a20de360a6901fad,bha-tools,24,s0024,s,s,time,s,scale,1.0,0.0,not-applicable,not-applicable,not-applicable,time,cell-text,high,134,
a20de360a6901fad,bha-tools,24,s0024,specific-gravity,specific-gravity,density_ratio,1,scale,1.0,0.0,not-applicable,not-applicable,not-applicable,density_ratio,cell-text,high,2,
a20de360a6901fad,bha-tools,24,s0024,strokes/min,strokes/min,pump_rate,1/s,scale,0.016666666666666666,0.0,not-applicable,not-applicable,not-applicable,pump_rate,cell-text,high,2,
a20de360a6901fad,bha-tools,5,s0005,ppg,ppg,density,kg/m^3,scale,119.82642732,0.0,not-applicable,not-applicable,not-applicable,mass-density-or-mud-weight,cell-text,high,6,mass-density-vs-mud-weight-gradient
a20de360a6901fad,bha-tools,33,s0033,L/s,L/s,volumetric_flow,m^3/s,scale,0.001,0.0,not-applicable,not-applicable,context-required,volumetric_flow,cell-text,high,1,actual-vs-standard-reference-state
a20de360a6901fad,bha-tools,33,s0033,ft,ft,length,m,scale,0.3048,0.0,not-applicable,not-applicable,not-applicable,length,cell-text,high,3,
a20de360a6901fad,bha-tools,33,s0033,ft/h,ft/h,penetration_rate,m/s,scale,8.466666666666667e-05,0.0,not-applicable,not-applicable,not-applicable,penetration_rate,cell-text,high,1,
a20de360a6901fad,bha-tools,33,s0033,gal,gal,volume,m^3,scale,0.003785411784,0.0,not-applicable,not-applicable,context-required,volume,cell-text,high,1,actual-vs-standard-reference-state
a20de360a6901fad,bha-tools,33,s0033,gal/min,gal/min,volumetric_flow,m^3/s,scale,6.30901964e-05,0.0,not-applicable,not-applicable,context-required,volumetric_flow,cell-text,high,1,actual-vs-standard-reference-state
a20de360a6901fad,bha-tools,33,s0033,h,h,time,s,scale,3600.0,0.0,not-applicable,not-applicable,not-applicable,time,cell-text,high,1,
a20de360a6901fad,bha-tools,33,s0033,min,min,time,s,scale,60.0,0.0,not-applicable,not-applicable,not-applicable,time,cell-text,high,5,
a20de360a6901fad,bha-tools,33,s0033,mm,mm,length,m,scale,0.001,0.0,not-applicable,not-applicable,not-applicable,length,number-format,medium,253,
a20de360a6901fad,bha-tools,33,s0033,percent,percent,fraction,1,scale,0.01,0.0,not-applicable,not-applicable,not-applicable,fraction,cell-text,high,6,
a20de360a6901fad,bha-tools,33,s0033,rpm,rpm,rotational_speed,rad/s,scale,0.1047197551,0.0,not-applicable,not-applicable,not-applicable,rotational_speed,cell-text,high,5,
a20de360a6901fad,bha-tools,34,s0034,L/s,L/s,volumetric_flow,m^3/s,scale,0.001,0.0,not-applicable,not-applicable,context-required,volumetric_flow,cell-text,high,1,actual-vs-standard-reference-state
a20de360a6901fad,bha-tools,34,s0034,ft,ft,length,m,scale,0.3048,0.0,not-applicable,not-applicable,not-applicable,length,cell-text,high,5,
a20de360a6901fad,bha-tools,34,s0034,ft/h,ft/h,penetration_rate,m/s,scale,8.466666666666667e-05,0.0,not-applicable,not-applicable,not-applicable,penetration_rate,cell-text,high,1,
a20de360a6901fad,bha-tools,34,s0034,gal,gal,volume,m^3,scale,0.003785411784,0.0,not-applicable,not-applicable,context-required,volume,cell-text,high,1,actual-vs-standard-reference-state
a20de360a6901fad,bha-tools,34,s0034,gal/min,gal/min,volumetric_flow,m^3/s,scale,6.30901964e-05,0.0,not-applicable,not-applicable,context-required,volumetric_flow,cell-text,high,1,actual-vs-standard-reference-state
a20de360a6901fad,bha-tools,34,s0034,h,h,time,s,scale,3600.0,0.0,not-applicable,not-applicable,not-applicable,time,cell-text,high,5,
a20de360a6901fad,bha-tools,34,s0034,m,m,length,m,scale,1.0,0.0,not-applicable,not-applicable,not-applicable,length,cell-text,high,1,
a20de360a6901fad,bha-tools,34,s0034,min,min,time,s,scale,60.0,0.0,not-applicable,not-applicable,not-applicable,time,cell-text,high,2,
a20de360a6901fad,bha-tools,34,s0034,rpm,rpm,rotational_speed,rad/s,scale,0.1047197551,0.0,not-applicable,not-applicable,not-applicable,rotational_speed,cell-text,high,1,
a20de360a6901fad,bha-tools,28,s0028,Btu,Btu,energy,J,scale,1055.05585262,0.0,not-applicable,not-applicable,not-applicable,energy,cell-text,high,4,
a20de360a6901fad,bha-tools,28,s0028,Hz,Hz,frequency,1/s,scale,1.0,0.0,not-applicable,not-applicable,not-applicable,frequency,cell-text,high,2,
a20de360a6901fad,bha-tools,28,s0028,Pa,Pa,pressure,Pa,scale,1.0,0.0,unspecified,not-applicable,not-applicable,pressure,cell-text,high,7,gauge-vs-absolute-and-pressure-vs-stress
a20de360a6901fad,bha-tools,28,s0028,bbl,bbl,volume,m^3,scale,0.158987294928,0.0,not-applicable,not-applicable,context-required,volume,cell-text,high,2,actual-vs-standard-reference-state
a20de360a6901fad,bha-tools,28,s0028,cP,cP,dynamic_viscosity,Pa*s,scale,0.001,0.0,not-applicable,not-applicable,not-applicable,dynamic_viscosity,cell-text,high,4,
a20de360a6901fad,bha-tools,28,s0028,deg,deg,angle,rad,scale,0.01745329252,0.0,not-applicable,not-applicable,not-applicable,angle,cell-text,high,17,
a20de360a6901fad,bha-tools,28,s0028,deg/100ft,deg/100ft,curvature,rad/m,scale,0.0005729578,0.0,not-applicable,not-applicable,not-applicable,curvature,cell-text,high,2,interval-basis-and-angle-convention
a20de360a6901fad,bha-tools,28,s0028,degF,degF,temperature,K,affine,0.5555555555555556,255.3722222222,not-applicable,absolute,not-applicable,temperature,cell-text,high,3,absolute-temperature-vs-temperature-difference
a20de360a6901fad,bha-tools,28,s0028,degF/100ft,degF/100ft,temperature_gradient,K/m,scale,0.01822637795,0.0,not-applicable,difference-per-length,not-applicable,temperature_gradient,cell-text,high,1,
a20de360a6901fad,bha-tools,28,s0028,ft,ft,length,m,scale,0.3048,0.0,not-applicable,not-applicable,not-applicable,length,cell-text,high,52,
a20de360a6901fad,bha-tools,28,s0028,ft*lbf,ft*lbf,torque,N*m,scale,1.3558179483,0.0,not-applicable,not-applicable,not-applicable,torque,cell-text,high,2,torque-vs-energy
a20de360a6901fad,bha-tools,28,s0028,ft/h,ft/h,penetration_rate,m/s,scale,8.466666666666667e-05,0.0,not-applicable,not-applicable,not-applicable,penetration_rate,cell-text,high,4,
a20de360a6901fad,bha-tools,28,s0028,ft/min,ft/min,velocity,m/s,scale,0.00508,0.0,not-applicable,not-applicable,not-applicable,velocity,cell-text,high,7,
a20de360a6901fad,bha-tools,28,s0028,ft/s,ft/s,velocity,m/s,scale,0.3048,0.0,not-applicable,not-applicable,not-applicable,velocity,cell-text,high,2,
a20de360a6901fad,bha-tools,28,s0028,ft^2,ft^2,area,m^2,scale,0.09290304,0.0,not-applicable,not-applicable,not-applicable,area,cell-text,high,3,
a20de360a6901fad,bha-tools,28,s0028,ft^3,ft^3,volume,m^3,scale,0.028316846592,0.0,not-applicable,not-applicable,context-required,volume,cell-text,high,1,actual-vs-standard-reference-state
a20de360a6901fad,bha-tools,28,s0028,gal,gal,volume,m^3,scale,0.003785411784,0.0,not-applicable,not-applicable,context-required,volume,cell-text,high,2,actual-vs-standard-reference-state
a20de360a6901fad,bha-tools,28,s0028,gal/min,gal/min,volumetric_flow,m^3/s,scale,6.30901964e-05,0.0,not-applicable,not-applicable,context-required,volumetric_flow,cell-text,high,6,actual-vs-standard-reference-state
a20de360a6901fad,bha-tools,28,s0028,hp,hp,power,W,scale,745.69987158,0.0,not-applicable,not-applicable,not-applicable,power,cell-text,high,10,
a20de360a6901fad,bha-tools,28,s0028,in,in,length,m,scale,0.0254,0.0,not-applicable,not-applicable,not-applicable,length,cell-text,high,17,
a20de360a6901fad,bha-tools,28,s0028,in^2,in^2,area,m^2,scale,0.00064516,0.0,not-applicable,not-applicable,not-applicable,area,cell-text,high,4,
a20de360a6901fad,bha-tools,28,s0028,klbf,klbf,force,N,scale,4448.2216153,0.0,not-applicable,not-applicable,not-applicable,force,cell-text,high,4,
a20de360a6901fad,bha-tools,28,s0028,ksi,ksi,pressure,Pa,scale,6894757.293168,0.0,unspecified,not-applicable,not-applicable,pressure,cell-text,high,1,gauge-vs-absolute-and-pressure-vs-stress
a20de360a6901fad,bha-tools,28,s0028,lbf,lbf,force,N,scale,4.4482216153,0.0,not-applicable,not-applicable,not-applicable,force,cell-text,high,4,
a20de360a6901fad,bha-tools,28,s0028,lbf/(100*ft^2),lbf/(100*ft^2),yield_stress,Pa,scale,0.4788025898,0.0,not-applicable,not-applicable,not-applicable,yield_stress,cell-text,high,5,yield-point-vs-stress-convention
a20de360a6901fad,bha-tools,28,s0028,lbm,lbm,mass,kg,scale,0.45359237,0.0,not-applicable,not-applicable,not-applicable,mass,cell-text,high,1,
a20de360a6901fad,bha-tools,28,s0028,lbm/ft^3,lbm/ft^3,density,kg/m^3,scale,16.018463374,0.0,not-applicable,not-applicable,not-applicable,density,cell-text,high,1,mass-density-vs-mud-weight-gradient
a20de360a6901fad,bha-tools,28,s0028,lbm/gal,lbm/gal,density,kg/m^3,scale,119.82642732,0.0,not-applicable,not-applicable,not-applicable,mass-density-or-mud-weight,cell-text,high,8,mass-density-vs-mud-weight-gradient
a20de360a6901fad,bha-tools,28,s0028,m,m,length,m,scale,1.0,0.0,not-applicable,not-applicable,not-applicable,length,cell-text,high,1,
a20de360a6901fad,bha-tools,28,s0028,min,min,time,s,scale,60.0,0.0,not-applicable,not-applicable,not-applicable,time,cell-text,high,3,
a20de360a6901fad,bha-tools,28,s0028,mm,mm,length,m,scale,0.001,0.0,not-applicable,not-applicable,not-applicable,length,number-format,medium,1,
a20de360a6901fad,bha-tools,28,s0028,percent,percent,fraction,1,scale,0.01,0.0,not-applicable,not-applicable,not-applicable,fraction,cell-text,high,3,
a20de360a6901fad,bha-tools,28,s0028,ppm,ppm,mass_fraction,1,scale,1e-06,0.0,not-applicable,not-applicable,not-applicable,mass_fraction,cell-text,high,1,
a20de360a6901fad,bha-tools,28,s0028,psi,psi,pressure,Pa,scale,6894.757293168,0.0,unspecified,not-applicable,not-applicable,pressure,cell-text,high,7,gauge-vs-absolute-and-pressure-vs-stress
a20de360a6901fad,bha-tools,28,s0028,psi/ft,psi/ft,pressure_gradient,Pa/m,scale,22620.594793,0.0,not-applicable,not-applicable,not-applicable,pressure_gradient,cell-text,high,1,pressure-gradient-vs-equivalent-density
a20de360a6901fad,bha-tools,28,s0028,rpm,rpm,rotational_speed,rad/s,scale,0.1047197551,0.0,not-applicable,not-applicable,not-applicable,rotational_speed,cell-text,high,12,
a20de360a6901fad,bha-tools,28,s0028,s,s,time,s,scale,1.0,0.0,not-applicable,not-applicable,not-applicable,time,cell-text,high,2,
a20de360a6901fad,bha-tools,29,s0029,Btu,Btu,energy,J,scale,1055.05585262,0.0,not-applicable,not-applicable,not-applicable,energy,cell-text,high,4,
a20de360a6901fad,bha-tools,29,s0029,Hz,Hz,frequency,1/s,scale,1.0,0.0,not-applicable,not-applicable,not-applicable,frequency,cell-text,high,2,
a20de360a6901fad,bha-tools,29,s0029,L/s,L/s,volumetric_flow,m^3/s,scale,0.001,0.0,not-applicable,not-applicable,context-required,volumetric_flow,cell-text,high,1,actual-vs-standard-reference-state
a20de360a6901fad,bha-tools,29,s0029,bbl,bbl,volume,m^3,scale,0.158987294928,0.0,not-applicable,not-applicable,context-required,volume,cell-text,high,5,actual-vs-standard-reference-state
a20de360a6901fad,bha-tools,29,s0029,cP,cP,dynamic_viscosity,Pa*s,scale,0.001,0.0,not-applicable,not-applicable,not-applicable,dynamic_viscosity,cell-text,high,4,
a20de360a6901fad,bha-tools,29,s0029,deg,deg,angle,rad,scale,0.01745329252,0.0,not-applicable,not-applicable,not-applicable,angle,cell-text,high,17,
a20de360a6901fad,bha-tools,29,s0029,deg/100ft,deg/100ft,curvature,rad/m,scale,0.0005729578,0.0,not-applicable,not-applicable,not-applicable,curvature,cell-text,high,2,interval-basis-and-angle-convention
a20de360a6901fad,bha-tools,29,s0029,degF,degF,temperature,K,affine,0.5555555555555556,255.3722222222,not-applicable,absolute,not-applicable,temperature,cell-text,high,3,absolute-temperature-vs-temperature-difference
a20de360a6901fad,bha-tools,29,s0029,degF/100ft,degF/100ft,temperature_gradient,K/m,scale,0.01822637795,0.0,not-applicable,difference-per-length,not-applicable,temperature_gradient,cell-text,high,2,
a20de360a6901fad,bha-tools,29,s0029,ft,ft,length,m,scale,0.3048,0.0,not-applicable,not-applicable,not-applicable,length,cell-text,high,116,
a20de360a6901fad,bha-tools,29,s0029,ft*lbf,ft*lbf,torque,N*m,scale,1.3558179483,0.0,not-applicable,not-applicable,not-applicable,torque,cell-text,high,2,torque-vs-energy
a20de360a6901fad,bha-tools,29,s0029,ft/h,ft/h,penetration_rate,m/s,scale,8.466666666666667e-05,0.0,not-applicable,not-applicable,not-applicable,penetration_rate,cell-text,high,14,
a20de360a6901fad,bha-tools,29,s0029,ft/min,ft/min,velocity,m/s,scale,0.00508,0.0,not-applicable,not-applicable,not-applicable,velocity,cell-text,high,17,
a20de360a6901fad,bha-tools,29,s0029,ft/s,ft/s,velocity,m/s,scale,0.3048,0.0,not-applicable,not-applicable,not-applicable,velocity,cell-text,high,6,
a20de360a6901fad,bha-tools,29,s0029,ft^2,ft^2,area,m^2,scale,0.09290304,0.0,not-applicable,not-applicable,not-applicable,area,cell-text,high,3,
a20de360a6901fad,bha-tools,29,s0029,ft^3,ft^3,volume,m^3,scale,0.028316846592,0.0,not-applicable,not-applicable,context-required,volume,cell-text,high,1,actual-vs-standard-reference-state
a20de360a6901fad,bha-tools,29,s0029,gal,gal,volume,m^3,scale,0.003785411784,0.0,not-applicable,not-applicable,context-required,volume,cell-text,high,2,actual-vs-standard-reference-state
a20de360a6901fad,bha-tools,29,s0029,gal/min,gal/min,volumetric_flow,m^3/s,scale,6.30901964e-05,0.0,not-applicable,not-applicable,context-required,volumetric_flow,cell-text,high,14,actual-vs-standard-reference-state
a20de360a6901fad,bha-tools,29,s0029,hp,hp,power,W,scale,745.69987158,0.0,not-applicable,not-applicable,not-applicable,power,cell-text,high,15,
a20de360a6901fad,bha-tools,29,s0029,in,in,length,m,scale,0.0254,0.0,not-applicable,not-applicable,not-applicable,length,cell-text,high,22,
a20de360a6901fad,bha-tools,29,s0029,in^2,in^2,area,m^2,scale,0.00064516,0.0,not-applicable,not-applicable,not-applicable,area,cell-text,high,6,
a20de360a6901fad,bha-tools,29,s0029,klbf,klbf,force,N,scale,4448.2216153,0.0,not-applicable,not-applicable,not-applicable,force,cell-text,high,1,
a20de360a6901fad,bha-tools,29,s0029,ksi,ksi,pressure,Pa,scale,6894757.293168,0.0,unspecified,not-applicable,not-applicable,pressure,cell-text,high,10,gauge-vs-absolute-and-pressure-vs-stress
a20de360a6901fad,bha-tools,29,s0029,lbf,lbf,force,N,scale,4.4482216153,0.0,not-applicable,not-applicable,not-applicable,force,cell-text,high,10,
a20de360a6901fad,bha-tools,29,s0029,lbf/(100*ft^2),lbf/(100*ft^2),yield_stress,Pa,scale,0.4788025898,0.0,not-applicable,not-applicable,not-applicable,yield_stress,cell-text,high,6,yield-point-vs-stress-convention
a20de360a6901fad,bha-tools,29,s0029,lbm,lbm,mass,kg,scale,0.45359237,0.0,not-applicable,not-applicable,not-applicable,mass,cell-text,high,1,
a20de360a6901fad,bha-tools,29,s0029,lbm/ft^3,lbm/ft^3,density,kg/m^3,scale,16.018463374,0.0,not-applicable,not-applicable,not-applicable,density,cell-text,high,1,mass-density-vs-mud-weight-gradient
a20de360a6901fad,bha-tools,29,s0029,lbm/gal,lbm/gal,density,kg/m^3,scale,119.82642732,0.0,not-applicable,not-applicable,not-applicable,mass-density-or-mud-weight,cell-text,high,34,mass-density-vs-mud-weight-gradient
a20de360a6901fad,bha-tools,29,s0029,m,m,length,m,scale,1.0,0.0,not-applicable,not-applicable,not-applicable,length,cell-text,high,1,
a20de360a6901fad,bha-tools,29,s0029,min,min,time,s,scale,60.0,0.0,not-applicable,not-applicable,not-applicable,time,cell-text,high,5,
a20de360a6901fad,bha-tools,29,s0029,percent,percent,fraction,1,scale,0.01,0.0,not-applicable,not-applicable,not-applicable,fraction,cell-text,high,8,
a20de360a6901fad,bha-tools,29,s0029,ppm,ppm,mass_fraction,1,scale,1e-06,0.0,not-applicable,not-applicable,not-applicable,mass_fraction,cell-text,high,2,
a20de360a6901fad,bha-tools,29,s0029,psi,psi,pressure,Pa,scale,6894.757293168,0.0,unspecified,not-applicable,not-applicable,pressure,cell-text,high,25,gauge-vs-absolute-and-pressure-vs-stress
a20de360a6901fad,bha-tools,29,s0029,psi/ft,psi/ft,pressure_gradient,Pa/m,scale,22620.594793,0.0,not-applicable,not-applicable,not-applicable,pressure_gradient,cell-text,high,1,pressure-gradient-vs-equivalent-density
a20de360a6901fad,bha-tools,29,s0029,rpm,rpm,rotational_speed,rad/s,scale,0.1047197551,0.0,not-applicable,not-applicable,not-applicable,rotational_speed,cell-text,high,16,
a20de360a6901fad,bha-tools,29,s0029,s,s,time,s,scale,1.0,0.0,not-applicable,not-applicable,not-applicable,time,cell-text,high,1,
a20de360a6901fad,bha-tools,29,s0029,strokes/min,strokes/min,pump_rate,1/s,scale,0.016666666666666666,0.0,not-applicable,not-applicable,not-applicable,pump_rate,cell-text,high,1,
a20de360a6901fad,bha-tools,15,s0015,ft,ft,length,m,scale,0.3048,0.0,not-applicable,not-applicable,not-applicable,length,cell-text,high,4,
a20de360a6901fad,bha-tools,15,s0015,ft*lbf,ft*lbf,torque,N*m,scale,1.3558179483,0.0,not-applicable,not-applicable,not-applicable,torque,cell-text,high,1,torque-vs-energy
a20de360a6901fad,bha-tools,15,s0015,gal/min,gal/min,volumetric_flow,m^3/s,scale,6.30901964e-05,0.0,not-applicable,not-applicable,context-required,volumetric_flow,cell-text,high,1,actual-vs-standard-reference-state
a20de360a6901fad,bha-tools,15,s0015,hp,hp,power,W,scale,745.69987158,0.0,not-applicable,not-applicable,not-applicable,power,cell-text,high,1,
a20de360a6901fad,bha-tools,15,s0015,in,in,length,m,scale,0.0254,0.0,not-applicable,not-applicable,not-applicable,length,cell-text,high,1,
a20de360a6901fad,bha-tools,15,s0015,psi,psi,pressure,Pa,scale,6894.757293168,0.0,unspecified,not-applicable,not-applicable,pressure,cell-text,high,2,gauge-vs-absolute-and-pressure-vs-stress
a20de360a6901fad,bha-tools,20,s0020,W,W,power,W,scale,1.0,0.0,not-applicable,not-applicable,not-applicable,power,cell-text,high,1,
a20de360a6901fad,bha-tools,20,s0020,hp,hp,power,W,scale,745.69987158,0.0,not-applicable,not-applicable,not-applicable,power,cell-text,high,4,
a20de360a6901fad,bha-tools,19,s0019,deg,deg,angle,rad,scale,0.01745329252,0.0,not-applicable,not-applicable,not-applicable,angle,cell-text,high,1,
a20de360a6901fad,bha-tools,19,s0019,m,m,length,m,scale,1.0,0.0,not-applicable,not-applicable,not-applicable,length,cell-text,high,53,
a20de360a6901fad,bha-tools,4,s0004,MPa,MPa,pressure,Pa,scale,1000000.0,0.0,unspecified,not-applicable,not-applicable,pressure,cell-text,high,68,gauge-vs-absolute-and-pressure-vs-stress
a20de360a6901fad,bha-tools,4,s0004,Pa,Pa,pressure,Pa,scale,1.0,0.0,unspecified,not-applicable,not-applicable,pressure,cell-text,high,28,gauge-vs-absolute-and-pressure-vs-stress
a20de360a6901fad,bha-tools,4,s0004,deg,deg,angle,rad,scale,0.01745329252,0.0,not-applicable,not-applicable,not-applicable,angle,cell-text,high,25,
a20de360a6901fad,bha-tools,4,s0004,g/cm^3,g/cm^3,density,kg/m^3,scale,1000.0,0.0,not-applicable,not-applicable,not-applicable,density,cell-text,high,1,mass-density-vs-mud-weight-gradient
a20de360a6901fad,bha-tools,4,s0004,mm,mm,length,m,scale,0.001,0.0,not-applicable,not-applicable,not-applicable,length,number-format,medium,21,
a20de360a6901fad,bha-tools,4,s0004,percent,percent,fraction,1,scale,0.01,0.0,not-applicable,not-applicable,not-applicable,fraction,cell-text,high,56,
a20de360a6901fad,bha-tools,43,s0043,ft,ft,length,m,scale,0.3048,0.0,not-applicable,not-applicable,not-applicable,length,cell-text,high,1,
a20de360a6901fad,bha-tools,32,s0032,bar,bar,pressure,Pa,scale,100000.0,0.0,unspecified,not-applicable,not-applicable,pressure,cell-text,high,4,gauge-vs-absolute-and-pressure-vs-stress
a20de360a6901fad,bha-tools,32,s0032,min,min,time,s,scale,60.0,0.0,not-applicable,not-applicable,not-applicable,time,cell-text,high,1,
a20de360a6901fad,bha-tools,21,s0021,deg,deg,angle,rad,scale,0.01745329252,0.0,not-applicable,not-applicable,not-applicable,angle,cell-text,high,2,
a20de360a6901fad,bha-tools,21,s0021,m,m,length,m,scale,1.0,0.0,not-applicable,not-applicable,not-applicable,length,cell-text,high,7,
a20de360a6901fad,bha-tools,21,s0021,rad,rad,angle,rad,scale,1.0,0.0,not-applicable,not-applicable,not-applicable,angle,cell-text,high,4,
a20de360a6901fad,bha-tools,21,s0021,s,s,time,s,scale,1.0,0.0,not-applicable,not-applicable,not-applicable,time,cell-text,high,4,
a20de360a6901fad,bha-tools,22,s0022,deg,deg,angle,rad,scale,0.01745329252,0.0,not-applicable,not-applicable,not-applicable,angle,cell-text,high,2,
a20de360a6901fad,bha-tools,22,s0022,deg/100ft,deg/100ft,curvature,rad/m,scale,0.0005729578,0.0,not-applicable,not-applicable,not-applicable,curvature,cell-text,high,1,interval-basis-and-angle-convention
a20de360a6901fad,bha-tools,22,s0022,ft,ft,length,m,scale,0.3048,0.0,not-applicable,not-applicable,not-applicable,length,cell-text,high,6,
a20de360a6901fad,bha-tools,22,s0022,m,m,length,m,scale,1.0,0.0,not-applicable,not-applicable,not-applicable,length,cell-text,high,2,
a20de360a6901fad,bha-tools,40,s0040,h,h,time,s,scale,3600.0,0.0,not-applicable,not-applicable,not-applicable,time,cell-text,high,2,
a20de360a6901fad,bha-tools,40,s0040,rpm,rpm,rotational_speed,rad/s,scale,0.1047197551,0.0,not-applicable,not-applicable,not-applicable,rotational_speed,cell-text,high,1,
a20de360a6901fad,bha-tools,44,s0044,cm,cm,length,m,scale,0.01,0.0,not-applicable,not-applicable,not-applicable,length,cell-text,high,270,
a20de360a6901fad,bha-tools,44,s0044,in,in,length,m,scale,0.0254,0.0,not-applicable,not-applicable,not-applicable,length,cell-text,high,1,
a20de360a6901fad,bha-tools,44,s0044,rad,rad,angle,rad,scale,1.0,0.0,not-applicable,not-applicable,not-applicable,angle,cell-text,high,1,
a20de360a6901fad,bha-tools,36,s0036,L/min,L/min,volumetric_flow,m^3/s,scale,1.6666666666666667e-05,0.0,not-applicable,not-applicable,context-required,volumetric_flow,cell-text,high,2,actual-vs-standard-reference-state
a20de360a6901fad,bha-tools,36,s0036,L/s,L/s,volumetric_flow,m^3/s,scale,0.001,0.0,not-applicable,not-applicable,context-required,volumetric_flow,cell-text,high,8,actual-vs-standard-reference-state
a20de360a6901fad,bha-tools,36,s0036,bbl,bbl,volume,m^3,scale,0.158987294928,0.0,not-applicable,not-applicable,context-required,volume,cell-text,high,48,actual-vs-standard-reference-state
a20de360a6901fad,bha-tools,36,s0036,ft,ft,length,m,scale,0.3048,0.0,not-applicable,not-applicable,not-applicable,length,cell-text,high,102,
a20de360a6901fad,bha-tools,36,s0036,ft/h,ft/h,penetration_rate,m/s,scale,8.466666666666667e-05,0.0,not-applicable,not-applicable,not-applicable,penetration_rate,cell-text,high,2,
a20de360a6901fad,bha-tools,36,s0036,ft/min,ft/min,velocity,m/s,scale,0.00508,0.0,not-applicable,not-applicable,not-applicable,velocity,cell-text,high,9,
a20de360a6901fad,bha-tools,36,s0036,ft^3,ft^3,volume,m^3,scale,0.028316846592,0.0,not-applicable,not-applicable,context-required,volume,cell-text,high,7,actual-vs-standard-reference-state
a20de360a6901fad,bha-tools,36,s0036,gal,gal,volume,m^3,scale,0.003785411784,0.0,not-applicable,not-applicable,context-required,volume,cell-text,high,7,actual-vs-standard-reference-state
a20de360a6901fad,bha-tools,36,s0036,gal/min,gal/min,volumetric_flow,m^3/s,scale,6.30901964e-05,0.0,not-applicable,not-applicable,context-required,volumetric_flow,cell-text,high,8,actual-vs-standard-reference-state
a20de360a6901fad,bha-tools,36,s0036,h,h,time,s,scale,3600.0,0.0,not-applicable,not-applicable,not-applicable,time,cell-text,high,3,
a20de360a6901fad,bha-tools,36,s0036,hp,hp,power,W,scale,745.69987158,0.0,not-applicable,not-applicable,not-applicable,power,cell-text,high,20,
a20de360a6901fad,bha-tools,36,s0036,lbm/ft,lbm/ft,linear_mass,kg/m,scale,1.4881639436,0.0,not-applicable,not-applicable,not-applicable,linear_mass,cell-text,high,7,
a20de360a6901fad,bha-tools,36,s0036,lbm/ft^3,lbm/ft^3,density,kg/m^3,scale,16.018463374,0.0,not-applicable,not-applicable,not-applicable,density,cell-text,high,9,mass-density-vs-mud-weight-gradient
a20de360a6901fad,bha-tools,36,s0036,lbm/gal,lbm/gal,density,kg/m^3,scale,119.82642732,0.0,not-applicable,not-applicable,not-applicable,mass-density-or-mud-weight,cell-text,high,3,mass-density-vs-mud-weight-gradient
a20de360a6901fad,bha-tools,36,s0036,min,min,time,s,scale,60.0,0.0,not-applicable,not-applicable,not-applicable,time,cell-text,high,2,
a20de360a6901fad,bha-tools,36,s0036,percent,percent,fraction,1,scale,0.01,0.0,not-applicable,not-applicable,not-applicable,fraction,cell-text,high,12,
a20de360a6901fad,bha-tools,36,s0036,ppg,ppg,density,kg/m^3,scale,119.82642732,0.0,not-applicable,not-applicable,not-applicable,mass-density-or-mud-weight,cell-text,high,50,mass-density-vs-mud-weight-gradient
a20de360a6901fad,bha-tools,36,s0036,psi,psi,pressure,Pa,scale,6894.757293168,0.0,unspecified,not-applicable,not-applicable,pressure,cell-text,high,39,gauge-vs-absolute-and-pressure-vs-stress
a20de360a6901fad,bha-tools,36,s0036,psi/ft,psi/ft,pressure_gradient,Pa/m,scale,22620.594793,0.0,not-applicable,not-applicable,not-applicable,pressure_gradient,cell-text,high,25,pressure-gradient-vs-equivalent-density
a20de360a6901fad,bha-tools,36,s0036,specific-gravity,specific-gravity,density_ratio,1,scale,1.0,0.0,not-applicable,not-applicable,not-applicable,density_ratio,cell-text,high,14,
a20de360a6901fad,bha-tools,36,s0036,strokes/min,strokes/min,pump_rate,1/s,scale,0.016666666666666666,0.0,not-applicable,not-applicable,not-applicable,pump_rate,cell-text,high,5,
a20de360a6901fad,bha-tools,13,s0013,mm,mm,length,m,scale,0.001,0.0,not-applicable,not-applicable,not-applicable,length,number-format,medium,14,
a20de360a6901fad,bha-tools,2,s0002,cP,cP,dynamic_viscosity,Pa*s,scale,0.001,0.0,not-applicable,not-applicable,not-applicable,dynamic_viscosity,cell-text,high,2,
a20de360a6901fad,bha-tools,2,s0002,deg/100ft,deg/100ft,curvature,rad/m,scale,0.0005729578,0.0,not-applicable,not-applicable,not-applicable,curvature,cell-text,high,1,interval-basis-and-angle-convention
a20de360a6901fad,bha-tools,2,s0002,degF,degF,temperature,K,affine,0.5555555555555556,255.3722222222,not-applicable,absolute,not-applicable,temperature,cell-text,high,4,absolute-temperature-vs-temperature-difference
a20de360a6901fad,bha-tools,2,s0002,ft,ft,length,m,scale,0.3048,0.0,not-applicable,not-applicable,not-applicable,length,cell-text,high,2,
a20de360a6901fad,bha-tools,2,s0002,ft^2,ft^2,area,m^2,scale,0.09290304,0.0,not-applicable,not-applicable,not-applicable,area,cell-text,high,6,
a20de360a6901fad,bha-tools,2,s0002,hp,hp,power,W,scale,745.69987158,0.0,not-applicable,not-applicable,not-applicable,power,cell-text,high,2,
a20de360a6901fad,bha-tools,2,s0002,in,in,length,m,scale,0.0254,0.0,not-applicable,not-applicable,not-applicable,length,cell-text,high,7,
a20de360a6901fad,bha-tools,2,s0002,percent,percent,fraction,1,scale,0.01,0.0,not-applicable,not-applicable,not-applicable,fraction,cell-text,high,2,
a20de360a6901fad,bha-tools,2,s0002,ppg,ppg,density,kg/m^3,scale,119.82642732,0.0,not-applicable,not-applicable,not-applicable,mass-density-or-mud-weight,cell-text,high,2,mass-density-vs-mud-weight-gradient
a20de360a6901fad,bha-tools,2,s0002,psi,psi,pressure,Pa,scale,6894.757293168,0.0,unspecified,not-applicable,not-applicable,pressure,cell-text,high,2,gauge-vs-absolute-and-pressure-vs-stress
a20de360a6901fad,bha-tools,31,s0031,Btu,Btu,energy,J,scale,1055.05585262,0.0,not-applicable,not-applicable,not-applicable,energy,cell-text,high,29,
a20de360a6901fad,bha-tools,31,s0031,Hz,Hz,frequency,1/s,scale,1.0,0.0,not-applicable,not-applicable,not-applicable,frequency,cell-text,high,7,
a20de360a6901fad,bha-tools,31,s0031,J,J,energy,J,scale,1.0,0.0,not-applicable,not-applicable,not-applicable,energy,cell-text,high,46,
a20de360a6901fad,bha-tools,31,s0031,K,K,temperature,K,affine,1.0,0.0,not-applicable,absolute,not-applicable,temperature,cell-text,high,25,absolute-temperature-vs-temperature-difference
a20de360a6901fad,bha-tools,31,s0031,L/min,L/min,volumetric_flow,m^3/s,scale,1.6666666666666667e-05,0.0,not-applicable,not-applicable,context-required,volumetric_flow,cell-text,high,2,actual-vs-standard-reference-state
a20de360a6901fad,bha-tools,31,s0031,L/s,L/s,volumetric_flow,m^3/s,scale,0.001,0.0,not-applicable,not-applicable,context-required,volumetric_flow,cell-text,high,17,actual-vs-standard-reference-state
a20de360a6901fad,bha-tools,31,s0031,MPa,MPa,pressure,Pa,scale,1000000.0,0.0,unspecified,not-applicable,not-applicable,pressure,cell-text,high,5,gauge-vs-absolute-and-pressure-vs-stress
a20de360a6901fad,bha-tools,31,s0031,MPa/m,MPa/m,pressure_gradient,Pa/m,scale,1000000.0,0.0,not-applicable,not-applicable,not-applicable,pressure_gradient,cell-text,high,1,pressure-gradient-vs-equivalent-density
a20de360a6901fad,bha-tools,31,s0031,N,N,force,N,scale,1.0,0.0,not-applicable,not-applicable,not-applicable,force,cell-text,high,28,
a20de360a6901fad,bha-tools,31,s0031,Pa,Pa,pressure,Pa,scale,1.0,0.0,unspecified,not-applicable,not-applicable,pressure,cell-text,high,131,gauge-vs-absolute-and-pressure-vs-stress
a20de360a6901fad,bha-tools,31,s0031,W,W,power,W,scale,1.0,0.0,not-applicable,not-applicable,not-applicable,power,cell-text,high,46,
a20de360a6901fad,bha-tools,31,s0031,bar,bar,pressure,Pa,scale,100000.0,0.0,unspecified,not-applicable,not-applicable,pressure,cell-text,high,25,gauge-vs-absolute-and-pressure-vs-stress
a20de360a6901fad,bha-tools,31,s0031,bbl,bbl,volume,m^3,scale,0.158987294928,0.0,not-applicable,not-applicable,context-required,volume,cell-text,high,103,actual-vs-standard-reference-state
a20de360a6901fad,bha-tools,31,s0031,cP,cP,dynamic_viscosity,Pa*s,scale,0.001,0.0,not-applicable,not-applicable,not-applicable,dynamic_viscosity,cell-text,high,26,
a20de360a6901fad,bha-tools,31,s0031,cm,cm,length,m,scale,0.01,0.0,not-applicable,not-applicable,not-applicable,length,cell-text,high,14,
a20de360a6901fad,bha-tools,31,s0031,deg,deg,angle,rad,scale,0.01745329252,0.0,not-applicable,not-applicable,not-applicable,angle,cell-text,high,30,
a20de360a6901fad,bha-tools,31,s0031,degC,degC,temperature,K,affine,1.0,273.15,not-applicable,absolute,not-applicable,temperature,cell-text,high,45,absolute-temperature-vs-temperature-difference
a20de360a6901fad,bha-tools,31,s0031,degC/100m,degC/100m,temperature_gradient,K/m,scale,0.01,0.0,not-applicable,difference-per-length,not-applicable,temperature_gradient,cell-text,high,1,
a20de360a6901fad,bha-tools,31,s0031,degF,degF,temperature,K,affine,0.5555555555555556,255.3722222222,not-applicable,absolute,not-applicable,temperature,cell-text,high,39,absolute-temperature-vs-temperature-difference
a20de360a6901fad,bha-tools,31,s0031,degF/100ft,degF/100ft,temperature_gradient,K/m,scale,0.01822637795,0.0,not-applicable,difference-per-length,not-applicable,temperature_gradient,cell-text,high,1,
a20de360a6901fad,bha-tools,31,s0031,ft,ft,length,m,scale,0.3048,0.0,not-applicable,not-applicable,not-applicable,length,cell-text,high,285,
a20de360a6901fad,bha-tools,31,s0031,ft/h,ft/h,penetration_rate,m/s,scale,8.466666666666667e-05,0.0,not-applicable,not-applicable,not-applicable,penetration_rate,cell-text,high,2,
a20de360a6901fad,bha-tools,31,s0031,ft/min,ft/min,velocity,m/s,scale,0.00508,0.0,not-applicable,not-applicable,not-applicable,velocity,cell-text,high,1,
a20de360a6901fad,bha-tools,31,s0031,ft/s,ft/s,velocity,m/s,scale,0.3048,0.0,not-applicable,not-applicable,not-applicable,velocity,cell-text,high,4,
a20de360a6901fad,bha-tools,31,s0031,ft^2,ft^2,area,m^2,scale,0.09290304,0.0,not-applicable,not-applicable,not-applicable,area,cell-text,high,37,
a20de360a6901fad,bha-tools,31,s0031,ft^3,ft^3,volume,m^3,scale,0.028316846592,0.0,not-applicable,not-applicable,context-required,volume,cell-text,high,48,actual-vs-standard-reference-state
a20de360a6901fad,bha-tools,31,s0031,g/cm^3,g/cm^3,density,kg/m^3,scale,1000.0,0.0,not-applicable,not-applicable,not-applicable,density,cell-text,high,3,mass-density-vs-mud-weight-gradient
a20de360a6901fad,bha-tools,31,s0031,gal,gal,volume,m^3,scale,0.003785411784,0.0,not-applicable,not-applicable,context-required,volume,cell-text,high,62,actual-vs-standard-reference-state
a20de360a6901fad,bha-tools,31,s0031,gal/min,gal/min,volumetric_flow,m^3/s,scale,6.30901964e-05,0.0,not-applicable,not-applicable,context-required,volumetric_flow,cell-text,high,8,actual-vs-standard-reference-state
a20de360a6901fad,bha-tools,31,s0031,h,h,time,s,scale,3600.0,0.0,not-applicable,not-applicable,not-applicable,time,cell-text,high,135,
a20de360a6901fad,bha-tools,31,s0031,hp,hp,power,W,scale,745.69987158,0.0,not-applicable,not-applicable,not-applicable,power,cell-text,high,23,
a20de360a6901fad,bha-tools,31,s0031,in,in,length,m,scale,0.0254,0.0,not-applicable,not-applicable,not-applicable,length,cell-text,high,33,
a20de360a6901fad,bha-tools,31,s0031,in^2,in^2,area,m^2,scale,0.00064516,0.0,not-applicable,not-applicable,not-applicable,area,cell-text,high,20,
a20de360a6901fad,bha-tools,31,s0031,in^3,in^3,volume,m^3,scale,1.6387064e-05,0.0,not-applicable,not-applicable,context-required,volume,cell-text,high,4,actual-vs-standard-reference-state
a20de360a6901fad,bha-tools,31,s0031,kJ,kJ,energy,J,scale,1000.0,0.0,not-applicable,not-applicable,not-applicable,energy,cell-text,high,9,
a20de360a6901fad,bha-tools,31,s0031,kN,kN,force,N,scale,1000.0,0.0,not-applicable,not-applicable,not-applicable,force,cell-text,high,5,
a20de360a6901fad,bha-tools,31,s0031,kPa,kPa,pressure,Pa,scale,1000.0,0.0,unspecified,not-applicable,not-applicable,pressure,cell-text,high,13,gauge-vs-absolute-and-pressure-vs-stress
a20de360a6901fad,bha-tools,31,s0031,kPa/m,kPa/m,pressure_gradient,Pa/m,scale,1000.0,0.0,not-applicable,not-applicable,not-applicable,pressure_gradient,cell-text,high,2,pressure-gradient-vs-equivalent-density
a20de360a6901fad,bha-tools,31,s0031,kW,kW,power,W,scale,1000.0,0.0,not-applicable,not-applicable,not-applicable,power,cell-text,high,16,
a20de360a6901fad,bha-tools,31,s0031,kg,kg,mass,kg,scale,1.0,0.0,not-applicable,not-applicable,not-applicable,mass,cell-text,high,180,
a20de360a6901fad,bha-tools,31,s0031,kg/m,kg/m,linear_mass,kg/m,scale,1.0,0.0,not-applicable,not-applicable,not-applicable,linear_mass,cell-text,high,7,
a20de360a6901fad,bha-tools,31,s0031,kg/m^3,kg/m^3,density,kg/m^3,scale,1.0,0.0,not-applicable,not-applicable,not-applicable,density,cell-text,high,30,mass-density-vs-mud-weight-gradient
a20de360a6901fad,bha-tools,31,s0031,klbf,klbf,force,N,scale,4448.2216153,0.0,not-applicable,not-applicable,not-applicable,force,cell-text,high,3,
a20de360a6901fad,bha-tools,31,s0031,lbf,lbf,force,N,scale,4.4482216153,0.0,not-applicable,not-applicable,not-applicable,force,cell-text,high,32,
a20de360a6901fad,bha-tools,31,s0031,lbf/(100*ft^2),lbf/(100*ft^2),yield_stress,Pa,scale,0.4788025898,0.0,not-applicable,not-applicable,not-applicable,yield_stress,cell-text,high,1,yield-point-vs-stress-convention
a20de360a6901fad,bha-tools,31,s0031,lbm,lbm,mass,kg,scale,0.45359237,0.0,not-applicable,not-applicable,not-applicable,mass,cell-text,high,31,
a20de360a6901fad,bha-tools,31,s0031,lbm/ft,lbm/ft,linear_mass,kg/m,scale,1.4881639436,0.0,not-applicable,not-applicable,not-applicable,linear_mass,cell-text,high,3,
a20de360a6901fad,bha-tools,31,s0031,lbm/ft^3,lbm/ft^3,density,kg/m^3,scale,16.018463374,0.0,not-applicable,not-applicable,not-applicable,density,cell-text,high,1,mass-density-vs-mud-weight-gradient
a20de360a6901fad,bha-tools,31,s0031,lbm/gal,lbm/gal,density,kg/m^3,scale,119.82642732,0.0,not-applicable,not-applicable,not-applicable,mass-density-or-mud-weight,cell-text,high,4,mass-density-vs-mud-weight-gradient
a20de360a6901fad,bha-tools,31,s0031,m,m,length,m,scale,1.0,0.0,not-applicable,not-applicable,not-applicable,length,cell-text,high,269,
a20de360a6901fad,bha-tools,31,s0031,m/h,m/h,penetration_rate,m/s,scale,0.0002777777777777778,0.0,not-applicable,not-applicable,not-applicable,penetration_rate,cell-text,high,11,
a20de360a6901fad,bha-tools,31,s0031,m/s,m/s,velocity,m/s,scale,1.0,0.0,not-applicable,not-applicable,not-applicable,velocity,cell-text,high,60,
a20de360a6901fad,bha-tools,31,s0031,m^2,m^2,area,m^2,scale,1.0,0.0,not-applicable,not-applicable,not-applicable,area,cell-text,high,236,
a20de360a6901fad,bha-tools,31,s0031,m^3,m^3,volume,m^3,scale,1.0,0.0,not-applicable,not-applicable,context-required,volume,cell-text,high,281,actual-vs-standard-reference-state
a20de360a6901fad,bha-tools,31,s0031,m^3/min,m^3/min,volumetric_flow,m^3/s,scale,0.016666666666666666,0.0,not-applicable,not-applicable,context-required,volumetric_flow,cell-text,high,2,actual-vs-standard-reference-state
a20de360a6901fad,bha-tools,31,s0031,m^3/s,m^3/s,volumetric_flow,m^3/s,scale,1.0,0.0,not-applicable,not-applicable,context-required,volumetric_flow,cell-text,high,54,actual-vs-standard-reference-state
a20de360a6901fad,bha-tools,31,s0031,min,min,time,s,scale,60.0,0.0,not-applicable,not-applicable,not-applicable,time,cell-text,high,72,
a20de360a6901fad,bha-tools,31,s0031,mm,mm,length,m,scale,0.001,0.0,not-applicable,not-applicable,not-applicable,length,cell-text,high,8,
a20de360a6901fad,bha-tools,31,s0031,percent,percent,fraction,1,scale,0.01,0.0,not-applicable,not-applicable,not-applicable,fraction,cell-text,high,1,
a20de360a6901fad,bha-tools,31,s0031,ppm,ppm,mass_fraction,1,scale,1e-06,0.0,not-applicable,not-applicable,not-applicable,mass_fraction,cell-text,high,5,
a20de360a6901fad,bha-tools,31,s0031,psi,psi,pressure,Pa,scale,6894.757293168,0.0,unspecified,not-applicable,not-applicable,pressure,cell-text,high,28,gauge-vs-absolute-and-pressure-vs-stress
a20de360a6901fad,bha-tools,31,s0031,psi/ft,psi/ft,pressure_gradient,Pa/m,scale,22620.594793,0.0,not-applicable,not-applicable,not-applicable,pressure_gradient,cell-text,high,1,pressure-gradient-vs-equivalent-density
a20de360a6901fad,bha-tools,31,s0031,psia,psia,pressure,Pa,scale,6894.757293168,0.0,absolute,not-applicable,not-applicable,pressure,cell-text,high,1,gauge-vs-absolute-and-pressure-vs-stress
a20de360a6901fad,bha-tools,31,s0031,psig,psig,pressure,Pa,scale,6894.757293168,0.0,gauge,not-applicable,not-applicable,pressure,cell-text,high,1,gauge-vs-absolute-and-pressure-vs-stress
a20de360a6901fad,bha-tools,31,s0031,rad,rad,angle,rad,scale,1.0,0.0,not-applicable,not-applicable,not-applicable,angle,cell-text,high,60,
a20de360a6901fad,bha-tools,31,s0031,rad/s,rad/s,angular_velocity,rad/s,scale,1.0,0.0,not-applicable,not-applicable,not-applicable,angular_velocity,cell-text,high,15,
a20de360a6901fad,bha-tools,31,s0031,rpm,rpm,rotational_speed,rad/s,scale,0.1047197551,0.0,not-applicable,not-applicable,not-applicable,rotational_speed,cell-text,high,1,
a20de360a6901fad,bha-tools,31,s0031,s,s,time,s,scale,1.0,0.0,not-applicable,not-applicable,not-applicable,time,cell-text,high,130,
a86a606c50c1000a,hydraulics,4,s0004,cP,cP,dynamic_viscosity,Pa*s,scale,0.001,0.0,not-applicable,not-applicable,not-applicable,dynamic_viscosity,cell-text,high,2,
a86a606c50c1000a,hydraulics,4,s0004,ft^2,ft^2,area,m^2,scale,0.09290304,0.0,not-applicable,not-applicable,not-applicable,area,cell-text,high,2,
a86a606c50c1000a,hydraulics,4,s0004,rpm,rpm,rotational_speed,rad/s,scale,0.1047197551,0.0,not-applicable,not-applicable,not-applicable,rotational_speed,cell-text,high,6,
a86a606c50c1000a,hydraulics,1,s0001,degC,degC,temperature,K,affine,1.0,273.15,not-applicable,absolute,not-applicable,temperature,cell-text,high,4,absolute-temperature-vs-temperature-difference
a86a606c50c1000a,hydraulics,1,s0001,hp,hp,power,W,scale,745.69987158,0.0,not-applicable,not-applicable,not-applicable,power,cell-text,high,2,
a86a606c50c1000a,hydraulics,1,s0001,rpm,rpm,rotational_speed,rad/s,scale,0.1047197551,0.0,not-applicable,not-applicable,not-applicable,rotational_speed,cell-text,high,2,
a86a606c50c1000a,hydraulics,1,s0001,s,s,time,s,scale,1.0,0.0,not-applicable,not-applicable,not-applicable,time,cell-text,high,1,
a86a606c50c1000a,hydraulics,3,s0003,L/s,L/s,volumetric_flow,m^3/s,scale,0.001,0.0,not-applicable,not-applicable,context-required,volumetric_flow,cell-text,high,1,actual-vs-standard-reference-state
a86a606c50c1000a,hydraulics,3,s0003,degC,degC,temperature,K,affine,1.0,273.15,not-applicable,absolute,not-applicable,temperature,cell-text,high,4,absolute-temperature-vs-temperature-difference
a86a606c50c1000a,hydraulics,3,s0003,kg,kg,mass,kg,scale,1.0,0.0,not-applicable,not-applicable,not-applicable,mass,cell-text,high,1,
a86a606c50c1000a,hydraulics,3,s0003,m^3,m^3,volume,m^3,scale,1.0,0.0,not-applicable,not-applicable,context-required,volume,cell-text,high,1,actual-vs-standard-reference-state
a86a606c50c1000a,hydraulics,2,s0002,L/s,L/s,volumetric_flow,m^3/s,scale,0.001,0.0,not-applicable,not-applicable,context-required,volumetric_flow,cell-text,high,1,actual-vs-standard-reference-state
a86a606c50c1000a,hydraulics,2,s0002,degC,degC,temperature,K,affine,1.0,273.15,not-applicable,absolute,not-applicable,temperature,cell-text,high,4,absolute-temperature-vs-temperature-difference
a86a606c50c1000a,hydraulics,2,s0002,hp,hp,power,W,scale,745.69987158,0.0,not-applicable,not-applicable,not-applicable,power,cell-text,high,1,
a86a606c50c1000a,hydraulics,2,s0002,psi,psi,pressure,Pa,scale,6894.757293168,0.0,unspecified,not-applicable,not-applicable,pressure,cell-text,high,2,gauge-vs-absolute-and-pressure-vs-stress
a86a606c50c1000a,hydraulics,2,s0002,rpm,rpm,rotational_speed,rad/s,scale,0.1047197551,0.0,not-applicable,not-applicable,not-applicable,rotational_speed,cell-text,high,1,
aaa642ca1d4178f6,hydraulics,3,s0003,gal/min,gal/min,volumetric_flow,m^3/s,scale,6.30901964e-05,0.0,not-applicable,not-applicable,context-required,volumetric_flow,cell-text,high,6,actual-vs-standard-reference-state
aaa642ca1d4178f6,hydraulics,3,s0003,ppg,ppg,density,kg/m^3,scale,119.82642732,0.0,not-applicable,not-applicable,not-applicable,mass-density-or-mud-weight,cell-text,high,1,mass-density-vs-mud-weight-gradient
aaa642ca1d4178f6,hydraulics,3,s0003,psi,psi,pressure,Pa,scale,6894.757293168,0.0,unspecified,not-applicable,not-applicable,pressure,cell-text,high,5,gauge-vs-absolute-and-pressure-vs-stress
aaa642ca1d4178f6,hydraulics,3,s0003,rpm,rpm,rotational_speed,rad/s,scale,0.1047197551,0.0,not-applicable,not-applicable,not-applicable,rotational_speed,cell-text,high,6,
aaa642ca1d4178f6,hydraulics,1,s0001,cP,cP,dynamic_viscosity,Pa*s,scale,0.001,0.0,not-applicable,not-applicable,not-applicable,dynamic_viscosity,cell-text,high,1,
aaa642ca1d4178f6,hydraulics,1,s0001,ft,ft,length,m,scale,0.3048,0.0,not-applicable,not-applicable,not-applicable,length,cell-text,high,9,
aaa642ca1d4178f6,hydraulics,1,s0001,ft/h,ft/h,penetration_rate,m/s,scale,8.466666666666667e-05,0.0,not-applicable,not-applicable,not-applicable,penetration_rate,cell-text,high,1,
aaa642ca1d4178f6,hydraulics,1,s0001,ft^2,ft^2,area,m^2,scale,0.09290304,0.0,not-applicable,not-applicable,not-applicable,area,cell-text,high,4,
aaa642ca1d4178f6,hydraulics,1,s0001,gal/min,gal/min,volumetric_flow,m^3/s,scale,6.30901964e-05,0.0,not-applicable,not-applicable,context-required,volumetric_flow,cell-text,high,1,actual-vs-standard-reference-state
aaa642ca1d4178f6,hydraulics,1,s0001,in,in,length,m,scale,0.0254,0.0,not-applicable,not-applicable,not-applicable,length,cell-text,high,5,
aaa642ca1d4178f6,hydraulics,1,s0001,min,min,time,s,scale,60.0,0.0,not-applicable,not-applicable,not-applicable,time,cell-text,high,1,
aaa642ca1d4178f6,hydraulics,1,s0001,mm,mm,length,m,scale,0.001,0.0,not-applicable,not-applicable,not-applicable,length,number-format,medium,1,
aaa642ca1d4178f6,hydraulics,1,s0001,ppg,ppg,density,kg/m^3,scale,119.82642732,0.0,not-applicable,not-applicable,not-applicable,mass-density-or-mud-weight,cell-text,high,1,mass-density-vs-mud-weight-gradient
aaa642ca1d4178f6,hydraulics,1,s0001,psi,psi,pressure,Pa,scale,6894.757293168,0.0,unspecified,not-applicable,not-applicable,pressure,cell-text,high,1,gauge-vs-absolute-and-pressure-vs-stress
aaa642ca1d4178f6,hydraulics,1,s0001,rad,rad,angle,rad,scale,1.0,0.0,not-applicable,not-applicable,not-applicable,angle,cell-text,high,1,
aaa642ca1d4178f6,hydraulics,1,s0001,rpm,rpm,rotational_speed,rad/s,scale,0.1047197551,0.0,not-applicable,not-applicable,not-applicable,rotational_speed,cell-text,high,1,
aaa642ca1d4178f6,hydraulics,2,s0002,ft,ft,length,m,scale,0.3048,0.0,not-applicable,not-applicable,not-applicable,length,cell-text,high,20,
aaa642ca1d4178f6,hydraulics,2,s0002,ft/h,ft/h,penetration_rate,m/s,scale,8.466666666666667e-05,0.0,not-applicable,not-applicable,not-applicable,penetration_rate,cell-text,high,10,
aaa642ca1d4178f6,hydraulics,2,s0002,gal/min,gal/min,volumetric_flow,m^3/s,scale,6.30901964e-05,0.0,not-applicable,not-applicable,context-required,volumetric_flow,cell-text,high,10,actual-vs-standard-reference-state
aaa642ca1d4178f6,hydraulics,2,s0002,psi,psi,pressure,Pa,scale,6894.757293168,0.0,unspecified,not-applicable,not-applicable,pressure,cell-text,high,60,gauge-vs-absolute-and-pressure-vs-stress
aaa642ca1d4178f6,hydraulics,2,s0002,rpm,rpm,rotational_speed,rad/s,scale,0.1047197551,0.0,not-applicable,not-applicable,not-applicable,rotational_speed,cell-text,high,10,
ad8281d5b5ff5bf8,torque-drag-drillstring,1,s0001,ft,ft,length,m,scale,0.3048,0.0,not-applicable,not-applicable,not-applicable,length,cell-text,high,2,
ad8281d5b5ff5bf8,torque-drag-drillstring,1,s0001,in,in,length,m,scale,0.0254,0.0,not-applicable,not-applicable,not-applicable,length,cell-text,high,1,
ad8281d5b5ff5bf8,torque-drag-drillstring,1,s0001,m,m,length,m,scale,1.0,0.0,not-applicable,not-applicable,not-applicable,length,cell-text,high,1,
ae621c1b35daafb1,directional,1,s0001,ft,ft,length,m,scale,0.3048,0.0,not-applicable,not-applicable,not-applicable,length,cell-text,high,2,
ae621c1b35daafb1,directional,1,s0001,rad,rad,angle,rad,scale,1.0,0.0,not-applicable,not-applicable,not-applicable,angle,cell-text,high,1,
ae9533001ab5aa68,torque-drag-drillstring,1,s0001,deg,deg,angle,rad,scale,0.01745329252,0.0,not-applicable,not-applicable,not-applicable,angle,cell-text,high,1,
ae9533001ab5aa68,torque-drag-drillstring,1,s0001,ft,ft,length,m,scale,0.3048,0.0,not-applicable,not-applicable,not-applicable,length,cell-text,high,2,
ae9533001ab5aa68,torque-drag-drillstring,1,s0001,h,h,time,s,scale,3600.0,0.0,not-applicable,not-applicable,not-applicable,time,cell-text,high,3,
ae9533001ab5aa68,torque-drag-drillstring,1,s0001,in,in,length,m,scale,0.0254,0.0,not-applicable,not-applicable,not-applicable,length,cell-text,high,21,
ae9533001ab5aa68,torque-drag-drillstring,1,s0001,in^2,in^2,area,m^2,scale,0.00064516,0.0,not-applicable,not-applicable,not-applicable,area,cell-text,high,3,
ae9533001ab5aa68,torque-drag-drillstring,1,s0001,psi,psi,pressure,Pa,scale,6894.757293168,0.0,unspecified,not-applicable,not-applicable,pressure,cell-text,high,11,gauge-vs-absolute-and-pressure-vs-stress
ae9533001ab5aa68,torque-drag-drillstring,1,s0001,rad,rad,angle,rad,scale,1.0,0.0,not-applicable,not-applicable,not-applicable,angle,cell-text,high,1,
aeba21cbab05dedc,hydraulics,1,s0001,ft,ft,length,m,scale,0.3048,0.0,not-applicable,not-applicable,not-applicable,length,cell-text,high,1,
aeba21cbab05dedc,hydraulics,1,s0001,gal/min,gal/min,volumetric_flow,m^3/s,scale,6.30901964e-05,0.0,not-applicable,not-applicable,context-required,volumetric_flow,cell-text,high,3,actual-vs-standard-reference-state
aeba21cbab05dedc,hydraulics,1,s0001,hp,hp,power,W,scale,745.69987158,0.0,not-applicable,not-applicable,not-applicable,power,cell-text,high,3,
aeba21cbab05dedc,hydraulics,1,s0001,percent,percent,fraction,1,scale,0.01,0.0,not-applicable,not-applicable,not-applicable,fraction,cell-text,high,3,
aeba21cbab05dedc,hydraulics,1,s0001,ppg,ppg,density,kg/m^3,scale,119.82642732,0.0,not-applicable,not-applicable,not-applicable,mass-density-or-mud-weight,cell-text,high,2,mass-density-vs-mud-weight-gradient
aeba21cbab05dedc,hydraulics,1,s0001,psi,psi,pressure,Pa,scale,6894.757293168,0.0,unspecified,not-applicable,not-applicable,pressure,cell-text,high,3,gauge-vs-absolute-and-pressure-vs-stress
aeba21cbab05dedc,hydraulics,1,s0001,s,s,time,s,scale,1.0,0.0,not-applicable,not-applicable,not-applicable,time,cell-text,high,15,
aeba21cbab05dedc,hydraulics,1,s0001,strokes/min,strokes/min,pump_rate,1/s,scale,0.016666666666666666,0.0,not-applicable,not-applicable,not-applicable,pump_rate,cell-text,high,2,
af96303bd2882c28,hydraulics,3,s0003,gal/min,gal/min,volumetric_flow,m^3/s,scale,6.30901964e-05,0.0,not-applicable,not-applicable,context-required,volumetric_flow,cell-text,high,6,actual-vs-standard-reference-state
af96303bd2882c28,hydraulics,3,s0003,ppg,ppg,density,kg/m^3,scale,119.82642732,0.0,not-applicable,not-applicable,not-applicable,mass-density-or-mud-weight,cell-text,high,1,mass-density-vs-mud-weight-gradient
af96303bd2882c28,hydraulics,3,s0003,psi,psi,pressure,Pa,scale,6894.757293168,0.0,unspecified,not-applicable,not-applicable,pressure,cell-text,high,5,gauge-vs-absolute-and-pressure-vs-stress
af96303bd2882c28,hydraulics,3,s0003,rpm,rpm,rotational_speed,rad/s,scale,0.1047197551,0.0,not-applicable,not-applicable,not-applicable,rotational_speed,cell-text,high,6,
af96303bd2882c28,hydraulics,1,s0001,cP,cP,dynamic_viscosity,Pa*s,scale,0.001,0.0,not-applicable,not-applicable,not-applicable,dynamic_viscosity,cell-text,high,1,
af96303bd2882c28,hydraulics,1,s0001,ft,ft,length,m,scale,0.3048,0.0,not-applicable,not-applicable,not-applicable,length,cell-text,high,9,
af96303bd2882c28,hydraulics,1,s0001,ft/h,ft/h,penetration_rate,m/s,scale,8.466666666666667e-05,0.0,not-applicable,not-applicable,not-applicable,penetration_rate,cell-text,high,1,
af96303bd2882c28,hydraulics,1,s0001,ft^2,ft^2,area,m^2,scale,0.09290304,0.0,not-applicable,not-applicable,not-applicable,area,cell-text,high,4,
af96303bd2882c28,hydraulics,1,s0001,gal/min,gal/min,volumetric_flow,m^3/s,scale,6.30901964e-05,0.0,not-applicable,not-applicable,context-required,volumetric_flow,cell-text,high,1,actual-vs-standard-reference-state
af96303bd2882c28,hydraulics,1,s0001,in,in,length,m,scale,0.0254,0.0,not-applicable,not-applicable,not-applicable,length,cell-text,high,5,
af96303bd2882c28,hydraulics,1,s0001,min,min,time,s,scale,60.0,0.0,not-applicable,not-applicable,not-applicable,time,cell-text,high,1,
af96303bd2882c28,hydraulics,1,s0001,ppg,ppg,density,kg/m^3,scale,119.82642732,0.0,not-applicable,not-applicable,not-applicable,mass-density-or-mud-weight,cell-text,high,1,mass-density-vs-mud-weight-gradient
af96303bd2882c28,hydraulics,1,s0001,psi,psi,pressure,Pa,scale,6894.757293168,0.0,unspecified,not-applicable,not-applicable,pressure,cell-text,high,1,gauge-vs-absolute-and-pressure-vs-stress
af96303bd2882c28,hydraulics,1,s0001,rad,rad,angle,rad,scale,1.0,0.0,not-applicable,not-applicable,not-applicable,angle,cell-text,high,1,
af96303bd2882c28,hydraulics,1,s0001,rpm,rpm,rotational_speed,rad/s,scale,0.1047197551,0.0,not-applicable,not-applicable,not-applicable,rotational_speed,cell-text,high,1,
af96303bd2882c28,hydraulics,2,s0002,ft,ft,length,m,scale,0.3048,0.0,not-applicable,not-applicable,not-applicable,length,cell-text,high,20,
af96303bd2882c28,hydraulics,2,s0002,ft/h,ft/h,penetration_rate,m/s,scale,8.466666666666667e-05,0.0,not-applicable,not-applicable,not-applicable,penetration_rate,cell-text,high,10,
af96303bd2882c28,hydraulics,2,s0002,gal/min,gal/min,volumetric_flow,m^3/s,scale,6.30901964e-05,0.0,not-applicable,not-applicable,context-required,volumetric_flow,cell-text,high,10,actual-vs-standard-reference-state
af96303bd2882c28,hydraulics,2,s0002,psi,psi,pressure,Pa,scale,6894.757293168,0.0,unspecified,not-applicable,not-applicable,pressure,cell-text,high,60,gauge-vs-absolute-and-pressure-vs-stress
af96303bd2882c28,hydraulics,2,s0002,rpm,rpm,rotational_speed,rad/s,scale,0.1047197551,0.0,not-applicable,not-applicable,not-applicable,rotational_speed,cell-text,high,10,
b147eb91b2f2fd18,thermal,28,s0028,ft,ft,length,m,scale,0.3048,0.0,not-applicable,not-applicable,not-applicable,length,cell-text,high,2,
b147eb91b2f2fd18,thermal,28,s0028,lbf,lbf,force,N,scale,4.4482216153,0.0,not-applicable,not-applicable,not-applicable,force,number-format,medium,2,
b147eb91b2f2fd18,thermal,28,s0028,mm,mm,length,m,scale,0.001,0.0,not-applicable,not-applicable,not-applicable,length,cell-text,high,16,
b147eb91b2f2fd18,thermal,28,s0028,rpm,rpm,rotational_speed,rad/s,scale,0.1047197551,0.0,not-applicable,not-applicable,not-applicable,rotational_speed,cell-text,high,2,
b147eb91b2f2fd18,thermal,28,s0028,rpm,rpm,rotational_speed,rad/s,scale,0.1047197551,0.0,not-applicable,not-applicable,not-applicable,rotational_speed,number-format,medium,2,
b147eb91b2f2fd18,thermal,43,s0043,deg,deg,angle,rad,scale,0.01745329252,0.0,not-applicable,not-applicable,not-applicable,angle,cell-text,high,3,
b147eb91b2f2fd18,thermal,43,s0043,ft,ft,length,m,scale,0.3048,0.0,not-applicable,not-applicable,not-applicable,length,cell-text,high,3,
b147eb91b2f2fd18,thermal,43,s0043,min,min,time,s,scale,60.0,0.0,not-applicable,not-applicable,not-applicable,time,cell-text,high,3,
b147eb91b2f2fd18,thermal,36,s0036,Pa,Pa,pressure,Pa,scale,1.0,0.0,unspecified,not-applicable,not-applicable,pressure,cell-text,high,3,gauge-vs-absolute-and-pressure-vs-stress
b147eb91b2f2fd18,thermal,36,s0036,ft,ft,length,m,scale,0.3048,0.0,not-applicable,not-applicable,not-applicable,length,cell-text,high,8,
b147eb91b2f2fd18,thermal,36,s0036,h,h,time,s,scale,3600.0,0.0,not-applicable,not-applicable,not-applicable,time,cell-text,high,1,
b147eb91b2f2fd18,thermal,36,s0036,percent,percent,fraction,1,scale,0.01,0.0,not-applicable,not-applicable,not-applicable,fraction,cell-text,high,6,
b147eb91b2f2fd18,thermal,36,s0036,psi,psi,pressure,Pa,scale,6894.757293168,0.0,unspecified,not-applicable,not-applicable,pressure,cell-text,high,1,gauge-vs-absolute-and-pressure-vs-stress
b147eb91b2f2fd18,thermal,39,s0039,bar,bar,pressure,Pa,scale,100000.0,0.0,unspecified,not-applicable,not-applicable,pressure,cell-text,high,2,gauge-vs-absolute-and-pressure-vs-stress
b147eb91b2f2fd18,thermal,3,s0003,N*m,N*m,torque,N*m,scale,1.0,0.0,not-applicable,not-applicable,not-applicable,torque,number-format,medium,20,torque-vs-energy
b147eb91b2f2fd18,thermal,3,s0003,ft,ft,length,m,scale,0.3048,0.0,not-applicable,not-applicable,not-applicable,length,number-format,medium,20,
b147eb91b2f2fd18,thermal,3,s0003,gal,gal,volume,m^3,scale,0.003785411784,0.0,not-applicable,not-applicable,context-required,volume,number-format,medium,10,actual-vs-standard-reference-state
b147eb91b2f2fd18,thermal,3,s0003,hp,hp,power,W,scale,745.69987158,0.0,not-applicable,not-applicable,not-applicable,power,number-format,medium,10,
b147eb91b2f2fd18,thermal,3,s0003,kPa,kPa,pressure,Pa,scale,1000.0,0.0,unspecified,not-applicable,not-applicable,pressure,number-format,medium,20,gauge-vs-absolute-and-pressure-vs-stress
b147eb91b2f2fd18,thermal,3,s0003,kW,kW,power,W,scale,1000.0,0.0,not-applicable,not-applicable,not-applicable,power,number-format,medium,10,
b147eb91b2f2fd18,thermal,3,s0003,psi,psi,pressure,Pa,scale,6894.757293168,0.0,unspecified,not-applicable,not-applicable,pressure,number-format,medium,20,gauge-vs-absolute-and-pressure-vs-stress
b147eb91b2f2fd18,thermal,3,s0003,rpm,rpm,rotational_speed,rad/s,scale,0.1047197551,0.0,not-applicable,not-applicable,not-applicable,rotational_speed,number-format,medium,20,
b147eb91b2f2fd18,thermal,7,s0007,deg,deg,angle,rad,scale,0.01745329252,0.0,not-applicable,not-applicable,not-applicable,angle,cell-text,high,3,
b147eb91b2f2fd18,thermal,7,s0007,deg,deg,angle,rad,scale,0.01745329252,0.0,not-applicable,not-applicable,not-applicable,angle,number-format,medium,2,
b147eb91b2f2fd18,thermal,7,s0007,deg/100ft,deg/100ft,curvature,rad/m,scale,0.0005729578,0.0,not-applicable,not-applicable,not-applicable,curvature,cell-text,high,11,interval-basis-and-angle-convention
b147eb91b2f2fd18,thermal,7,s0007,ft,ft,length,m,scale,0.3048,0.0,not-applicable,not-applicable,not-applicable,length,cell-text,high,12,
b147eb91b2f2fd18,thermal,7,s0007,in,in,length,m,scale,0.0254,0.0,not-applicable,not-applicable,not-applicable,length,cell-text,high,54,
b147eb91b2f2fd18,thermal,7,s0007,lbf,lbf,force,N,scale,4.4482216153,0.0,not-applicable,not-applicable,not-applicable,force,cell-text,high,8,
b147eb91b2f2fd18,thermal,7,s0007,m,m,length,m,scale,1.0,0.0,not-applicable,not-applicable,not-applicable,length,cell-text,high,24,
b147eb91b2f2fd18,thermal,7,s0007,min,min,time,s,scale,60.0,0.0,not-applicable,not-applicable,not-applicable,time,cell-text,high,3,
b147eb91b2f2fd18,thermal,7,s0007,mm,mm,length,m,scale,0.001,0.0,not-applicable,not-applicable,not-applicable,length,cell-text,high,27,
b147eb91b2f2fd18,thermal,7,s0007,percent,percent,fraction,1,scale,0.01,0.0,not-applicable,not-applicable,not-applicable,fraction,number-format,medium,212,
b147eb91b2f2fd18,thermal,7,s0007,rad,rad,angle,rad,scale,1.0,0.0,not-applicable,not-applicable,not-applicable,angle,cell-text,high,18,
b147eb91b2f2fd18,thermal,7,s0007,rpm,rpm,rotational_speed,rad/s,scale,0.1047197551,0.0,not-applicable,not-applicable,not-applicable,rotational_speed,cell-text,high,13,
b147eb91b2f2fd18,thermal,8,s0008,deg,deg,angle,rad,scale,0.01745329252,0.0,not-applicable,not-applicable,not-applicable,angle,number-format,medium,10,
b147eb91b2f2fd18,thermal,8,s0008,deg/100ft,deg/100ft,curvature,rad/m,scale,0.0005729578,0.0,not-applicable,not-applicable,not-applicable,curvature,cell-text,high,2,interval-basis-and-angle-convention
b147eb91b2f2fd18,thermal,8,s0008,min,min,time,s,scale,60.0,0.0,not-applicable,not-applicable,not-applicable,time,cell-text,high,2,
b147eb91b2f2fd18,thermal,6,s0006,in,in,length,m,scale,0.0254,0.0,not-applicable,not-applicable,not-applicable,length,cell-text,high,1,
b147eb91b2f2fd18,thermal,6,s0006,rad,rad,angle,rad,scale,1.0,0.0,not-applicable,not-applicable,not-applicable,angle,cell-text,high,2,
b147eb91b2f2fd18,thermal,6,s0006,rpm,rpm,rotational_speed,rad/s,scale,0.1047197551,0.0,not-applicable,not-applicable,not-applicable,rotational_speed,cell-text,high,2,
b147eb91b2f2fd18,thermal,32,s0032,Pa,Pa,pressure,Pa,scale,1.0,0.0,unspecified,not-applicable,not-applicable,pressure,cell-text,high,7,gauge-vs-absolute-and-pressure-vs-stress
b147eb91b2f2fd18,thermal,32,s0032,in,in,length,m,scale,0.0254,0.0,not-applicable,not-applicable,not-applicable,length,cell-text,high,2,
b147eb91b2f2fd18,thermal,32,s0032,in^2,in^2,area,m^2,scale,0.00064516,0.0,not-applicable,not-applicable,not-applicable,area,cell-text,high,1,
b147eb91b2f2fd18,thermal,32,s0032,kg/m^3,kg/m^3,density,kg/m^3,scale,1.0,0.0,not-applicable,not-applicable,not-applicable,density,cell-text,high,1,mass-density-vs-mud-weight-gradient
b147eb91b2f2fd18,thermal,32,s0032,m,m,length,m,scale,1.0,0.0,not-applicable,not-applicable,not-applicable,length,cell-text,high,5,
b147eb91b2f2fd18,thermal,32,s0032,m/s,m/s,velocity,m/s,scale,1.0,0.0,not-applicable,not-applicable,not-applicable,velocity,cell-text,high,2,
b147eb91b2f2fd18,thermal,32,s0032,m^2,m^2,area,m^2,scale,1.0,0.0,not-applicable,not-applicable,not-applicable,area,cell-text,high,2,
b147eb91b2f2fd18,thermal,32,s0032,m^3/s,m^3/s,volumetric_flow,m^3/s,scale,1.0,0.0,not-applicable,not-applicable,context-required,volumetric_flow,cell-text,high,1,actual-vs-standard-reference-state
b147eb91b2f2fd18,thermal,38,s0038,degC,degC,temperature,K,affine,1.0,273.15,not-applicable,absolute,not-applicable,temperature,cell-text,high,4,absolute-temperature-vs-temperature-difference
b147eb91b2f2fd18,thermal,38,s0038,degF,degF,temperature,K,affine,0.5555555555555556,255.3722222222,not-applicable,absolute,not-applicable,temperature,cell-text,high,4,absolute-temperature-vs-temperature-difference
b147eb91b2f2fd18,thermal,38,s0038,in,in,length,m,scale,0.0254,0.0,not-applicable,not-applicable,not-applicable,length,cell-text,high,2,
b147eb91b2f2fd18,thermal,38,s0038,percent,percent,fraction,1,scale,0.01,0.0,not-applicable,not-applicable,not-applicable,fraction,cell-text,high,25,
b147eb91b2f2fd18,thermal,38,s0038,percent,percent,fraction,1,scale,0.01,0.0,not-applicable,not-applicable,not-applicable,fraction,number-format,medium,26,
b147eb91b2f2fd18,thermal,38,s0038,psi,psi,pressure,Pa,scale,6894.757293168,0.0,unspecified,not-applicable,not-applicable,pressure,cell-text,high,1,gauge-vs-absolute-and-pressure-vs-stress
b147eb91b2f2fd18,thermal,38,s0038,rpm,rpm,rotational_speed,rad/s,scale,0.1047197551,0.0,not-applicable,not-applicable,not-applicable,rotational_speed,cell-text,high,1,
b147eb91b2f2fd18,thermal,21,s0021,cP,cP,dynamic_viscosity,Pa*s,scale,0.001,0.0,not-applicable,not-applicable,not-applicable,dynamic_viscosity,cell-text,high,1,
b147eb91b2f2fd18,thermal,21,s0021,deg,deg,angle,rad,scale,0.01745329252,0.0,not-applicable,not-applicable,not-applicable,angle,cell-text,high,5,
b147eb91b2f2fd18,thermal,21,s0021,deg,deg,angle,rad,scale,0.01745329252,0.0,not-applicable,not-applicable,not-applicable,angle,number-format,medium,494,
b147eb91b2f2fd18,thermal,21,s0021,ft/min,ft/min,velocity,m/s,scale,0.00508,0.0,not-applicable,not-applicable,not-applicable,velocity,cell-text,high,6,
b147eb91b2f2fd18,thermal,21,s0021,ft/min,ft/min,velocity,m/s,scale,0.00508,0.0,not-applicable,not-applicable,not-applicable,velocity,number-format,medium,16,
b147eb91b2f2fd18,thermal,21,s0021,gal/min,gal/min,volumetric_flow,m^3/s,scale,6.30901964e-05,0.0,not-applicable,not-applicable,context-required,volumetric_flow,cell-text,high,1,actual-vs-standard-reference-state
b147eb91b2f2fd18,thermal,21,s0021,gal/min,gal/min,volumetric_flow,m^3/s,scale,6.30901964e-05,0.0,not-applicable,not-applicable,context-required,volumetric_flow,number-format,medium,2,actual-vs-standard-reference-state
b147eb91b2f2fd18,thermal,21,s0021,in,in,length,m,scale,0.0254,0.0,not-applicable,not-applicable,not-applicable,length,cell-text,high,21,
b147eb91b2f2fd18,thermal,21,s0021,in^2,in^2,area,m^2,scale,0.00064516,0.0,not-applicable,not-applicable,not-applicable,area,cell-text,high,11,
b147eb91b2f2fd18,thermal,21,s0021,in^2,in^2,area,m^2,scale,0.00064516,0.0,not-applicable,not-applicable,not-applicable,area,number-format,medium,247,
b147eb91b2f2fd18,thermal,21,s0021,kg,kg,mass,kg,scale,1.0,0.0,not-applicable,not-applicable,not-applicable,mass,cell-text,high,1,
b147eb91b2f2fd18,thermal,21,s0021,kg/m^3,kg/m^3,density,kg/m^3,scale,1.0,0.0,not-applicable,not-applicable,not-applicable,density,cell-text,high,1,mass-density-vs-mud-weight-gradient
b147eb91b2f2fd18,thermal,21,s0021,lbf*s^n/(100*ft^2),lbf*s^n/(100*ft^2),rheology_consistency,Pa*s^n,exponent-dependent,,0.0,not-applicable,not-applicable,not-applicable,rheology_consistency,cell-text,high,1,conversion-depends-on-flow-index
b147eb91b2f2fd18,thermal,21,s0021,lbf/(100*ft^2),lbf/(100*ft^2),yield_stress,Pa,scale,0.4788025898,0.0,not-applicable,not-applicable,not-applicable,yield_stress,cell-text,high,1,yield-point-vs-stress-convention
b147eb91b2f2fd18,thermal,21,s0021,m,m,length,m,scale,1.0,0.0,not-applicable,not-applicable,not-applicable,length,cell-text,high,8,
b147eb91b2f2fd18,thermal,21,s0021,m^2,m^2,area,m^2,scale,1.0,0.0,not-applicable,not-applicable,not-applicable,area,cell-text,high,9,
b147eb91b2f2fd18,thermal,21,s0021,min,min,time,s,scale,60.0,0.0,not-applicable,not-applicable,not-applicable,time,cell-text,high,6,
b147eb91b2f2fd18,thermal,21,s0021,min,min,time,s,scale,60.0,0.0,not-applicable,not-applicable,not-applicable,time,number-format,medium,16,
b147eb91b2f2fd18,thermal,21,s0021,mm,mm,length,m,scale,0.001,0.0,not-applicable,not-applicable,not-applicable,length,cell-text,high,9,
b147eb91b2f2fd18,thermal,21,s0021,percent,percent,fraction,1,scale,0.01,0.0,not-applicable,not-applicable,not-applicable,fraction,cell-text,high,2,
b147eb91b2f2fd18,thermal,21,s0021,ppg,ppg,density,kg/m^3,scale,119.82642732,0.0,not-applicable,not-applicable,not-applicable,mass-density-or-mud-weight,cell-text,high,1,mass-density-vs-mud-weight-gradient
b147eb91b2f2fd18,thermal,21,s0021,psi,psi,pressure,Pa,scale,6894.757293168,0.0,unspecified,not-applicable,not-applicable,pressure,number-format,medium,2,gauge-vs-absolute-and-pressure-vs-stress
b147eb91b2f2fd18,thermal,20,s0020,Pa,Pa,pressure,Pa,scale,1.0,0.0,unspecified,not-applicable,not-applicable,pressure,cell-text,high,1,gauge-vs-absolute-and-pressure-vs-stress
b147eb91b2f2fd18,thermal,20,s0020,deg,deg,angle,rad,scale,0.01745329252,0.0,not-applicable,not-applicable,not-applicable,angle,cell-text,high,5,
b147eb91b2f2fd18,thermal,20,s0020,percent,percent,fraction,1,scale,0.01,0.0,not-applicable,not-applicable,not-applicable,fraction,cell-text,high,5,
b147eb91b2f2fd18,thermal,20,s0020,percent,percent,fraction,1,scale,0.01,0.0,not-applicable,not-applicable,not-applicable,fraction,number-format,medium,2,
b147eb91b2f2fd18,thermal,24,s0024,Hz,Hz,frequency,1/s,scale,1.0,0.0,not-applicable,not-applicable,not-applicable,frequency,cell-text,high,1,
b147eb91b2f2fd18,thermal,24,s0024,degF,degF,temperature,K,affine,0.5555555555555556,255.3722222222,not-applicable,absolute,not-applicable,temperature,cell-text,high,3,absolute-temperature-vs-temperature-difference
b147eb91b2f2fd18,thermal,24,s0024,ft,ft,length,m,scale,0.3048,0.0,not-applicable,not-applicable,not-applicable,length,cell-text,high,2,
b147eb91b2f2fd18,thermal,24,s0024,gal/min,gal/min,volumetric_flow,m^3/s,scale,6.30901964e-05,0.0,not-applicable,not-applicable,context-required,volumetric_flow,cell-text,high,1,actual-vs-standard-reference-state
b147eb91b2f2fd18,thermal,24,s0024,h,h,time,s,scale,3600.0,0.0,not-applicable,not-applicable,not-applicable,time,cell-text,high,3,
b147eb91b2f2fd18,thermal,24,s0024,in,in,length,m,scale,0.0254,0.0,not-applicable,not-applicable,not-applicable,length,cell-text,high,4,
b147eb91b2f2fd18,thermal,24,s0024,m/s,m/s,velocity,m/s,scale,1.0,0.0,not-applicable,not-applicable,not-applicable,velocity,cell-text,high,2,
b147eb91b2f2fd18,thermal,24,s0024,min,min,time,s,scale,60.0,0.0,not-applicable,not-applicable,not-applicable,time,cell-text,high,1,
b147eb91b2f2fd18,thermal,24,s0024,mm,mm,length,m,scale,0.001,0.0,not-applicable,not-applicable,not-applicable,length,number-format,medium,21,
b147eb91b2f2fd18,thermal,24,s0024,percent,percent,fraction,1,scale,0.01,0.0,not-applicable,not-applicable,not-applicable,fraction,cell-text,high,8,
b147eb91b2f2fd18,thermal,24,s0024,percent,percent,fraction,1,scale,0.01,0.0,not-applicable,not-applicable,not-applicable,fraction,number-format,medium,38,
b147eb91b2f2fd18,thermal,24,s0024,ppg,ppg,density,kg/m^3,scale,119.82642732,0.0,not-applicable,not-applicable,not-applicable,mass-density-or-mud-weight,cell-text,high,2,mass-density-vs-mud-weight-gradient
b147eb91b2f2fd18,thermal,24,s0024,psi,psi,pressure,Pa,scale,6894.757293168,0.0,unspecified,not-applicable,not-applicable,pressure,cell-text,high,3,gauge-vs-absolute-and-pressure-vs-stress
b147eb91b2f2fd18,thermal,37,s0037,degC,degC,temperature,K,affine,1.0,273.15,not-applicable,absolute,not-applicable,temperature,cell-text,high,2,absolute-temperature-vs-temperature-difference
b147eb91b2f2fd18,thermal,37,s0037,degC,degC,temperature,K,affine,1.0,273.15,not-applicable,absolute,not-applicable,temperature,number-format,medium,7,absolute-temperature-vs-temperature-difference
b147eb91b2f2fd18,thermal,37,s0037,degF,degF,temperature,K,affine,0.5555555555555556,255.3722222222,not-applicable,absolute,not-applicable,temperature,cell-text,high,1,absolute-temperature-vs-temperature-difference
b147eb91b2f2fd18,thermal,37,s0037,degF,degF,temperature,K,affine,0.5555555555555556,255.3722222222,not-applicable,absolute,not-applicable,temperature,number-format,medium,7,absolute-temperature-vs-temperature-difference
b147eb91b2f2fd18,thermal,37,s0037,percent,percent,fraction,1,scale,0.01,0.0,not-applicable,not-applicable,not-applicable,fraction,cell-text,high,3,
b147eb91b2f2fd18,thermal,37,s0037,percent,percent,fraction,1,scale,0.01,0.0,not-applicable,not-applicable,not-applicable,fraction,number-format,medium,14,
b147eb91b2f2fd18,thermal,27,s0027,ft,ft,length,m,scale,0.3048,0.0,not-applicable,not-applicable,not-applicable,length,cell-text,high,2,
b147eb91b2f2fd18,thermal,27,s0027,gal/min,gal/min,volumetric_flow,m^3/s,scale,6.30901964e-05,0.0,not-applicable,not-applicable,context-required,volumetric_flow,cell-text,high,3,actual-vs-standard-reference-state
b147eb91b2f2fd18,thermal,27,s0027,hp,hp,power,W,scale,745.69987158,0.0,not-applicable,not-applicable,not-applicable,power,cell-text,high,1,
b147eb91b2f2fd18,thermal,27,s0027,min,min,time,s,scale,60.0,0.0,not-applicable,not-applicable,not-applicable,time,cell-text,high,3,
b147eb91b2f2fd18,thermal,27,s0027,min,min,time,s,scale,60.0,0.0,not-applicable,not-applicable,not-applicable,time,number-format,medium,2,
b147eb91b2f2fd18,thermal,27,s0027,mm,mm,length,m,scale,0.001,0.0,not-applicable,not-applicable,not-applicable,length,number-format,medium,1,
b147eb91b2f2fd18,thermal,27,s0027,percent,percent,fraction,1,scale,0.01,0.0,not-applicable,not-applicable,not-applicable,fraction,cell-text,high,1,
b147eb91b2f2fd18,thermal,27,s0027,percent,percent,fraction,1,scale,0.01,0.0,not-applicable,not-applicable,not-applicable,fraction,number-format,medium,2,
b147eb91b2f2fd18,thermal,27,s0027,psi,psi,pressure,Pa,scale,6894.757293168,0.0,unspecified,not-applicable,not-applicable,pressure,cell-text,high,3,gauge-vs-absolute-and-pressure-vs-stress
b147eb91b2f2fd18,thermal,27,s0027,rpm,rpm,rotational_speed,rad/s,scale,0.1047197551,0.0,not-applicable,not-applicable,not-applicable,rotational_speed,cell-text,high,4,
b147eb91b2f2fd18,thermal,22,s0022,N*m,N*m,torque,N*m,scale,1.0,0.0,not-applicable,not-applicable,not-applicable,torque,number-format,medium,3,torque-vs-energy
b147eb91b2f2fd18,thermal,22,s0022,degC,degC,temperature,K,affine,1.0,273.15,not-applicable,absolute,not-applicable,temperature,number-format,medium,1,absolute-temperature-vs-temperature-difference
b147eb91b2f2fd18,thermal,22,s0022,degF,degF,temperature,K,affine,0.5555555555555556,255.3722222222,not-applicable,absolute,not-applicable,temperature,number-format,medium,1,absolute-temperature-vs-temperature-difference
b147eb91b2f2fd18,thermal,22,s0022,ft,ft,length,m,scale,0.3048,0.0,not-applicable,not-applicable,not-applicable,length,cell-text,high,1,
b147eb91b2f2fd18,thermal,22,s0022,ft,ft,length,m,scale,0.3048,0.0,not-applicable,not-applicable,not-applicable,length,number-format,medium,3,
b147eb91b2f2fd18,thermal,22,s0022,gal,gal,volume,m^3,scale,0.003785411784,0.0,not-applicable,not-applicable,context-required,volume,number-format,medium,1,actual-vs-standard-reference-state
b147eb91b2f2fd18,thermal,22,s0022,gal/min,gal/min,volumetric_flow,m^3/s,scale,6.30901964e-05,0.0,not-applicable,not-applicable,context-required,volumetric_flow,cell-text,high,2,actual-vs-standard-reference-state
b147eb91b2f2fd18,thermal,22,s0022,gal/min,gal/min,volumetric_flow,m^3/s,scale,6.30901964e-05,0.0,not-applicable,not-applicable,context-required,volumetric_flow,number-format,medium,6,actual-vs-standard-reference-state
b147eb91b2f2fd18,thermal,22,s0022,hp,hp,power,W,scale,745.69987158,0.0,not-applicable,not-applicable,not-applicable,power,cell-text,high,10,
b147eb91b2f2fd18,thermal,22,s0022,hp,hp,power,W,scale,745.69987158,0.0,not-applicable,not-applicable,not-applicable,power,number-format,medium,2,
b147eb91b2f2fd18,thermal,22,s0022,in,in,length,m,scale,0.0254,0.0,not-applicable,not-applicable,not-applicable,length,cell-text,high,8,
b147eb91b2f2fd18,thermal,22,s0022,kPa,kPa,pressure,Pa,scale,1000.0,0.0,unspecified,not-applicable,not-applicable,pressure,number-format,medium,3,gauge-vs-absolute-and-pressure-vs-stress
b147eb91b2f2fd18,thermal,22,s0022,kW,kW,power,W,scale,1000.0,0.0,not-applicable,not-applicable,not-applicable,power,number-format,medium,2,
b147eb91b2f2fd18,thermal,22,s0022,kg,kg,mass,kg,scale,1.0,0.0,not-applicable,not-applicable,not-applicable,mass,number-format,medium,2,
b147eb91b2f2fd18,thermal,22,s0022,m/s,m/s,velocity,m/s,scale,1.0,0.0,not-applicable,not-applicable,not-applicable,velocity,cell-text,high,2,
b147eb91b2f2fd18,thermal,22,s0022,min,min,time,s,scale,60.0,0.0,not-applicable,not-applicable,not-applicable,time,cell-text,high,8,
b147eb91b2f2fd18,thermal,22,s0022,mm,mm,length,m,scale,0.001,0.0,not-applicable,not-applicable,not-applicable,length,number-format,medium,3,
b147eb91b2f2fd18,thermal,22,s0022,percent,percent,fraction,1,scale,0.01,0.0,not-applicable,not-applicable,not-applicable,fraction,cell-text,high,2,
b147eb91b2f2fd18,thermal,22,s0022,percent,percent,fraction,1,scale,0.01,0.0,not-applicable,not-applicable,not-applicable,fraction,number-format,medium,9,
b147eb91b2f2fd18,thermal,22,s0022,psi,psi,pressure,Pa,scale,6894.757293168,0.0,unspecified,not-applicable,not-applicable,pressure,cell-text,high,1,gauge-vs-absolute-and-pressure-vs-stress
b147eb91b2f2fd18,thermal,22,s0022,psi,psi,pressure,Pa,scale,6894.757293168,0.0,unspecified,not-applicable,not-applicable,pressure,number-format,medium,3,gauge-vs-absolute-and-pressure-vs-stress
b147eb91b2f2fd18,thermal,22,s0022,rpm,rpm,rotational_speed,rad/s,scale,0.1047197551,0.0,not-applicable,not-applicable,not-applicable,rotational_speed,cell-text,high,14,
b147eb91b2f2fd18,thermal,23,s0023,ft,ft,length,m,scale,0.3048,0.0,not-applicable,not-applicable,not-applicable,length,cell-text,high,3,
b147eb91b2f2fd18,thermal,23,s0023,gal,gal,volume,m^3,scale,0.003785411784,0.0,not-applicable,not-applicable,context-required,volume,cell-text,high,3,actual-vs-standard-reference-state
b147eb91b2f2fd18,thermal,23,s0023,gal/min,gal/min,volumetric_flow,m^3/s,scale,6.30901964e-05,0.0,not-applicable,not-applicable,context-required,volumetric_flow,cell-text,high,2,actual-vs-standard-reference-state
b147eb91b2f2fd18,thermal,23,s0023,hp,hp,power,W,scale,745.69987158,0.0,not-applicable,not-applicable,not-applicable,power,cell-text,high,4,
b147eb91b2f2fd18,thermal,23,s0023,in,in,length,m,scale,0.0254,0.0,not-applicable,not-applicable,not-applicable,length,cell-text,high,17,
b147eb91b2f2fd18,thermal,23,s0023,in^2,in^2,area,m^2,scale,0.00064516,0.0,not-applicable,not-applicable,not-applicable,area,cell-text,high,1,
b147eb91b2f2fd18,thermal,23,s0023,in^3,in^3,volume,m^3,scale,1.6387064e-05,0.0,not-applicable,not-applicable,context-required,volume,cell-text,high,2,actual-vs-standard-reference-state
b147eb91b2f2fd18,thermal,23,s0023,m,m,length,m,scale,1.0,0.0,not-applicable,not-applicable,not-applicable,length,cell-text,high,1,
b147eb91b2f2fd18,thermal,23,s0023,m/s,m/s,velocity,m/s,scale,1.0,0.0,not-applicable,not-applicable,not-applicable,velocity,cell-text,high,4,
b147eb91b2f2fd18,thermal,23,s0023,min,min,time,s,scale,60.0,0.0,not-applicable,not-applicable,not-applicable,time,cell-text,high,3,
b147eb91b2f2fd18,thermal,23,s0023,percent,percent,fraction,1,scale,0.01,0.0,not-applicable,not-applicable,not-applicable,fraction,cell-text,high,5,
b147eb91b2f2fd18,thermal,23,s0023,percent,percent,fraction,1,scale,0.01,0.0,not-applicable,not-applicable,not-applicable,fraction,number-format,medium,30,
b147eb91b2f2fd18,thermal,23,s0023,psi,psi,pressure,Pa,scale,6894.757293168,0.0,unspecified,not-applicable,not-applicable,pressure,cell-text,high,5,gauge-vs-absolute-and-pressure-vs-stress
b147eb91b2f2fd18,thermal,23,s0023,rpm,rpm,rotational_speed,rad/s,scale,0.1047197551,0.0,not-applicable,not-applicable,not-applicable,rotational_speed,cell-text,high,3,
b147eb91b2f2fd18,thermal,17,s0017,degF,degF,temperature,K,affine,0.5555555555555556,255.3722222222,not-applicable,absolute,not-applicable,temperature,number-format,medium,1,absolute-temperature-vs-temperature-difference
b147eb91b2f2fd18,thermal,17,s0017,ft,ft,length,m,scale,0.3048,0.0,not-applicable,not-applicable,not-applicable,length,number-format,medium,2,
b147eb91b2f2fd18,thermal,17,s0017,gal/min,gal/min,volumetric_flow,m^3/s,scale,6.30901964e-05,0.0,not-applicable,not-applicable,context-required,volumetric_flow,cell-text,high,1,actual-vs-standard-reference-state
b147eb91b2f2fd18,thermal,17,s0017,gal/min,gal/min,volumetric_flow,m^3/s,scale,6.30901964e-05,0.0,not-applicable,not-applicable,context-required,volumetric_flow,number-format,medium,1,actual-vs-standard-reference-state
b147eb91b2f2fd18,thermal,17,s0017,hp,hp,power,W,scale,745.69987158,0.0,not-applicable,not-applicable,not-applicable,power,number-format,medium,2,
b147eb91b2f2fd18,thermal,17,s0017,percent,percent,fraction,1,scale,0.01,0.0,not-applicable,not-applicable,not-applicable,fraction,number-format,medium,1,
b147eb91b2f2fd18,thermal,17,s0017,psi,psi,pressure,Pa,scale,6894.757293168,0.0,unspecified,not-applicable,not-applicable,pressure,cell-text,high,1,gauge-vs-absolute-and-pressure-vs-stress
b147eb91b2f2fd18,thermal,17,s0017,psi,psi,pressure,Pa,scale,6894.757293168,0.0,unspecified,not-applicable,not-applicable,pressure,number-format,medium,1,gauge-vs-absolute-and-pressure-vs-stress
b147eb91b2f2fd18,thermal,17,s0017,rpm,rpm,rotational_speed,rad/s,scale,0.1047197551,0.0,not-applicable,not-applicable,not-applicable,rotational_speed,cell-text,high,1,
b147eb91b2f2fd18,thermal,17,s0017,rpm,rpm,rotational_speed,rad/s,scale,0.1047197551,0.0,not-applicable,not-applicable,not-applicable,rotational_speed,number-format,medium,2,
b147eb91b2f2fd18,thermal,18,s0018,ft,ft,length,m,scale,0.3048,0.0,not-applicable,not-applicable,not-applicable,length,cell-text,high,1,
b147eb91b2f2fd18,thermal,18,s0018,gal/min,gal/min,volumetric_flow,m^3/s,scale,6.30901964e-05,0.0,not-applicable,not-applicable,context-required,volumetric_flow,cell-text,high,4,actual-vs-standard-reference-state
b147eb91b2f2fd18,thermal,18,s0018,hp,hp,power,W,scale,745.69987158,0.0,not-applicable,not-applicable,not-applicable,power,cell-text,high,15,
b147eb91b2f2fd18,thermal,18,s0018,in,in,length,m,scale,0.0254,0.0,not-applicable,not-applicable,not-applicable,length,cell-text,high,13,
b147eb91b2f2fd18,thermal,18,s0018,kPa,kPa,pressure,Pa,scale,1000.0,0.0,unspecified,not-applicable,not-applicable,pressure,cell-text,high,1,gauge-vs-absolute-and-pressure-vs-stress
b147eb91b2f2fd18,thermal,18,s0018,min,min,time,s,scale,60.0,0.0,not-applicable,not-applicable,not-applicable,time,cell-text,high,1,
b147eb91b2f2fd18,thermal,18,s0018,psi,psi,pressure,Pa,scale,6894.757293168,0.0,unspecified,not-applicable,not-applicable,pressure,cell-text,high,3,gauge-vs-absolute-and-pressure-vs-stress
b147eb91b2f2fd18,thermal,18,s0018,rpm,rpm,rotational_speed,rad/s,scale,0.1047197551,0.0,not-applicable,not-applicable,not-applicable,rotational_speed,cell-text,high,15,
b147eb91b2f2fd18,thermal,35,s0035,percent,percent,fraction,1,scale,0.01,0.0,not-applicable,not-applicable,not-applicable,fraction,cell-text,high,1,
b147eb91b2f2fd18,thermal,35,s0035,rpm,rpm,rotational_speed,rad/s,scale,0.1047197551,0.0,not-applicable,not-applicable,not-applicable,rotational_speed,cell-text,high,4,
b147eb91b2f2fd18,thermal,30,s0030,degF,degF,temperature,K,affine,0.5555555555555556,255.3722222222,not-applicable,absolute,not-applicable,temperature,cell-text,high,2,absolute-temperature-vs-temperature-difference
b147eb91b2f2fd18,thermal,30,s0030,ft,ft,length,m,scale,0.3048,0.0,not-applicable,not-applicable,not-applicable,length,cell-text,high,1,
b147eb91b2f2fd18,thermal,30,s0030,gal/min,gal/min,volumetric_flow,m^3/s,scale,6.30901964e-05,0.0,not-applicable,not-applicable,context-required,volumetric_flow,cell-text,high,3,actual-vs-standard-reference-state
b147eb91b2f2fd18,thermal,30,s0030,h,h,time,s,scale,3600.0,0.0,not-applicable,not-applicable,not-applicable,time,cell-text,high,2,
b147eb91b2f2fd18,thermal,30,s0030,hp,hp,power,W,scale,745.69987158,0.0,not-applicable,not-applicable,not-applicable,power,cell-text,high,1,
b147eb91b2f2fd18,thermal,30,s0030,in,in,length,m,scale,0.0254,0.0,not-applicable,not-applicable,not-applicable,length,cell-text,high,24,
b147eb91b2f2fd18,thermal,30,s0030,in^2,in^2,area,m^2,scale,0.00064516,0.0,not-applicable,not-applicable,not-applicable,area,cell-text,high,4,
b147eb91b2f2fd18,thermal,30,s0030,min,min,time,s,scale,60.0,0.0,not-applicable,not-applicable,not-applicable,time,cell-text,high,1,
b147eb91b2f2fd18,thermal,30,s0030,psi,psi,pressure,Pa,scale,6894.757293168,0.0,unspecified,not-applicable,not-applicable,pressure,cell-text,high,2,gauge-vs-absolute-and-pressure-vs-stress
b147eb91b2f2fd18,thermal,30,s0030,rpm,rpm,rotational_speed,rad/s,scale,0.1047197551,0.0,not-applicable,not-applicable,not-applicable,rotational_speed,cell-text,high,1,
b147eb91b2f2fd18,thermal,42,s0042,Hz,Hz,frequency,1/s,scale,1.0,0.0,not-applicable,not-applicable,not-applicable,frequency,cell-text,high,1,
b147eb91b2f2fd18,thermal,42,s0042,Pa,Pa,pressure,Pa,scale,1.0,0.0,unspecified,not-applicable,not-applicable,pressure,cell-text,high,2,gauge-vs-absolute-and-pressure-vs-stress
b147eb91b2f2fd18,thermal,42,s0042,Pa,Pa,pressure,Pa,scale,1.0,0.0,unspecified,not-applicable,not-applicable,pressure,number-format,medium,2,gauge-vs-absolute-and-pressure-vs-stress
b147eb91b2f2fd18,thermal,42,s0042,degC,degC,temperature,K,affine,1.0,273.15,not-applicable,absolute,not-applicable,temperature,cell-text,high,3,absolute-temperature-vs-temperature-difference
b147eb91b2f2fd18,thermal,42,s0042,degC,degC,temperature,K,affine,1.0,273.15,not-applicable,absolute,not-applicable,temperature,number-format,medium,4,absolute-temperature-vs-temperature-difference
b147eb91b2f2fd18,thermal,42,s0042,degF,degF,temperature,K,affine,0.5555555555555556,255.3722222222,not-applicable,absolute,not-applicable,temperature,number-format,medium,2,absolute-temperature-vs-temperature-difference
b147eb91b2f2fd18,thermal,42,s0042,ft/s,ft/s,velocity,m/s,scale,0.3048,0.0,not-applicable,not-applicable,not-applicable,velocity,cell-text,high,3,
b147eb91b2f2fd18,thermal,42,s0042,hp,hp,power,W,scale,745.69987158,0.0,not-applicable,not-applicable,not-applicable,power,cell-text,high,1,
b147eb91b2f2fd18,thermal,42,s0042,hp,hp,power,W,scale,745.69987158,0.0,not-applicable,not-applicable,not-applicable,power,number-format,medium,1,
b147eb91b2f2fd18,thermal,42,s0042,in,in,length,m,scale,0.0254,0.0,not-applicable,not-applicable,not-applicable,length,cell-text,high,2,
b147eb91b2f2fd18,thermal,42,s0042,kg/m^3,kg/m^3,density,kg/m^3,scale,1.0,0.0,not-applicable,not-applicable,not-applicable,density,number-format,medium,1,mass-density-vs-mud-weight-gradient
b147eb91b2f2fd18,thermal,42,s0042,m/s,m/s,velocity,m/s,scale,1.0,0.0,not-applicable,not-applicable,not-applicable,velocity,cell-text,high,3,
b147eb91b2f2fd18,thermal,42,s0042,m/s,m/s,velocity,m/s,scale,1.0,0.0,not-applicable,not-applicable,not-applicable,velocity,number-format,medium,1,
b147eb91b2f2fd18,thermal,42,s0042,min,min,time,s,scale,60.0,0.0,not-applicable,not-applicable,not-applicable,time,cell-text,high,3,
b147eb91b2f2fd18,thermal,42,s0042,percent,percent,fraction,1,scale,0.01,0.0,not-applicable,not-applicable,not-applicable,fraction,cell-text,high,1,
b147eb91b2f2fd18,thermal,42,s0042,percent,percent,fraction,1,scale,0.01,0.0,not-applicable,not-applicable,not-applicable,fraction,number-format,medium,2,
b147eb91b2f2fd18,thermal,11,s0011,cm,cm,length,m,scale,0.01,0.0,not-applicable,not-applicable,not-applicable,length,cell-text,high,1,
b147eb91b2f2fd18,thermal,11,s0011,ft/s,ft/s,velocity,m/s,scale,0.3048,0.0,not-applicable,not-applicable,not-applicable,velocity,cell-text,high,1,
b147eb91b2f2fd18,thermal,11,s0011,gal/min,gal/min,volumetric_flow,m^3/s,scale,6.30901964e-05,0.0,not-applicable,not-applicable,context-required,volumetric_flow,cell-text,high,6,actual-vs-standard-reference-state
b147eb91b2f2fd18,thermal,11,s0011,in,in,length,m,scale,0.0254,0.0,not-applicable,not-applicable,not-applicable,length,cell-text,high,1,
b147eb91b2f2fd18,thermal,11,s0011,in^2,in^2,area,m^2,scale,0.00064516,0.0,not-applicable,not-applicable,not-applicable,area,cell-text,high,3,
b147eb91b2f2fd18,thermal,11,s0011,kPa,kPa,pressure,Pa,scale,1000.0,0.0,unspecified,not-applicable,not-applicable,pressure,cell-text,high,1,gauge-vs-absolute-and-pressure-vs-stress
b147eb91b2f2fd18,thermal,11,s0011,lbf,lbf,force,N,scale,4.4482216153,0.0,not-applicable,not-applicable,not-applicable,force,number-format,medium,11,
b147eb91b2f2fd18,thermal,11,s0011,mm,mm,length,m,scale,0.001,0.0,not-applicable,not-applicable,not-applicable,length,cell-text,high,1,
b147eb91b2f2fd18,thermal,11,s0011,percent,percent,fraction,1,scale,0.01,0.0,not-applicable,not-applicable,not-applicable,fraction,cell-text,high,4,
b147eb91b2f2fd18,thermal,11,s0011,ppg,ppg,density,kg/m^3,scale,119.82642732,0.0,not-applicable,not-applicable,not-applicable,mass-density-or-mud-weight,cell-text,high,1,mass-density-vs-mud-weight-gradient
b147eb91b2f2fd18,thermal,11,s0011,psi,psi,pressure,Pa,scale,6894.757293168,0.0,unspecified,not-applicable,not-applicable,pressure,cell-text,high,4,gauge-vs-absolute-and-pressure-vs-stress
b147eb91b2f2fd18,thermal,10,s0010,lbf,lbf,force,N,scale,4.4482216153,0.0,not-applicable,not-applicable,not-applicable,force,cell-text,high,1,
b147eb91b2f2fd18,thermal,10,s0010,percent,percent,fraction,1,scale,0.01,0.0,not-applicable,not-applicable,not-applicable,fraction,cell-text,high,2,
b147eb91b2f2fd18,thermal,10,s0010,rpm,rpm,rotational_speed,rad/s,scale,0.1047197551,0.0,not-applicable,not-applicable,not-applicable,rotational_speed,cell-text,high,1,
b147eb91b2f2fd18,thermal,1,s0001,W,W,power,W,scale,1.0,0.0,not-applicable,not-applicable,not-applicable,power,cell-text,high,1,
b147eb91b2f2fd18,thermal,1,s0001,ft,ft,length,m,scale,0.3048,0.0,not-applicable,not-applicable,not-applicable,length,cell-text,high,1,
b147eb91b2f2fd18,thermal,1,s0001,mm,mm,length,m,scale,0.001,0.0,not-applicable,not-applicable,not-applicable,length,cell-text,high,2,
b147eb91b2f2fd18,thermal,1,s0001,mm,mm,length,m,scale,0.001,0.0,not-applicable,not-applicable,not-applicable,length,number-format,medium,32,
b147eb91b2f2fd18,thermal,1,s0001,rpm,rpm,rotational_speed,rad/s,scale,0.1047197551,0.0,not-applicable,not-applicable,not-applicable,rotational_speed,cell-text,high,2,
b147eb91b2f2fd18,thermal,26,s0026,Hz,Hz,frequency,1/s,scale,1.0,0.0,not-applicable,not-applicable,not-applicable,frequency,cell-text,high,1,
b147eb91b2f2fd18,thermal,26,s0026,in,in,length,m,scale,0.0254,0.0,not-applicable,not-applicable,not-applicable,length,cell-text,high,29,
b147eb91b2f2fd18,thermal,26,s0026,m/s,m/s,velocity,m/s,scale,1.0,0.0,not-applicable,not-applicable,not-applicable,velocity,cell-text,high,2,
b147eb91b2f2fd18,thermal,26,s0026,percent,percent,fraction,1,scale,0.01,0.0,not-applicable,not-applicable,not-applicable,fraction,cell-text,high,26,
b147eb91b2f2fd18,thermal,26,s0026,percent,percent,fraction,1,scale,0.01,0.0,not-applicable,not-applicable,not-applicable,fraction,number-format,medium,272,
b147eb91b2f2fd18,thermal,19,s0019,degC,degC,temperature,K,affine,1.0,273.15,not-applicable,absolute,not-applicable,temperature,cell-text,high,3,absolute-temperature-vs-temperature-difference
b147eb91b2f2fd18,thermal,19,s0019,degC,degC,temperature,K,affine,1.0,273.15,not-applicable,absolute,not-applicable,temperature,number-format,medium,4,absolute-temperature-vs-temperature-difference
b147eb91b2f2fd18,thermal,19,s0019,degF,degF,temperature,K,affine,0.5555555555555556,255.3722222222,not-applicable,absolute,not-applicable,temperature,cell-text,high,4,absolute-temperature-vs-temperature-difference
b147eb91b2f2fd18,thermal,19,s0019,degF,degF,temperature,K,affine,0.5555555555555556,255.3722222222,not-applicable,absolute,not-applicable,temperature,number-format,medium,3,absolute-temperature-vs-temperature-difference
b147eb91b2f2fd18,thermal,19,s0019,gal/min,gal/min,volumetric_flow,m^3/s,scale,6.30901964e-05,0.0,not-applicable,not-applicable,context-required,volumetric_flow,cell-text,high,1,actual-vs-standard-reference-state
b147eb91b2f2fd18,thermal,19,s0019,h,h,time,s,scale,3600.0,0.0,not-applicable,not-applicable,not-applicable,time,cell-text,high,2,
b147eb91b2f2fd18,thermal,19,s0019,h,h,time,s,scale,3600.0,0.0,not-applicable,not-applicable,not-applicable,time,number-format,medium,4,
b147eb91b2f2fd18,thermal,19,s0019,in,in,length,m,scale,0.0254,0.0,not-applicable,not-applicable,not-applicable,length,cell-text,high,4,
b147eb91b2f2fd18,thermal,19,s0019,in^2,in^2,area,m^2,scale,0.00064516,0.0,not-applicable,not-applicable,not-applicable,area,cell-text,high,2,
b147eb91b2f2fd18,thermal,19,s0019,kPa,kPa,pressure,Pa,scale,1000.0,0.0,unspecified,not-applicable,not-applicable,pressure,cell-text,high,1,gauge-vs-absolute-and-pressure-vs-stress
b147eb91b2f2fd18,thermal,19,s0019,kg/m^3,kg/m^3,density,kg/m^3,scale,1.0,0.0,not-applicable,not-applicable,not-applicable,density,cell-text,high,2,mass-density-vs-mud-weight-gradient
b147eb91b2f2fd18,thermal,19,s0019,mm,mm,length,m,scale,0.001,0.0,not-applicable,not-applicable,not-applicable,length,number-format,medium,7,
b147eb91b2f2fd18,thermal,19,s0019,percent,percent,fraction,1,scale,0.01,0.0,not-applicable,not-applicable,not-applicable,fraction,cell-text,high,14,
b147eb91b2f2fd18,thermal,19,s0019,percent,percent,fraction,1,scale,0.01,0.0,not-applicable,not-applicable,not-applicable,fraction,number-format,medium,3,
b147eb91b2f2fd18,thermal,19,s0019,ppg,ppg,density,kg/m^3,scale,119.82642732,0.0,not-applicable,not-applicable,not-applicable,mass-density-or-mud-weight,cell-text,high,2,mass-density-vs-mud-weight-gradient
b147eb91b2f2fd18,thermal,19,s0019,psi,psi,pressure,Pa,scale,6894.757293168,0.0,unspecified,not-applicable,not-applicable,pressure,cell-text,high,1,gauge-vs-absolute-and-pressure-vs-stress
b147eb91b2f2fd18,thermal,14,s0014,ft,ft,length,m,scale,0.3048,0.0,not-applicable,not-applicable,not-applicable,length,cell-text,high,1,
b147eb91b2f2fd18,thermal,14,s0014,gal/min,gal/min,volumetric_flow,m^3/s,scale,6.30901964e-05,0.0,not-applicable,not-applicable,context-required,volumetric_flow,cell-text,high,4,actual-vs-standard-reference-state
b147eb91b2f2fd18,thermal,14,s0014,hp,hp,power,W,scale,745.69987158,0.0,not-applicable,not-applicable,not-applicable,power,cell-text,high,14,
b147eb91b2f2fd18,thermal,14,s0014,in,in,length,m,scale,0.0254,0.0,not-applicable,not-applicable,not-applicable,length,cell-text,high,20,
b147eb91b2f2fd18,thermal,14,s0014,in^2,in^2,area,m^2,scale,0.00064516,0.0,not-applicable,not-applicable,not-applicable,area,cell-text,high,4,
b147eb91b2f2fd18,thermal,14,s0014,min,min,time,s,scale,60.0,0.0,not-applicable,not-applicable,not-applicable,time,cell-text,high,1,
b147eb91b2f2fd18,thermal,14,s0014,psi,psi,pressure,Pa,scale,6894.757293168,0.0,unspecified,not-applicable,not-applicable,pressure,cell-text,high,2,gauge-vs-absolute-and-pressure-vs-stress
b147eb91b2f2fd18,thermal,14,s0014,rpm,rpm,rotational_speed,rad/s,scale,0.1047197551,0.0,not-applicable,not-applicable,not-applicable,rotational_speed,cell-text,high,14,
b147eb91b2f2fd18,thermal,25,s0025,degC,degC,temperature,K,affine,1.0,273.15,not-applicable,absolute,not-applicable,temperature,number-format,medium,2,absolute-temperature-vs-temperature-difference
b147eb91b2f2fd18,thermal,25,s0025,degF,degF,temperature,K,affine,0.5555555555555556,255.3722222222,not-applicable,absolute,not-applicable,temperature,cell-text,high,1,absolute-temperature-vs-temperature-difference
b147eb91b2f2fd18,thermal,25,s0025,ft,ft,length,m,scale,0.3048,0.0,not-applicable,not-applicable,not-applicable,length,cell-text,high,1,
b147eb91b2f2fd18,thermal,25,s0025,gal/min,gal/min,volumetric_flow,m^3/s,scale,6.30901964e-05,0.0,not-applicable,not-applicable,context-required,volumetric_flow,cell-text,high,1,actual-vs-standard-reference-state
b147eb91b2f2fd18,thermal,25,s0025,in,in,length,m,scale,0.0254,0.0,not-applicable,not-applicable,not-applicable,length,cell-text,high,3,
b147eb91b2f2fd18,thermal,25,s0025,in^2,in^2,area,m^2,scale,0.00064516,0.0,not-applicable,not-applicable,not-applicable,area,cell-text,high,2,
b147eb91b2f2fd18,thermal,25,s0025,kPa,kPa,pressure,Pa,scale,1000.0,0.0,unspecified,not-applicable,not-applicable,pressure,number-format,medium,1,gauge-vs-absolute-and-pressure-vs-stress
b147eb91b2f2fd18,thermal,25,s0025,kW,kW,power,W,scale,1000.0,0.0,not-applicable,not-applicable,not-applicable,power,cell-text,high,1,
b147eb91b2f2fd18,thermal,25,s0025,min,min,time,s,scale,60.0,0.0,not-applicable,not-applicable,not-applicable,time,cell-text,high,2,
b147eb91b2f2fd18,thermal,25,s0025,mm,mm,length,m,scale,0.001,0.0,not-applicable,not-applicable,not-applicable,length,number-format,medium,11,
b147eb91b2f2fd18,thermal,25,s0025,percent,percent,fraction,1,scale,0.01,0.0,not-applicable,not-applicable,not-applicable,fraction,cell-text,high,8,
b147eb91b2f2fd18,thermal,25,s0025,percent,percent,fraction,1,scale,0.01,0.0,not-applicable,not-applicable,not-applicable,fraction,number-format,medium,5,
b147eb91b2f2fd18,thermal,25,s0025,psi,psi,pressure,Pa,scale,6894.757293168,0.0,unspecified,not-applicable,not-applicable,pressure,cell-text,high,1,gauge-vs-absolute-and-pressure-vs-stress
b147eb91b2f2fd18,thermal,25,s0025,rpm,rpm,rotational_speed,rad/s,scale,0.1047197551,0.0,not-applicable,not-applicable,not-applicable,rotational_speed,cell-text,high,1,
b147eb91b2f2fd18,thermal,12,s0012,N*m,N*m,torque,N*m,scale,1.0,0.0,not-applicable,not-applicable,not-applicable,torque,number-format,medium,3,torque-vs-energy
b147eb91b2f2fd18,thermal,12,s0012,degC,degC,temperature,K,affine,1.0,273.15,not-applicable,absolute,not-applicable,temperature,cell-text,high,2,absolute-temperature-vs-temperature-difference
b147eb91b2f2fd18,thermal,12,s0012,degF,degF,temperature,K,affine,0.5555555555555556,255.3722222222,not-applicable,absolute,not-applicable,temperature,cell-text,high,2,absolute-temperature-vs-temperature-difference
b147eb91b2f2fd18,thermal,12,s0012,ft,ft,length,m,scale,0.3048,0.0,not-applicable,not-applicable,not-applicable,length,number-format,medium,3,
b147eb91b2f2fd18,thermal,12,s0012,gal,gal,volume,m^3,scale,0.003785411784,0.0,not-applicable,not-applicable,context-required,volume,number-format,medium,1,actual-vs-standard-reference-state
b147eb91b2f2fd18,thermal,12,s0012,hp,hp,power,W,scale,745.69987158,0.0,not-applicable,not-applicable,not-applicable,power,number-format,medium,2,
b147eb91b2f2fd18,thermal,12,s0012,kPa,kPa,pressure,Pa,scale,1000.0,0.0,unspecified,not-applicable,not-applicable,pressure,number-format,medium,2,gauge-vs-absolute-and-pressure-vs-stress
b147eb91b2f2fd18,thermal,12,s0012,kW,kW,power,W,scale,1000.0,0.0,not-applicable,not-applicable,not-applicable,power,number-format,medium,2,
b147eb91b2f2fd18,thermal,12,s0012,kg,kg,mass,kg,scale,1.0,0.0,not-applicable,not-applicable,not-applicable,mass,number-format,medium,2,
b147eb91b2f2fd18,thermal,12,s0012,mm,mm,length,m,scale,0.001,0.0,not-applicable,not-applicable,not-applicable,length,number-format,medium,21,
b147eb91b2f2fd18,thermal,12,s0012,psi,psi,pressure,Pa,scale,6894.757293168,0.0,unspecified,not-applicable,not-applicable,pressure,number-format,medium,2,gauge-vs-absolute-and-pressure-vs-stress
b147eb91b2f2fd18,thermal,13,s0013,N*m,N*m,torque,N*m,scale,1.0,0.0,not-applicable,not-applicable,not-applicable,torque,number-format,medium,3,torque-vs-energy
b147eb91b2f2fd18,thermal,13,s0013,degC,degC,temperature,K,affine,1.0,273.15,not-applicable,absolute,not-applicable,temperature,cell-text,high,2,absolute-temperature-vs-temperature-difference
b147eb91b2f2fd18,thermal,13,s0013,degF,degF,temperature,K,affine,0.5555555555555556,255.3722222222,not-applicable,absolute,not-applicable,temperature,cell-text,high,2,absolute-temperature-vs-temperature-difference
b147eb91b2f2fd18,thermal,13,s0013,ft,ft,length,m,scale,0.3048,0.0,not-applicable,not-applicable,not-applicable,length,cell-text,high,2,
b147eb91b2f2fd18,thermal,13,s0013,ft,ft,length,m,scale,0.3048,0.0,not-applicable,not-applicable,not-applicable,length,number-format,medium,3,
b147eb91b2f2fd18,thermal,13,s0013,gal,gal,volume,m^3,scale,0.003785411784,0.0,not-applicable,not-applicable,context-required,volume,number-format,medium,1,actual-vs-standard-reference-state
b147eb91b2f2fd18,thermal,13,s0013,hp,hp,power,W,scale,745.69987158,0.0,not-applicable,not-applicable,not-applicable,power,number-format,medium,2,
b147eb91b2f2fd18,thermal,13,s0013,kPa,kPa,pressure,Pa,scale,1000.0,0.0,unspecified,not-applicable,not-applicable,pressure,number-format,medium,2,gauge-vs-absolute-and-pressure-vs-stress
b147eb91b2f2fd18,thermal,13,s0013,kW,kW,power,W,scale,1000.0,0.0,not-applicable,not-applicable,not-applicable,power,number-format,medium,2,
b147eb91b2f2fd18,thermal,13,s0013,kg,kg,mass,kg,scale,1.0,0.0,not-applicable,not-applicable,not-applicable,mass,number-format,medium,2,
b147eb91b2f2fd18,thermal,13,s0013,mm,mm,length,m,scale,0.001,0.0,not-applicable,not-applicable,not-applicable,length,number-format,medium,19,
b147eb91b2f2fd18,thermal,13,s0013,psi,psi,pressure,Pa,scale,6894.757293168,0.0,unspecified,not-applicable,not-applicable,pressure,number-format,medium,2,gauge-vs-absolute-and-pressure-vs-stress
b147eb91b2f2fd18,thermal,34,s0034,in,in,length,m,scale,0.0254,0.0,not-applicable,not-applicable,not-applicable,length,cell-text,high,3,
b147eb91b2f2fd18,thermal,34,s0034,in^2,in^2,area,m^2,scale,0.00064516,0.0,not-applicable,not-applicable,not-applicable,area,cell-text,high,2,
b147eb91b2f2fd18,thermal,34,s0034,percent,percent,fraction,1,scale,0.01,0.0,not-applicable,not-applicable,not-applicable,fraction,number-format,medium,12,
b147eb91b2f2fd18,thermal,31,s0031,degC,degC,temperature,K,affine,1.0,273.15,not-applicable,absolute,not-applicable,temperature,cell-text,high,2,absolute-temperature-vs-temperature-difference
b147eb91b2f2fd18,thermal,31,s0031,degC,degC,temperature,K,affine,1.0,273.15,not-applicable,absolute,not-applicable,temperature,number-format,medium,11,absolute-temperature-vs-temperature-difference
b147eb91b2f2fd18,thermal,31,s0031,mm,mm,length,m,scale,0.001,0.0,not-applicable,not-applicable,not-applicable,length,number-format,medium,120,
b147eb91b2f2fd18,thermal,40,s0040,degC,degC,temperature,K,affine,1.0,273.15,not-applicable,absolute,not-applicable,temperature,cell-text,high,3,absolute-temperature-vs-temperature-difference
b147eb91b2f2fd18,thermal,40,s0040,degF,degF,temperature,K,affine,0.5555555555555556,255.3722222222,not-applicable,absolute,not-applicable,temperature,cell-text,high,3,absolute-temperature-vs-temperature-difference
b147eb91b2f2fd18,thermal,40,s0040,ft,ft,length,m,scale,0.3048,0.0,not-applicable,not-applicable,not-applicable,length,cell-text,high,2,
b147eb91b2f2fd18,thermal,40,s0040,gal/min,gal/min,volumetric_flow,m^3/s,scale,6.30901964e-05,0.0,not-applicable,not-applicable,context-required,volumetric_flow,cell-text,high,1,actual-vs-standard-reference-state
b147eb91b2f2fd18,thermal,40,s0040,h,h,time,s,scale,3600.0,0.0,not-applicable,not-applicable,not-applicable,time,cell-text,high,3,
b147eb91b2f2fd18,thermal,40,s0040,in,in,length,m,scale,0.0254,0.0,not-applicable,not-applicable,not-applicable,length,cell-text,high,7,
b147eb91b2f2fd18,thermal,40,s0040,in^2,in^2,area,m^2,scale,0.00064516,0.0,not-applicable,not-applicable,not-applicable,area,cell-text,high,1,
b147eb91b2f2fd18,thermal,40,s0040,kPa,kPa,pressure,Pa,scale,1000.0,0.0,unspecified,not-applicable,not-applicable,pressure,cell-text,high,4,gauge-vs-absolute-and-pressure-vs-stress
b147eb91b2f2fd18,thermal,40,s0040,kg/m^3,kg/m^3,density,kg/m^3,scale,1.0,0.0,not-applicable,not-applicable,not-applicable,density,cell-text,high,2,mass-density-vs-mud-weight-gradient
b147eb91b2f2fd18,thermal,40,s0040,m,m,length,m,scale,1.0,0.0,not-applicable,not-applicable,not-applicable,length,cell-text,high,2,
b147eb91b2f2fd18,thermal,40,s0040,m^2,m^2,area,m^2,scale,1.0,0.0,not-applicable,not-applicable,not-applicable,area,cell-text,high,1,
b147eb91b2f2fd18,thermal,40,s0040,min,min,time,s,scale,60.0,0.0,not-applicable,not-applicable,not-applicable,time,cell-text,high,1,
b147eb91b2f2fd18,thermal,40,s0040,mm,mm,length,m,scale,0.001,0.0,not-applicable,not-applicable,not-applicable,length,cell-text,high,8,
b147eb91b2f2fd18,thermal,40,s0040,mm,mm,length,m,scale,0.001,0.0,not-applicable,not-applicable,not-applicable,length,number-format,medium,2,
b147eb91b2f2fd18,thermal,40,s0040,percent,percent,fraction,1,scale,0.01,0.0,not-applicable,not-applicable,not-applicable,fraction,cell-text,high,3,
b147eb91b2f2fd18,thermal,40,s0040,percent,percent,fraction,1,scale,0.01,0.0,not-applicable,not-applicable,not-applicable,fraction,number-format,medium,32,
b147eb91b2f2fd18,thermal,40,s0040,ppg,ppg,density,kg/m^3,scale,119.82642732,0.0,not-applicable,not-applicable,not-applicable,mass-density-or-mud-weight,cell-text,high,2,mass-density-vs-mud-weight-gradient
b147eb91b2f2fd18,thermal,40,s0040,psi,psi,pressure,Pa,scale,6894.757293168,0.0,unspecified,not-applicable,not-applicable,pressure,cell-text,high,4,gauge-vs-absolute-and-pressure-vs-stress
b147eb91b2f2fd18,thermal,41,s0041,degC,degC,temperature,K,affine,1.0,273.15,not-applicable,absolute,not-applicable,temperature,cell-text,high,4,absolute-temperature-vs-temperature-difference
b147eb91b2f2fd18,thermal,41,s0041,degF,degF,temperature,K,affine,0.5555555555555556,255.3722222222,not-applicable,absolute,not-applicable,temperature,cell-text,high,4,absolute-temperature-vs-temperature-difference
b147eb91b2f2fd18,thermal,41,s0041,gal/min,gal/min,volumetric_flow,m^3/s,scale,6.30901964e-05,0.0,not-applicable,not-applicable,context-required,volumetric_flow,cell-text,high,1,actual-vs-standard-reference-state
b147eb91b2f2fd18,thermal,41,s0041,h,h,time,s,scale,3600.0,0.0,not-applicable,not-applicable,not-applicable,time,cell-text,high,4,
b147eb91b2f2fd18,thermal,41,s0041,in,in,length,m,scale,0.0254,0.0,not-applicable,not-applicable,not-applicable,length,cell-text,high,10,
b147eb91b2f2fd18,thermal,41,s0041,kPa,kPa,pressure,Pa,scale,1000.0,0.0,unspecified,not-applicable,not-applicable,pressure,cell-text,high,1,gauge-vs-absolute-and-pressure-vs-stress
b147eb91b2f2fd18,thermal,41,s0041,kg/m^3,kg/m^3,density,kg/m^3,scale,1.0,0.0,not-applicable,not-applicable,not-applicable,density,cell-text,high,2,mass-density-vs-mud-weight-gradient
b147eb91b2f2fd18,thermal,41,s0041,mm,mm,length,m,scale,0.001,0.0,not-applicable,not-applicable,not-applicable,length,cell-text,high,10,
b147eb91b2f2fd18,thermal,41,s0041,percent,percent,fraction,1,scale,0.01,0.0,not-applicable,not-applicable,not-applicable,fraction,cell-text,high,5,
b147eb91b2f2fd18,thermal,41,s0041,percent,percent,fraction,1,scale,0.01,0.0,not-applicable,not-applicable,not-applicable,fraction,number-format,medium,7,
b147eb91b2f2fd18,thermal,41,s0041,ppg,ppg,density,kg/m^3,scale,119.82642732,0.0,not-applicable,not-applicable,not-applicable,mass-density-or-mud-weight,cell-text,high,2,mass-density-vs-mud-weight-gradient
b147eb91b2f2fd18,thermal,41,s0041,psi,psi,pressure,Pa,scale,6894.757293168,0.0,unspecified,not-applicable,not-applicable,pressure,cell-text,high,1,gauge-vs-absolute-and-pressure-vs-stress
b147eb91b2f2fd18,thermal,29,s0029,degC,degC,temperature,K,affine,1.0,273.15,not-applicable,absolute,not-applicable,temperature,cell-text,high,3,absolute-temperature-vs-temperature-difference
b147eb91b2f2fd18,thermal,29,s0029,degF,degF,temperature,K,affine,0.5555555555555556,255.3722222222,not-applicable,absolute,not-applicable,temperature,cell-text,high,3,absolute-temperature-vs-temperature-difference
b147eb91b2f2fd18,thermal,29,s0029,ft,ft,length,m,scale,0.3048,0.0,not-applicable,not-applicable,not-applicable,length,cell-text,high,2,
b147eb91b2f2fd18,thermal,29,s0029,gal/min,gal/min,volumetric_flow,m^3/s,scale,6.30901964e-05,0.0,not-applicable,not-applicable,context-required,volumetric_flow,cell-text,high,1,actual-vs-standard-reference-state
b147eb91b2f2fd18,thermal,29,s0029,in,in,length,m,scale,0.0254,0.0,not-applicable,not-applicable,not-applicable,length,cell-text,high,21,
b147eb91b2f2fd18,thermal,29,s0029,in^2,in^2,area,m^2,scale,0.00064516,0.0,not-applicable,not-applicable,not-applicable,area,cell-text,high,1,
b147eb91b2f2fd18,thermal,29,s0029,kPa,kPa,pressure,Pa,scale,1000.0,0.0,unspecified,not-applicable,not-applicable,pressure,cell-text,high,6,gauge-vs-absolute-and-pressure-vs-stress
b147eb91b2f2fd18,thermal,29,s0029,kg/m^3,kg/m^3,density,kg/m^3,scale,1.0,0.0,not-applicable,not-applicable,not-applicable,density,cell-text,high,2,mass-density-vs-mud-weight-gradient
b147eb91b2f2fd18,thermal,29,s0029,m,m,length,m,scale,1.0,0.0,not-applicable,not-applicable,not-applicable,length,cell-text,high,2,
b147eb91b2f2fd18,thermal,29,s0029,m^2,m^2,area,m^2,scale,1.0,0.0,not-applicable,not-applicable,not-applicable,area,cell-text,high,1,
b147eb91b2f2fd18,thermal,29,s0029,min,min,time,s,scale,60.0,0.0,not-applicable,not-applicable,not-applicable,time,cell-text,high,1,
b147eb91b2f2fd18,thermal,29,s0029,mm,mm,length,m,scale,0.001,0.0,not-applicable,not-applicable,not-applicable,length,cell-text,high,21,
b147eb91b2f2fd18,thermal,29,s0029,percent,percent,fraction,1,scale,0.01,0.0,not-applicable,not-applicable,not-applicable,fraction,cell-text,high,4,
b147eb91b2f2fd18,thermal,29,s0029,ppg,ppg,density,kg/m^3,scale,119.82642732,0.0,not-applicable,not-applicable,not-applicable,mass-density-or-mud-weight,cell-text,high,2,mass-density-vs-mud-weight-gradient
b147eb91b2f2fd18,thermal,29,s0029,psi,psi,pressure,Pa,scale,6894.757293168,0.0,unspecified,not-applicable,not-applicable,pressure,cell-text,high,6,gauge-vs-absolute-and-pressure-vs-stress
b147eb91b2f2fd18,thermal,33,s0033,in,in,length,m,scale,0.0254,0.0,not-applicable,not-applicable,not-applicable,length,cell-text,high,2,
b147eb91b2f2fd18,thermal,33,s0033,kg,kg,mass,kg,scale,1.0,0.0,not-applicable,not-applicable,not-applicable,mass,cell-text,high,1,
b147eb91b2f2fd18,thermal,33,s0033,kg/m^3,kg/m^3,density,kg/m^3,scale,1.0,0.0,not-applicable,not-applicable,not-applicable,density,cell-text,high,1,mass-density-vs-mud-weight-gradient
b147eb91b2f2fd18,thermal,33,s0033,m,m,length,m,scale,1.0,0.0,not-applicable,not-applicable,not-applicable,length,cell-text,high,3,
b147eb91b2f2fd18,thermal,33,s0033,percent,percent,fraction,1,scale,0.01,0.0,not-applicable,not-applicable,not-applicable,fraction,cell-text,high,1,
b147eb91b2f2fd18,thermal,33,s0033,rpm,rpm,rotational_speed,rad/s,scale,0.1047197551,0.0,not-applicable,not-applicable,not-applicable,rotational_speed,cell-text,high,2,
b147eb91b2f2fd18,thermal,4,s0004,ft,ft,length,m,scale,0.3048,0.0,not-applicable,not-applicable,not-applicable,length,cell-text,high,1,
b147eb91b2f2fd18,thermal,4,s0004,gal/min,gal/min,volumetric_flow,m^3/s,scale,6.30901964e-05,0.0,not-applicable,not-applicable,context-required,volumetric_flow,cell-text,high,5,actual-vs-standard-reference-state
b147eb91b2f2fd18,thermal,4,s0004,hp,hp,power,W,scale,745.69987158,0.0,not-applicable,not-applicable,not-applicable,power,cell-text,high,16,
b147eb91b2f2fd18,thermal,4,s0004,min,min,time,s,scale,60.0,0.0,not-applicable,not-applicable,not-applicable,time,cell-text,high,7,
b147eb91b2f2fd18,thermal,4,s0004,mm,mm,length,m,scale,0.001,0.0,not-applicable,not-applicable,not-applicable,length,cell-text,high,47,
b147eb91b2f2fd18,thermal,4,s0004,percent,percent,fraction,1,scale,0.01,0.0,not-applicable,not-applicable,not-applicable,fraction,cell-text,high,1,
b147eb91b2f2fd18,thermal,4,s0004,percent,percent,fraction,1,scale,0.01,0.0,not-applicable,not-applicable,not-applicable,fraction,number-format,medium,796,
b147eb91b2f2fd18,thermal,4,s0004,psi,psi,pressure,Pa,scale,6894.757293168,0.0,unspecified,not-applicable,not-applicable,pressure,cell-text,high,3,gauge-vs-absolute-and-pressure-vs-stress
b147eb91b2f2fd18,thermal,4,s0004,rpm,rpm,rotational_speed,rad/s,scale,0.1047197551,0.0,not-applicable,not-applicable,not-applicable,rotational_speed,cell-text,high,21,
b147eb91b2f2fd18,thermal,16,s0016,gal/min,gal/min,volumetric_flow,m^3/s,scale,6.30901964e-05,0.0,not-applicable,not-applicable,context-required,volumetric_flow,cell-text,high,1,actual-vs-standard-reference-state
b147eb91b2f2fd18,thermal,16,s0016,in,in,length,m,scale,0.0254,0.0,not-applicable,not-applicable,not-applicable,length,cell-text,high,2,
b147eb91b2f2fd18,thermal,16,s0016,kPa,kPa,pressure,Pa,scale,1000.0,0.0,unspecified,not-applicable,not-applicable,pressure,number-format,medium,60,gauge-vs-absolute-and-pressure-vs-stress
b147eb91b2f2fd18,thermal,16,s0016,min,min,time,s,scale,60.0,0.0,not-applicable,not-applicable,not-applicable,time,cell-text,high,1,
b147eb91b2f2fd18,thermal,16,s0016,mm,mm,length,m,scale,0.001,0.0,not-applicable,not-applicable,not-applicable,length,cell-text,high,1,
b147eb91b2f2fd18,thermal,16,s0016,ppg,ppg,density,kg/m^3,scale,119.82642732,0.0,not-applicable,not-applicable,not-applicable,mass-density-or-mud-weight,cell-text,high,1,mass-density-vs-mud-weight-gradient
b147eb91b2f2fd18,thermal,16,s0016,psi,psi,pressure,Pa,scale,6894.757293168,0.0,unspecified,not-applicable,not-applicable,pressure,cell-text,high,12,gauge-vs-absolute-and-pressure-vs-stress
b147eb91b2f2fd18,thermal,16,s0016,psi,psi,pressure,Pa,scale,6894.757293168,0.0,unspecified,not-applicable,not-applicable,pressure,number-format,medium,60,gauge-vs-absolute-and-pressure-vs-stress
b147eb91b2f2fd18,thermal,9,s0009,degC,degC,temperature,K,affine,1.0,273.15,not-applicable,absolute,not-applicable,temperature,cell-text,high,2,absolute-temperature-vs-temperature-difference
b147eb91b2f2fd18,thermal,9,s0009,degF,degF,temperature,K,affine,0.5555555555555556,255.3722222222,not-applicable,absolute,not-applicable,temperature,cell-text,high,2,absolute-temperature-vs-temperature-difference
b147eb91b2f2fd18,thermal,9,s0009,ft,ft,length,m,scale,0.3048,0.0,not-applicable,not-applicable,not-applicable,length,cell-text,high,1,
b147eb91b2f2fd18,thermal,9,s0009,gal/min,gal/min,volumetric_flow,m^3/s,scale,6.30901964e-05,0.0,not-applicable,not-applicable,context-required,volumetric_flow,cell-text,high,5,actual-vs-standard-reference-state
b147eb91b2f2fd18,thermal,9,s0009,h,h,time,s,scale,3600.0,0.0,not-applicable,not-applicable,not-applicable,time,cell-text,high,14,
b147eb91b2f2fd18,thermal,9,s0009,h,h,time,s,scale,3600.0,0.0,not-applicable,not-applicable,not-applicable,time,number-format,medium,11,
b147eb91b2f2fd18,thermal,9,s0009,hp,hp,power,W,scale,745.69987158,0.0,not-applicable,not-applicable,not-applicable,power,cell-text,high,1,
b147eb91b2f2fd18,thermal,9,s0009,in,in,length,m,scale,0.0254,0.0,not-applicable,not-applicable,not-applicable,length,cell-text,high,13,
b147eb91b2f2fd18,thermal,9,s0009,kPa,kPa,pressure,Pa,scale,1000.0,0.0,unspecified,not-applicable,not-applicable,pressure,cell-text,high,3,gauge-vs-absolute-and-pressure-vs-stress
b147eb91b2f2fd18,thermal,9,s0009,kg/m^3,kg/m^3,density,kg/m^3,scale,1.0,0.0,not-applicable,not-applicable,not-applicable,density,cell-text,high,2,mass-density-vs-mud-weight-gradient
b147eb91b2f2fd18,thermal,9,s0009,min,min,time,s,scale,60.0,0.0,not-applicable,not-applicable,not-applicable,time,cell-text,high,4,
b147eb91b2f2fd18,thermal,9,s0009,percent,percent,fraction,1,scale,0.01,0.0,not-applicable,not-applicable,not-applicable,fraction,cell-text,high,12,
b147eb91b2f2fd18,thermal,9,s0009,percent,percent,fraction,1,scale,0.01,0.0,not-applicable,not-applicable,not-applicable,fraction,number-format,medium,4,
b147eb91b2f2fd18,thermal,9,s0009,ppg,ppg,density,kg/m^3,scale,119.82642732,0.0,not-applicable,not-applicable,not-applicable,mass-density-or-mud-weight,cell-text,high,2,mass-density-vs-mud-weight-gradient
b147eb91b2f2fd18,thermal,9,s0009,psi,psi,pressure,Pa,scale,6894.757293168,0.0,unspecified,not-applicable,not-applicable,pressure,cell-text,high,5,gauge-vs-absolute-and-pressure-vs-stress
b147eb91b2f2fd18,thermal,9,s0009,rpm,rpm,rotational_speed,rad/s,scale,0.1047197551,0.0,not-applicable,not-applicable,not-applicable,rotational_speed,cell-text,high,2,
b147eb91b2f2fd18,thermal,5,s0005,h,h,time,s,scale,3600.0,0.0,not-applicable,not-applicable,not-applicable,time,cell-text,high,9,
b147eb91b2f2fd18,thermal,5,s0005,h,h,time,s,scale,3600.0,0.0,not-applicable,not-applicable,not-applicable,time,number-format,medium,13,
b147eb91b2f2fd18,thermal,5,s0005,min,min,time,s,scale,60.0,0.0,not-applicable,not-applicable,not-applicable,time,cell-text,high,1,
b147eb91b2f2fd18,thermal,5,s0005,mm,mm,length,m,scale,0.001,0.0,not-applicable,not-applicable,not-applicable,length,number-format,medium,1,
b147eb91b2f2fd18,thermal,5,s0005,percent,percent,fraction,1,scale,0.01,0.0,not-applicable,not-applicable,not-applicable,fraction,number-format,medium,20,
b72c195b11e69082,hydraulics,10,s0010,cP,cP,dynamic_viscosity,Pa*s,scale,0.001,0.0,not-applicable,not-applicable,not-applicable,dynamic_viscosity,cell-text,high,3,
b72c195b11e69082,hydraulics,10,s0010,ft/h,ft/h,penetration_rate,m/s,scale,8.466666666666667e-05,0.0,not-applicable,not-applicable,not-applicable,penetration_rate,cell-text,high,1,
b72c195b11e69082,hydraulics,10,s0010,ft/s,ft/s,velocity,m/s,scale,0.3048,0.0,not-applicable,not-applicable,not-applicable,velocity,cell-text,high,8,
b72c195b11e69082,hydraulics,10,s0010,ft^2,ft^2,area,m^2,scale,0.09290304,0.0,not-applicable,not-applicable,not-applicable,area,cell-text,high,3,
b72c195b11e69082,hydraulics,10,s0010,gal/min,gal/min,volumetric_flow,m^3/s,scale,6.30901964e-05,0.0,not-applicable,not-applicable,context-required,volumetric_flow,cell-text,high,3,actual-vs-standard-reference-state
b72c195b11e69082,hydraulics,10,s0010,in,in,length,m,scale,0.0254,0.0,not-applicable,not-applicable,not-applicable,length,cell-text,high,6,
b72c195b11e69082,hydraulics,10,s0010,percent,percent,fraction,1,scale,0.01,0.0,not-applicable,not-applicable,not-applicable,fraction,cell-text,high,5,
b72c195b11e69082,hydraulics,10,s0010,ppg,ppg,density,kg/m^3,scale,119.82642732,0.0,not-applicable,not-applicable,not-applicable,mass-density-or-mud-weight,cell-text,high,1,mass-density-vs-mud-weight-gradient
b72c195b11e69082,hydraulics,11,s0011,cP,cP,dynamic_viscosity,Pa*s,scale,0.001,0.0,not-applicable,not-applicable,not-applicable,dynamic_viscosity,cell-text,high,3,
b72c195b11e69082,hydraulics,11,s0011,ft/h,ft/h,penetration_rate,m/s,scale,8.466666666666667e-05,0.0,not-applicable,not-applicable,not-applicable,penetration_rate,cell-text,high,1,
b72c195b11e69082,hydraulics,11,s0011,ft/s,ft/s,velocity,m/s,scale,0.3048,0.0,not-applicable,not-applicable,not-applicable,velocity,cell-text,high,8,
b72c195b11e69082,hydraulics,11,s0011,ft^2,ft^2,area,m^2,scale,0.09290304,0.0,not-applicable,not-applicable,not-applicable,area,cell-text,high,3,
b72c195b11e69082,hydraulics,11,s0011,gal/min,gal/min,volumetric_flow,m^3/s,scale,6.30901964e-05,0.0,not-applicable,not-applicable,context-required,volumetric_flow,cell-text,high,3,actual-vs-standard-reference-state
b72c195b11e69082,hydraulics,11,s0011,in,in,length,m,scale,0.0254,0.0,not-applicable,not-applicable,not-applicable,length,cell-text,high,6,
b72c195b11e69082,hydraulics,11,s0011,percent,percent,fraction,1,scale,0.01,0.0,not-applicable,not-applicable,not-applicable,fraction,cell-text,high,5,
b72c195b11e69082,hydraulics,11,s0011,ppg,ppg,density,kg/m^3,scale,119.82642732,0.0,not-applicable,not-applicable,not-applicable,mass-density-or-mud-weight,cell-text,high,1,mass-density-vs-mud-weight-gradient
b72c195b11e69082,hydraulics,20,s0020,cP,cP,dynamic_viscosity,Pa*s,scale,0.001,0.0,not-applicable,not-applicable,not-applicable,dynamic_viscosity,cell-text,high,3,
b72c195b11e69082,hydraulics,20,s0020,ft/h,ft/h,penetration_rate,m/s,scale,8.466666666666667e-05,0.0,not-applicable,not-applicable,not-applicable,penetration_rate,cell-text,high,1,
b72c195b11e69082,hydraulics,20,s0020,ft/s,ft/s,velocity,m/s,scale,0.3048,0.0,not-applicable,not-applicable,not-applicable,velocity,cell-text,high,8,
b72c195b11e69082,hydraulics,20,s0020,ft^2,ft^2,area,m^2,scale,0.09290304,0.0,not-applicable,not-applicable,not-applicable,area,cell-text,high,3,
b72c195b11e69082,hydraulics,20,s0020,gal/min,gal/min,volumetric_flow,m^3/s,scale,6.30901964e-05,0.0,not-applicable,not-applicable,context-required,volumetric_flow,cell-text,high,3,actual-vs-standard-reference-state
b72c195b11e69082,hydraulics,20,s0020,in,in,length,m,scale,0.0254,0.0,not-applicable,not-applicable,not-applicable,length,cell-text,high,6,
b72c195b11e69082,hydraulics,20,s0020,percent,percent,fraction,1,scale,0.01,0.0,not-applicable,not-applicable,not-applicable,fraction,cell-text,high,5,
b72c195b11e69082,hydraulics,20,s0020,ppg,ppg,density,kg/m^3,scale,119.82642732,0.0,not-applicable,not-applicable,not-applicable,mass-density-or-mud-weight,cell-text,high,1,mass-density-vs-mud-weight-gradient
b72c195b11e69082,hydraulics,12,s0012,cP,cP,dynamic_viscosity,Pa*s,scale,0.001,0.0,not-applicable,not-applicable,not-applicable,dynamic_viscosity,cell-text,high,3,
b72c195b11e69082,hydraulics,12,s0012,ft/h,ft/h,penetration_rate,m/s,scale,8.466666666666667e-05,0.0,not-applicable,not-applicable,not-applicable,penetration_rate,cell-text,high,1,
b72c195b11e69082,hydraulics,12,s0012,ft/s,ft/s,velocity,m/s,scale,0.3048,0.0,not-applicable,not-applicable,not-applicable,velocity,cell-text,high,8,
b72c195b11e69082,hydraulics,12,s0012,ft^2,ft^2,area,m^2,scale,0.09290304,0.0,not-applicable,not-applicable,not-applicable,area,cell-text,high,3,
b72c195b11e69082,hydraulics,12,s0012,gal/min,gal/min,volumetric_flow,m^3/s,scale,6.30901964e-05,0.0,not-applicable,not-applicable,context-required,volumetric_flow,cell-text,high,3,actual-vs-standard-reference-state
b72c195b11e69082,hydraulics,12,s0012,in,in,length,m,scale,0.0254,0.0,not-applicable,not-applicable,not-applicable,length,cell-text,high,6,
b72c195b11e69082,hydraulics,12,s0012,percent,percent,fraction,1,scale,0.01,0.0,not-applicable,not-applicable,not-applicable,fraction,cell-text,high,5,
b72c195b11e69082,hydraulics,12,s0012,ppg,ppg,density,kg/m^3,scale,119.82642732,0.0,not-applicable,not-applicable,not-applicable,mass-density-or-mud-weight,cell-text,high,1,mass-density-vs-mud-weight-gradient
b72c195b11e69082,hydraulics,13,s0013,cP,cP,dynamic_viscosity,Pa*s,scale,0.001,0.0,not-applicable,not-applicable,not-applicable,dynamic_viscosity,cell-text,high,3,
b72c195b11e69082,hydraulics,13,s0013,ft/h,ft/h,penetration_rate,m/s,scale,8.466666666666667e-05,0.0,not-applicable,not-applicable,not-applicable,penetration_rate,cell-text,high,1,
b72c195b11e69082,hydraulics,13,s0013,ft/s,ft/s,velocity,m/s,scale,0.3048,0.0,not-applicable,not-applicable,not-applicable,velocity,cell-text,high,8,
b72c195b11e69082,hydraulics,13,s0013,ft^2,ft^2,area,m^2,scale,0.09290304,0.0,not-applicable,not-applicable,not-applicable,area,cell-text,high,3,
b72c195b11e69082,hydraulics,13,s0013,gal/min,gal/min,volumetric_flow,m^3/s,scale,6.30901964e-05,0.0,not-applicable,not-applicable,context-required,volumetric_flow,cell-text,high,3,actual-vs-standard-reference-state
b72c195b11e69082,hydraulics,13,s0013,in,in,length,m,scale,0.0254,0.0,not-applicable,not-applicable,not-applicable,length,cell-text,high,6,
b72c195b11e69082,hydraulics,13,s0013,percent,percent,fraction,1,scale,0.01,0.0,not-applicable,not-applicable,not-applicable,fraction,cell-text,high,5,
b72c195b11e69082,hydraulics,13,s0013,ppg,ppg,density,kg/m^3,scale,119.82642732,0.0,not-applicable,not-applicable,not-applicable,mass-density-or-mud-weight,cell-text,high,1,mass-density-vs-mud-weight-gradient
b72c195b11e69082,hydraulics,14,s0014,cP,cP,dynamic_viscosity,Pa*s,scale,0.001,0.0,not-applicable,not-applicable,not-applicable,dynamic_viscosity,cell-text,high,3,
b72c195b11e69082,hydraulics,14,s0014,ft/h,ft/h,penetration_rate,m/s,scale,8.466666666666667e-05,0.0,not-applicable,not-applicable,not-applicable,penetration_rate,cell-text,high,1,
b72c195b11e69082,hydraulics,14,s0014,ft/s,ft/s,velocity,m/s,scale,0.3048,0.0,not-applicable,not-applicable,not-applicable,velocity,cell-text,high,8,
b72c195b11e69082,hydraulics,14,s0014,ft^2,ft^2,area,m^2,scale,0.09290304,0.0,not-applicable,not-applicable,not-applicable,area,cell-text,high,3,
b72c195b11e69082,hydraulics,14,s0014,gal/min,gal/min,volumetric_flow,m^3/s,scale,6.30901964e-05,0.0,not-applicable,not-applicable,context-required,volumetric_flow,cell-text,high,3,actual-vs-standard-reference-state
b72c195b11e69082,hydraulics,14,s0014,in,in,length,m,scale,0.0254,0.0,not-applicable,not-applicable,not-applicable,length,cell-text,high,6,
b72c195b11e69082,hydraulics,14,s0014,percent,percent,fraction,1,scale,0.01,0.0,not-applicable,not-applicable,not-applicable,fraction,cell-text,high,5,
b72c195b11e69082,hydraulics,14,s0014,ppg,ppg,density,kg/m^3,scale,119.82642732,0.0,not-applicable,not-applicable,not-applicable,mass-density-or-mud-weight,cell-text,high,1,mass-density-vs-mud-weight-gradient
b72c195b11e69082,hydraulics,15,s0015,cP,cP,dynamic_viscosity,Pa*s,scale,0.001,0.0,not-applicable,not-applicable,not-applicable,dynamic_viscosity,cell-text,high,3,
b72c195b11e69082,hydraulics,15,s0015,ft/h,ft/h,penetration_rate,m/s,scale,8.466666666666667e-05,0.0,not-applicable,not-applicable,not-applicable,penetration_rate,cell-text,high,1,
b72c195b11e69082,hydraulics,15,s0015,ft/s,ft/s,velocity,m/s,scale,0.3048,0.0,not-applicable,not-applicable,not-applicable,velocity,cell-text,high,8,
b72c195b11e69082,hydraulics,15,s0015,ft^2,ft^2,area,m^2,scale,0.09290304,0.0,not-applicable,not-applicable,not-applicable,area,cell-text,high,3,
b72c195b11e69082,hydraulics,15,s0015,gal/min,gal/min,volumetric_flow,m^3/s,scale,6.30901964e-05,0.0,not-applicable,not-applicable,context-required,volumetric_flow,cell-text,high,3,actual-vs-standard-reference-state
b72c195b11e69082,hydraulics,15,s0015,in,in,length,m,scale,0.0254,0.0,not-applicable,not-applicable,not-applicable,length,cell-text,high,6,
b72c195b11e69082,hydraulics,15,s0015,percent,percent,fraction,1,scale,0.01,0.0,not-applicable,not-applicable,not-applicable,fraction,cell-text,high,5,
b72c195b11e69082,hydraulics,15,s0015,ppg,ppg,density,kg/m^3,scale,119.82642732,0.0,not-applicable,not-applicable,not-applicable,mass-density-or-mud-weight,cell-text,high,1,mass-density-vs-mud-weight-gradient
b72c195b11e69082,hydraulics,16,s0016,cP,cP,dynamic_viscosity,Pa*s,scale,0.001,0.0,not-applicable,not-applicable,not-applicable,dynamic_viscosity,cell-text,high,3,
b72c195b11e69082,hydraulics,16,s0016,ft/h,ft/h,penetration_rate,m/s,scale,8.466666666666667e-05,0.0,not-applicable,not-applicable,not-applicable,penetration_rate,cell-text,high,1,
b72c195b11e69082,hydraulics,16,s0016,ft/s,ft/s,velocity,m/s,scale,0.3048,0.0,not-applicable,not-applicable,not-applicable,velocity,cell-text,high,8,
b72c195b11e69082,hydraulics,16,s0016,ft^2,ft^2,area,m^2,scale,0.09290304,0.0,not-applicable,not-applicable,not-applicable,area,cell-text,high,3,
b72c195b11e69082,hydraulics,16,s0016,gal/min,gal/min,volumetric_flow,m^3/s,scale,6.30901964e-05,0.0,not-applicable,not-applicable,context-required,volumetric_flow,cell-text,high,3,actual-vs-standard-reference-state
b72c195b11e69082,hydraulics,16,s0016,in,in,length,m,scale,0.0254,0.0,not-applicable,not-applicable,not-applicable,length,cell-text,high,6,
b72c195b11e69082,hydraulics,16,s0016,percent,percent,fraction,1,scale,0.01,0.0,not-applicable,not-applicable,not-applicable,fraction,cell-text,high,5,
b72c195b11e69082,hydraulics,16,s0016,ppg,ppg,density,kg/m^3,scale,119.82642732,0.0,not-applicable,not-applicable,not-applicable,mass-density-or-mud-weight,cell-text,high,1,mass-density-vs-mud-weight-gradient
b72c195b11e69082,hydraulics,17,s0017,cP,cP,dynamic_viscosity,Pa*s,scale,0.001,0.0,not-applicable,not-applicable,not-applicable,dynamic_viscosity,cell-text,high,3,
b72c195b11e69082,hydraulics,17,s0017,ft/h,ft/h,penetration_rate,m/s,scale,8.466666666666667e-05,0.0,not-applicable,not-applicable,not-applicable,penetration_rate,cell-text,high,1,
b72c195b11e69082,hydraulics,17,s0017,ft/s,ft/s,velocity,m/s,scale,0.3048,0.0,not-applicable,not-applicable,not-applicable,velocity,cell-text,high,8,
b72c195b11e69082,hydraulics,17,s0017,ft^2,ft^2,area,m^2,scale,0.09290304,0.0,not-applicable,not-applicable,not-applicable,area,cell-text,high,3,
b72c195b11e69082,hydraulics,17,s0017,gal/min,gal/min,volumetric_flow,m^3/s,scale,6.30901964e-05,0.0,not-applicable,not-applicable,context-required,volumetric_flow,cell-text,high,3,actual-vs-standard-reference-state
b72c195b11e69082,hydraulics,17,s0017,in,in,length,m,scale,0.0254,0.0,not-applicable,not-applicable,not-applicable,length,cell-text,high,6,
b72c195b11e69082,hydraulics,17,s0017,percent,percent,fraction,1,scale,0.01,0.0,not-applicable,not-applicable,not-applicable,fraction,cell-text,high,5,
b72c195b11e69082,hydraulics,17,s0017,ppg,ppg,density,kg/m^3,scale,119.82642732,0.0,not-applicable,not-applicable,not-applicable,mass-density-or-mud-weight,cell-text,high,1,mass-density-vs-mud-weight-gradient
b72c195b11e69082,hydraulics,18,s0018,cP,cP,dynamic_viscosity,Pa*s,scale,0.001,0.0,not-applicable,not-applicable,not-applicable,dynamic_viscosity,cell-text,high,3,
b72c195b11e69082,hydraulics,18,s0018,ft/h,ft/h,penetration_rate,m/s,scale,8.466666666666667e-05,0.0,not-applicable,not-applicable,not-applicable,penetration_rate,cell-text,high,1,
b72c195b11e69082,hydraulics,18,s0018,ft/s,ft/s,velocity,m/s,scale,0.3048,0.0,not-applicable,not-applicable,not-applicable,velocity,cell-text,high,8,
b72c195b11e69082,hydraulics,18,s0018,ft^2,ft^2,area,m^2,scale,0.09290304,0.0,not-applicable,not-applicable,not-applicable,area,cell-text,high,3,
b72c195b11e69082,hydraulics,18,s0018,gal/min,gal/min,volumetric_flow,m^3/s,scale,6.30901964e-05,0.0,not-applicable,not-applicable,context-required,volumetric_flow,cell-text,high,3,actual-vs-standard-reference-state
b72c195b11e69082,hydraulics,18,s0018,in,in,length,m,scale,0.0254,0.0,not-applicable,not-applicable,not-applicable,length,cell-text,high,6,
b72c195b11e69082,hydraulics,18,s0018,percent,percent,fraction,1,scale,0.01,0.0,not-applicable,not-applicable,not-applicable,fraction,cell-text,high,5,
b72c195b11e69082,hydraulics,18,s0018,ppg,ppg,density,kg/m^3,scale,119.82642732,0.0,not-applicable,not-applicable,not-applicable,mass-density-or-mud-weight,cell-text,high,1,mass-density-vs-mud-weight-gradient
b72c195b11e69082,hydraulics,19,s0019,cP,cP,dynamic_viscosity,Pa*s,scale,0.001,0.0,not-applicable,not-applicable,not-applicable,dynamic_viscosity,cell-text,high,3,
b72c195b11e69082,hydraulics,19,s0019,ft/h,ft/h,penetration_rate,m/s,scale,8.466666666666667e-05,0.0,not-applicable,not-applicable,not-applicable,penetration_rate,cell-text,high,1,
b72c195b11e69082,hydraulics,19,s0019,ft/s,ft/s,velocity,m/s,scale,0.3048,0.0,not-applicable,not-applicable,not-applicable,velocity,cell-text,high,8,
b72c195b11e69082,hydraulics,19,s0019,ft^2,ft^2,area,m^2,scale,0.09290304,0.0,not-applicable,not-applicable,not-applicable,area,cell-text,high,3,
b72c195b11e69082,hydraulics,19,s0019,gal/min,gal/min,volumetric_flow,m^3/s,scale,6.30901964e-05,0.0,not-applicable,not-applicable,context-required,volumetric_flow,cell-text,high,3,actual-vs-standard-reference-state
b72c195b11e69082,hydraulics,19,s0019,in,in,length,m,scale,0.0254,0.0,not-applicable,not-applicable,not-applicable,length,cell-text,high,6,
b72c195b11e69082,hydraulics,19,s0019,percent,percent,fraction,1,scale,0.01,0.0,not-applicable,not-applicable,not-applicable,fraction,cell-text,high,5,
b72c195b11e69082,hydraulics,19,s0019,ppg,ppg,density,kg/m^3,scale,119.82642732,0.0,not-applicable,not-applicable,not-applicable,mass-density-or-mud-weight,cell-text,high,1,mass-density-vs-mud-weight-gradient
b72c195b11e69082,hydraulics,5,s0005,in,in,length,m,scale,0.0254,0.0,not-applicable,not-applicable,not-applicable,length,cell-text,high,2,
b72c195b11e69082,hydraulics,5,s0005,percent,percent,fraction,1,scale,0.01,0.0,not-applicable,not-applicable,not-applicable,fraction,cell-text,high,2,
b72c195b11e69082,hydraulics,4,s0004,cP,cP,dynamic_viscosity,Pa*s,scale,0.001,0.0,not-applicable,not-applicable,not-applicable,dynamic_viscosity,cell-text,high,3,
b72c195b11e69082,hydraulics,4,s0004,ft/h,ft/h,penetration_rate,m/s,scale,8.466666666666667e-05,0.0,not-applicable,not-applicable,not-applicable,penetration_rate,cell-text,high,1,
b72c195b11e69082,hydraulics,4,s0004,ft/s,ft/s,velocity,m/s,scale,0.3048,0.0,not-applicable,not-applicable,not-applicable,velocity,cell-text,high,8,
b72c195b11e69082,hydraulics,4,s0004,ft^2,ft^2,area,m^2,scale,0.09290304,0.0,not-applicable,not-applicable,not-applicable,area,cell-text,high,3,
b72c195b11e69082,hydraulics,4,s0004,gal/min,gal/min,volumetric_flow,m^3/s,scale,6.30901964e-05,0.0,not-applicable,not-applicable,context-required,volumetric_flow,cell-text,high,4,actual-vs-standard-reference-state
b72c195b11e69082,hydraulics,4,s0004,in,in,length,m,scale,0.0254,0.0,not-applicable,not-applicable,not-applicable,length,cell-text,high,7,
b72c195b11e69082,hydraulics,4,s0004,percent,percent,fraction,1,scale,0.01,0.0,not-applicable,not-applicable,not-applicable,fraction,cell-text,high,6,
b72c195b11e69082,hydraulics,4,s0004,ppg,ppg,density,kg/m^3,scale,119.82642732,0.0,not-applicable,not-applicable,not-applicable,mass-density-or-mud-weight,cell-text,high,1,mass-density-vs-mud-weight-gradient
b72c195b11e69082,hydraulics,21,s0021,percent,percent,fraction,1,scale,0.01,0.0,not-applicable,not-applicable,not-applicable,fraction,cell-text,high,1,
c00c3d2869bee7b4,directional,2,s0002,deg,deg,angle,rad,scale,0.01745329252,0.0,not-applicable,not-applicable,not-applicable,angle,cell-text,high,5,
c00c3d2869bee7b4,directional,2,s0002,ft,ft,length,m,scale,0.3048,0.0,not-applicable,not-applicable,not-applicable,length,cell-text,high,21,
c00c3d2869bee7b4,directional,2,s0002,h,h,time,s,scale,3600.0,0.0,not-applicable,not-applicable,not-applicable,time,cell-text,high,1,
c00c3d2869bee7b4,directional,2,s0002,rad,rad,angle,rad,scale,1.0,0.0,not-applicable,not-applicable,not-applicable,angle,cell-text,high,2,
c00c3d2869bee7b4,directional,4,s0004,s,s,time,s,scale,1.0,0.0,not-applicable,not-applicable,not-applicable,time,cell-text,high,1,
c00c3d2869bee7b4,directional,8,s0008,percent,percent,fraction,1,scale,0.01,0.0,not-applicable,not-applicable,not-applicable,fraction,cell-text,high,2,
c00c3d2869bee7b4,directional,1,s0001,percent,percent,fraction,1,scale,0.01,0.0,not-applicable,not-applicable,not-applicable,fraction,cell-text,high,2,
c00c3d2869bee7b4,directional,9,s0009,ft,ft,length,m,scale,0.3048,0.0,not-applicable,not-applicable,not-applicable,length,cell-text,high,2,
c489fe62048a52c6,hydraulics,3,s0003,gal/min,gal/min,volumetric_flow,m^3/s,scale,6.30901964e-05,0.0,not-applicable,not-applicable,context-required,volumetric_flow,cell-text,high,6,actual-vs-standard-reference-state
c489fe62048a52c6,hydraulics,3,s0003,ppg,ppg,density,kg/m^3,scale,119.82642732,0.0,not-applicable,not-applicable,not-applicable,mass-density-or-mud-weight,cell-text,high,1,mass-density-vs-mud-weight-gradient
c489fe62048a52c6,hydraulics,3,s0003,psi,psi,pressure,Pa,scale,6894.757293168,0.0,unspecified,not-applicable,not-applicable,pressure,cell-text,high,5,gauge-vs-absolute-and-pressure-vs-stress
c489fe62048a52c6,hydraulics,3,s0003,rpm,rpm,rotational_speed,rad/s,scale,0.1047197551,0.0,not-applicable,not-applicable,not-applicable,rotational_speed,cell-text,high,6,
c489fe62048a52c6,hydraulics,1,s0001,cP,cP,dynamic_viscosity,Pa*s,scale,0.001,0.0,not-applicable,not-applicable,not-applicable,dynamic_viscosity,cell-text,high,2,
c489fe62048a52c6,hydraulics,1,s0001,ft,ft,length,m,scale,0.3048,0.0,not-applicable,not-applicable,not-applicable,length,cell-text,high,4,
c489fe62048a52c6,hydraulics,1,s0001,ft/h,ft/h,penetration_rate,m/s,scale,8.466666666666667e-05,0.0,not-applicable,not-applicable,not-applicable,penetration_rate,cell-text,high,1,
c489fe62048a52c6,hydraulics,1,s0001,ft^2,ft^2,area,m^2,scale,0.09290304,0.0,not-applicable,not-applicable,not-applicable,area,cell-text,high,2,
c489fe62048a52c6,hydraulics,1,s0001,gal/min,gal/min,volumetric_flow,m^3/s,scale,6.30901964e-05,0.0,not-applicable,not-applicable,context-required,volumetric_flow,cell-text,high,1,actual-vs-standard-reference-state
c489fe62048a52c6,hydraulics,1,s0001,in,in,length,m,scale,0.0254,0.0,not-applicable,not-applicable,not-applicable,length,cell-text,high,5,
c489fe62048a52c6,hydraulics,1,s0001,min,min,time,s,scale,60.0,0.0,not-applicable,not-applicable,not-applicable,time,cell-text,high,1,
c489fe62048a52c6,hydraulics,1,s0001,mm,mm,length,m,scale,0.001,0.0,not-applicable,not-applicable,not-applicable,length,number-format,medium,1,
c489fe62048a52c6,hydraulics,1,s0001,ppg,ppg,density,kg/m^3,scale,119.82642732,0.0,not-applicable,not-applicable,not-applicable,mass-density-or-mud-weight,cell-text,high,1,mass-density-vs-mud-weight-gradient
c489fe62048a52c6,hydraulics,1,s0001,psi,psi,pressure,Pa,scale,6894.757293168,0.0,unspecified,not-applicable,not-applicable,pressure,cell-text,high,1,gauge-vs-absolute-and-pressure-vs-stress
c489fe62048a52c6,hydraulics,1,s0001,rpm,rpm,rotational_speed,rad/s,scale,0.1047197551,0.0,not-applicable,not-applicable,not-applicable,rotational_speed,cell-text,high,1,
c489fe62048a52c6,hydraulics,2,s0002,ft,ft,length,m,scale,0.3048,0.0,not-applicable,not-applicable,not-applicable,length,cell-text,high,20,
c489fe62048a52c6,hydraulics,2,s0002,ft/h,ft/h,penetration_rate,m/s,scale,8.466666666666667e-05,0.0,not-applicable,not-applicable,not-applicable,penetration_rate,cell-text,high,10,
c489fe62048a52c6,hydraulics,2,s0002,gal/min,gal/min,volumetric_flow,m^3/s,scale,6.30901964e-05,0.0,not-applicable,not-applicable,context-required,volumetric_flow,cell-text,high,10,actual-vs-standard-reference-state
c489fe62048a52c6,hydraulics,2,s0002,psi,psi,pressure,Pa,scale,6894.757293168,0.0,unspecified,not-applicable,not-applicable,pressure,cell-text,high,60,gauge-vs-absolute-and-pressure-vs-stress
c489fe62048a52c6,hydraulics,2,s0002,rpm,rpm,rotational_speed,rad/s,scale,0.1047197551,0.0,not-applicable,not-applicable,not-applicable,rotational_speed,cell-text,high,10,
c7365ac0f26eb95f,bha-tools,1,s0001,h,h,time,s,scale,3600.0,0.0,not-applicable,not-applicable,not-applicable,time,number-format,medium,1,
c7365ac0f26eb95f,bha-tools,1,s0001,kg,kg,mass,kg,scale,1.0,0.0,not-applicable,not-applicable,not-applicable,mass,cell-text,high,1,
c7365ac0f26eb95f,bha-tools,1,s0001,m,m,length,m,scale,1.0,0.0,not-applicable,not-applicable,not-applicable,length,cell-text,high,4,
c7365ac0f26eb95f,bha-tools,1,s0001,mm,mm,length,m,scale,0.001,0.0,not-applicable,not-applicable,not-applicable,length,cell-text,high,10,
c7365ac0f26eb95f,bha-tools,1,s0001,mm,mm,length,m,scale,0.001,0.0,not-applicable,not-applicable,not-applicable,length,number-format,medium,1,
ccf2bd54db46ebc5,hydraulics,3,s0003,gal/min,gal/min,volumetric_flow,m^3/s,scale,6.30901964e-05,0.0,not-applicable,not-applicable,context-required,volumetric_flow,cell-text,high,6,actual-vs-standard-reference-state
ccf2bd54db46ebc5,hydraulics,3,s0003,ppg,ppg,density,kg/m^3,scale,119.82642732,0.0,not-applicable,not-applicable,not-applicable,mass-density-or-mud-weight,cell-text,high,1,mass-density-vs-mud-weight-gradient
ccf2bd54db46ebc5,hydraulics,3,s0003,psi,psi,pressure,Pa,scale,6894.757293168,0.0,unspecified,not-applicable,not-applicable,pressure,cell-text,high,5,gauge-vs-absolute-and-pressure-vs-stress
ccf2bd54db46ebc5,hydraulics,3,s0003,rpm,rpm,rotational_speed,rad/s,scale,0.1047197551,0.0,not-applicable,not-applicable,not-applicable,rotational_speed,cell-text,high,6,
ccf2bd54db46ebc5,hydraulics,1,s0001,cP,cP,dynamic_viscosity,Pa*s,scale,0.001,0.0,not-applicable,not-applicable,not-applicable,dynamic_viscosity,cell-text,high,2,
ccf2bd54db46ebc5,hydraulics,1,s0001,ft,ft,length,m,scale,0.3048,0.0,not-applicable,not-applicable,not-applicable,length,cell-text,high,4,
ccf2bd54db46ebc5,hydraulics,1,s0001,ft/h,ft/h,penetration_rate,m/s,scale,8.466666666666667e-05,0.0,not-applicable,not-applicable,not-applicable,penetration_rate,cell-text,high,1,
ccf2bd54db46ebc5,hydraulics,1,s0001,ft^2,ft^2,area,m^2,scale,0.09290304,0.0,not-applicable,not-applicable,not-applicable,area,cell-text,high,2,
ccf2bd54db46ebc5,hydraulics,1,s0001,gal/min,gal/min,volumetric_flow,m^3/s,scale,6.30901964e-05,0.0,not-applicable,not-applicable,context-required,volumetric_flow,cell-text,high,1,actual-vs-standard-reference-state
ccf2bd54db46ebc5,hydraulics,1,s0001,in,in,length,m,scale,0.0254,0.0,not-applicable,not-applicable,not-applicable,length,cell-text,high,5,
ccf2bd54db46ebc5,hydraulics,1,s0001,min,min,time,s,scale,60.0,0.0,not-applicable,not-applicable,not-applicable,time,cell-text,high,1,
ccf2bd54db46ebc5,hydraulics,1,s0001,mm,mm,length,m,scale,0.001,0.0,not-applicable,not-applicable,not-applicable,length,number-format,medium,1,
ccf2bd54db46ebc5,hydraulics,1,s0001,ppg,ppg,density,kg/m^3,scale,119.82642732,0.0,not-applicable,not-applicable,not-applicable,mass-density-or-mud-weight,cell-text,high,1,mass-density-vs-mud-weight-gradient
ccf2bd54db46ebc5,hydraulics,1,s0001,psi,psi,pressure,Pa,scale,6894.757293168,0.0,unspecified,not-applicable,not-applicable,pressure,cell-text,high,1,gauge-vs-absolute-and-pressure-vs-stress
ccf2bd54db46ebc5,hydraulics,1,s0001,rpm,rpm,rotational_speed,rad/s,scale,0.1047197551,0.0,not-applicable,not-applicable,not-applicable,rotational_speed,cell-text,high,1,
ccf2bd54db46ebc5,hydraulics,2,s0002,ft,ft,length,m,scale,0.3048,0.0,not-applicable,not-applicable,not-applicable,length,cell-text,high,20,
ccf2bd54db46ebc5,hydraulics,2,s0002,ft/h,ft/h,penetration_rate,m/s,scale,8.466666666666667e-05,0.0,not-applicable,not-applicable,not-applicable,penetration_rate,cell-text,high,10,
ccf2bd54db46ebc5,hydraulics,2,s0002,gal/min,gal/min,volumetric_flow,m^3/s,scale,6.30901964e-05,0.0,not-applicable,not-applicable,context-required,volumetric_flow,cell-text,high,10,actual-vs-standard-reference-state
ccf2bd54db46ebc5,hydraulics,2,s0002,psi,psi,pressure,Pa,scale,6894.757293168,0.0,unspecified,not-applicable,not-applicable,pressure,cell-text,high,60,gauge-vs-absolute-and-pressure-vs-stress
ccf2bd54db46ebc5,hydraulics,2,s0002,rpm,rpm,rotational_speed,rad/s,scale,0.1047197551,0.0,not-applicable,not-applicable,not-applicable,rotational_speed,cell-text,high,10,
cd4e89d944e757af,hydraulics,3,s0003,gal/min,gal/min,volumetric_flow,m^3/s,scale,6.30901964e-05,0.0,not-applicable,not-applicable,context-required,volumetric_flow,cell-text,high,6,actual-vs-standard-reference-state
cd4e89d944e757af,hydraulics,3,s0003,ppg,ppg,density,kg/m^3,scale,119.82642732,0.0,not-applicable,not-applicable,not-applicable,mass-density-or-mud-weight,cell-text,high,1,mass-density-vs-mud-weight-gradient
cd4e89d944e757af,hydraulics,3,s0003,psi,psi,pressure,Pa,scale,6894.757293168,0.0,unspecified,not-applicable,not-applicable,pressure,cell-text,high,5,gauge-vs-absolute-and-pressure-vs-stress
cd4e89d944e757af,hydraulics,3,s0003,rpm,rpm,rotational_speed,rad/s,scale,0.1047197551,0.0,not-applicable,not-applicable,not-applicable,rotational_speed,cell-text,high,6,
cd4e89d944e757af,hydraulics,1,s0001,cP,cP,dynamic_viscosity,Pa*s,scale,0.001,0.0,not-applicable,not-applicable,not-applicable,dynamic_viscosity,cell-text,high,1,
cd4e89d944e757af,hydraulics,1,s0001,ft,ft,length,m,scale,0.3048,0.0,not-applicable,not-applicable,not-applicable,length,cell-text,high,9,
cd4e89d944e757af,hydraulics,1,s0001,ft/h,ft/h,penetration_rate,m/s,scale,8.466666666666667e-05,0.0,not-applicable,not-applicable,not-applicable,penetration_rate,cell-text,high,1,
cd4e89d944e757af,hydraulics,1,s0001,ft^2,ft^2,area,m^2,scale,0.09290304,0.0,not-applicable,not-applicable,not-applicable,area,cell-text,high,4,
cd4e89d944e757af,hydraulics,1,s0001,gal/min,gal/min,volumetric_flow,m^3/s,scale,6.30901964e-05,0.0,not-applicable,not-applicable,context-required,volumetric_flow,cell-text,high,1,actual-vs-standard-reference-state
cd4e89d944e757af,hydraulics,1,s0001,in,in,length,m,scale,0.0254,0.0,not-applicable,not-applicable,not-applicable,length,cell-text,high,5,
cd4e89d944e757af,hydraulics,1,s0001,min,min,time,s,scale,60.0,0.0,not-applicable,not-applicable,not-applicable,time,cell-text,high,1,
cd4e89d944e757af,hydraulics,1,s0001,mm,mm,length,m,scale,0.001,0.0,not-applicable,not-applicable,not-applicable,length,number-format,medium,1,
cd4e89d944e757af,hydraulics,1,s0001,ppg,ppg,density,kg/m^3,scale,119.82642732,0.0,not-applicable,not-applicable,not-applicable,mass-density-or-mud-weight,cell-text,high,1,mass-density-vs-mud-weight-gradient
cd4e89d944e757af,hydraulics,1,s0001,psi,psi,pressure,Pa,scale,6894.757293168,0.0,unspecified,not-applicable,not-applicable,pressure,cell-text,high,1,gauge-vs-absolute-and-pressure-vs-stress
cd4e89d944e757af,hydraulics,1,s0001,rad,rad,angle,rad,scale,1.0,0.0,not-applicable,not-applicable,not-applicable,angle,cell-text,high,1,
cd4e89d944e757af,hydraulics,1,s0001,rpm,rpm,rotational_speed,rad/s,scale,0.1047197551,0.0,not-applicable,not-applicable,not-applicable,rotational_speed,cell-text,high,1,
cd4e89d944e757af,hydraulics,2,s0002,ft,ft,length,m,scale,0.3048,0.0,not-applicable,not-applicable,not-applicable,length,cell-text,high,20,
cd4e89d944e757af,hydraulics,2,s0002,ft/h,ft/h,penetration_rate,m/s,scale,8.466666666666667e-05,0.0,not-applicable,not-applicable,not-applicable,penetration_rate,cell-text,high,10,
cd4e89d944e757af,hydraulics,2,s0002,gal/min,gal/min,volumetric_flow,m^3/s,scale,6.30901964e-05,0.0,not-applicable,not-applicable,context-required,volumetric_flow,cell-text,high,10,actual-vs-standard-reference-state
cd4e89d944e757af,hydraulics,2,s0002,psi,psi,pressure,Pa,scale,6894.757293168,0.0,unspecified,not-applicable,not-applicable,pressure,cell-text,high,60,gauge-vs-absolute-and-pressure-vs-stress
cd4e89d944e757af,hydraulics,2,s0002,rpm,rpm,rotational_speed,rad/s,scale,0.1047197551,0.0,not-applicable,not-applicable,not-applicable,rotational_speed,cell-text,high,10,
cdc1401e53841798,bha-tools,1,s0001,bbl,bbl,volume,m^3,scale,0.158987294928,0.0,not-applicable,not-applicable,context-required,volume,cell-text,high,4,actual-vs-standard-reference-state
cdc1401e53841798,bha-tools,1,s0001,ft,ft,length,m,scale,0.3048,0.0,not-applicable,not-applicable,not-applicable,length,cell-text,high,8,
cdc1401e53841798,bha-tools,1,s0001,in,in,length,m,scale,0.0254,0.0,not-applicable,not-applicable,not-applicable,length,cell-text,high,5,
cdc1401e53841798,bha-tools,1,s0001,kg,kg,mass,kg,scale,1.0,0.0,not-applicable,not-applicable,not-applicable,mass,cell-text,high,2,
cdc1401e53841798,bha-tools,1,s0001,mm,mm,length,m,scale,0.001,0.0,not-applicable,not-applicable,not-applicable,length,cell-text,high,1,
cdc1401e53841798,bha-tools,1,s0001,percent,percent,fraction,1,scale,0.01,0.0,not-applicable,not-applicable,not-applicable,fraction,cell-text,high,1,
cedfdf758e91c9a6,bha-tools,1,s0001,deg,deg,angle,rad,scale,0.01745329252,0.0,not-applicable,not-applicable,not-applicable,angle,cell-text,high,2,
cedfdf758e91c9a6,bha-tools,1,s0001,ft,ft,length,m,scale,0.3048,0.0,not-applicable,not-applicable,not-applicable,length,cell-text,high,8,
cedfdf758e91c9a6,bha-tools,1,s0001,in,in,length,m,scale,0.0254,0.0,not-applicable,not-applicable,not-applicable,length,cell-text,high,5,
cedfdf758e91c9a6,bha-tools,1,s0001,in^2,in^2,area,m^2,scale,0.00064516,0.0,not-applicable,not-applicable,not-applicable,area,cell-text,high,1,
d338233f05c5e396,directional,2,s0002,deg,deg,angle,rad,scale,0.01745329252,0.0,not-applicable,not-applicable,not-applicable,angle,cell-text,high,5,
d338233f05c5e396,directional,2,s0002,ft,ft,length,m,scale,0.3048,0.0,not-applicable,not-applicable,not-applicable,length,cell-text,high,21,
d338233f05c5e396,directional,2,s0002,h,h,time,s,scale,3600.0,0.0,not-applicable,not-applicable,not-applicable,time,cell-text,high,1,
d338233f05c5e396,directional,2,s0002,rad,rad,angle,rad,scale,1.0,0.0,not-applicable,not-applicable,not-applicable,angle,cell-text,high,2,
d338233f05c5e396,directional,3,s0003,s,s,time,s,scale,1.0,0.0,not-applicable,not-applicable,not-applicable,time,cell-text,high,1,
d338233f05c5e396,directional,7,s0007,percent,percent,fraction,1,scale,0.01,0.0,not-applicable,not-applicable,not-applicable,fraction,cell-text,high,2,
d338233f05c5e396,directional,1,s0001,percent,percent,fraction,1,scale,0.01,0.0,not-applicable,not-applicable,not-applicable,fraction,cell-text,high,2,
d338233f05c5e396,directional,8,s0008,ft,ft,length,m,scale,0.3048,0.0,not-applicable,not-applicable,not-applicable,length,cell-text,high,2,
d3f73f2583b83fa0,bha-tools,13,s0013,ft,ft,length,m,scale,0.3048,0.0,not-applicable,not-applicable,not-applicable,length,cell-text,high,2,
d3f73f2583b83fa0,bha-tools,13,s0013,hp,hp,power,W,scale,745.69987158,0.0,not-applicable,not-applicable,not-applicable,power,cell-text,high,1,
d3f73f2583b83fa0,bha-tools,13,s0013,in,in,length,m,scale,0.0254,0.0,not-applicable,not-applicable,not-applicable,length,cell-text,high,9,
d3f73f2583b83fa0,bha-tools,13,s0013,kg,kg,mass,kg,scale,1.0,0.0,not-applicable,not-applicable,not-applicable,mass,cell-text,high,3,
d3f73f2583b83fa0,bha-tools,13,s0013,kg/m,kg/m,linear_mass,kg/m,scale,1.0,0.0,not-applicable,not-applicable,not-applicable,linear_mass,cell-text,high,1,
d3f73f2583b83fa0,bha-tools,13,s0013,m,m,length,m,scale,1.0,0.0,not-applicable,not-applicable,not-applicable,length,cell-text,high,3,
d3f73f2583b83fa0,bha-tools,13,s0013,specific-gravity,specific-gravity,density_ratio,1,scale,1.0,0.0,not-applicable,not-applicable,not-applicable,density_ratio,cell-text,high,1,
d3f73f2583b83fa0,bha-tools,14,s0014,ft,ft,length,m,scale,0.3048,0.0,not-applicable,not-applicable,not-applicable,length,cell-text,high,2,
d3f73f2583b83fa0,bha-tools,14,s0014,hp,hp,power,W,scale,745.69987158,0.0,not-applicable,not-applicable,not-applicable,power,cell-text,high,1,
d3f73f2583b83fa0,bha-tools,14,s0014,in,in,length,m,scale,0.0254,0.0,not-applicable,not-applicable,not-applicable,length,cell-text,high,9,
d3f73f2583b83fa0,bha-tools,14,s0014,kg,kg,mass,kg,scale,1.0,0.0,not-applicable,not-applicable,not-applicable,mass,cell-text,high,3,
d3f73f2583b83fa0,bha-tools,14,s0014,kg/m,kg/m,linear_mass,kg/m,scale,1.0,0.0,not-applicable,not-applicable,not-applicable,linear_mass,cell-text,high,1,
d3f73f2583b83fa0,bha-tools,14,s0014,m,m,length,m,scale,1.0,0.0,not-applicable,not-applicable,not-applicable,length,cell-text,high,3,
d3f73f2583b83fa0,bha-tools,14,s0014,specific-gravity,specific-gravity,density_ratio,1,scale,1.0,0.0,not-applicable,not-applicable,not-applicable,density_ratio,cell-text,high,1,
d3f73f2583b83fa0,bha-tools,15,s0015,ft,ft,length,m,scale,0.3048,0.0,not-applicable,not-applicable,not-applicable,length,cell-text,high,2,
d3f73f2583b83fa0,bha-tools,15,s0015,hp,hp,power,W,scale,745.69987158,0.0,not-applicable,not-applicable,not-applicable,power,cell-text,high,1,
d3f73f2583b83fa0,bha-tools,15,s0015,in,in,length,m,scale,0.0254,0.0,not-applicable,not-applicable,not-applicable,length,cell-text,high,9,
d3f73f2583b83fa0,bha-tools,15,s0015,kg,kg,mass,kg,scale,1.0,0.0,not-applicable,not-applicable,not-applicable,mass,cell-text,high,3,
d3f73f2583b83fa0,bha-tools,15,s0015,kg/m,kg/m,linear_mass,kg/m,scale,1.0,0.0,not-applicable,not-applicable,not-applicable,linear_mass,cell-text,high,1,
d3f73f2583b83fa0,bha-tools,15,s0015,m,m,length,m,scale,1.0,0.0,not-applicable,not-applicable,not-applicable,length,cell-text,high,3,
d3f73f2583b83fa0,bha-tools,15,s0015,specific-gravity,specific-gravity,density_ratio,1,scale,1.0,0.0,not-applicable,not-applicable,not-applicable,density_ratio,cell-text,high,1,
d3f73f2583b83fa0,bha-tools,5,s0005,ft,ft,length,m,scale,0.3048,0.0,not-applicable,not-applicable,not-applicable,length,cell-text,high,2,
d3f73f2583b83fa0,bha-tools,5,s0005,hp,hp,power,W,scale,745.69987158,0.0,not-applicable,not-applicable,not-applicable,power,cell-text,high,1,
d3f73f2583b83fa0,bha-tools,5,s0005,in,in,length,m,scale,0.0254,0.0,not-applicable,not-applicable,not-applicable,length,cell-text,high,8,
d3f73f2583b83fa0,bha-tools,5,s0005,kg,kg,mass,kg,scale,1.0,0.0,not-applicable,not-applicable,not-applicable,mass,cell-text,high,3,
d3f73f2583b83fa0,bha-tools,5,s0005,kg/m,kg/m,linear_mass,kg/m,scale,1.0,0.0,not-applicable,not-applicable,not-applicable,linear_mass,cell-text,high,1,
d3f73f2583b83fa0,bha-tools,5,s0005,m,m,length,m,scale,1.0,0.0,not-applicable,not-applicable,not-applicable,length,cell-text,high,2,
d3f73f2583b83fa0,bha-tools,5,s0005,specific-gravity,specific-gravity,density_ratio,1,scale,1.0,0.0,not-applicable,not-applicable,not-applicable,density_ratio,cell-text,high,1,
d3f73f2583b83fa0,bha-tools,6,s0006,ft,ft,length,m,scale,0.3048,0.0,not-applicable,not-applicable,not-applicable,length,cell-text,high,2,
d3f73f2583b83fa0,bha-tools,6,s0006,hp,hp,power,W,scale,745.69987158,0.0,not-applicable,not-applicable,not-applicable,power,cell-text,high,1,
d3f73f2583b83fa0,bha-tools,6,s0006,in,in,length,m,scale,0.0254,0.0,not-applicable,not-applicable,not-applicable,length,cell-text,high,9,
d3f73f2583b83fa0,bha-tools,6,s0006,kg,kg,mass,kg,scale,1.0,0.0,not-applicable,not-applicable,not-applicable,mass,cell-text,high,3,
d3f73f2583b83fa0,bha-tools,6,s0006,kg/m,kg/m,linear_mass,kg/m,scale,1.0,0.0,not-applicable,not-applicable,not-applicable,linear_mass,cell-text,high,1,
d3f73f2583b83fa0,bha-tools,6,s0006,m,m,length,m,scale,1.0,0.0,not-applicable,not-applicable,not-applicable,length,cell-text,high,2,
d3f73f2583b83fa0,bha-tools,6,s0006,specific-gravity,specific-gravity,density_ratio,1,scale,1.0,0.0,not-applicable,not-applicable,not-applicable,density_ratio,cell-text,high,1,
d3f73f2583b83fa0,bha-tools,7,s0007,ft,ft,length,m,scale,0.3048,0.0,not-applicable,not-applicable,not-applicable,length,cell-text,high,2,
d3f73f2583b83fa0,bha-tools,7,s0007,hp,hp,power,W,scale,745.69987158,0.0,not-applicable,not-applicable,not-applicable,power,cell-text,high,1,
d3f73f2583b83fa0,bha-tools,7,s0007,in,in,length,m,scale,0.0254,0.0,not-applicable,not-applicable,not-applicable,length,cell-text,high,9,
d3f73f2583b83fa0,bha-tools,7,s0007,kg,kg,mass,kg,scale,1.0,0.0,not-applicable,not-applicable,not-applicable,mass,cell-text,high,3,
d3f73f2583b83fa0,bha-tools,7,s0007,kg/m,kg/m,linear_mass,kg/m,scale,1.0,0.0,not-applicable,not-applicable,not-applicable,linear_mass,cell-text,high,1,
d3f73f2583b83fa0,bha-tools,7,s0007,m,m,length,m,scale,1.0,0.0,not-applicable,not-applicable,not-applicable,length,cell-text,high,2,
d3f73f2583b83fa0,bha-tools,7,s0007,specific-gravity,specific-gravity,density_ratio,1,scale,1.0,0.0,not-applicable,not-applicable,not-applicable,density_ratio,cell-text,high,1,
d3f73f2583b83fa0,bha-tools,8,s0008,ft,ft,length,m,scale,0.3048,0.0,not-applicable,not-applicable,not-applicable,length,cell-text,high,2,
d3f73f2583b83fa0,bha-tools,8,s0008,hp,hp,power,W,scale,745.69987158,0.0,not-applicable,not-applicable,not-applicable,power,cell-text,high,1,
d3f73f2583b83fa0,bha-tools,8,s0008,in,in,length,m,scale,0.0254,0.0,not-applicable,not-applicable,not-applicable,length,cell-text,high,9,
d3f73f2583b83fa0,bha-tools,8,s0008,kg,kg,mass,kg,scale,1.0,0.0,not-applicable,not-applicable,not-applicable,mass,cell-text,high,3,
d3f73f2583b83fa0,bha-tools,8,s0008,kg/m,kg/m,linear_mass,kg/m,scale,1.0,0.0,not-applicable,not-applicable,not-applicable,linear_mass,cell-text,high,1,
d3f73f2583b83fa0,bha-tools,8,s0008,m,m,length,m,scale,1.0,0.0,not-applicable,not-applicable,not-applicable,length,cell-text,high,2,
d3f73f2583b83fa0,bha-tools,8,s0008,specific-gravity,specific-gravity,density_ratio,1,scale,1.0,0.0,not-applicable,not-applicable,not-applicable,density_ratio,cell-text,high,1,
d3f73f2583b83fa0,bha-tools,9,s0009,ft,ft,length,m,scale,0.3048,0.0,not-applicable,not-applicable,not-applicable,length,cell-text,high,2,
d3f73f2583b83fa0,bha-tools,9,s0009,hp,hp,power,W,scale,745.69987158,0.0,not-applicable,not-applicable,not-applicable,power,cell-text,high,1,
d3f73f2583b83fa0,bha-tools,9,s0009,in,in,length,m,scale,0.0254,0.0,not-applicable,not-applicable,not-applicable,length,cell-text,high,9,
d3f73f2583b83fa0,bha-tools,9,s0009,kg,kg,mass,kg,scale,1.0,0.0,not-applicable,not-applicable,not-applicable,mass,cell-text,high,3,
d3f73f2583b83fa0,bha-tools,9,s0009,kg/m,kg/m,linear_mass,kg/m,scale,1.0,0.0,not-applicable,not-applicable,not-applicable,linear_mass,cell-text,high,1,
d3f73f2583b83fa0,bha-tools,9,s0009,m,m,length,m,scale,1.0,0.0,not-applicable,not-applicable,not-applicable,length,cell-text,high,3,
d3f73f2583b83fa0,bha-tools,9,s0009,specific-gravity,specific-gravity,density_ratio,1,scale,1.0,0.0,not-applicable,not-applicable,not-applicable,density_ratio,cell-text,high,1,
d3f73f2583b83fa0,bha-tools,10,s0010,ft,ft,length,m,scale,0.3048,0.0,not-applicable,not-applicable,not-applicable,length,cell-text,high,2,
d3f73f2583b83fa0,bha-tools,10,s0010,hp,hp,power,W,scale,745.69987158,0.0,not-applicable,not-applicable,not-applicable,power,cell-text,high,1,
d3f73f2583b83fa0,bha-tools,10,s0010,in,in,length,m,scale,0.0254,0.0,not-applicable,not-applicable,not-applicable,length,cell-text,high,9,
d3f73f2583b83fa0,bha-tools,10,s0010,kg,kg,mass,kg,scale,1.0,0.0,not-applicable,not-applicable,not-applicable,mass,cell-text,high,3,
d3f73f2583b83fa0,bha-tools,10,s0010,kg/m,kg/m,linear_mass,kg/m,scale,1.0,0.0,not-applicable,not-applicable,not-applicable,linear_mass,cell-text,high,1,
d3f73f2583b83fa0,bha-tools,10,s0010,m,m,length,m,scale,1.0,0.0,not-applicable,not-applicable,not-applicable,length,cell-text,high,3,
d3f73f2583b83fa0,bha-tools,10,s0010,specific-gravity,specific-gravity,density_ratio,1,scale,1.0,0.0,not-applicable,not-applicable,not-applicable,density_ratio,cell-text,high,1,
d3f73f2583b83fa0,bha-tools,11,s0011,ft,ft,length,m,scale,0.3048,0.0,not-applicable,not-applicable,not-applicable,length,cell-text,high,2,
d3f73f2583b83fa0,bha-tools,11,s0011,hp,hp,power,W,scale,745.69987158,0.0,not-applicable,not-applicable,not-applicable,power,cell-text,high,1,
d3f73f2583b83fa0,bha-tools,11,s0011,in,in,length,m,scale,0.0254,0.0,not-applicable,not-applicable,not-applicable,length,cell-text,high,9,
d3f73f2583b83fa0,bha-tools,11,s0011,kg,kg,mass,kg,scale,1.0,0.0,not-applicable,not-applicable,not-applicable,mass,cell-text,high,3,
d3f73f2583b83fa0,bha-tools,11,s0011,kg/m,kg/m,linear_mass,kg/m,scale,1.0,0.0,not-applicable,not-applicable,not-applicable,linear_mass,cell-text,high,1,
d3f73f2583b83fa0,bha-tools,11,s0011,m,m,length,m,scale,1.0,0.0,not-applicable,not-applicable,not-applicable,length,cell-text,high,3,
d3f73f2583b83fa0,bha-tools,11,s0011,specific-gravity,specific-gravity,density_ratio,1,scale,1.0,0.0,not-applicable,not-applicable,not-applicable,density_ratio,cell-text,high,1,
d3f73f2583b83fa0,bha-tools,12,s0012,ft,ft,length,m,scale,0.3048,0.0,not-applicable,not-applicable,not-applicable,length,cell-text,high,2,
d3f73f2583b83fa0,bha-tools,12,s0012,hp,hp,power,W,scale,745.69987158,0.0,not-applicable,not-applicable,not-applicable,power,cell-text,high,1,
d3f73f2583b83fa0,bha-tools,12,s0012,in,in,length,m,scale,0.0254,0.0,not-applicable,not-applicable,not-applicable,length,cell-text,high,9,
d3f73f2583b83fa0,bha-tools,12,s0012,kg,kg,mass,kg,scale,1.0,0.0,not-applicable,not-applicable,not-applicable,mass,cell-text,high,3,
d3f73f2583b83fa0,bha-tools,12,s0012,kg/m,kg/m,linear_mass,kg/m,scale,1.0,0.0,not-applicable,not-applicable,not-applicable,linear_mass,cell-text,high,1,
d3f73f2583b83fa0,bha-tools,12,s0012,m,m,length,m,scale,1.0,0.0,not-applicable,not-applicable,not-applicable,length,cell-text,high,3,
d3f73f2583b83fa0,bha-tools,12,s0012,specific-gravity,specific-gravity,density_ratio,1,scale,1.0,0.0,not-applicable,not-applicable,not-applicable,density_ratio,cell-text,high,1,
d3f73f2583b83fa0,bha-tools,2,s0002,ft,ft,length,m,scale,0.3048,0.0,not-applicable,not-applicable,not-applicable,length,cell-text,high,2,
d3f73f2583b83fa0,bha-tools,2,s0002,hp,hp,power,W,scale,745.69987158,0.0,not-applicable,not-applicable,not-applicable,power,cell-text,high,1,
d3f73f2583b83fa0,bha-tools,2,s0002,in,in,length,m,scale,0.0254,0.0,not-applicable,not-applicable,not-applicable,length,cell-text,high,8,
d3f73f2583b83fa0,bha-tools,2,s0002,kg,kg,mass,kg,scale,1.0,0.0,not-applicable,not-applicable,not-applicable,mass,cell-text,high,3,
d3f73f2583b83fa0,bha-tools,2,s0002,kg/m,kg/m,linear_mass,kg/m,scale,1.0,0.0,not-applicable,not-applicable,not-applicable,linear_mass,cell-text,high,1,
d3f73f2583b83fa0,bha-tools,2,s0002,m,m,length,m,scale,1.0,0.0,not-applicable,not-applicable,not-applicable,length,cell-text,high,2,
d3f73f2583b83fa0,bha-tools,4,s0004,ft,ft,length,m,scale,0.3048,0.0,not-applicable,not-applicable,not-applicable,length,cell-text,high,2,
d3f73f2583b83fa0,bha-tools,4,s0004,hp,hp,power,W,scale,745.69987158,0.0,not-applicable,not-applicable,not-applicable,power,cell-text,high,1,
d3f73f2583b83fa0,bha-tools,4,s0004,in,in,length,m,scale,0.0254,0.0,not-applicable,not-applicable,not-applicable,length,cell-text,high,8,
d3f73f2583b83fa0,bha-tools,4,s0004,kg,kg,mass,kg,scale,1.0,0.0,not-applicable,not-applicable,not-applicable,mass,cell-text,high,3,
d3f73f2583b83fa0,bha-tools,4,s0004,kg/m,kg/m,linear_mass,kg/m,scale,1.0,0.0,not-applicable,not-applicable,not-applicable,linear_mass,cell-text,high,1,
d3f73f2583b83fa0,bha-tools,4,s0004,m,m,length,m,scale,1.0,0.0,not-applicable,not-applicable,not-applicable,length,cell-text,high,2,
d3f73f2583b83fa0,bha-tools,23,s0023,bbl,bbl,volume,m^3,scale,0.158987294928,0.0,not-applicable,not-applicable,context-required,volume,cell-text,high,1,actual-vs-standard-reference-state
d3f73f2583b83fa0,bha-tools,23,s0023,ft,ft,length,m,scale,0.3048,0.0,not-applicable,not-applicable,not-applicable,length,cell-text,high,2,
d3f73f2583b83fa0,bha-tools,23,s0023,hp,hp,power,W,scale,745.69987158,0.0,not-applicable,not-applicable,not-applicable,power,cell-text,high,1,
d3f73f2583b83fa0,bha-tools,23,s0023,in,in,length,m,scale,0.0254,0.0,not-applicable,not-applicable,not-applicable,length,cell-text,high,9,
d3f73f2583b83fa0,bha-tools,23,s0023,kg,kg,mass,kg,scale,1.0,0.0,not-applicable,not-applicable,not-applicable,mass,cell-text,high,3,
d3f73f2583b83fa0,bha-tools,23,s0023,kg/m,kg/m,linear_mass,kg/m,scale,1.0,0.0,not-applicable,not-applicable,not-applicable,linear_mass,cell-text,high,1,
d3f73f2583b83fa0,bha-tools,23,s0023,m,m,length,m,scale,1.0,0.0,not-applicable,not-applicable,not-applicable,length,cell-text,high,3,
d3f73f2583b83fa0,bha-tools,23,s0023,specific-gravity,specific-gravity,density_ratio,1,scale,1.0,0.0,not-applicable,not-applicable,not-applicable,density_ratio,cell-text,high,1,
d3f73f2583b83fa0,bha-tools,24,s0024,ft,ft,length,m,scale,0.3048,0.0,not-applicable,not-applicable,not-applicable,length,cell-text,high,2,
d3f73f2583b83fa0,bha-tools,24,s0024,hp,hp,power,W,scale,745.69987158,0.0,not-applicable,not-applicable,not-applicable,power,cell-text,high,1,
d3f73f2583b83fa0,bha-tools,24,s0024,in,in,length,m,scale,0.0254,0.0,not-applicable,not-applicable,not-applicable,length,cell-text,high,9,
d3f73f2583b83fa0,bha-tools,24,s0024,kg,kg,mass,kg,scale,1.0,0.0,not-applicable,not-applicable,not-applicable,mass,cell-text,high,3,
d3f73f2583b83fa0,bha-tools,24,s0024,kg/m,kg/m,linear_mass,kg/m,scale,1.0,0.0,not-applicable,not-applicable,not-applicable,linear_mass,cell-text,high,1,
d3f73f2583b83fa0,bha-tools,24,s0024,m,m,length,m,scale,1.0,0.0,not-applicable,not-applicable,not-applicable,length,cell-text,high,3,
d3f73f2583b83fa0,bha-tools,24,s0024,specific-gravity,specific-gravity,density_ratio,1,scale,1.0,0.0,not-applicable,not-applicable,not-applicable,density_ratio,cell-text,high,1,
d3f73f2583b83fa0,bha-tools,25,s0025,bbl,bbl,volume,m^3,scale,0.158987294928,0.0,not-applicable,not-applicable,context-required,volume,cell-text,high,1,actual-vs-standard-reference-state
d3f73f2583b83fa0,bha-tools,25,s0025,ft,ft,length,m,scale,0.3048,0.0,not-applicable,not-applicable,not-applicable,length,cell-text,high,2,
d3f73f2583b83fa0,bha-tools,25,s0025,hp,hp,power,W,scale,745.69987158,0.0,not-applicable,not-applicable,not-applicable,power,cell-text,high,1,
d3f73f2583b83fa0,bha-tools,25,s0025,in,in,length,m,scale,0.0254,0.0,not-applicable,not-applicable,not-applicable,length,cell-text,high,9,
d3f73f2583b83fa0,bha-tools,25,s0025,kg,kg,mass,kg,scale,1.0,0.0,not-applicable,not-applicable,not-applicable,mass,cell-text,high,3,
d3f73f2583b83fa0,bha-tools,25,s0025,kg/m,kg/m,linear_mass,kg/m,scale,1.0,0.0,not-applicable,not-applicable,not-applicable,linear_mass,cell-text,high,1,
d3f73f2583b83fa0,bha-tools,25,s0025,m,m,length,m,scale,1.0,0.0,not-applicable,not-applicable,not-applicable,length,cell-text,high,3,
d3f73f2583b83fa0,bha-tools,25,s0025,specific-gravity,specific-gravity,density_ratio,1,scale,1.0,0.0,not-applicable,not-applicable,not-applicable,density_ratio,cell-text,high,1,
d3f73f2583b83fa0,bha-tools,26,s0026,bbl,bbl,volume,m^3,scale,0.158987294928,0.0,not-applicable,not-applicable,context-required,volume,cell-text,high,1,actual-vs-standard-reference-state
d3f73f2583b83fa0,bha-tools,26,s0026,ft,ft,length,m,scale,0.3048,0.0,not-applicable,not-applicable,not-applicable,length,cell-text,high,2,
d3f73f2583b83fa0,bha-tools,26,s0026,hp,hp,power,W,scale,745.69987158,0.0,not-applicable,not-applicable,not-applicable,power,cell-text,high,1,
d3f73f2583b83fa0,bha-tools,26,s0026,in,in,length,m,scale,0.0254,0.0,not-applicable,not-applicable,not-applicable,length,cell-text,high,9,
d3f73f2583b83fa0,bha-tools,26,s0026,kg,kg,mass,kg,scale,1.0,0.0,not-applicable,not-applicable,not-applicable,mass,cell-text,high,3,
d3f73f2583b83fa0,bha-tools,26,s0026,kg/m,kg/m,linear_mass,kg/m,scale,1.0,0.0,not-applicable,not-applicable,not-applicable,linear_mass,cell-text,high,1,
d3f73f2583b83fa0,bha-tools,26,s0026,m,m,length,m,scale,1.0,0.0,not-applicable,not-applicable,not-applicable,length,cell-text,high,3,
d3f73f2583b83fa0,bha-tools,26,s0026,specific-gravity,specific-gravity,density_ratio,1,scale,1.0,0.0,not-applicable,not-applicable,not-applicable,density_ratio,cell-text,high,1,
d3f73f2583b83fa0,bha-tools,27,s0027,bbl,bbl,volume,m^3,scale,0.158987294928,0.0,not-applicable,not-applicable,context-required,volume,cell-text,high,1,actual-vs-standard-reference-state
d3f73f2583b83fa0,bha-tools,27,s0027,ft,ft,length,m,scale,0.3048,0.0,not-applicable,not-applicable,not-applicable,length,cell-text,high,2,
d3f73f2583b83fa0,bha-tools,27,s0027,hp,hp,power,W,scale,745.69987158,0.0,not-applicable,not-applicable,not-applicable,power,cell-text,high,1,
d3f73f2583b83fa0,bha-tools,27,s0027,in,in,length,m,scale,0.0254,0.0,not-applicable,not-applicable,not-applicable,length,cell-text,high,9,
d3f73f2583b83fa0,bha-tools,27,s0027,kg,kg,mass,kg,scale,1.0,0.0,not-applicable,not-applicable,not-applicable,mass,cell-text,high,3,
d3f73f2583b83fa0,bha-tools,27,s0027,kg/m,kg/m,linear_mass,kg/m,scale,1.0,0.0,not-applicable,not-applicable,not-applicable,linear_mass,cell-text,high,1,
d3f73f2583b83fa0,bha-tools,27,s0027,m,m,length,m,scale,1.0,0.0,not-applicable,not-applicable,not-applicable,length,cell-text,high,3,
d3f73f2583b83fa0,bha-tools,27,s0027,specific-gravity,specific-gravity,density_ratio,1,scale,1.0,0.0,not-applicable,not-applicable,not-applicable,density_ratio,cell-text,high,1,
d3f73f2583b83fa0,bha-tools,28,s0028,bbl,bbl,volume,m^3,scale,0.158987294928,0.0,not-applicable,not-applicable,context-required,volume,cell-text,high,1,actual-vs-standard-reference-state
d3f73f2583b83fa0,bha-tools,28,s0028,ft,ft,length,m,scale,0.3048,0.0,not-applicable,not-applicable,not-applicable,length,cell-text,high,2,
d3f73f2583b83fa0,bha-tools,28,s0028,hp,hp,power,W,scale,745.69987158,0.0,not-applicable,not-applicable,not-applicable,power,cell-text,high,1,
d3f73f2583b83fa0,bha-tools,28,s0028,in,in,length,m,scale,0.0254,0.0,not-applicable,not-applicable,not-applicable,length,cell-text,high,9,
d3f73f2583b83fa0,bha-tools,28,s0028,kg,kg,mass,kg,scale,1.0,0.0,not-applicable,not-applicable,not-applicable,mass,cell-text,high,3,
d3f73f2583b83fa0,bha-tools,28,s0028,kg/m,kg/m,linear_mass,kg/m,scale,1.0,0.0,not-applicable,not-applicable,not-applicable,linear_mass,cell-text,high,1,
d3f73f2583b83fa0,bha-tools,28,s0028,m,m,length,m,scale,1.0,0.0,not-applicable,not-applicable,not-applicable,length,cell-text,high,3,
d3f73f2583b83fa0,bha-tools,28,s0028,specific-gravity,specific-gravity,density_ratio,1,scale,1.0,0.0,not-applicable,not-applicable,not-applicable,density_ratio,cell-text,high,1,
d3f73f2583b83fa0,bha-tools,29,s0029,bbl,bbl,volume,m^3,scale,0.158987294928,0.0,not-applicable,not-applicable,context-required,volume,cell-text,high,1,actual-vs-standard-reference-state
d3f73f2583b83fa0,bha-tools,29,s0029,ft,ft,length,m,scale,0.3048,0.0,not-applicable,not-applicable,not-applicable,length,cell-text,high,2,
d3f73f2583b83fa0,bha-tools,29,s0029,hp,hp,power,W,scale,745.69987158,0.0,not-applicable,not-applicable,not-applicable,power,cell-text,high,1,
d3f73f2583b83fa0,bha-tools,29,s0029,in,in,length,m,scale,0.0254,0.0,not-applicable,not-applicable,not-applicable,length,cell-text,high,9,
d3f73f2583b83fa0,bha-tools,29,s0029,kg,kg,mass,kg,scale,1.0,0.0,not-applicable,not-applicable,not-applicable,mass,cell-text,high,3,
d3f73f2583b83fa0,bha-tools,29,s0029,kg/m,kg/m,linear_mass,kg/m,scale,1.0,0.0,not-applicable,not-applicable,not-applicable,linear_mass,cell-text,high,1,
d3f73f2583b83fa0,bha-tools,29,s0029,m,m,length,m,scale,1.0,0.0,not-applicable,not-applicable,not-applicable,length,cell-text,high,3,
d3f73f2583b83fa0,bha-tools,29,s0029,specific-gravity,specific-gravity,density_ratio,1,scale,1.0,0.0,not-applicable,not-applicable,not-applicable,density_ratio,cell-text,high,1,
d3f73f2583b83fa0,bha-tools,30,s0030,bbl,bbl,volume,m^3,scale,0.158987294928,0.0,not-applicable,not-applicable,context-required,volume,cell-text,high,1,actual-vs-standard-reference-state
d3f73f2583b83fa0,bha-tools,30,s0030,ft,ft,length,m,scale,0.3048,0.0,not-applicable,not-applicable,not-applicable,length,cell-text,high,2,
d3f73f2583b83fa0,bha-tools,30,s0030,hp,hp,power,W,scale,745.69987158,0.0,not-applicable,not-applicable,not-applicable,power,cell-text,high,1,
d3f73f2583b83fa0,bha-tools,30,s0030,in,in,length,m,scale,0.0254,0.0,not-applicable,not-applicable,not-applicable,length,cell-text,high,9,
d3f73f2583b83fa0,bha-tools,30,s0030,kg,kg,mass,kg,scale,1.0,0.0,not-applicable,not-applicable,not-applicable,mass,cell-text,high,3,
d3f73f2583b83fa0,bha-tools,30,s0030,kg/m,kg/m,linear_mass,kg/m,scale,1.0,0.0,not-applicable,not-applicable,not-applicable,linear_mass,cell-text,high,1,
d3f73f2583b83fa0,bha-tools,30,s0030,m,m,length,m,scale,1.0,0.0,not-applicable,not-applicable,not-applicable,length,cell-text,high,3,
d3f73f2583b83fa0,bha-tools,30,s0030,specific-gravity,specific-gravity,density_ratio,1,scale,1.0,0.0,not-applicable,not-applicable,not-applicable,density_ratio,cell-text,high,1,
d3f73f2583b83fa0,bha-tools,31,s0031,ft,ft,length,m,scale,0.3048,0.0,not-applicable,not-applicable,not-applicable,length,cell-text,high,2,
d3f73f2583b83fa0,bha-tools,31,s0031,hp,hp,power,W,scale,745.69987158,0.0,not-applicable,not-applicable,not-applicable,power,cell-text,high,1,
d3f73f2583b83fa0,bha-tools,31,s0031,in,in,length,m,scale,0.0254,0.0,not-applicable,not-applicable,not-applicable,length,cell-text,high,9,
d3f73f2583b83fa0,bha-tools,31,s0031,kg,kg,mass,kg,scale,1.0,0.0,not-applicable,not-applicable,not-applicable,mass,cell-text,high,3,
d3f73f2583b83fa0,bha-tools,31,s0031,kg/m,kg/m,linear_mass,kg/m,scale,1.0,0.0,not-applicable,not-applicable,not-applicable,linear_mass,cell-text,high,1,
d3f73f2583b83fa0,bha-tools,31,s0031,m,m,length,m,scale,1.0,0.0,not-applicable,not-applicable,not-applicable,length,cell-text,high,3,
d3f73f2583b83fa0,bha-tools,31,s0031,specific-gravity,specific-gravity,density_ratio,1,scale,1.0,0.0,not-applicable,not-applicable,not-applicable,density_ratio,cell-text,high,1,
d3f73f2583b83fa0,bha-tools,32,s0032,bbl,bbl,volume,m^3,scale,0.158987294928,0.0,not-applicable,not-applicable,context-required,volume,cell-text,high,1,actual-vs-standard-reference-state
d3f73f2583b83fa0,bha-tools,32,s0032,ft,ft,length,m,scale,0.3048,0.0,not-applicable,not-applicable,not-applicable,length,cell-text,high,2,
d3f73f2583b83fa0,bha-tools,32,s0032,hp,hp,power,W,scale,745.69987158,0.0,not-applicable,not-applicable,not-applicable,power,cell-text,high,1,
d3f73f2583b83fa0,bha-tools,32,s0032,in,in,length,m,scale,0.0254,0.0,not-applicable,not-applicable,not-applicable,length,cell-text,high,9,
d3f73f2583b83fa0,bha-tools,32,s0032,kg,kg,mass,kg,scale,1.0,0.0,not-applicable,not-applicable,not-applicable,mass,cell-text,high,3,
d3f73f2583b83fa0,bha-tools,32,s0032,kg/m,kg/m,linear_mass,kg/m,scale,1.0,0.0,not-applicable,not-applicable,not-applicable,linear_mass,cell-text,high,1,
d3f73f2583b83fa0,bha-tools,32,s0032,m,m,length,m,scale,1.0,0.0,not-applicable,not-applicable,not-applicable,length,cell-text,high,3,
d3f73f2583b83fa0,bha-tools,32,s0032,specific-gravity,specific-gravity,density_ratio,1,scale,1.0,0.0,not-applicable,not-applicable,not-applicable,density_ratio,cell-text,high,1,
d3f73f2583b83fa0,bha-tools,33,s0033,ft,ft,length,m,scale,0.3048,0.0,not-applicable,not-applicable,not-applicable,length,cell-text,high,2,
d3f73f2583b83fa0,bha-tools,33,s0033,hp,hp,power,W,scale,745.69987158,0.0,not-applicable,not-applicable,not-applicable,power,cell-text,high,1,
d3f73f2583b83fa0,bha-tools,33,s0033,in,in,length,m,scale,0.0254,0.0,not-applicable,not-applicable,not-applicable,length,cell-text,high,9,
d3f73f2583b83fa0,bha-tools,33,s0033,kg,kg,mass,kg,scale,1.0,0.0,not-applicable,not-applicable,not-applicable,mass,cell-text,high,3,
d3f73f2583b83fa0,bha-tools,33,s0033,kg/m,kg/m,linear_mass,kg/m,scale,1.0,0.0,not-applicable,not-applicable,not-applicable,linear_mass,cell-text,high,1,
d3f73f2583b83fa0,bha-tools,33,s0033,m,m,length,m,scale,1.0,0.0,not-applicable,not-applicable,not-applicable,length,cell-text,high,3,
d3f73f2583b83fa0,bha-tools,33,s0033,specific-gravity,specific-gravity,density_ratio,1,scale,1.0,0.0,not-applicable,not-applicable,not-applicable,density_ratio,cell-text,high,1,
d3f73f2583b83fa0,bha-tools,34,s0034,ft,ft,length,m,scale,0.3048,0.0,not-applicable,not-applicable,not-applicable,length,cell-text,high,2,
d3f73f2583b83fa0,bha-tools,34,s0034,hp,hp,power,W,scale,745.69987158,0.0,not-applicable,not-applicable,not-applicable,power,cell-text,high,1,
d3f73f2583b83fa0,bha-tools,34,s0034,in,in,length,m,scale,0.0254,0.0,not-applicable,not-applicable,not-applicable,length,cell-text,high,9,
d3f73f2583b83fa0,bha-tools,34,s0034,kg,kg,mass,kg,scale,1.0,0.0,not-applicable,not-applicable,not-applicable,mass,cell-text,high,3,
d3f73f2583b83fa0,bha-tools,34,s0034,kg/m,kg/m,linear_mass,kg/m,scale,1.0,0.0,not-applicable,not-applicable,not-applicable,linear_mass,cell-text,high,1,
d3f73f2583b83fa0,bha-tools,34,s0034,m,m,length,m,scale,1.0,0.0,not-applicable,not-applicable,not-applicable,length,cell-text,high,3,
d3f73f2583b83fa0,bha-tools,34,s0034,specific-gravity,specific-gravity,density_ratio,1,scale,1.0,0.0,not-applicable,not-applicable,not-applicable,density_ratio,cell-text,high,1,
d3f73f2583b83fa0,bha-tools,16,s0016,ft,ft,length,m,scale,0.3048,0.0,not-applicable,not-applicable,not-applicable,length,cell-text,high,2,
d3f73f2583b83fa0,bha-tools,16,s0016,hp,hp,power,W,scale,745.69987158,0.0,not-applicable,not-applicable,not-applicable,power,cell-text,high,1,
d3f73f2583b83fa0,bha-tools,16,s0016,in,in,length,m,scale,0.0254,0.0,not-applicable,not-applicable,not-applicable,length,cell-text,high,9,
d3f73f2583b83fa0,bha-tools,16,s0016,kg,kg,mass,kg,scale,1.0,0.0,not-applicable,not-applicable,not-applicable,mass,cell-text,high,3,
d3f73f2583b83fa0,bha-tools,16,s0016,kg/m,kg/m,linear_mass,kg/m,scale,1.0,0.0,not-applicable,not-applicable,not-applicable,linear_mass,cell-text,high,1,
d3f73f2583b83fa0,bha-tools,16,s0016,m,m,length,m,scale,1.0,0.0,not-applicable,not-applicable,not-applicable,length,cell-text,high,3,
d3f73f2583b83fa0,bha-tools,17,s0017,ft,ft,length,m,scale,0.3048,0.0,not-applicable,not-applicable,not-applicable,length,cell-text,high,2,
d3f73f2583b83fa0,bha-tools,17,s0017,hp,hp,power,W,scale,745.69987158,0.0,not-applicable,not-applicable,not-applicable,power,cell-text,high,1,
d3f73f2583b83fa0,bha-tools,17,s0017,in,in,length,m,scale,0.0254,0.0,not-applicable,not-applicable,not-applicable,length,cell-text,high,9,
d3f73f2583b83fa0,bha-tools,17,s0017,kg,kg,mass,kg,scale,1.0,0.0,not-applicable,not-applicable,not-applicable,mass,cell-text,high,3,
d3f73f2583b83fa0,bha-tools,17,s0017,kg/m,kg/m,linear_mass,kg/m,scale,1.0,0.0,not-applicable,not-applicable,not-applicable,linear_mass,cell-text,high,1,
d3f73f2583b83fa0,bha-tools,17,s0017,m,m,length,m,scale,1.0,0.0,not-applicable,not-applicable,not-applicable,length,cell-text,high,3,
d3f73f2583b83fa0,bha-tools,18,s0018,ft,ft,length,m,scale,0.3048,0.0,not-applicable,not-applicable,not-applicable,length,cell-text,high,2,
d3f73f2583b83fa0,bha-tools,18,s0018,hp,hp,power,W,scale,745.69987158,0.0,not-applicable,not-applicable,not-applicable,power,cell-text,high,1,
d3f73f2583b83fa0,bha-tools,18,s0018,in,in,length,m,scale,0.0254,0.0,not-applicable,not-applicable,not-applicable,length,cell-text,high,9,
d3f73f2583b83fa0,bha-tools,18,s0018,kg,kg,mass,kg,scale,1.0,0.0,not-applicable,not-applicable,not-applicable,mass,cell-text,high,3,
d3f73f2583b83fa0,bha-tools,18,s0018,kg/m,kg/m,linear_mass,kg/m,scale,1.0,0.0,not-applicable,not-applicable,not-applicable,linear_mass,cell-text,high,1,
d3f73f2583b83fa0,bha-tools,18,s0018,m,m,length,m,scale,1.0,0.0,not-applicable,not-applicable,not-applicable,length,cell-text,high,3,
d3f73f2583b83fa0,bha-tools,19,s0019,ft,ft,length,m,scale,0.3048,0.0,not-applicable,not-applicable,not-applicable,length,cell-text,high,2,
d3f73f2583b83fa0,bha-tools,19,s0019,hp,hp,power,W,scale,745.69987158,0.0,not-applicable,not-applicable,not-applicable,power,cell-text,high,2,
d3f73f2583b83fa0,bha-tools,19,s0019,in,in,length,m,scale,0.0254,0.0,not-applicable,not-applicable,not-applicable,length,cell-text,high,9,
d3f73f2583b83fa0,bha-tools,19,s0019,kg,kg,mass,kg,scale,1.0,0.0,not-applicable,not-applicable,not-applicable,mass,cell-text,high,3,
d3f73f2583b83fa0,bha-tools,19,s0019,kg/m,kg/m,linear_mass,kg/m,scale,1.0,0.0,not-applicable,not-applicable,not-applicable,linear_mass,cell-text,high,1,
d3f73f2583b83fa0,bha-tools,19,s0019,m,m,length,m,scale,1.0,0.0,not-applicable,not-applicable,not-applicable,length,cell-text,high,3,
d3f73f2583b83fa0,bha-tools,19,s0019,specific-gravity,specific-gravity,density_ratio,1,scale,1.0,0.0,not-applicable,not-applicable,not-applicable,density_ratio,cell-text,high,1,
d3f73f2583b83fa0,bha-tools,20,s0020,ft,ft,length,m,scale,0.3048,0.0,not-applicable,not-applicable,not-applicable,length,cell-text,high,2,
d3f73f2583b83fa0,bha-tools,20,s0020,hp,hp,power,W,scale,745.69987158,0.0,not-applicable,not-applicable,not-applicable,power,cell-text,high,1,
d3f73f2583b83fa0,bha-tools,20,s0020,in,in,length,m,scale,0.0254,0.0,not-applicable,not-applicable,not-applicable,length,cell-text,high,9,
d3f73f2583b83fa0,bha-tools,20,s0020,kg,kg,mass,kg,scale,1.0,0.0,not-applicable,not-applicable,not-applicable,mass,cell-text,high,3,
d3f73f2583b83fa0,bha-tools,20,s0020,kg/m,kg/m,linear_mass,kg/m,scale,1.0,0.0,not-applicable,not-applicable,not-applicable,linear_mass,cell-text,high,1,
d3f73f2583b83fa0,bha-tools,20,s0020,m,m,length,m,scale,1.0,0.0,not-applicable,not-applicable,not-applicable,length,cell-text,high,3,
d3f73f2583b83fa0,bha-tools,20,s0020,specific-gravity,specific-gravity,density_ratio,1,scale,1.0,0.0,not-applicable,not-applicable,not-applicable,density_ratio,cell-text,high,1,
d3f73f2583b83fa0,bha-tools,21,s0021,ft,ft,length,m,scale,0.3048,0.0,not-applicable,not-applicable,not-applicable,length,cell-text,high,2,
d3f73f2583b83fa0,bha-tools,21,s0021,hp,hp,power,W,scale,745.69987158,0.0,not-applicable,not-applicable,not-applicable,power,cell-text,high,2,
d3f73f2583b83fa0,bha-tools,21,s0021,in,in,length,m,scale,0.0254,0.0,not-applicable,not-applicable,not-applicable,length,cell-text,high,9,
d3f73f2583b83fa0,bha-tools,21,s0021,kg,kg,mass,kg,scale,1.0,0.0,not-applicable,not-applicable,not-applicable,mass,cell-text,high,3,
d3f73f2583b83fa0,bha-tools,21,s0021,kg/m,kg/m,linear_mass,kg/m,scale,1.0,0.0,not-applicable,not-applicable,not-applicable,linear_mass,cell-text,high,1,
d3f73f2583b83fa0,bha-tools,21,s0021,m,m,length,m,scale,1.0,0.0,not-applicable,not-applicable,not-applicable,length,cell-text,high,3,
d3f73f2583b83fa0,bha-tools,21,s0021,specific-gravity,specific-gravity,density_ratio,1,scale,1.0,0.0,not-applicable,not-applicable,not-applicable,density_ratio,cell-text,high,1,
d3f73f2583b83fa0,bha-tools,22,s0022,ft,ft,length,m,scale,0.3048,0.0,not-applicable,not-applicable,not-applicable,length,cell-text,high,2,
d3f73f2583b83fa0,bha-tools,22,s0022,hp,hp,power,W,scale,745.69987158,0.0,not-applicable,not-applicable,not-applicable,power,cell-text,high,2,
d3f73f2583b83fa0,bha-tools,22,s0022,in,in,length,m,scale,0.0254,0.0,not-applicable,not-applicable,not-applicable,length,cell-text,high,9,
d3f73f2583b83fa0,bha-tools,22,s0022,kg,kg,mass,kg,scale,1.0,0.0,not-applicable,not-applicable,not-applicable,mass,cell-text,high,3,
d3f73f2583b83fa0,bha-tools,22,s0022,kg/m,kg/m,linear_mass,kg/m,scale,1.0,0.0,not-applicable,not-applicable,not-applicable,linear_mass,cell-text,high,1,
d3f73f2583b83fa0,bha-tools,22,s0022,m,m,length,m,scale,1.0,0.0,not-applicable,not-applicable,not-applicable,length,cell-text,high,3,
d3f73f2583b83fa0,bha-tools,22,s0022,specific-gravity,specific-gravity,density_ratio,1,scale,1.0,0.0,not-applicable,not-applicable,not-applicable,density_ratio,cell-text,high,1,
d3f73f2583b83fa0,bha-tools,1,s0001,ft,ft,length,m,scale,0.3048,0.0,not-applicable,not-applicable,not-applicable,length,cell-text,high,2,
d3f73f2583b83fa0,bha-tools,1,s0001,hp,hp,power,W,scale,745.69987158,0.0,not-applicable,not-applicable,not-applicable,power,cell-text,high,1,
d3f73f2583b83fa0,bha-tools,1,s0001,in,in,length,m,scale,0.0254,0.0,not-applicable,not-applicable,not-applicable,length,cell-text,high,8,
d3f73f2583b83fa0,bha-tools,1,s0001,kg,kg,mass,kg,scale,1.0,0.0,not-applicable,not-applicable,not-applicable,mass,cell-text,high,3,
d3f73f2583b83fa0,bha-tools,1,s0001,kg/m,kg/m,linear_mass,kg/m,scale,1.0,0.0,not-applicable,not-applicable,not-applicable,linear_mass,cell-text,high,1,
d3f73f2583b83fa0,bha-tools,1,s0001,m,m,length,m,scale,1.0,0.0,not-applicable,not-applicable,not-applicable,length,cell-text,high,2,
d3f73f2583b83fa0,bha-tools,1,s0001,s,s,time,s,scale,1.0,0.0,not-applicable,not-applicable,not-applicable,time,cell-text,high,1,
d3f73f2583b83fa0,bha-tools,3,s0003,ft,ft,length,m,scale,0.3048,0.0,not-applicable,not-applicable,not-applicable,length,cell-text,high,2,
d3f73f2583b83fa0,bha-tools,3,s0003,hp,hp,power,W,scale,745.69987158,0.0,not-applicable,not-applicable,not-applicable,power,cell-text,high,1,
d3f73f2583b83fa0,bha-tools,3,s0003,in,in,length,m,scale,0.0254,0.0,not-applicable,not-applicable,not-applicable,length,cell-text,high,8,
d3f73f2583b83fa0,bha-tools,3,s0003,kg,kg,mass,kg,scale,1.0,0.0,not-applicable,not-applicable,not-applicable,mass,cell-text,high,3,
d3f73f2583b83fa0,bha-tools,3,s0003,kg/m,kg/m,linear_mass,kg/m,scale,1.0,0.0,not-applicable,not-applicable,not-applicable,linear_mass,cell-text,high,1,
d3f73f2583b83fa0,bha-tools,3,s0003,m,m,length,m,scale,1.0,0.0,not-applicable,not-applicable,not-applicable,length,cell-text,high,2,
d3f73f2583b83fa0,bha-tools,3,s0003,s,s,time,s,scale,1.0,0.0,not-applicable,not-applicable,not-applicable,time,cell-text,high,1,
d48acc7d8e572848,bha-tools,1,s0001,ft/h,ft/h,penetration_rate,m/s,scale,8.466666666666667e-05,0.0,not-applicable,not-applicable,not-applicable,penetration_rate,cell-text,high,7,
d48acc7d8e572848,bha-tools,1,s0001,in,in,length,m,scale,0.0254,0.0,not-applicable,not-applicable,not-applicable,length,cell-text,high,16,
dbfddbefee5b196d,uncategorized,3,s0003,ft,ft,length,m,scale,0.3048,0.0,not-applicable,not-applicable,not-applicable,length,cell-text,high,1,
dbfddbefee5b196d,uncategorized,3,s0003,psi,psi,pressure,Pa,scale,6894.757293168,0.0,unspecified,not-applicable,not-applicable,pressure,cell-text,high,1,gauge-vs-absolute-and-pressure-vs-stress
dbfddbefee5b196d,uncategorized,1,s0001,rpm,rpm,rotational_speed,rad/s,scale,0.1047197551,0.0,not-applicable,not-applicable,not-applicable,rotational_speed,cell-text,high,3,
dc888cd53f297b84,thermal,1,s0001,Btu/(h*ft*degF),Btu/(h*ft*degF),thermal_conductivity,W/(m*K),scale,1.7307346664,0.0,not-applicable,not-applicable,not-applicable,thermal_conductivity,cell-text,high,9,conductivity-vs-overall-coefficient
dc888cd53f297b84,thermal,1,s0001,Btu/(h*ft^2*degF),Btu/(h*ft^2*degF),heat_transfer_coefficient,W/(m^2*K),scale,5.6782633411,0.0,not-applicable,not-applicable,not-applicable,heat_transfer_coefficient,cell-text,high,4,area-basis-vs-linear-conductance
dc888cd53f297b84,thermal,1,s0001,degF,degF,temperature,K,affine,0.5555555555555556,255.3722222222,not-applicable,absolute,not-applicable,temperature,cell-text,high,4,absolute-temperature-vs-temperature-difference
dc888cd53f297b84,thermal,1,s0001,ft,ft,length,m,scale,0.3048,0.0,not-applicable,not-applicable,not-applicable,length,cell-text,high,11,
dc888cd53f297b84,thermal,1,s0001,h,h,time,s,scale,3600.0,0.0,not-applicable,not-applicable,not-applicable,time,cell-text,high,1,
dc888cd53f297b84,thermal,1,s0001,hp,hp,power,W,scale,745.69987158,0.0,not-applicable,not-applicable,not-applicable,power,cell-text,high,1,
dc888cd53f297b84,thermal,1,s0001,kW,kW,power,W,scale,1000.0,0.0,not-applicable,not-applicable,not-applicable,power,cell-text,high,1,
dc888cd53f297b84,thermal,3,s0003,Btu,Btu,energy,J,scale,1055.05585262,0.0,not-applicable,not-applicable,not-applicable,energy,cell-text,high,4,
dc888cd53f297b84,thermal,3,s0003,Btu/(h*ft*degF),Btu/(h*ft*degF),thermal_conductivity,W/(m*K),scale,1.7307346664,0.0,not-applicable,not-applicable,not-applicable,thermal_conductivity,cell-text,high,1,conductivity-vs-overall-coefficient
dc888cd53f297b84,thermal,3,s0003,Btu/(lbm*degF),Btu/(lbm*degF),specific_heat_capacity,J/(kg*K),scale,4186.8,0.0,not-applicable,not-applicable,not-applicable,specific_heat_capacity,cell-text,high,1,
dc888cd53f297b84,thermal,3,s0003,K,K,temperature,K,affine,1.0,0.0,not-applicable,absolute,not-applicable,temperature,cell-text,high,2,absolute-temperature-vs-temperature-difference
dc888cd53f297b84,thermal,3,s0003,W/(m^2*K),W/(m^2*K),heat_transfer_coefficient,W/(m^2*K),scale,1.0,0.0,not-applicable,not-applicable,not-applicable,heat_transfer_coefficient,cell-text,high,3,area-basis-vs-linear-conductance
dc888cd53f297b84,thermal,3,s0003,cm,cm,length,m,scale,0.01,0.0,not-applicable,not-applicable,not-applicable,length,cell-text,high,1,
dc888cd53f297b84,thermal,3,s0003,deg,deg,angle,rad,scale,0.01745329252,0.0,not-applicable,not-applicable,not-applicable,angle,cell-text,high,3,
dc888cd53f297b84,thermal,3,s0003,degC,degC,temperature,K,affine,1.0,273.15,not-applicable,absolute,not-applicable,temperature,cell-text,high,5,absolute-temperature-vs-temperature-difference
dc888cd53f297b84,thermal,3,s0003,ft,ft,length,m,scale,0.3048,0.0,not-applicable,not-applicable,not-applicable,length,cell-text,high,1,
dc888cd53f297b84,thermal,3,s0003,ft^2,ft^2,area,m^2,scale,0.09290304,0.0,not-applicable,not-applicable,not-applicable,area,cell-text,high,3,
dc888cd53f297b84,thermal,3,s0003,g/cm^3,g/cm^3,density,kg/m^3,scale,1000.0,0.0,not-applicable,not-applicable,not-applicable,density,cell-text,high,1,mass-density-vs-mud-weight-gradient
dc888cd53f297b84,thermal,3,s0003,in,in,length,m,scale,0.0254,0.0,not-applicable,not-applicable,not-applicable,length,cell-text,high,30,
dc888cd53f297b84,thermal,3,s0003,kg,kg,mass,kg,scale,1.0,0.0,not-applicable,not-applicable,not-applicable,mass,cell-text,high,2,
dc888cd53f297b84,thermal,3,s0003,kg/m^3,kg/m^3,density,kg/m^3,scale,1.0,0.0,not-applicable,not-applicable,not-applicable,density,cell-text,high,1,mass-density-vs-mud-weight-gradient
dc888cd53f297b84,thermal,3,s0003,lbm/ft^3,lbm/ft^3,density,kg/m^3,scale,16.018463374,0.0,not-applicable,not-applicable,not-applicable,density,cell-text,high,1,mass-density-vs-mud-weight-gradient
dc888cd53f297b84,thermal,3,s0003,m^2,m^2,area,m^2,scale,1.0,0.0,not-applicable,not-applicable,not-applicable,area,cell-text,high,3,
dc888cd53f297b84,thermal,3,s0003,percent,percent,fraction,1,scale,0.01,0.0,not-applicable,not-applicable,not-applicable,fraction,cell-text,high,22,
dc888cd53f297b84,thermal,3,s0003,psi,psi,pressure,Pa,scale,6894.757293168,0.0,unspecified,not-applicable,not-applicable,pressure,cell-text,high,1,gauge-vs-absolute-and-pressure-vs-stress
dc888cd53f297b84,thermal,2,s0002,Btu/(h*ft*degF),Btu/(h*ft*degF),thermal_conductivity,W/(m*K),scale,1.7307346664,0.0,not-applicable,not-applicable,not-applicable,thermal_conductivity,cell-text,high,3,conductivity-vs-overall-coefficient
dc888cd53f297b84,thermal,2,s0002,degC,degC,temperature,K,affine,1.0,273.15,not-applicable,absolute,not-applicable,temperature,cell-text,high,1,absolute-temperature-vs-temperature-difference
dc888cd53f297b84,thermal,2,s0002,degF,degF,temperature,K,affine,0.5555555555555556,255.3722222222,not-applicable,absolute,not-applicable,temperature,cell-text,high,1,absolute-temperature-vs-temperature-difference
dc888cd53f297b84,thermal,2,s0002,g/cm^3,g/cm^3,density,kg/m^3,scale,1000.0,0.0,not-applicable,not-applicable,not-applicable,density,cell-text,high,1,mass-density-vs-mud-weight-gradient
dc888cd53f297b84,thermal,2,s0002,lbm/gal,lbm/gal,density,kg/m^3,scale,119.82642732,0.0,not-applicable,not-applicable,not-applicable,mass-density-or-mud-weight,cell-text,high,1,mass-density-vs-mud-weight-gradient
dc888cd53f297b84,thermal,2,s0002,m/s,m/s,velocity,m/s,scale,1.0,0.0,not-applicable,not-applicable,not-applicable,velocity,cell-text,high,2,
dc888cd53f297b84,thermal,2,s0002,psia,psia,pressure,Pa,scale,6894.757293168,0.0,absolute,not-applicable,not-applicable,pressure,cell-text,high,3,gauge-vs-absolute-and-pressure-vs-stress
de6f0fc41517cd0b,well-control,1,s0001,degF,degF,temperature,K,affine,0.5555555555555556,255.3722222222,not-applicable,absolute,not-applicable,temperature,cell-text,high,1,absolute-temperature-vs-temperature-difference
de6f0fc41517cd0b,well-control,1,s0001,in,in,length,m,scale,0.0254,0.0,not-applicable,not-applicable,not-applicable,length,cell-text,high,1,
de6f0fc41517cd0b,well-control,1,s0001,psia,psia,pressure,Pa,scale,6894.757293168,0.0,absolute,not-applicable,not-applicable,pressure,cell-text,high,1,gauge-vs-absolute-and-pressure-vs-stress
e2a8f7179c81b8c0,torque-drag-drillstring,1,s0001,ft,ft,length,m,scale,0.3048,0.0,not-applicable,not-applicable,not-applicable,length,cell-text,high,1,
e2a8f7179c81b8c0,torque-drag-drillstring,1,s0001,in,in,length,m,scale,0.0254,0.0,not-applicable,not-applicable,not-applicable,length,cell-text,high,2,
e2a8f7179c81b8c0,torque-drag-drillstring,1,s0001,kN,kN,force,N,scale,1000.0,0.0,not-applicable,not-applicable,not-applicable,force,cell-text,high,1,
e2a8f7179c81b8c0,torque-drag-drillstring,1,s0001,m,m,length,m,scale,1.0,0.0,not-applicable,not-applicable,not-applicable,length,cell-text,high,1,
e2a8f7179c81b8c0,torque-drag-drillstring,1,s0001,mm,mm,length,m,scale,0.001,0.0,not-applicable,not-applicable,not-applicable,length,cell-text,high,2,
e2a8f7179c81b8c0,torque-drag-drillstring,3,s0003,ft,ft,length,m,scale,0.3048,0.0,not-applicable,not-applicable,not-applicable,length,cell-text,high,2,
e2a8f7179c81b8c0,torque-drag-drillstring,3,s0003,in,in,length,m,scale,0.0254,0.0,not-applicable,not-applicable,not-applicable,length,cell-text,high,1,
e2a8f7179c81b8c0,torque-drag-drillstring,3,s0003,m,m,length,m,scale,1.0,0.0,not-applicable,not-applicable,not-applicable,length,cell-text,high,2,
e2a8f7179c81b8c0,torque-drag-drillstring,3,s0003,mm,mm,length,m,scale,0.001,0.0,not-applicable,not-applicable,not-applicable,length,cell-text,high,1,
e2a8f7179c81b8c0,torque-drag-drillstring,2,s0002,MPa,MPa,pressure,Pa,scale,1000000.0,0.0,unspecified,not-applicable,not-applicable,pressure,cell-text,high,4,gauge-vs-absolute-and-pressure-vs-stress
e2a8f7179c81b8c0,torque-drag-drillstring,2,s0002,ft,ft,length,m,scale,0.3048,0.0,not-applicable,not-applicable,not-applicable,length,cell-text,high,3,
e2a8f7179c81b8c0,torque-drag-drillstring,2,s0002,in,in,length,m,scale,0.0254,0.0,not-applicable,not-applicable,not-applicable,length,cell-text,high,4,
e2a8f7179c81b8c0,torque-drag-drillstring,2,s0002,kg/m^3,kg/m^3,density,kg/m^3,scale,1.0,0.0,not-applicable,not-applicable,not-applicable,density,cell-text,high,1,mass-density-vs-mud-weight-gradient
e2a8f7179c81b8c0,torque-drag-drillstring,2,s0002,lbm/ft,lbm/ft,linear_mass,kg/m,scale,1.4881639436,0.0,not-applicable,not-applicable,not-applicable,linear_mass,cell-text,high,1,
e2a8f7179c81b8c0,torque-drag-drillstring,2,s0002,lbm/ft^3,lbm/ft^3,density,kg/m^3,scale,16.018463374,0.0,not-applicable,not-applicable,not-applicable,density,cell-text,high,1,mass-density-vs-mud-weight-gradient
e2a8f7179c81b8c0,torque-drag-drillstring,2,s0002,m,m,length,m,scale,1.0,0.0,not-applicable,not-applicable,not-applicable,length,cell-text,high,4,
e2a8f7179c81b8c0,torque-drag-drillstring,2,s0002,mm,mm,length,m,scale,0.001,0.0,not-applicable,not-applicable,not-applicable,length,cell-text,high,4,
e2a8f7179c81b8c0,torque-drag-drillstring,2,s0002,psi,psi,pressure,Pa,scale,6894.757293168,0.0,unspecified,not-applicable,not-applicable,pressure,cell-text,high,4,gauge-vs-absolute-and-pressure-vs-stress
e729a48f04acf271,well-control,1,s0001,m^3,m^3,volume,m^3,scale,1.0,0.0,not-applicable,not-applicable,context-required,volume,cell-text,high,1,actual-vs-standard-reference-state
e729a48f04acf271,well-control,1,s0001,psia,psia,pressure,Pa,scale,6894.757293168,0.0,absolute,not-applicable,not-applicable,pressure,cell-text,high,1,gauge-vs-absolute-and-pressure-vs-stress
e729a48f04acf271,well-control,1,s0001,psig,psig,pressure,Pa,scale,6894.757293168,0.0,gauge,not-applicable,not-applicable,pressure,cell-text,high,1,gauge-vs-absolute-and-pressure-vs-stress
e729a48f04acf271,well-control,1,s0001,specific-gravity,specific-gravity,density_ratio,1,scale,1.0,0.0,not-applicable,not-applicable,not-applicable,density_ratio,cell-text,high,1,
e729a48f04acf271,well-control,5,s0005,ft/s,ft/s,velocity,m/s,scale,0.3048,0.0,not-applicable,not-applicable,not-applicable,velocity,cell-text,high,1,
e729a48f04acf271,well-control,5,s0005,in,in,length,m,scale,0.0254,0.0,not-applicable,not-applicable,not-applicable,length,cell-text,high,1,
e729a48f04acf271,well-control,5,s0005,psia,psia,pressure,Pa,scale,6894.757293168,0.0,absolute,not-applicable,not-applicable,pressure,cell-text,high,1,gauge-vs-absolute-and-pressure-vs-stress
e7cb09f7199d8263,hydraulics,3,s0003,gal/min,gal/min,volumetric_flow,m^3/s,scale,6.30901964e-05,0.0,not-applicable,not-applicable,context-required,volumetric_flow,cell-text,high,6,actual-vs-standard-reference-state
e7cb09f7199d8263,hydraulics,3,s0003,ppg,ppg,density,kg/m^3,scale,119.82642732,0.0,not-applicable,not-applicable,not-applicable,mass-density-or-mud-weight,cell-text,high,1,mass-density-vs-mud-weight-gradient
e7cb09f7199d8263,hydraulics,3,s0003,psi,psi,pressure,Pa,scale,6894.757293168,0.0,unspecified,not-applicable,not-applicable,pressure,cell-text,high,5,gauge-vs-absolute-and-pressure-vs-stress
e7cb09f7199d8263,hydraulics,3,s0003,rpm,rpm,rotational_speed,rad/s,scale,0.1047197551,0.0,not-applicable,not-applicable,not-applicable,rotational_speed,cell-text,high,6,
e7cb09f7199d8263,hydraulics,1,s0001,cP,cP,dynamic_viscosity,Pa*s,scale,0.001,0.0,not-applicable,not-applicable,not-applicable,dynamic_viscosity,cell-text,high,1,
e7cb09f7199d8263,hydraulics,1,s0001,ft,ft,length,m,scale,0.3048,0.0,not-applicable,not-applicable,not-applicable,length,cell-text,high,9,
e7cb09f7199d8263,hydraulics,1,s0001,ft/h,ft/h,penetration_rate,m/s,scale,8.466666666666667e-05,0.0,not-applicable,not-applicable,not-applicable,penetration_rate,cell-text,high,1,
e7cb09f7199d8263,hydraulics,1,s0001,ft^2,ft^2,area,m^2,scale,0.09290304,0.0,not-applicable,not-applicable,not-applicable,area,cell-text,high,4,
e7cb09f7199d8263,hydraulics,1,s0001,gal/min,gal/min,volumetric_flow,m^3/s,scale,6.30901964e-05,0.0,not-applicable,not-applicable,context-required,volumetric_flow,cell-text,high,1,actual-vs-standard-reference-state
e7cb09f7199d8263,hydraulics,1,s0001,in,in,length,m,scale,0.0254,0.0,not-applicable,not-applicable,not-applicable,length,cell-text,high,5,
e7cb09f7199d8263,hydraulics,1,s0001,min,min,time,s,scale,60.0,0.0,not-applicable,not-applicable,not-applicable,time,cell-text,high,1,
e7cb09f7199d8263,hydraulics,1,s0001,mm,mm,length,m,scale,0.001,0.0,not-applicable,not-applicable,not-applicable,length,number-format,medium,1,
e7cb09f7199d8263,hydraulics,1,s0001,ppg,ppg,density,kg/m^3,scale,119.82642732,0.0,not-applicable,not-applicable,not-applicable,mass-density-or-mud-weight,cell-text,high,1,mass-density-vs-mud-weight-gradient
e7cb09f7199d8263,hydraulics,1,s0001,psi,psi,pressure,Pa,scale,6894.757293168,0.0,unspecified,not-applicable,not-applicable,pressure,cell-text,high,1,gauge-vs-absolute-and-pressure-vs-stress
e7cb09f7199d8263,hydraulics,1,s0001,rad,rad,angle,rad,scale,1.0,0.0,not-applicable,not-applicable,not-applicable,angle,cell-text,high,1,
e7cb09f7199d8263,hydraulics,1,s0001,rpm,rpm,rotational_speed,rad/s,scale,0.1047197551,0.0,not-applicable,not-applicable,not-applicable,rotational_speed,cell-text,high,1,
e7cb09f7199d8263,hydraulics,2,s0002,ft,ft,length,m,scale,0.3048,0.0,not-applicable,not-applicable,not-applicable,length,cell-text,high,20,
e7cb09f7199d8263,hydraulics,2,s0002,ft/h,ft/h,penetration_rate,m/s,scale,8.466666666666667e-05,0.0,not-applicable,not-applicable,not-applicable,penetration_rate,cell-text,high,10,
e7cb09f7199d8263,hydraulics,2,s0002,gal/min,gal/min,volumetric_flow,m^3/s,scale,6.30901964e-05,0.0,not-applicable,not-applicable,context-required,volumetric_flow,cell-text,high,10,actual-vs-standard-reference-state
e7cb09f7199d8263,hydraulics,2,s0002,psi,psi,pressure,Pa,scale,6894.757293168,0.0,unspecified,not-applicable,not-applicable,pressure,cell-text,high,60,gauge-vs-absolute-and-pressure-vs-stress
e7cb09f7199d8263,hydraulics,2,s0002,rpm,rpm,rotational_speed,rad/s,scale,0.1047197551,0.0,not-applicable,not-applicable,not-applicable,rotational_speed,cell-text,high,10,
eead67a5b5e26825,hydraulics,3,s0003,gal/min,gal/min,volumetric_flow,m^3/s,scale,6.30901964e-05,0.0,not-applicable,not-applicable,context-required,volumetric_flow,cell-text,high,6,actual-vs-standard-reference-state
eead67a5b5e26825,hydraulics,3,s0003,ppg,ppg,density,kg/m^3,scale,119.82642732,0.0,not-applicable,not-applicable,not-applicable,mass-density-or-mud-weight,cell-text,high,1,mass-density-vs-mud-weight-gradient
eead67a5b5e26825,hydraulics,3,s0003,psi,psi,pressure,Pa,scale,6894.757293168,0.0,unspecified,not-applicable,not-applicable,pressure,cell-text,high,5,gauge-vs-absolute-and-pressure-vs-stress
eead67a5b5e26825,hydraulics,3,s0003,rpm,rpm,rotational_speed,rad/s,scale,0.1047197551,0.0,not-applicable,not-applicable,not-applicable,rotational_speed,cell-text,high,6,
eead67a5b5e26825,hydraulics,1,s0001,cP,cP,dynamic_viscosity,Pa*s,scale,0.001,0.0,not-applicable,not-applicable,not-applicable,dynamic_viscosity,cell-text,high,1,
eead67a5b5e26825,hydraulics,1,s0001,ft,ft,length,m,scale,0.3048,0.0,not-applicable,not-applicable,not-applicable,length,cell-text,high,9,
eead67a5b5e26825,hydraulics,1,s0001,ft/h,ft/h,penetration_rate,m/s,scale,8.466666666666667e-05,0.0,not-applicable,not-applicable,not-applicable,penetration_rate,cell-text,high,1,
eead67a5b5e26825,hydraulics,1,s0001,ft^2,ft^2,area,m^2,scale,0.09290304,0.0,not-applicable,not-applicable,not-applicable,area,cell-text,high,4,
eead67a5b5e26825,hydraulics,1,s0001,gal/min,gal/min,volumetric_flow,m^3/s,scale,6.30901964e-05,0.0,not-applicable,not-applicable,context-required,volumetric_flow,cell-text,high,1,actual-vs-standard-reference-state
eead67a5b5e26825,hydraulics,1,s0001,in,in,length,m,scale,0.0254,0.0,not-applicable,not-applicable,not-applicable,length,cell-text,high,5,
eead67a5b5e26825,hydraulics,1,s0001,min,min,time,s,scale,60.0,0.0,not-applicable,not-applicable,not-applicable,time,cell-text,high,1,
eead67a5b5e26825,hydraulics,1,s0001,mm,mm,length,m,scale,0.001,0.0,not-applicable,not-applicable,not-applicable,length,number-format,medium,1,
eead67a5b5e26825,hydraulics,1,s0001,ppg,ppg,density,kg/m^3,scale,119.82642732,0.0,not-applicable,not-applicable,not-applicable,mass-density-or-mud-weight,cell-text,high,1,mass-density-vs-mud-weight-gradient
eead67a5b5e26825,hydraulics,1,s0001,psi,psi,pressure,Pa,scale,6894.757293168,0.0,unspecified,not-applicable,not-applicable,pressure,cell-text,high,1,gauge-vs-absolute-and-pressure-vs-stress
eead67a5b5e26825,hydraulics,1,s0001,rad,rad,angle,rad,scale,1.0,0.0,not-applicable,not-applicable,not-applicable,angle,cell-text,high,1,
eead67a5b5e26825,hydraulics,1,s0001,rpm,rpm,rotational_speed,rad/s,scale,0.1047197551,0.0,not-applicable,not-applicable,not-applicable,rotational_speed,cell-text,high,1,
eead67a5b5e26825,hydraulics,2,s0002,ft,ft,length,m,scale,0.3048,0.0,not-applicable,not-applicable,not-applicable,length,cell-text,high,20,
eead67a5b5e26825,hydraulics,2,s0002,ft/h,ft/h,penetration_rate,m/s,scale,8.466666666666667e-05,0.0,not-applicable,not-applicable,not-applicable,penetration_rate,cell-text,high,10,
eead67a5b5e26825,hydraulics,2,s0002,gal/min,gal/min,volumetric_flow,m^3/s,scale,6.30901964e-05,0.0,not-applicable,not-applicable,context-required,volumetric_flow,cell-text,high,10,actual-vs-standard-reference-state
eead67a5b5e26825,hydraulics,2,s0002,psi,psi,pressure,Pa,scale,6894.757293168,0.0,unspecified,not-applicable,not-applicable,pressure,cell-text,high,60,gauge-vs-absolute-and-pressure-vs-stress
eead67a5b5e26825,hydraulics,2,s0002,rpm,rpm,rotational_speed,rad/s,scale,0.1047197551,0.0,not-applicable,not-applicable,not-applicable,rotational_speed,cell-text,high,10,
f0be457863a6cecc,hydraulics,1,s0001,cm,cm,length,m,scale,0.01,0.0,not-applicable,not-applicable,not-applicable,length,cell-text,high,2,
f0be457863a6cecc,hydraulics,1,s0001,hp,hp,power,W,scale,745.69987158,0.0,not-applicable,not-applicable,not-applicable,power,cell-text,high,1,
f0be457863a6cecc,hydraulics,1,s0001,kPa,kPa,pressure,Pa,scale,1000.0,0.0,unspecified,not-applicable,not-applicable,pressure,cell-text,high,3,gauge-vs-absolute-and-pressure-vs-stress
f0be457863a6cecc,hydraulics,1,s0001,m/s,m/s,velocity,m/s,scale,1.0,0.0,not-applicable,not-applicable,not-applicable,velocity,cell-text,high,1,
f0be457863a6cecc,hydraulics,1,s0001,m^3,m^3,volume,m^3,scale,1.0,0.0,not-applicable,not-applicable,context-required,volume,cell-text,high,1,actual-vs-standard-reference-state
f0be457863a6cecc,hydraulics,1,s0001,m^3/min,m^3/min,volumetric_flow,m^3/s,scale,0.016666666666666666,0.0,not-applicable,not-applicable,context-required,volumetric_flow,cell-text,high,3,actual-vs-standard-reference-state
f0be457863a6cecc,hydraulics,1,s0001,min,min,time,s,scale,60.0,0.0,not-applicable,not-applicable,not-applicable,time,cell-text,high,1,
f0be457863a6cecc,hydraulics,1,s0001,mm,mm,length,m,scale,0.001,0.0,not-applicable,not-applicable,not-applicable,length,cell-text,high,2,
f0be457863a6cecc,hydraulics,3,s0003,gal/min,gal/min,volumetric_flow,m^3/s,scale,6.30901964e-05,0.0,not-applicable,not-applicable,context-required,volumetric_flow,cell-text,high,2,actual-vs-standard-reference-state
f0be457863a6cecc,hydraulics,3,s0003,m,m,length,m,scale,1.0,0.0,not-applicable,not-applicable,not-applicable,length,cell-text,high,1,
f0be457863a6cecc,hydraulics,3,s0003,min,min,time,s,scale,60.0,0.0,not-applicable,not-applicable,not-applicable,time,cell-text,high,1,
f0be457863a6cecc,hydraulics,3,s0003,psi,psi,pressure,Pa,scale,6894.757293168,0.0,unspecified,not-applicable,not-applicable,pressure,cell-text,high,2,gauge-vs-absolute-and-pressure-vs-stress
f0be457863a6cecc,hydraulics,2,s0002,kPa,kPa,pressure,Pa,scale,1000.0,0.0,unspecified,not-applicable,not-applicable,pressure,cell-text,high,2,gauge-vs-absolute-and-pressure-vs-stress
f0be457863a6cecc,hydraulics,2,s0002,m,m,length,m,scale,1.0,0.0,not-applicable,not-applicable,not-applicable,length,cell-text,high,1,
f0be457863a6cecc,hydraulics,2,s0002,m^3/min,m^3/min,volumetric_flow,m^3/s,scale,0.016666666666666666,0.0,not-applicable,not-applicable,context-required,volumetric_flow,cell-text,high,1,actual-vs-standard-reference-state
f2ee68608fec03f5,hydraulics,4,s0004,bbl,bbl,volume,m^3,scale,0.158987294928,0.0,not-applicable,not-applicable,context-required,volume,cell-text,high,4,actual-vs-standard-reference-state
f2ee68608fec03f5,hydraulics,4,s0004,degF,degF,temperature,K,affine,0.5555555555555556,255.3722222222,not-applicable,absolute,not-applicable,temperature,cell-text,high,2,absolute-temperature-vs-temperature-difference
f2ee68608fec03f5,hydraulics,4,s0004,h,h,time,s,scale,3600.0,0.0,not-applicable,not-applicable,not-applicable,time,cell-text,high,1,
f2ee68608fec03f5,hydraulics,4,s0004,m,m,length,m,scale,1.0,0.0,not-applicable,not-applicable,not-applicable,length,cell-text,high,2,
f2ee68608fec03f5,hydraulics,4,s0004,mm,mm,length,m,scale,0.001,0.0,not-applicable,not-applicable,not-applicable,length,cell-text,high,3,
f2ee68608fec03f5,hydraulics,4,s0004,percent,percent,fraction,1,scale,0.01,0.0,not-applicable,not-applicable,not-applicable,fraction,cell-text,high,2,
f2ee68608fec03f5,hydraulics,1,s0001,bbl,bbl,volume,m^3,scale,0.158987294928,0.0,not-applicable,not-applicable,context-required,volume,cell-text,high,4,actual-vs-standard-reference-state
f2ee68608fec03f5,hydraulics,1,s0001,degF,degF,temperature,K,affine,0.5555555555555556,255.3722222222,not-applicable,absolute,not-applicable,temperature,cell-text,high,2,absolute-temperature-vs-temperature-difference
f2ee68608fec03f5,hydraulics,1,s0001,h,h,time,s,scale,3600.0,0.0,not-applicable,not-applicable,not-applicable,time,cell-text,high,1,
f2ee68608fec03f5,hydraulics,1,s0001,m,m,length,m,scale,1.0,0.0,not-applicable,not-applicable,not-applicable,length,cell-text,high,2,
f2ee68608fec03f5,hydraulics,1,s0001,mm,mm,length,m,scale,0.001,0.0,not-applicable,not-applicable,not-applicable,length,cell-text,high,3,
f2ee68608fec03f5,hydraulics,1,s0001,percent,percent,fraction,1,scale,0.01,0.0,not-applicable,not-applicable,not-applicable,fraction,cell-text,high,2,
f6201fb121ebbf2c,directional,2,s0002,deg,deg,angle,rad,scale,0.01745329252,0.0,not-applicable,not-applicable,not-applicable,angle,cell-text,high,5,
f6201fb121ebbf2c,directional,2,s0002,ft,ft,length,m,scale,0.3048,0.0,not-applicable,not-applicable,not-applicable,length,cell-text,high,21,
f6201fb121ebbf2c,directional,2,s0002,h,h,time,s,scale,3600.0,0.0,not-applicable,not-applicable,not-applicable,time,cell-text,high,1,
f6201fb121ebbf2c,directional,2,s0002,rad,rad,angle,rad,scale,1.0,0.0,not-applicable,not-applicable,not-applicable,angle,cell-text,high,2,
f6201fb121ebbf2c,directional,3,s0003,s,s,time,s,scale,1.0,0.0,not-applicable,not-applicable,not-applicable,time,cell-text,high,1,
f6201fb121ebbf2c,directional,7,s0007,percent,percent,fraction,1,scale,0.01,0.0,not-applicable,not-applicable,not-applicable,fraction,cell-text,high,2,
f6201fb121ebbf2c,directional,1,s0001,percent,percent,fraction,1,scale,0.01,0.0,not-applicable,not-applicable,not-applicable,fraction,cell-text,high,2,
f6201fb121ebbf2c,directional,8,s0008,ft,ft,length,m,scale,0.3048,0.0,not-applicable,not-applicable,not-applicable,length,cell-text,high,2,
fd6bc4683cd208c1,torque-drag-drillstring,3,s0003,ft,ft,length,m,scale,0.3048,0.0,not-applicable,not-applicable,not-applicable,length,cell-text,high,2,
fd6bc4683cd208c1,torque-drag-drillstring,3,s0003,ft*lbf,ft*lbf,torque,N*m,scale,1.3558179483,0.0,not-applicable,not-applicable,not-applicable,torque,cell-text,high,1,torque-vs-energy
fd6bc4683cd208c1,torque-drag-drillstring,3,s0003,lbf,lbf,force,N,scale,4.4482216153,0.0,not-applicable,not-applicable,not-applicable,force,cell-text,high,2,
fd6bc4683cd208c1,torque-drag-drillstring,4,s0004,deg,deg,angle,rad,scale,0.01745329252,0.0,not-applicable,not-applicable,not-applicable,angle,cell-text,high,2,
fd6bc4683cd208c1,torque-drag-drillstring,4,s0004,ft,ft,length,m,scale,0.3048,0.0,not-applicable,not-applicable,not-applicable,length,cell-text,high,2,
fd6bc4683cd208c1,torque-drag-drillstring,4,s0004,ft*lbf,ft*lbf,torque,N*m,scale,1.3558179483,0.0,not-applicable,not-applicable,not-applicable,torque,cell-text,high,1,torque-vs-energy
fd6bc4683cd208c1,torque-drag-drillstring,4,s0004,lbf,lbf,force,N,scale,4.4482216153,0.0,not-applicable,not-applicable,not-applicable,force,cell-text,high,2,
