workbook_id,category,module_id,record_id,record_kind,module_kind,procedure_kind,visibility,execution_trigger,source_status,source_lines,executable_lines,calculation_topics,detected_units,risk_signals
17219f0e78ccdcfd,bha-tools,m0001,m0001,module,class-or-document-module,,,,available,22,0,bha.geometry,,
17219f0e78ccdcfd,bha-tools,m0001,m0001-p0001,procedure,class-or-document-module,sub,private,worksheet-event,available,3,3,,,
17219f0e78ccdcfd,bha-tools,m0001,m0001-p0002,procedure,class-or-document-module,sub,private,worksheet-event,available,3,3,bha.geometry,,
17219f0e78ccdcfd,bha-tools,m0001,m0001-p0003,procedure,class-or-document-module,sub,private,worksheet-event,available,14,13,bha.geometry,,
17219f0e78ccdcfd,bha-tools,m0002,m0002,module,class-or-document-module,,,,available,55,0,,m^3,
17219f0e78ccdcfd,bha-tools,m0002,m0002-p0001,procedure,class-or-document-module,sub,private,worksheet-event,available,3,3,,,
17219f0e78ccdcfd,bha-tools,m0002,m0002-p0002,procedure,class-or-document-module,sub,private,worksheet-event,available,3,3,,,
17219f0e78ccdcfd,bha-tools,m0002,m0002-p0003,procedure,class-or-document-module,sub,private,worksheet-event,available,47,32,,m^3,
17219f0e78ccdcfd,bha-tools,m0003,m0003,module,class-or-document-module,,,,available,51,0,,m^3,
17219f0e78ccdcfd,bha-tools,m0003,m0003-p0001,procedure,class-or-document-module,sub,private,worksheet-event,available,3,3,,,
17219f0e78ccdcfd,bha-tools,m0003,m0003-p0002,procedure,class-or-document-module,sub,private,worksheet-event,available,47,32,,m^3,
17219f0e78ccdcfd,bha-tools,m0004,m0004,module,class-or-document-module,,,,available,0,0,,,
17219f0e78ccdcfd,bha-tools,m0005,m0005,module,class-or-document-module,,,,available,0,0,,,
17219f0e78ccdcfd,bha-tools,m0006,m0006,module,class-or-document-module,,,,available,0,0,,,
1d0b997e43f13c8f,torque-drag-drillstring,m0001,m0001,module,class-or-document-module,,,,available,0,0,,,
1d0b997e43f13c8f,torque-drag-drillstring,m0002,m0002,module,standard-module,,,,available,69,0,,ft|hp,external-process|native-api
1d0b997e43f13c8f,torque-drag-drillstring,m0002,m0002-p0001,procedure,standard-module,function,public,explicit-call,available,12,10,,hp,external-process
1d0b997e43f13c8f,torque-drag-drillstring,m0002,m0002-p0002,procedure,standard-module,function,public,explicit-call,available,9,7,,ft,
1d0b997e43f13c8f,torque-drag-drillstring,m0003,m0003,module,standard-module,,,,available,108,0,torque-drag.axial-load|torque-drag.torque,,
1d0b997e43f13c8f,torque-drag-drillstring,m0003,m0003-p0001,procedure,standard-module,sub,public,explicit-call,available,25,19,torque-drag.axial-load|torque-drag.torque,,
1d0b997e43f13c8f,torque-drag-drillstring,m0003,m0003-p0002,procedure,standard-module,sub,public,explicit-call,available,27,21,torque-drag.axial-load|torque-drag.torque,,
1d0b997e43f13c8f,torque-drag-drillstring,m0003,m0003-p0003,procedure,standard-module,sub,public,explicit-call,available,13,7,,,
1d0b997e43f13c8f,torque-drag-drillstring,m0003,m0003-p0004,procedure,standard-module,sub,public,explicit-call,available,13,7,torque-drag.axial-load|torque-drag.torque,,
1d0b997e43f13c8f,torque-drag-drillstring,m0003,m0003-p0005,procedure,standard-module,sub,public,explicit-call,available,17,11,torque-drag.axial-load|torque-drag.torque,,
1d0b997e43f13c8f,torque-drag-drillstring,m0003,m0003-p0006,procedure,standard-module,sub,public,explicit-call,available,13,7,torque-drag.axial-load|torque-drag.torque,,
1d0b997e43f13c8f,torque-drag-drillstring,m0004,m0004,module,standard-module,,,,available,40,0,torque-drag.axial-load|torque-drag.torque,,
1d0b997e43f13c8f,torque-drag-drillstring,m0004,m0004-p0001,procedure,standard-module,sub,public,explicit-call,available,21,15,torque-drag.axial-load|torque-drag.torque,,
1d0b997e43f13c8f,torque-drag-drillstring,m0004,m0004-p0002,procedure,standard-module,sub,public,explicit-call,available,19,13,torque-drag.axial-load|torque-drag.torque,,
1d0b997e43f13c8f,torque-drag-drillstring,m0005,m0005,module,standard-module,,,,available,60,0,torque-drag.axial-load|torque-drag.torque,,
1d0b997e43f13c8f,torque-drag-drillstring,m0005,m0005-p0001,procedure,standard-module,sub,public,explicit-call,available,60,54,torque-drag.axial-load|torque-drag.torque,,
1d0b997e43f13c8f,torque-drag-drillstring,m0006,m0006,module,class-or-document-module,,,,available,3,0,,,
1d0b997e43f13c8f,torque-drag-drillstring,m0006,m0006-p0001,procedure,class-or-document-module,sub,private,worksheet-event,available,3,2,,,
1d0b997e43f13c8f,torque-drag-drillstring,m0007,m0007,module,class-or-document-module,,,,available,602,0,cross-cutting.unit-conversion|hydraulics.fluid-properties|torque-drag.axial-load|torque-drag.torque,ft/s|gal|m/s,filesystem-write
1d0b997e43f13c8f,torque-drag-drillstring,m0007,m0007-p0001,procedure,class-or-document-module,sub,private,explicit-call,available,17,13,,,
1d0b997e43f13c8f,torque-drag-drillstring,m0007,m0007-p0002,procedure,class-or-document-module,sub,private,explicit-call,available,3,2,,,
1d0b997e43f13c8f,torque-drag-drillstring,m0007,m0007-p0003,procedure,class-or-document-module,sub,private,explicit-call,available,3,2,,,
1d0b997e43f13c8f,torque-drag-drillstring,m0007,m0007-p0004,procedure,class-or-document-module,sub,private,explicit-call,available,14,13,,,
1d0b997e43f13c8f,torque-drag-drillstring,m0007,m0007-p0005,procedure,class-or-document-module,sub,private,explicit-call,available,4,2,,,
1d0b997e43f13c8f,torque-drag-drillstring,m0007,m0007-p0006,procedure,class-or-document-module,sub,private,explicit-call,available,11,9,,,
1d0b997e43f13c8f,torque-drag-drillstring,m0007,m0007-p0007,procedure,class-or-document-module,sub,private,explicit-call,available,4,2,,,
1d0b997e43f13c8f,torque-drag-drillstring,m0007,m0007-p0008,procedure,class-or-document-module,sub,private,explicit-call,available,11,10,,,
1d0b997e43f13c8f,torque-drag-drillstring,m0007,m0007-p0009,procedure,class-or-document-module,sub,private,explicit-call,available,4,2,,,
1d0b997e43f13c8f,torque-drag-drillstring,m0007,m0007-p0010,procedure,class-or-document-module,sub,private,explicit-call,available,11,10,,,
1d0b997e43f13c8f,torque-drag-drillstring,m0007,m0007-p0011,procedure,class-or-document-module,sub,private,explicit-call,available,4,2,,,
1d0b997e43f13c8f,torque-drag-drillstring,m0007,m0007-p0012,procedure,class-or-document-module,sub,private,explicit-call,available,12,11,,,
1d0b997e43f13c8f,torque-drag-drillstring,m0007,m0007-p0013,procedure,class-or-document-module,sub,private,explicit-call,available,4,2,,,
1d0b997e43f13c8f,torque-drag-drillstring,m0007,m0007-p0014,procedure,class-or-document-module,sub,private,explicit-call,available,12,11,,,
1d0b997e43f13c8f,torque-drag-drillstring,m0007,m0007-p0015,procedure,class-or-document-module,sub,private,explicit-call,available,3,2,,,
1d0b997e43f13c8f,torque-drag-drillstring,m0007,m0007-p0016,procedure,class-or-document-module,sub,private,explicit-call,available,12,11,,,
1d0b997e43f13c8f,torque-drag-drillstring,m0007,m0007-p0017,procedure,class-or-document-module,sub,private,explicit-call,available,4,2,,,
1d0b997e43f13c8f,torque-drag-drillstring,m0007,m0007-p0018,procedure,class-or-document-module,sub,private,explicit-call,available,346,174,cross-cutting.unit-conversion|hydraulics.fluid-properties|torque-drag.axial-load|torque-drag.torque,ft/s|gal|m/s,filesystem-write
1d0b997e43f13c8f,torque-drag-drillstring,m0007,m0007-p0019,procedure,class-or-document-module,sub,private,worksheet-event,available,101,82,,,
1d0b997e43f13c8f,torque-drag-drillstring,m0008,m0008,module,class-or-document-module,,,,available,0,0,,,
1d0b997e43f13c8f,torque-drag-drillstring,m0009,m0009,module,class-or-document-module,,,,available,536,0,hydraulics.fluid-properties|torque-drag.axial-load|torque-drag.torque,ft/s|gal|m/s,filesystem-write
1d0b997e43f13c8f,torque-drag-drillstring,m0009,m0009-p0001,procedure,class-or-document-module,sub,private,explicit-call,available,3,2,,,
1d0b997e43f13c8f,torque-drag-drillstring,m0009,m0009-p0002,procedure,class-or-document-module,sub,private,explicit-call,available,283,127,hydraulics.fluid-properties|torque-drag.axial-load|torque-drag.torque,ft/s|gal|m/s,filesystem-write
1d0b997e43f13c8f,torque-drag-drillstring,m0009,m0009-p0003,procedure,class-or-document-module,sub,private,explicit-call,available,246,148,hydraulics.fluid-properties|torque-drag.axial-load|torque-drag.torque,gal,filesystem-write
1d0b997e43f13c8f,torque-drag-drillstring,m0010,m0010,module,class-or-document-module,,,,available,354,0,hydraulics.fluid-properties|torque-drag.axial-load,N|cm|deg|ft|ft*lbf|kg/m^3|lbf|mm|ppg|rad,filesystem-write
1d0b997e43f13c8f,torque-drag-drillstring,m0010,m0010-p0001,procedure,class-or-document-module,sub,private,workbook-event,available,85,41,,,filesystem-write
1d0b997e43f13c8f,torque-drag-drillstring,m0010,m0010-p0002,procedure,class-or-document-module,sub,private,workbook-event,available,268,192,hydraulics.fluid-properties|torque-drag.axial-load,N|cm|deg|ft|ft*lbf|kg/m^3|lbf|mm|ppg|rad,
1d0b997e43f13c8f,torque-drag-drillstring,m0011,m0011,module,user-form,,,,available,7,0,,,
1d0b997e43f13c8f,torque-drag-drillstring,m0011,m0011-p0001,procedure,user-form,sub,private,explicit-call,available,3,3,,,
1d0b997e43f13c8f,torque-drag-drillstring,m0011,m0011-p0002,procedure,user-form,sub,private,userform-event,available,3,2,,,
1d0b997e43f13c8f,torque-drag-drillstring,m0012,m0012,module,unknown-module,,,,available,5,0,torque-drag.axial-load,min,
1e6f56798a002c5f,torque-drag-drillstring,m0001,m0001,module,class-or-document-module,,,,available,0,0,,,
1e6f56798a002c5f,torque-drag-drillstring,m0002,m0002,module,class-or-document-module,,,,available,0,0,,,
1e6f56798a002c5f,torque-drag-drillstring,m0003,m0003,module,class-or-document-module,,,,available,0,0,,,
1e6f56798a002c5f,torque-drag-drillstring,m0004,m0004,module,class-or-document-module,,,,available,0,0,,,
1e6f56798a002c5f,torque-drag-drillstring,m0005,m0005,module,class-or-document-module,,,,available,0,0,,,
1e6f56798a002c5f,torque-drag-drillstring,m0006,m0006,module,class-or-document-module,,,,available,0,0,,,
1e6f56798a002c5f,torque-drag-drillstring,m0007,m0007,module,class-or-document-module,,,,available,0,0,,,
1e6f56798a002c5f,torque-drag-drillstring,m0008,m0008,module,class-or-document-module,,,,available,0,0,,,
1e6f56798a002c5f,torque-drag-drillstring,m0009,m0009,module,class-or-document-module,,,,available,0,0,,,
1e6f56798a002c5f,torque-drag-drillstring,m0010,m0010,module,class-or-document-module,,,,available,0,0,,,
1e6f56798a002c5f,torque-drag-drillstring,m0011,m0011,module,unknown-module,,,,available,9,0,,,
2f31e7e9f41839d2,hydraulics,m0001,m0001,module,class-or-document-module,,,,available,51,0,,,
2f31e7e9f41839d2,hydraulics,m0001,m0001-p0001,procedure,class-or-document-module,sub,private,explicit-call,available,51,42,,,
2f31e7e9f41839d2,hydraulics,m0002,m0002,module,class-or-document-module,,,,available,42,0,,,
2f31e7e9f41839d2,hydraulics,m0002,m0002-p0001,procedure,class-or-document-module,sub,private,explicit-call,available,42,33,,,
2f31e7e9f41839d2,hydraulics,m0003,m0003,module,standard-module,,,,available,393,0,,bbl|m|s,
2f31e7e9f41839d2,hydraulics,m0003,m0003-p0001,procedure,standard-module,sub,public,explicit-call,available,393,359,,bbl|m|s,
2f31e7e9f41839d2,hydraulics,m0004,m0004,module,standard-module,,,,available,284,0,directional.coordinates|hydraulics.equivalent-circulating-density,N|bar|m,
2f31e7e9f41839d2,hydraulics,m0004,m0004-p0001,procedure,standard-module,sub,public,explicit-call,available,7,7,,bar,
2f31e7e9f41839d2,hydraulics,m0004,m0004-p0002,procedure,standard-module,sub,public,explicit-call,available,60,42,directional.coordinates|hydraulics.equivalent-circulating-density,N,
2f31e7e9f41839d2,hydraulics,m0004,m0004-p0003,procedure,standard-module,sub,public,explicit-call,available,217,173,directional.coordinates,N|m,
2f31e7e9f41839d2,hydraulics,m0005,m0005,module,standard-module,,,,available,433,0,bha.geometry,m|s,
2f31e7e9f41839d2,hydraulics,m0005,m0005-p0001,procedure,standard-module,sub,public,explicit-call,available,262,242,bha.geometry,s,
2f31e7e9f41839d2,hydraulics,m0005,m0005-p0002,procedure,standard-module,sub,public,explicit-call,available,170,148,,m|s,
2f31e7e9f41839d2,hydraulics,m0006,m0006,module,standard-module,,,,available,89,0,,,
2f31e7e9f41839d2,hydraulics,m0006,m0006-p0001,procedure,standard-module,sub,public,explicit-call,available,54,45,,,
2f31e7e9f41839d2,hydraulics,m0006,m0006-p0002,procedure,standard-module,sub,public,explicit-call,available,34,25,,,
2f31e7e9f41839d2,hydraulics,m0007,m0007,module,standard-module,,,,available,151,0,bha.geometry,bar,
2f31e7e9f41839d2,hydraulics,m0007,m0007-p0001,procedure,standard-module,sub,public,explicit-call,available,17,17,,,
2f31e7e9f41839d2,hydraulics,m0007,m0007-p0002,procedure,standard-module,sub,public,explicit-call,available,81,81,bha.geometry,bar,
2f31e7e9f41839d2,hydraulics,m0007,m0007-p0003,procedure,standard-module,sub,public,explicit-call,available,53,53,,bar,
2f31e7e9f41839d2,hydraulics,m0008,m0008,module,standard-module,,,,available,409,0,hydraulics.surge-swab,bbl|m|s,
2f31e7e9f41839d2,hydraulics,m0008,m0008-p0001,procedure,standard-module,sub,public,explicit-call,available,5,4,hydraulics.surge-swab,,
2f31e7e9f41839d2,hydraulics,m0008,m0008-p0002,procedure,standard-module,sub,public,explicit-call,available,404,364,,bbl|m|s,
2f31e7e9f41839d2,hydraulics,m0009,m0009,module,class-or-document-module,,,,available,16,0,,,
2f31e7e9f41839d2,hydraulics,m0009,m0009-p0001,procedure,class-or-document-module,sub,private,worksheet-event,available,8,8,,,
2f31e7e9f41839d2,hydraulics,m0009,m0009-p0002,procedure,class-or-document-module,sub,private,worksheet-event,available,7,7,,,
2f31e7e9f41839d2,hydraulics,m0010,m0010,module,class-or-document-module,,,,available,0,0,,,
2f31e7e9f41839d2,hydraulics,m0011,m0011,module,class-or-document-module,,,,available,7,0,,,
2f31e7e9f41839d2,hydraulics,m0011,m0011-p0001,procedure,class-or-document-module,sub,private,worksheet-event,available,3,3,,,
2f31e7e9f41839d2,hydraulics,m0011,m0011-p0002,procedure,class-or-document-module,sub,private,worksheet-event,available,3,3,,,
2f31e7e9f41839d2,hydraulics,m0012,m0012,module,class-or-document-module,,,,available,6,0,,,
2f31e7e9f41839d2,hydraulics,m0012,m0012-p0001,procedure,class-or-document-module,sub,private,worksheet-event,available,3,3,,,
2f31e7e9f41839d2,hydraulics,m0012,m0012-p0002,procedure,class-or-document-module,sub,private,worksheet-event,available,3,3,,,
2f31e7e9f41839d2,hydraulics,m0013,m0013,module,class-or-document-module,,,,available,0,0,,,
2f31e7e9f41839d2,hydraulics,m0014,m0014,module,class-or-document-module,,,,available,11,0,,bar,
2f31e7e9f41839d2,hydraulics,m0014,m0014-p0001,procedure,class-or-document-module,sub,private,worksheet-event,available,3,3,,,
2f31e7e9f41839d2,hydraulics,m0014,m0014-p0002,procedure,class-or-document-module,sub,private,worksheet-event,available,3,3,,,
2f31e7e9f41839d2,hydraulics,m0014,m0014-p0003,procedure,class-or-document-module,sub,private,worksheet-event,available,3,3,,bar,
2f31e7e9f41839d2,hydraulics,m0015,m0015,module,class-or-document-module,,,,available,0,0,,,
2f31e7e9f41839d2,hydraulics,m0016,m0016,module,class-or-document-module,,,,available,9,0,,,
2f31e7e9f41839d2,hydraulics,m0016,m0016-p0001,procedure,class-or-document-module,sub,private,worksheet-event,available,4,4,,,
2f31e7e9f41839d2,hydraulics,m0016,m0016-p0002,procedure,class-or-document-module,sub,private,worksheet-event,available,4,4,,,
2f31e7e9f41839d2,hydraulics,m0017,m0017,module,class-or-document-module,,,,available,0,0,,,
2f31e7e9f41839d2,hydraulics,m0018,m0018,module,class-or-document-module,,,,available,0,0,,,
2f31e7e9f41839d2,hydraulics,m0019,m0019,module,class-or-document-module,,,,available,0,0,,,
2f31e7e9f41839d2,hydraulics,m0020,m0020,module,class-or-document-module,,,,available,0,0,,,
2f31e7e9f41839d2,hydraulics,m0021,m0021,module,class-or-document-module,,,,available,6,0,hydraulics.equivalent-circulating-density,,
2f31e7e9f41839d2,hydraulics,m0021,m0021-p0001,procedure,class-or-document-module,sub,private,worksheet-event,available,3,3,hydraulics.equivalent-circulating-density,,
2f31e7e9f41839d2,hydraulics,m0021,m0021-p0002,procedure,class-or-document-module,sub,private,worksheet-event,available,3,3,hydraulics.equivalent-circulating-density,,
2f31e7e9f41839d2,hydraulics,m0022,m0022,module,class-or-document-module,,,,available,3,0,hydraulics.equivalent-circulating-density,,
2f31e7e9f41839d2,hydraulics,m0022,m0022-p0001,procedure,class-or-document-module,sub,private,worksheet-event,available,3,3,hydraulics.equivalent-circulating-density,,
2f31e7e9f41839d2,hydraulics,m0023,m0023,module,class-or-document-module,,,,available,0,0,,,
2f31e7e9f41839d2,hydraulics,m0024,m0024,module,class-or-document-module,,,,available,0,0,,,
2f31e7e9f41839d2,hydraulics,m0025,m0025,module,class-or-document-module,,,,available,0,0,,,
2f31e7e9f41839d2,hydraulics,m0026,m0026,module,class-or-document-module,,,,available,0,0,,,
2f31e7e9f41839d2,hydraulics,m0027,m0027,module,class-or-document-module,,,,available,6,0,,,
2f31e7e9f41839d2,hydraulics,m0027,m0027-p0001,procedure,class-or-document-module,sub,private,workbook-event,available,6,4,,,
332bc3b3c75e571d,torque-drag-drillstring,m0001,m0001,module,class-or-document-module,,,,available,22,0,,,
332bc3b3c75e571d,torque-drag-drillstring,m0001,m0001-p0001,procedure,class-or-document-module,sub,private,worksheet-event,available,3,3,,,
332bc3b3c75e571d,torque-drag-drillstring,m0001,m0001-p0002,procedure,class-or-document-module,sub,private,worksheet-event,available,3,2,,,
332bc3b3c75e571d,torque-drag-drillstring,m0001,m0001-p0003,procedure,class-or-document-module,sub,private,worksheet-event,available,14,14,,,
332bc3b3c75e571d,torque-drag-drillstring,m0002,m0002,module,class-or-document-module,,,,available,41,0,,,
332bc3b3c75e571d,torque-drag-drillstring,m0002,m0002-p0001,procedure,class-or-document-module,sub,private,worksheet-event,available,3,3,,,
332bc3b3c75e571d,torque-drag-drillstring,m0002,m0002-p0002,procedure,class-or-document-module,sub,private,worksheet-event,available,3,2,,,
332bc3b3c75e571d,torque-drag-drillstring,m0002,m0002-p0003,procedure,class-or-document-module,sub,private,worksheet-event,available,33,33,,,
332bc3b3c75e571d,torque-drag-drillstring,m0003,m0003,module,class-or-document-module,,,,available,0,0,,,
332bc3b3c75e571d,torque-drag-drillstring,m0004,m0004,module,class-or-document-module,,,,available,0,0,,,
659bcaadadb110f0,torque-drag-drillstring,m0001,m0001,module,class-or-document-module,,,,available,0,0,,,
659bcaadadb110f0,torque-drag-drillstring,m0002,m0002,module,standard-module,,,,available,69,0,,ft|hp,external-process|native-api
659bcaadadb110f0,torque-drag-drillstring,m0002,m0002-p0001,procedure,standard-module,function,public,explicit-call,available,12,10,,hp,external-process
659bcaadadb110f0,torque-drag-drillstring,m0002,m0002-p0002,procedure,standard-module,function,public,explicit-call,available,9,7,,ft,
659bcaadadb110f0,torque-drag-drillstring,m0003,m0003,module,standard-module,,,,available,108,0,torque-drag.axial-load|torque-drag.torque,,
659bcaadadb110f0,torque-drag-drillstring,m0003,m0003-p0001,procedure,standard-module,sub,public,explicit-call,available,25,19,torque-drag.axial-load|torque-drag.torque,,
659bcaadadb110f0,torque-drag-drillstring,m0003,m0003-p0002,procedure,standard-module,sub,public,explicit-call,available,27,21,torque-drag.axial-load|torque-drag.torque,,
659bcaadadb110f0,torque-drag-drillstring,m0003,m0003-p0003,procedure,standard-module,sub,public,explicit-call,available,13,7,,,
659bcaadadb110f0,torque-drag-drillstring,m0003,m0003-p0004,procedure,standard-module,sub,public,explicit-call,available,13,7,torque-drag.axial-load|torque-drag.torque,,
659bcaadadb110f0,torque-drag-drillstring,m0003,m0003-p0005,procedure,standard-module,sub,public,explicit-call,available,17,11,torque-drag.axial-load|torque-drag.torque,,
659bcaadadb110f0,torque-drag-drillstring,m0003,m0003-p0006,procedure,standard-module,sub,public,explicit-call,available,13,7,torque-drag.axial-load|torque-drag.torque,,
659bcaadadb110f0,torque-drag-drillstring,m0004,m0004,module,standard-module,,,,available,40,0,torque-drag.axial-load|torque-drag.torque,,
659bcaadadb110f0,torque-drag-drillstring,m0004,m0004-p0001,procedure,standard-module,sub,public,explicit-call,available,21,15,torque-drag.axial-load|torque-drag.torque,,
659bcaadadb110f0,torque-drag-drillstring,m0004,m0004-p0002,procedure,standard-module,sub,public,explicit-call,available,19,13,torque-drag.axial-load|torque-drag.torque,,
659bcaadadb110f0,torque-drag-drillstring,m0005,m0005,module,standard-module,,,,available,60,0,torque-drag.axial-load|torque-drag.torque,,
659bcaadadb110f0,torque-drag-drillstring,m0005,m0005-p0001,procedure,standard-module,sub,public,explicit-call,available,60,54,torque-drag.axial-load|torque-drag.torque,,
659bcaadadb110f0,torque-drag-drillstring,m0006,m0006,module,class-or-document-module,,,,available,3,0,,,
659bcaadadb110f0,torque-drag-drillstring,m0006,m0006-p0001,procedure,class-or-document-module,sub,private,worksheet-event,available,3,2,,,
659bcaadadb110f0,torque-drag-drillstring,m0007,m0007,module,class-or-document-module,,,,available,602,0,cross-cutting.unit-conversion|hydraulics.fluid-properties|torque-drag.axial-load|torque-drag.torque,ft/s|gal|m/s,filesystem-write
659bcaadadb110f0,torque-drag-drillstring,m0007,m0007-p0001,procedure,class-or-document-module,sub,private,explicit-call,available,17,13,,,
659bcaadadb110f0,torque-drag-drillstring,m0007,m0007-p0002,procedure,class-or-document-module,sub,private,explicit-call,available,3,2,,,
659bcaadadb110f0,torque-drag-drillstring,m0007,m0007-p0003,procedure,class-or-document-module,sub,private,explicit-call,available,3,2,,,
659bcaadadb110f0,torque-drag-drillstring,m0007,m0007-p0004,procedure,class-or-document-module,sub,private,explicit-call,available,14,13,,,
659bcaadadb110f0,torque-drag-drillstring,m0007,m0007-p0005,procedure,class-or-document-module,sub,private,explicit-call,available,4,2,,,
659bcaadadb110f0,torque-drag-drillstring,m0007,m0007-p0006,procedure,class-or-document-module,sub,private,explicit-call,available,11,9,,,
659bcaadadb110f0,torque-drag-drillstring,m0007,m0007-p0007,procedure,class-or-document-module,sub,private,explicit-call,available,4,2,,,
659bcaadadb110f0,torque-drag-drillstring,m0007,m0007-p0008,procedure,class-or-document-module,sub,private,explicit-call,available,11,10,,,
659bcaadadb110f0,torque-drag-drillstring,m0007,m0007-p0009,procedure,class-or-document-module,sub,private,explicit-call,available,4,2,,,
659bcaadadb110f0,torque-drag-drillstring,m0007,m0007-p0010,procedure,class-or-document-module,sub,private,explicit-call,available,11,10,,,
659bcaadadb110f0,torque-drag-drillstring,m0007,m0007-p0011,procedure,class-or-document-module,sub,private,explicit-call,available,4,2,,,
659bcaadadb110f0,torque-drag-drillstring,m0007,m0007-p0012,procedure,class-or-document-module,sub,private,explicit-call,available,12,11,,,
659bcaadadb110f0,torque-drag-drillstring,m0007,m0007-p0013,procedure,class-or-document-module,sub,private,explicit-call,available,4,2,,,
659bcaadadb110f0,torque-drag-drillstring,m0007,m0007-p0014,procedure,class-or-document-module,sub,private,explicit-call,available,12,11,,,
659bcaadadb110f0,torque-drag-drillstring,m0007,m0007-p0015,procedure,class-or-document-module,sub,private,explicit-call,available,3,2,,,
659bcaadadb110f0,torque-drag-drillstring,m0007,m0007-p0016,procedure,class-or-document-module,sub,private,explicit-call,available,12,11,,,
659bcaadadb110f0,torque-drag-drillstring,m0007,m0007-p0017,procedure,class-or-document-module,sub,private,explicit-call,available,4,2,,,
659bcaadadb110f0,torque-drag-drillstring,m0007,m0007-p0018,procedure,class-or-document-module,sub,private,explicit-call,available,346,174,cross-cutting.unit-conversion|hydraulics.fluid-properties|torque-drag.axial-load|torque-drag.torque,ft/s|gal|m/s,filesystem-write
659bcaadadb110f0,torque-drag-drillstring,m0007,m0007-p0019,procedure,class-or-document-module,sub,private,worksheet-event,available,101,82,,,
659bcaadadb110f0,torque-drag-drillstring,m0008,m0008,module,class-or-document-module,,,,available,0,0,,,
659bcaadadb110f0,torque-drag-drillstring,m0009,m0009,module,class-or-document-module,,,,available,536,0,hydraulics.fluid-properties|torque-drag.axial-load|torque-drag.torque,ft/s|gal|m/s,filesystem-write
659bcaadadb110f0,torque-drag-drillstring,m0009,m0009-p0001,procedure,class-or-document-module,sub,private,explicit-call,available,3,2,,,
659bcaadadb110f0,torque-drag-drillstring,m0009,m0009-p0002,procedure,class-or-document-module,sub,private,explicit-call,available,283,127,hydraulics.fluid-properties|torque-drag.axial-load|torque-drag.torque,ft/s|gal|m/s,filesystem-write
659bcaadadb110f0,torque-drag-drillstring,m0009,m0009-p0003,procedure,class-or-document-module,sub,private,explicit-call,available,246,148,hydraulics.fluid-properties|torque-drag.axial-load|torque-drag.torque,gal,filesystem-write
659bcaadadb110f0,torque-drag-drillstring,m0010,m0010,module,class-or-document-module,,,,available,354,0,hydraulics.fluid-properties|torque-drag.axial-load,N|cm|deg|ft|ft*lbf|kg/m^3|lbf|mm|ppg|rad,filesystem-write
659bcaadadb110f0,torque-drag-drillstring,m0010,m0010-p0001,procedure,class-or-document-module,sub,private,workbook-event,available,85,41,,,filesystem-write
659bcaadadb110f0,torque-drag-drillstring,m0010,m0010-p0002,procedure,class-or-document-module,sub,private,workbook-event,available,268,192,hydraulics.fluid-properties|torque-drag.axial-load,N|cm|deg|ft|ft*lbf|kg/m^3|lbf|mm|ppg|rad,
659bcaadadb110f0,torque-drag-drillstring,m0011,m0011,module,user-form,,,,available,7,0,,,
659bcaadadb110f0,torque-drag-drillstring,m0011,m0011-p0001,procedure,user-form,sub,private,explicit-call,available,3,3,,,
659bcaadadb110f0,torque-drag-drillstring,m0011,m0011-p0002,procedure,user-form,sub,private,userform-event,available,3,2,,,
659bcaadadb110f0,torque-drag-drillstring,m0012,m0012,module,unknown-module,,,,available,5,0,torque-drag.axial-load,min,
65e07d7859867671,hydraulics,m0001,m0001,module,class-or-document-module,,,,available,0,0,,,
65e07d7859867671,hydraulics,m0002,m0002,module,class-or-document-module,,,,available,0,0,,,
65e07d7859867671,hydraulics,m0003,m0003,module,class-or-document-module,,,,available,0,0,,,
65e07d7859867671,hydraulics,m0004,m0004,module,class-or-document-module,,,,available,0,0,,,
65e07d7859867671,hydraulics,m0005,m0005,module,class-or-document-module,,,,available,0,0,,,
65e07d7859867671,hydraulics,m0006,m0006,module,class-or-document-module,,,,available,0,0,,,
65e07d7859867671,hydraulics,m0007,m0007,module,class-or-document-module,,,,available,28,0,,,
65e07d7859867671,hydraulics,m0007,m0007-p0001,procedure,class-or-document-module,sub,private,explicit-call,available,7,7,,,
65e07d7859867671,hydraulics,m0007,m0007-p0002,procedure,class-or-document-module,sub,private,explicit-call,available,5,5,,,
65e07d7859867671,hydraulics,m0007,m0007-p0003,procedure,class-or-document-module,sub,private,explicit-call,available,8,7,,,
65e07d7859867671,hydraulics,m0007,m0007-p0004,procedure,class-or-document-module,sub,private,explicit-call,available,5,5,,,
65e07d7859867671,hydraulics,m0008,m0008,module,class-or-document-module,,,,available,0,0,,,
65e07d7859867671,hydraulics,m0009,m0009,module,class-or-document-module,,,,available,0,0,,,
65e07d7859867671,hydraulics,m0010,m0010,module,standard-module,,,,available,330,0,bha.geometry|cross-cutting.lookup|directional.coordinates|hydraulics.fluid-properties|hydraulics.hole-cleaning|hydraulics.rheology,L/min|deg|ft|ft/h|in|lbf|lbm/ft^3|lbm/gal|m^2|m^3,
65e07d7859867671,hydraulics,m0010,m0010-p0001,procedure,standard-module,sub,public,explicit-call,available,259,213,directional.coordinates|hydraulics.hole-cleaning,m^2,
65e07d7859867671,hydraulics,m0010,m0010-p0002,procedure,standard-module,sub,public,explicit-call,available,5,4,,,
65e07d7859867671,hydraulics,m0010,m0010-p0003,procedure,standard-module,sub,public,explicit-call,available,6,4,,m^2,
65e07d7859867671,hydraulics,m0010,m0010-p0004,procedure,standard-module,sub,public,explicit-call,available,5,3,,,
65e07d7859867671,hydraulics,m0010,m0010-p0005,procedure,standard-module,sub,public,explicit-call,available,5,3,,,
65e07d7859867671,hydraulics,m0010,m0010-p0006,procedure,standard-module,sub,public,explicit-call,available,4,4,,m^3,
65e07d7859867671,hydraulics,m0010,m0010-p0007,procedure,standard-module,sub,public,explicit-call,available,5,5,,m^3,
65e07d7859867671,hydraulics,m0010,m0010-p0008,procedure,standard-module,sub,public,explicit-call,available,5,3,cross-cutting.lookup,,
65e07d7859867671,hydraulics,m0010,m0010-p0009,procedure,standard-module,sub,public,explicit-call,available,5,3,,,
65e07d7859867671,hydraulics,m0010,m0010-p0010,procedure,standard-module,sub,public,explicit-call,available,5,3,,,
65e07d7859867671,hydraulics,m0010,m0010-p0011,procedure,standard-module,sub,public,explicit-call,available,5,3,cross-cutting.lookup,,
65e07d7859867671,hydraulics,m0011,m0011,module,standard-module,,,,available,75,0,hydraulics.fluid-properties|hydraulics.hole-cleaning|hydraulics.reynolds-number,L/min|cP|deg|ft/s|ft^3|in|lbm/ft^3|lbm/gal|min|percent,
65e07d7859867671,hydraulics,m0011,m0011-p0001,procedure,standard-module,function,public,explicit-call,available,62,52,,percent,
65e07d7859867671,hydraulics,m0012,m0012,module,standard-module,,,,available,84,0,directional.coordinates,m^2,
65e07d7859867671,hydraulics,m0012,m0012-p0001,procedure,standard-module,sub,public,auto-exec,available,6,4,,,
65e07d7859867671,hydraulics,m0012,m0012-p0002,procedure,standard-module,sub,public,explicit-call,available,14,10,,,
65e07d7859867671,hydraulics,m0012,m0012-p0003,procedure,standard-module,sub,public,explicit-call,available,63,44,directional.coordinates,m^2,
65e07d7859867671,hydraulics,m0013,m0013,module,standard-module,,,,available,66,0,,m,
65e07d7859867671,hydraulics,m0013,m0013-p0001,procedure,standard-module,sub,public,explicit-call,available,18,13,,m,
65e07d7859867671,hydraulics,m0013,m0013-p0002,procedure,standard-module,sub,public,explicit-call,available,12,8,,,
65e07d7859867671,hydraulics,m0013,m0013-p0003,procedure,standard-module,sub,public,explicit-call,available,34,27,,m,
65e07d7859867671,hydraulics,m0014,m0014,module,class-or-document-module,,,,available,0,0,,,
65e07d7859867671,hydraulics,m0015,m0015,module,class-or-document-module,,,,available,0,0,,,
65e07d7859867671,hydraulics,m0016,m0016,module,class-or-document-module,,,,available,0,0,,,
65e07d7859867671,hydraulics,m0017,m0017,module,class-or-document-module,,,,available,0,0,,,
65e07d7859867671,hydraulics,m0018,m0018,module,class-or-document-module,,,,available,0,0,,,
65e07d7859867671,hydraulics,m0019,m0019,module,user-form,,,,available,36,0,,m^2|m^3,
65e07d7859867671,hydraulics,m0019,m0019-p0001,procedure,user-form,sub,private,explicit-call,available,9,9,,m^2,
65e07d7859867671,hydraulics,m0019,m0019-p0002,procedure,user-form,sub,private,explicit-call,available,10,9,,m^2,
65e07d7859867671,hydraulics,m0019,m0019-p0003,procedure,user-form,sub,private,explicit-call,available,4,4,,m^3,
65e07d7859867671,hydraulics,m0019,m0019-p0004,procedure,user-form,sub,private,explicit-call,available,5,5,,m^2,
65e07d7859867671,hydraulics,m0019,m0019-p0005,procedure,user-form,sub,private,explicit-call,available,4,4,,m^2,
65e07d7859867671,hydraulics,m0020,m0020,module,user-form,,,,available,39,0,,m^2|m^3,
65e07d7859867671,hydraulics,m0020,m0020-p0001,procedure,user-form,sub,private,explicit-call,available,4,4,,m^2,
65e07d7859867671,hydraulics,m0020,m0020-p0002,procedure,user-form,sub,private,explicit-call,available,4,4,,m^2,
65e07d7859867671,hydraulics,m0020,m0020-p0003,procedure,user-form,sub,private,explicit-call,available,4,4,,m^2|m^3,
65e07d7859867671,hydraulics,m0020,m0020-p0004,procedure,user-form,sub,private,explicit-call,available,4,4,,m^2,
65e07d7859867671,hydraulics,m0020,m0020-p0005,procedure,user-form,sub,private,explicit-call,available,4,4,,m^2,
65e07d7859867671,hydraulics,m0020,m0020-p0006,procedure,user-form,sub,private,explicit-call,available,3,3,,,
65e07d7859867671,hydraulics,m0020,m0020-p0007,procedure,user-form,sub,private,explicit-call,available,4,4,,m^2,
65e07d7859867671,hydraulics,m0020,m0020-p0008,procedure,user-form,sub,private,explicit-call,available,4,4,,m^2,
65e07d7859867671,hydraulics,m0021,m0021,module,user-form,,,,available,227,0,hydraulics.rheology,cP|ft|lbf|m|m^3|rpm,
65e07d7859867671,hydraulics,m0021,m0021-p0001,procedure,user-form,sub,private,explicit-call,available,213,183,hydraulics.rheology,cP|ft|lbf|m|rpm,
65e07d7859867671,hydraulics,m0021,m0021-p0002,procedure,user-form,sub,private,explicit-call,available,6,4,,m^3,
65e07d7859867671,hydraulics,m0021,m0021-p0003,procedure,user-form,sub,private,explicit-call,available,4,4,,m^3,
65e07d7859867671,hydraulics,m0022,m0022,module,unknown-module,,,,available,13,0,cross-cutting.lookup,,
779e267fd49f229e,directional,m0001,m0001,module,standard-module,,,,available,190,0,cross-cutting.lookup|torque-drag.connection-capacity,h|in,database-access
779e267fd49f229e,directional,m0001,m0001-p0001,procedure,standard-module,sub,public,explicit-call,available,3,3,,,
779e267fd49f229e,directional,m0001,m0001-p0002,procedure,standard-module,sub,public,explicit-call,available,169,163,cross-cutting.lookup|torque-drag.connection-capacity,h|in,database-access
779e267fd49f229e,directional,m0001,m0001-p0003,procedure,standard-module,sub,public,explicit-call,available,17,11,cross-cutting.lookup,,
779e267fd49f229e,directional,m0002,m0002,module,class-or-document-module,,,,available,0,0,,,
779e267fd49f229e,directional,m0003,m0003,module,class-or-document-module,,,,available,0,0,,,
779e267fd49f229e,directional,m0004,m0004,module,class-or-document-module,,,,available,122,0,cross-cutting.lookup|directional.coordinates|torque-drag.connection-capacity,deg,
779e267fd49f229e,directional,m0004,m0004-p0001,procedure,class-or-document-module,sub,public,explicit-call,available,49,39,cross-cutting.lookup|directional.coordinates|torque-drag.connection-capacity,,
779e267fd49f229e,directional,m0004,m0004-p0002,procedure,class-or-document-module,sub,private,explicit-call,available,3,2,,,
779e267fd49f229e,directional,m0004,m0004-p0003,procedure,class-or-document-module,sub,private,explicit-call,available,15,13,,,
779e267fd49f229e,directional,m0004,m0004-p0004,procedure,class-or-document-module,sub,private,explicit-call,available,15,13,,,
779e267fd49f229e,directional,m0004,m0004-p0005,procedure,class-or-document-module,sub,private,explicit-call,available,17,15,,deg,
779e267fd49f229e,directional,m0004,m0004-p0006,procedure,class-or-document-module,sub,private,explicit-call,available,20,18,,deg,
779e267fd49f229e,directional,m0005,m0005,module,class-or-document-module,,,,available,122,0,cross-cutting.lookup|directional.coordinates|torque-drag.connection-capacity,deg,
779e267fd49f229e,directional,m0005,m0005-p0001,procedure,class-or-document-module,sub,public,explicit-call,available,49,39,cross-cutting.lookup|directional.coordinates|torque-drag.connection-capacity,,
779e267fd49f229e,directional,m0005,m0005-p0002,procedure,class-or-document-module,sub,private,explicit-call,available,3,2,,,
779e267fd49f229e,directional,m0005,m0005-p0003,procedure,class-or-document-module,sub,private,explicit-call,available,15,13,,,
779e267fd49f229e,directional,m0005,m0005-p0004,procedure,class-or-document-module,sub,private,explicit-call,available,15,13,,,
779e267fd49f229e,directional,m0005,m0005-p0005,procedure,class-or-document-module,sub,private,explicit-call,available,17,15,,deg,
779e267fd49f229e,directional,m0005,m0005-p0006,procedure,class-or-document-module,sub,private,explicit-call,available,20,18,,deg,
779e267fd49f229e,directional,m0006,m0006,module,class-or-document-module,,,,available,0,0,,,
779e267fd49f229e,directional,m0007,m0007,module,class-or-document-module,,,,available,0,0,,,
779e267fd49f229e,directional,m0008,m0008,module,class-or-document-module,,,,available,0,0,,,
779e267fd49f229e,directional,m0009,m0009,module,class-or-document-module,,,,available,0,0,,,
779e267fd49f229e,directional,m0010,m0010,module,class-or-document-module,,,,available,0,0,,,
779e267fd49f229e,directional,m0011,m0011,module,unknown-module,,,,available,10,0,,,
7d8cc3b6df44e74a,bha-tools,m0001,m0001,module,standard-module,,,,available,155,0,bha.geometry,ft|h|in|min,filesystem-write
7d8cc3b6df44e74a,bha-tools,m0001,m0001-p0001,procedure,standard-module,sub,public,explicit-call,available,58,48,,ft|h|min,filesystem-write
7d8cc3b6df44e74a,bha-tools,m0001,m0001-p0002,procedure,standard-module,sub,public,explicit-call,available,55,40,bha.geometry,h|in,
7d8cc3b6df44e74a,bha-tools,m0001,m0001-p0003,procedure,standard-module,function,public,explicit-call,available,18,16,,ft,
7d8cc3b6df44e74a,bha-tools,m0001,m0001-p0004,procedure,standard-module,function,public,explicit-call,available,18,12,,,
7d8cc3b6df44e74a,bha-tools,m0002,m0002,module,class-or-document-module,,,,available,0,0,,,
7d8cc3b6df44e74a,bha-tools,m0003,m0003,module,class-or-document-module,,,,available,0,0,,,
7d8cc3b6df44e74a,bha-tools,m0004,m0004,module,class-or-document-module,,,,available,0,0,,,
86e1a87c92bcaf52,bha-tools,m0001,m0001,module,class-or-document-module,,,,available,22,0,bha.geometry,,
86e1a87c92bcaf52,bha-tools,m0001,m0001-p0001,procedure,class-or-document-module,sub,private,worksheet-event,available,3,3,,,
86e1a87c92bcaf52,bha-tools,m0001,m0001-p0002,procedure,class-or-document-module,sub,private,worksheet-event,available,3,3,bha.geometry,,
86e1a87c92bcaf52,bha-tools,m0001,m0001-p0003,procedure,class-or-document-module,sub,private,worksheet-event,available,14,13,bha.geometry,,
86e1a87c92bcaf52,bha-tools,m0002,m0002,module,class-or-document-module,,,,available,55,0,,m^3,
86e1a87c92bcaf52,bha-tools,m0002,m0002-p0001,procedure,class-or-document-module,sub,private,worksheet-event,available,3,3,,,
86e1a87c92bcaf52,bha-tools,m0002,m0002-p0002,procedure,class-or-document-module,sub,private,worksheet-event,available,3,3,,,
86e1a87c92bcaf52,bha-tools,m0002,m0002-p0003,procedure,class-or-document-module,sub,private,worksheet-event,available,47,32,,m^3,
86e1a87c92bcaf52,bha-tools,m0003,m0003,module,class-or-document-module,,,,available,51,0,,m^3,
86e1a87c92bcaf52,bha-tools,m0003,m0003-p0001,procedure,class-or-document-module,sub,private,worksheet-event,available,3,3,,,
86e1a87c92bcaf52,bha-tools,m0003,m0003-p0002,procedure,class-or-document-module,sub,private,worksheet-event,available,47,32,,m^3,
86e1a87c92bcaf52,bha-tools,m0004,m0004,module,class-or-document-module,,,,available,0,0,,,
86e1a87c92bcaf52,bha-tools,m0005,m0005,module,class-or-document-module,,,,available,0,0,,,
86e1a87c92bcaf52,bha-tools,m0006,m0006,module,class-or-document-module,,,,available,0,0,,,
8c2e041f05eb97d0,general-drilling,m0001,m0001,module,standard-module,,,,available,393,0,cementing.volume|hydraulics.fluid-properties,K|MPa|cP|cm|degC|degF|ft^3|g/cm^3|lbm/ft^3|m^2|percent|ppm|psi|psia,
8c2e041f05eb97d0,general-drilling,m0001,m0001-p0001,procedure,standard-module,sub,static,explicit-call,available,54,28,,K|cm|degF|m^2|percent|ppm|psia,
8c2e041f05eb97d0,general-drilling,m0001,m0001-p0002,procedure,standard-module,function,static,explicit-call,available,20,7,hydraulics.fluid-properties,degF|g/cm^3|ppm|psia,
8c2e041f05eb97d0,general-drilling,m0001,m0001-p0003,procedure,standard-module,function,static,explicit-call,available,20,7,,degF|ppm|psi|psia,
8c2e041f05eb97d0,general-drilling,m0001,m0001-p0004,procedure,standard-module,function,static,explicit-call,available,44,22,,K|degF|percent|ppm|psia,
8c2e041f05eb97d0,general-drilling,m0001,m0001-p0005,procedure,standard-module,function,static,explicit-call,available,18,7,,degC|degF|ppm,
8c2e041f05eb97d0,general-drilling,m0001,m0001-p0006,procedure,standard-module,function,static,explicit-call,available,59,25,cementing.volume,MPa|cP|degC|degF|percent|ppm|psia,
8c2e041f05eb97d0,general-drilling,m0001,m0001-p0007,procedure,standard-module,function,static,explicit-call,available,21,11,hydraulics.fluid-properties,degF|lbm/ft^3|psia,
8c2e041f05eb97d0,general-drilling,m0001,m0001-p0008,procedure,standard-module,function,static,explicit-call,available,54,36,,degF|psia,
8c2e041f05eb97d0,general-drilling,m0001,m0001-p0009,procedure,standard-module,function,static,explicit-call,available,77,58,,K|degF|ft^3|psia,
8c2e041f05eb97d0,general-drilling,m0002,m0002,module,standard-module,,,,available,935,0,cross-cutting.lookup|hydraulics.bit-nozzle|hydraulics.equivalent-circulating-density|hydraulics.fluid-properties|hydraulics.pressure-loss,bar|hp|min,
8c2e041f05eb97d0,general-drilling,m0002,m0002-p0001,procedure,standard-module,sub,public,explicit-call,available,45,42,,,
8c2e041f05eb97d0,general-drilling,m0002,m0002-p0002,procedure,standard-module,sub,public,explicit-call,available,72,70,,,
8c2e041f05eb97d0,general-drilling,m0002,m0002-p0003,procedure,standard-module,sub,public,explicit-call,available,72,70,,,
8c2e041f05eb97d0,general-drilling,m0002,m0002-p0004,procedure,standard-module,sub,public,explicit-call,available,54,52,cross-cutting.lookup,,
8c2e041f05eb97d0,general-drilling,m0002,m0002-p0005,procedure,standard-module,sub,public,explicit-call,available,54,52,cross-cutting.lookup,,
8c2e041f05eb97d0,general-drilling,m0002,m0002-p0006,procedure,standard-module,sub,public,explicit-call,available,34,23,,,
8c2e041f05eb97d0,general-drilling,m0002,m0002-p0007,procedure,standard-module,sub,public,explicit-call,available,34,23,,,
8c2e041f05eb97d0,general-drilling,m0002,m0002-p0008,procedure,standard-module,sub,public,explicit-call,available,34,23,,,
8c2e041f05eb97d0,general-drilling,m0002,m0002-p0009,procedure,standard-module,sub,public,explicit-call,available,34,23,,,
8c2e041f05eb97d0,general-drilling,m0002,m0002-p0010,procedure,standard-module,sub,public,explicit-call,available,34,23,,,
8c2e041f05eb97d0,general-drilling,m0002,m0002-p0011,procedure,standard-module,sub,public,explicit-call,available,34,23,,,
8c2e041f05eb97d0,general-drilling,m0002,m0002-p0012,procedure,standard-module,function,public,explicit-call,available,12,12,,,
8c2e041f05eb97d0,general-drilling,m0002,m0002-p0013,procedure,standard-module,sub,public,explicit-call,available,35,26,,bar|min,
8c2e041f05eb97d0,general-drilling,m0002,m0002-p0014,procedure,standard-module,sub,public,explicit-call,available,35,26,,bar|min,
8c2e041f05eb97d0,general-drilling,m0002,m0002-p0015,procedure,standard-module,sub,public,explicit-call,available,34,26,,bar|min,
8c2e041f05eb97d0,general-drilling,m0002,m0002-p0016,procedure,standard-module,sub,public,explicit-call,available,34,26,,bar|min,
8c2e041f05eb97d0,general-drilling,m0002,m0002-p0017,procedure,standard-module,sub,public,explicit-call,available,5,5,,,
8c2e041f05eb97d0,general-drilling,m0002,m0002-p0018,procedure,standard-module,sub,public,explicit-call,available,5,5,,,
8c2e041f05eb97d0,general-drilling,m0002,m0002-p0019,procedure,standard-module,sub,public,explicit-call,available,5,5,,,
8c2e041f05eb97d0,general-drilling,m0002,m0002-p0020,procedure,standard-module,sub,public,explicit-call,available,5,5,,,
8c2e041f05eb97d0,general-drilling,m0002,m0002-p0021,procedure,standard-module,sub,public,explicit-call,available,5,5,,,
8c2e041f05eb97d0,general-drilling,m0002,m0002-p0022,procedure,standard-module,sub,public,explicit-call,available,5,5,,,
8c2e041f05eb97d0,general-drilling,m0002,m0002-p0023,procedure,standard-module,sub,public,explicit-call,available,5,5,,,
8c2e041f05eb97d0,general-drilling,m0002,m0002-p0024,procedure,standard-module,sub,public,explicit-call,available,5,5,hydraulics.bit-nozzle|hydraulics.pressure-loss,,
8c2e041f05eb97d0,general-drilling,m0002,m0002-p0025,procedure,standard-module,sub,public,explicit-call,available,5,5,,,
8c2e041f05eb97d0,general-drilling,m0002,m0002-p0026,procedure,standard-module,sub,public,explicit-call,available,5,5,,,
8c2e041f05eb97d0,general-drilling,m0002,m0002-p0027,procedure,standard-module,sub,public,explicit-call,available,5,5,hydraulics.fluid-properties,,
8c2e041f05eb97d0,general-drilling,m0002,m0002-p0028,procedure,standard-module,sub,public,explicit-call,available,5,5,,,
8c2e041f05eb97d0,general-drilling,m0002,m0002-p0029,procedure,standard-module,sub,public,explicit-call,available,5,5,,,
8c2e041f05eb97d0,general-drilling,m0002,m0002-p0030,procedure,standard-module,sub,public,explicit-call,available,5,5,hydraulics.bit-nozzle,hp,
8c2e041f05eb97d0,general-drilling,m0002,m0002-p0031,procedure,standard-module,sub,public,explicit-call,available,5,5,hydraulics.equivalent-circulating-density|hydraulics.fluid-properties,,
8c2e041f05eb97d0,general-drilling,m0002,m0002-p0032,procedure,standard-module,sub,public,explicit-call,available,5,5,,,
8c2e041f05eb97d0,general-drilling,m0002,m0002-p0033,procedure,standard-module,sub,public,explicit-call,available,5,5,,,
8c2e041f05eb97d0,general-drilling,m0002,m0002-p0034,procedure,standard-module,sub,public,explicit-call,available,5,5,,,
8c2e041f05eb97d0,general-drilling,m0002,m0002-p0035,procedure,standard-module,sub,public,explicit-call,available,5,5,,,
8c2e041f05eb97d0,general-drilling,m0002,m0002-p0036,procedure,standard-module,sub,public,explicit-call,available,5,5,,,
8c2e041f05eb97d0,general-drilling,m0002,m0002-p0037,procedure,standard-module,sub,public,explicit-call,available,5,5,,,
8c2e041f05eb97d0,general-drilling,m0002,m0002-p0038,procedure,standard-module,sub,public,explicit-call,available,5,5,,,
8c2e041f05eb97d0,general-drilling,m0003,m0003,module,standard-module,,,,available,152,0,cross-cutting.unit-conversion,,
8c2e041f05eb97d0,general-drilling,m0003,m0003-p0001,procedure,standard-module,sub,public,explicit-call,available,27,22,,,
8c2e041f05eb97d0,general-drilling,m0003,m0003-p0002,procedure,standard-module,sub,public,explicit-call,available,66,54,,,
8c2e041f05eb97d0,general-drilling,m0003,m0003-p0003,procedure,standard-module,sub,public,explicit-call,available,35,31,,,
8c2e041f05eb97d0,general-drilling,m0003,m0003-p0004,procedure,standard-module,function,static,explicit-call,available,12,8,cross-cutting.unit-conversion,,
8c2e041f05eb97d0,general-drilling,m0004,m0004,module,standard-module,,,,available,36,0,cross-cutting.unit-conversion,,
8c2e041f05eb97d0,general-drilling,m0004,m0004-p0001,procedure,standard-module,sub,public,explicit-call,available,13,9,,,
8c2e041f05eb97d0,general-drilling,m0004,m0004-p0002,procedure,standard-module,sub,public,explicit-call,available,13,9,cross-cutting.unit-conversion,,
8c2e041f05eb97d0,general-drilling,m0005,m0005,module,standard-module,,,,available,37,0,,,
8c2e041f05eb97d0,general-drilling,m0005,m0005-p0001,procedure,standard-module,sub,public,explicit-call,available,5,5,,,
8c2e041f05eb97d0,general-drilling,m0005,m0005-p0002,procedure,standard-module,sub,public,explicit-call,available,18,9,,,
8c2e041f05eb97d0,general-drilling,m0006,m0006,module,standard-module,,,,available,510,0,hydraulics.fluid-properties,bbl|cP|cm|degC|degF|ft|ft^3|gal|kPa|kg|kg/m^3|m^2|m^3|mm|percent|ppg|psi|psi/ft,
8c2e041f05eb97d0,general-drilling,m0006,m0006-p0001,procedure,standard-module,sub,public,explicit-call,available,9,9,,degF,
8c2e041f05eb97d0,general-drilling,m0006,m0006-p0002,procedure,standard-module,sub,public,explicit-call,available,9,9,,degC,
8c2e041f05eb97d0,general-drilling,m0006,m0006-p0003,procedure,standard-module,sub,public,explicit-call,available,9,9,hydraulics.fluid-properties,,
8c2e041f05eb97d0,general-drilling,m0006,m0006-p0004,procedure,standard-module,sub,public,explicit-call,available,9,9,hydraulics.fluid-properties,,
8c2e041f05eb97d0,general-drilling,m0006,m0006-p0005,procedure,standard-module,sub,public,explicit-call,available,9,9,,bbl,
8c2e041f05eb97d0,general-drilling,m0006,m0006-p0006,procedure,standard-module,sub,public,explicit-call,available,9,9,,,
8c2e041f05eb97d0,general-drilling,m0006,m0006-p0007,procedure,standard-module,sub,public,explicit-call,available,9,9,,cP,
8c2e041f05eb97d0,general-drilling,m0006,m0006-p0008,procedure,standard-module,sub,public,explicit-call,available,9,9,,,
8c2e041f05eb97d0,general-drilling,m0006,m0006-p0009,procedure,standard-module,sub,public,explicit-call,available,10,10,,psi,
8c2e041f05eb97d0,general-drilling,m0006,m0006-p0010,procedure,standard-module,sub,public,explicit-call,available,10,10,,kPa,
8c2e041f05eb97d0,general-drilling,m0006,m0006-p0011,procedure,standard-module,sub,public,explicit-call,available,10,10,,cm|kg|m^2,
8c2e041f05eb97d0,general-drilling,m0006,m0006-p0012,procedure,standard-module,sub,public,explicit-call,available,9,9,,,
8c2e041f05eb97d0,general-drilling,m0006,m0006-p0013,procedure,standard-module,sub,public,explicit-call,available,13,13,,,
8c2e041f05eb97d0,general-drilling,m0006,m0006-p0014,procedure,standard-module,sub,public,explicit-call,available,13,13,,gal|ppg,
8c2e041f05eb97d0,general-drilling,m0006,m0006-p0015,procedure,standard-module,sub,public,explicit-call,available,13,13,,gal,
8c2e041f05eb97d0,general-drilling,m0006,m0006-p0016,procedure,standard-module,sub,public,explicit-call,available,13,13,,bbl,
8c2e041f05eb97d0,general-drilling,m0006,m0006-p0017,procedure,standard-module,sub,public,explicit-call,available,13,13,,m^3|mm,
8c2e041f05eb97d0,general-drilling,m0006,m0006-p0018,procedure,standard-module,sub,public,explicit-call,available,13,13,,kg/m^3|mm,
8c2e041f05eb97d0,general-drilling,m0006,m0006-p0019,procedure,standard-module,sub,public,explicit-call,available,11,11,,m^3|mm,
8c2e041f05eb97d0,general-drilling,m0006,m0006-p0020,procedure,standard-module,sub,public,explicit-call,available,11,11,,gal,
8c2e041f05eb97d0,general-drilling,m0006,m0006-p0021,procedure,standard-module,sub,public,explicit-call,available,11,11,,percent,
8c2e041f05eb97d0,general-drilling,m0006,m0006-p0022,procedure,standard-module,sub,public,explicit-call,available,11,11,,gal,
8c2e041f05eb97d0,general-drilling,m0006,m0006-p0023,procedure,standard-module,sub,public,explicit-call,available,9,9,,,
8c2e041f05eb97d0,general-drilling,m0006,m0006-p0024,procedure,standard-module,sub,public,explicit-call,available,12,11,,bbl|ft|gal,
8c2e041f05eb97d0,general-drilling,m0006,m0006-p0025,procedure,standard-module,sub,public,explicit-call,available,11,11,,ft,
8c2e041f05eb97d0,general-drilling,m0006,m0006-p0026,procedure,standard-module,sub,public,explicit-call,available,11,11,,gal,
8c2e041f05eb97d0,general-drilling,m0006,m0006-p0027,procedure,standard-module,sub,public,explicit-call,available,11,11,,,
8c2e041f05eb97d0,general-drilling,m0006,m0006-p0028,procedure,standard-module,sub,public,explicit-call,available,11,11,,ft,
8c2e041f05eb97d0,general-drilling,m0006,m0006-p0029,procedure,standard-module,sub,public,explicit-call,available,11,11,,,
8c2e041f05eb97d0,general-drilling,m0006,m0006-p0030,procedure,standard-module,sub,public,explicit-call,available,11,11,,,
8c2e041f05eb97d0,general-drilling,m0006,m0006-p0031,procedure,standard-module,sub,public,explicit-call,available,11,11,,,
8c2e041f05eb97d0,general-drilling,m0006,m0006-p0032,procedure,standard-module,sub,public,explicit-call,available,13,13,hydraulics.fluid-properties,ppg,
8c2e041f05eb97d0,general-drilling,m0006,m0006-p0033,procedure,standard-module,sub,public,explicit-call,available,13,13,hydraulics.fluid-properties,,
8c2e041f05eb97d0,general-drilling,m0006,m0006-p0034,procedure,standard-module,sub,public,explicit-call,available,13,13,hydraulics.fluid-properties,kg/m^3,
8c2e041f05eb97d0,general-drilling,m0006,m0006-p0035,procedure,standard-module,sub,public,explicit-call,available,13,13,hydraulics.fluid-properties,bbl,
8c2e041f05eb97d0,general-drilling,m0006,m0006-p0036,procedure,standard-module,sub,public,explicit-call,available,13,13,hydraulics.fluid-properties,ft|ft^3,
8c2e041f05eb97d0,general-drilling,m0006,m0006-p0037,procedure,standard-module,sub,public,explicit-call,available,13,13,hydraulics.fluid-properties,ft|psi/ft,
8c2e041f05eb97d0,general-drilling,m0007,m0007,module,class-or-document-module,,,,available,0,0,,,
8c2e041f05eb97d0,general-drilling,m0008,m0008,module,unknown-module,,,,available,30,0,hydraulics.bit-nozzle,,
919d5d19a825b186,hydraulics,m0001,m0001,module,class-or-document-module,,,,available,0,0,,,
919d5d19a825b186,hydraulics,m0002,m0002,module,class-or-document-module,,,,available,0,0,,,
919d5d19a825b186,hydraulics,m0003,m0003,module,class-or-document-module,,,,available,0,0,,,
919d5d19a825b186,hydraulics,m0004,m0004,module,unknown-module,,,,available,2,0,,,
9900762f1edd4ae6,directional,m0001,m0001,module,standard-module,,,,available,190,0,cross-cutting.lookup|torque-drag.connection-capacity,h|in,database-access
9900762f1edd4ae6,directional,m0001,m0001-p0001,procedure,standard-module,sub,public,explicit-call,available,3,3,,,
9900762f1edd4ae6,directional,m0001,m0001-p0002,procedure,standard-module,sub,public,explicit-call,available,169,163,cross-cutting.lookup|torque-drag.connection-capacity,h|in,database-access
9900762f1edd4ae6,directional,m0001,m0001-p0003,procedure,standard-module,sub,public,explicit-call,available,17,11,cross-cutting.lookup,,
9900762f1edd4ae6,directional,m0002,m0002,module,class-or-document-module,,,,available,0,0,,,
9900762f1edd4ae6,directional,m0003,m0003,module,class-or-document-module,,,,available,0,0,,,
9900762f1edd4ae6,directional,m0004,m0004,module,class-or-document-module,,,,available,122,0,cross-cutting.lookup|directional.coordinates|torque-drag.connection-capacity,deg,
9900762f1edd4ae6,directional,m0004,m0004-p0001,procedure,class-or-document-module,sub,public,explicit-call,available,49,39,cross-cutting.lookup|directional.coordinates|torque-drag.connection-capacity,,
9900762f1edd4ae6,directional,m0004,m0004-p0002,procedure,class-or-document-module,sub,private,explicit-call,available,3,2,,,
9900762f1edd4ae6,directional,m0004,m0004-p0003,procedure,class-or-document-module,sub,private,explicit-call,available,15,13,,,
9900762f1edd4ae6,directional,m0004,m0004-p0004,procedure,class-or-document-module,sub,private,explicit-call,available,15,13,,,
9900762f1edd4ae6,directional,m0004,m0004-p0005,procedure,class-or-document-module,sub,private,explicit-call,available,17,15,,deg,
9900762f1edd4ae6,directional,m0004,m0004-p0006,procedure,class-or-document-module,sub,private,explicit-call,available,20,18,,deg,
9900762f1edd4ae6,directional,m0005,m0005,module,class-or-document-module,,,,available,122,0,cross-cutting.lookup|directional.coordinates|torque-drag.connection-capacity,deg,
9900762f1edd4ae6,directional,m0005,m0005-p0001,procedure,class-or-document-module,sub,public,explicit-call,available,49,39,cross-cutting.lookup|directional.coordinates|torque-drag.connection-capacity,,
9900762f1edd4ae6,directional,m0005,m0005-p0002,procedure,class-or-document-module,sub,private,explicit-call,available,3,2,,,
9900762f1edd4ae6,directional,m0005,m0005-p0003,procedure,class-or-document-module,sub,private,explicit-call,available,15,13,,,
9900762f1edd4ae6,directional,m0005,m0005-p0004,procedure,class-or-document-module,sub,private,explicit-call,available,15,13,,,
9900762f1edd4ae6,directional,m0005,m0005-p0005,procedure,class-or-document-module,sub,private,explicit-call,available,17,15,,deg,
9900762f1edd4ae6,directional,m0005,m0005-p0006,procedure,class-or-document-module,sub,private,explicit-call,available,20,18,,deg,
9900762f1edd4ae6,directional,m0006,m0006,module,class-or-document-module,,,,available,0,0,,,
9900762f1edd4ae6,directional,m0007,m0007,module,class-or-document-module,,,,available,0,0,,,
9900762f1edd4ae6,directional,m0008,m0008,module,class-or-document-module,,,,available,0,0,,,
9900762f1edd4ae6,directional,m0009,m0009,module,class-or-document-module,,,,available,0,0,,,
9900762f1edd4ae6,directional,m0010,m0010,module,class-or-document-module,,,,available,0,0,,,
9900762f1edd4ae6,directional,m0011,m0011,module,unknown-module,,,,available,10,0,,,
a09760979bc979fd,torque-drag-drillstring,m0001,m0001,module,standard-module,,,,available,111,0,casing.strength|torque-drag.axial-load|torque-drag.connection-capacity,,
a09760979bc979fd,torque-drag-drillstring,m0001,m0001-p0001,procedure,standard-module,sub,public,explicit-call,available,6,6,,,
a09760979bc979fd,torque-drag-drillstring,m0001,m0001-p0002,procedure,standard-module,sub,public,explicit-call,available,6,6,,,
a09760979bc979fd,torque-drag-drillstring,m0001,m0001-p0003,procedure,standard-module,sub,public,explicit-call,available,9,9,torque-drag.connection-capacity,,
a09760979bc979fd,torque-drag-drillstring,m0001,m0001-p0004,procedure,standard-module,sub,public,explicit-call,available,11,11,torque-drag.connection-capacity,,
a09760979bc979fd,torque-drag-drillstring,m0001,m0001-p0005,procedure,standard-module,sub,public,explicit-call,available,10,10,casing.strength|torque-drag.axial-load,,
a09760979bc979fd,torque-drag-drillstring,m0001,m0001-p0006,procedure,standard-module,sub,public,explicit-call,available,7,7,,,
a09760979bc979fd,torque-drag-drillstring,m0001,m0001-p0007,procedure,standard-module,sub,public,explicit-call,available,5,5,torque-drag.connection-capacity,,
a09760979bc979fd,torque-drag-drillstring,m0001,m0001-p0008,procedure,standard-module,sub,public,explicit-call,available,4,4,,,
a09760979bc979fd,torque-drag-drillstring,m0001,m0001-p0009,procedure,standard-module,sub,public,explicit-call,available,6,6,,,
a09760979bc979fd,torque-drag-drillstring,m0002,m0002,module,class-or-document-module,,,,available,0,0,,,
a20de360a6901fad,bha-tools,m0001,m0001,module,class-or-document-module,,,,available,0,0,,,
a20de360a6901fad,bha-tools,m0002,m0002,module,class-or-document-module,,,,available,0,0,,,
a20de360a6901fad,bha-tools,m0003,m0003,module,class-or-document-module,,,,available,0,0,,,
a20de360a6901fad,bha-tools,m0004,m0004,module,class-or-document-module,,,,available,0,0,,,
a20de360a6901fad,bha-tools,m0005,m0005,module,class-or-document-module,,,,available,0,0,,,
a20de360a6901fad,bha-tools,m0006,m0006,module,class-or-document-module,,,,available,0,0,,,
a20de360a6901fad,bha-tools,m0007,m0007,module,class-or-document-module,,,,available,0,0,,,
a20de360a6901fad,bha-tools,m0008,m0008,module,class-or-document-module,,,,available,21,0,,m,
a20de360a6901fad,bha-tools,m0008,m0008-p0001,procedure,class-or-document-module,sub,private,worksheet-event,available,21,20,,m,
a20de360a6901fad,bha-tools,m0009,m0009,module,class-or-document-module,,,,available,0,0,,,
a20de360a6901fad,bha-tools,m0010,m0010,module,class-or-document-module,,,,available,0,0,,,
a20de360a6901fad,bha-tools,m0011,m0011,module,class-or-document-module,,,,available,0,0,,,
a20de360a6901fad,bha-tools,m0012,m0012,module,class-or-document-module,,,,available,0,0,,,
a20de360a6901fad,bha-tools,m0013,m0013,module,class-or-document-module,,,,available,0,0,,,
a20de360a6901fad,bha-tools,m0014,m0014,module,class-or-document-module,,,,available,0,0,,,
a20de360a6901fad,bha-tools,m0015,m0015,module,class-or-document-module,,,,available,0,0,,,
a20de360a6901fad,bha-tools,m0016,m0016,module,class-or-document-module,,,,available,0,0,,,
a20de360a6901fad,bha-tools,m0017,m0017,module,class-or-document-module,,,,available,0,0,,,
a20de360a6901fad,bha-tools,m0018,m0018,module,class-or-document-module,,,,available,0,0,,,
a20de360a6901fad,bha-tools,m0019,m0019,module,class-or-document-module,,,,available,0,0,,,
a20de360a6901fad,bha-tools,m0020,m0020,module,class-or-document-module,,,,available,0,0,,,
a20de360a6901fad,bha-tools,m0021,m0021,module,class-or-document-module,,,,available,0,0,,,
a20de360a6901fad,bha-tools,m0022,m0022,module,class-or-document-module,,,,available,7,0,,,
a20de360a6901fad,bha-tools,m0022,m0022-p0001,procedure,class-or-document-module,sub,private,explicit-call,available,3,2,,,
a20de360a6901fad,bha-tools,m0022,m0022-p0002,procedure,class-or-document-module,sub,private,explicit-call,available,3,2,,,
a20de360a6901fad,bha-tools,m0023,m0023,module,class-or-document-module,,,,available,0,0,,,
a20de360a6901fad,bha-tools,m0024,m0024,module,class-or-document-module,,,,available,0,0,,,
a20de360a6901fad,bha-tools,m0025,m0025,module,class-or-document-module,,,,available,0,0,,,
a20de360a6901fad,bha-tools,m0026,m0026,module,class-or-document-module,,,,available,0,0,,,
a20de360a6901fad,bha-tools,m0027,m0027,module,class-or-document-module,,,,available,0,0,,,
a20de360a6901fad,bha-tools,m0028,m0028,module,class-or-document-module,,,,available,0,0,,,
a20de360a6901fad,bha-tools,m0029,m0029,module,class-or-document-module,,,,available,0,0,,,
a20de360a6901fad,bha-tools,m0030,m0030,module,class-or-document-module,,,,available,0,0,,,
a20de360a6901fad,bha-tools,m0031,m0031,module,class-or-document-module,,,,available,0,0,,,
a20de360a6901fad,bha-tools,m0032,m0032,module,class-or-document-module,,,,available,0,0,,,
a20de360a6901fad,bha-tools,m0033,m0033,module,class-or-document-module,,,,available,0,0,,,
a20de360a6901fad,bha-tools,m0034,m0034,module,class-or-document-module,,,,available,0,0,,,
a20de360a6901fad,bha-tools,m0035,m0035,module,class-or-document-module,,,,available,0,0,,,
a20de360a6901fad,bha-tools,m0036,m0036,module,class-or-document-module,,,,available,0,0,,,
a20de360a6901fad,bha-tools,m0037,m0037,module,class-or-document-module,,,,available,0,0,,,
a20de360a6901fad,bha-tools,m0038,m0038,module,class-or-document-module,,,,available,0,0,,,
a20de360a6901fad,bha-tools,m0039,m0039,module,class-or-document-module,,,,available,0,0,,,
a20de360a6901fad,bha-tools,m0040,m0040,module,class-or-document-module,,,,available,32,0,,,
a20de360a6901fad,bha-tools,m0040,m0040-p0001,procedure,class-or-document-module,sub,private,explicit-call,available,3,3,,,
a20de360a6901fad,bha-tools,m0040,m0040-p0002,procedure,class-or-document-module,sub,private,explicit-call,available,3,3,,,
a20de360a6901fad,bha-tools,m0040,m0040-p0003,procedure,class-or-document-module,sub,private,explicit-call,available,3,3,,,
a20de360a6901fad,bha-tools,m0040,m0040-p0004,procedure,class-or-document-module,sub,private,explicit-call,available,3,3,,,
a20de360a6901fad,bha-tools,m0040,m0040-p0005,procedure,class-or-document-module,sub,private,explicit-call,available,5,5,,,
a20de360a6901fad,bha-tools,m0040,m0040-p0006,procedure,class-or-document-module,sub,private,explicit-call,available,5,5,,,
a20de360a6901fad,bha-tools,m0040,m0040-p0007,procedure,class-or-document-module,sub,private,explicit-call,available,5,5,,,
a20de360a6901fad,bha-tools,m0041,m0041,module,class-or-document-module,,,,available,0,0,,,
a20de360a6901fad,bha-tools,m0042,m0042,module,class-or-document-module,,,,available,0,0,,,
a20de360a6901fad,bha-tools,m0043,m0043,module,class-or-document-module,,,,available,0,0,,,
a20de360a6901fad,bha-tools,m0044,m0044,module,class-or-document-module,,,,available,0,0,,,
a20de360a6901fad,bha-tools,m0045,m0045,module,class-or-document-module,,,,available,0,0,,,
a20de360a6901fad,bha-tools,m0046,m0046,module,class-or-document-module,,,,available,0,0,,,
b147eb91b2f2fd18,thermal,m0001,m0001,module,user-form,,,,available,35,0,,in,com-automation
b147eb91b2f2fd18,thermal,m0001,m0001-p0001,procedure,user-form,function,public,explicit-call,available,28,23,,,com-automation
b147eb91b2f2fd18,thermal,m0001,m0001-p0002,procedure,user-form,sub,private,explicit-call,available,6,5,,in,
b147eb91b2f2fd18,thermal,m0002,m0002,module,user-form,,,,available,7,0,,,
b147eb91b2f2fd18,thermal,m0002,m0002-p0001,procedure,user-form,sub,private,explicit-call,available,3,3,,,
b147eb91b2f2fd18,thermal,m0002,m0002-p0002,procedure,user-form,sub,private,explicit-call,available,3,3,,,
b147eb91b2f2fd18,thermal,m0003,m0003,module,user-form,,,,available,1799,0,bha.geometry|bha.motor-performance|cross-cutting.lookup|cross-cutting.unit-conversion|directional.dogleg-severity,N|ft|mm,
b147eb91b2f2fd18,thermal,m0003,m0003-p0001,procedure,user-form,sub,public,explicit-call,available,7,7,,,
b147eb91b2f2fd18,thermal,m0003,m0003-p0002,procedure,user-form,sub,public,explicit-call,available,7,7,,,
b147eb91b2f2fd18,thermal,m0003,m0003-p0003,procedure,user-form,sub,private,explicit-call,available,3,3,,,
b147eb91b2f2fd18,thermal,m0003,m0003-p0004,procedure,user-form,sub,private,explicit-call,available,512,390,bha.geometry|bha.motor-performance|cross-cutting.unit-conversion|directional.dogleg-severity,mm,
b147eb91b2f2fd18,thermal,m0003,m0003-p0005,procedure,user-form,sub,private,explicit-call,available,27,21,directional.dogleg-severity,,
b147eb91b2f2fd18,thermal,m0003,m0003-p0006,procedure,user-form,sub,private,explicit-call,available,27,21,directional.dogleg-severity,,
b147eb91b2f2fd18,thermal,m0003,m0003-p0007,procedure,user-form,sub,private,explicit-call,available,11,8,,,
b147eb91b2f2fd18,thermal,m0003,m0003-p0008,procedure,user-form,sub,private,explicit-call,available,11,8,,,
b147eb91b2f2fd18,thermal,m0003,m0003-p0009,procedure,user-form,sub,private,explicit-call,available,15,15,,,
b147eb91b2f2fd18,thermal,m0003,m0003-p0010,procedure,user-form,sub,private,explicit-call,available,15,15,,,
b147eb91b2f2fd18,thermal,m0003,m0003-p0011,procedure,user-form,sub,private,explicit-call,available,18,16,,,
b147eb91b2f2fd18,thermal,m0003,m0003-p0012,procedure,user-form,sub,private,explicit-call,available,18,16,,,
b147eb91b2f2fd18,thermal,m0003,m0003-p0013,procedure,user-form,sub,private,explicit-call,available,13,11,bha.geometry,,
b147eb91b2f2fd18,thermal,m0003,m0003-p0014,procedure,user-form,sub,private,explicit-call,available,13,11,bha.geometry,,
b147eb91b2f2fd18,thermal,m0003,m0003-p0015,procedure,user-form,sub,private,explicit-call,available,117,87,bha.geometry|cross-cutting.lookup|directional.dogleg-severity,,
b147eb91b2f2fd18,thermal,m0003,m0003-p0016,procedure,user-form,sub,private,explicit-call,available,113,86,bha.geometry|cross-cutting.lookup|directional.dogleg-severity,,
b147eb91b2f2fd18,thermal,m0003,m0003-p0017,procedure,user-form,sub,private,explicit-call,available,3,3,,,
b147eb91b2f2fd18,thermal,m0003,m0003-p0018,procedure,user-form,sub,private,explicit-call,available,105,86,,,
b147eb91b2f2fd18,thermal,m0003,m0003-p0019,procedure,user-form,sub,private,explicit-call,available,197,151,directional.dogleg-severity,ft,
b147eb91b2f2fd18,thermal,m0003,m0003-p0020,procedure,user-form,sub,private,explicit-call,available,3,3,,,
b147eb91b2f2fd18,thermal,m0003,m0003-p0021,procedure,user-form,sub,private,explicit-call,available,192,149,directional.dogleg-severity,mm,
b147eb91b2f2fd18,thermal,m0003,m0003-p0022,procedure,user-form,sub,private,explicit-call,available,3,3,,,
b147eb91b2f2fd18,thermal,m0003,m0003-p0023,procedure,user-form,sub,private,explicit-call,available,62,47,bha.motor-performance|cross-cutting.lookup|directional.dogleg-severity,N,
b147eb91b2f2fd18,thermal,m0003,m0003-p0024,procedure,user-form,sub,private,explicit-call,available,59,45,bha.motor-performance|cross-cutting.lookup|directional.dogleg-severity,N,
b147eb91b2f2fd18,thermal,m0003,m0003-p0025,procedure,user-form,sub,private,explicit-call,available,17,15,,,
b147eb91b2f2fd18,thermal,m0003,m0003-p0026,procedure,user-form,sub,private,explicit-call,available,17,15,,,
b147eb91b2f2fd18,thermal,m0003,m0003-p0027,procedure,user-form,sub,private,explicit-call,available,49,37,cross-cutting.lookup|directional.dogleg-severity,,
b147eb91b2f2fd18,thermal,m0003,m0003-p0028,procedure,user-form,sub,private,explicit-call,available,50,37,cross-cutting.lookup|directional.dogleg-severity,,
b147eb91b2f2fd18,thermal,m0003,m0003-p0029,procedure,user-form,sub,private,explicit-call,available,16,14,directional.dogleg-severity,,
b147eb91b2f2fd18,thermal,m0003,m0003-p0030,procedure,user-form,sub,private,explicit-call,available,18,16,,,
b147eb91b2f2fd18,thermal,m0003,m0003-p0031,procedure,user-form,sub,private,explicit-call,available,18,16,,,
b147eb91b2f2fd18,thermal,m0003,m0003-p0032,procedure,user-form,sub,private,explicit-call,available,13,11,bha.geometry,,
b147eb91b2f2fd18,thermal,m0003,m0003-p0033,procedure,user-form,sub,private,explicit-call,available,13,11,bha.geometry,,
b147eb91b2f2fd18,thermal,m0004,m0004,module,standard-module,,,,available,133,0,cross-cutting.optimization|directional.dogleg-severity,ft|in,com-automation|environment-access
b147eb91b2f2fd18,thermal,m0004,m0004-p0001,procedure,standard-module,sub,public,explicit-call,available,7,7,,,
b147eb91b2f2fd18,thermal,m0004,m0004-p0002,procedure,standard-module,sub,public,explicit-call,available,7,7,,,
b147eb91b2f2fd18,thermal,m0004,m0004-p0003,procedure,standard-module,sub,public,explicit-call,available,42,24,cross-cutting.optimization|directional.dogleg-severity,in,
b147eb91b2f2fd18,thermal,m0004,m0004-p0004,procedure,standard-module,function,public,explicit-call,available,45,29,,ft,environment-access
b147eb91b2f2fd18,thermal,m0004,m0004-p0005,procedure,standard-module,function,public,explicit-call,available,28,24,,,com-automation
b147eb91b2f2fd18,thermal,m0005,m0005,module,user-form,,,,available,240,0,bha.tool-life,percent,
b147eb91b2f2fd18,thermal,m0005,m0005-p0001,procedure,user-form,sub,private,explicit-call,available,7,5,,,
b147eb91b2f2fd18,thermal,m0005,m0005-p0002,procedure,user-form,sub,private,explicit-call,available,41,28,,,
b147eb91b2f2fd18,thermal,m0005,m0005-p0003,procedure,user-form,sub,private,explicit-call,available,186,158,bha.tool-life,percent,
b147eb91b2f2fd18,thermal,m0005,m0005-p0004,procedure,user-form,sub,private,explicit-call,available,3,2,,,
b147eb91b2f2fd18,thermal,m0006,m0006,module,user-form,,,,available,0,0,,,
b147eb91b2f2fd18,thermal,m0007,m0007,module,standard-module,,,,available,94,0,directional.dogleg-severity,N,
b147eb91b2f2fd18,thermal,m0007,m0007-p0001,procedure,standard-module,sub,public,explicit-call,available,7,7,,,
b147eb91b2f2fd18,thermal,m0007,m0007-p0002,procedure,standard-module,sub,public,explicit-call,available,7,7,,,
b147eb91b2f2fd18,thermal,m0007,m0007-p0003,procedure,standard-module,sub,private,explicit-call,available,40,30,,,
b147eb91b2f2fd18,thermal,m0007,m0007-p0004,procedure,standard-module,sub,public,explicit-call,available,37,26,directional.dogleg-severity,N,
b147eb91b2f2fd18,thermal,m0008,m0008,module,user-form,,,,available,363,0,bha.motor-performance|cross-cutting.lookup|cross-cutting.unit-conversion|directional.dogleg-severity,N|mm,
b147eb91b2f2fd18,thermal,m0008,m0008-p0001,procedure,user-form,sub,public,explicit-call,available,7,7,,,
b147eb91b2f2fd18,thermal,m0008,m0008-p0002,procedure,user-form,sub,public,explicit-call,available,7,7,,,
b147eb91b2f2fd18,thermal,m0008,m0008-p0003,procedure,user-form,sub,private,explicit-call,available,3,3,,,
b147eb91b2f2fd18,thermal,m0008,m0008-p0004,procedure,user-form,sub,private,explicit-call,available,292,206,bha.motor-performance|cross-cutting.lookup|cross-cutting.unit-conversion|directional.dogleg-severity,N|mm,
b147eb91b2f2fd18,thermal,m0008,m0008-p0005,procedure,user-form,sub,private,explicit-call,available,4,4,,,
b147eb91b2f2fd18,thermal,m0008,m0008-p0006,procedure,user-form,sub,private,explicit-call,available,27,23,directional.dogleg-severity,,
b147eb91b2f2fd18,thermal,m0008,m0008-p0007,procedure,user-form,sub,private,explicit-call,available,17,14,directional.dogleg-severity,,
b147eb91b2f2fd18,thermal,m0009,m0009,module,user-form,,,,available,0,0,,,
b147eb91b2f2fd18,thermal,m0010,m0010,module,standard-module,,,,available,73,0,directional.dogleg-severity,,
b147eb91b2f2fd18,thermal,m0010,m0010-p0001,procedure,standard-module,sub,public,explicit-call,available,8,7,,,
b147eb91b2f2fd18,thermal,m0010,m0010-p0002,procedure,standard-module,sub,public,explicit-call,available,8,7,,,
b147eb91b2f2fd18,thermal,m0010,m0010-p0003,procedure,standard-module,sub,public,explicit-call,available,30,21,,,
b147eb91b2f2fd18,thermal,m0010,m0010-p0004,procedure,standard-module,sub,public,explicit-call,available,24,15,directional.dogleg-severity,,
b147eb91b2f2fd18,thermal,m0011,m0011,module,standard-module,,,,available,133,0,cross-cutting.optimization|cross-cutting.unit-conversion|directional.dogleg-severity,ft|in,com-automation|environment-access
b147eb91b2f2fd18,thermal,m0011,m0011-p0001,procedure,standard-module,sub,public,explicit-call,available,7,7,,,
b147eb91b2f2fd18,thermal,m0011,m0011-p0002,procedure,standard-module,sub,public,explicit-call,available,7,7,,,
b147eb91b2f2fd18,thermal,m0011,m0011-p0003,procedure,standard-module,sub,public,explicit-call,available,42,24,cross-cutting.optimization|cross-cutting.unit-conversion|directional.dogleg-severity,in,
b147eb91b2f2fd18,thermal,m0011,m0011-p0004,procedure,standard-module,function,public,explicit-call,available,45,29,directional.dogleg-severity,ft,environment-access
b147eb91b2f2fd18,thermal,m0011,m0011-p0005,procedure,standard-module,function,public,explicit-call,available,28,24,directional.dogleg-severity,,com-automation
b147eb91b2f2fd18,thermal,m0012,m0012,module,standard-module,,,,available,505,0,bha.motor-performance|bha.tool-life|cross-cutting.unit-conversion|directional.coordinates|hydraulics.bit-nozzle|hydraulics.pressure-loss,N|W|h|mm,
b147eb91b2f2fd18,thermal,m0012,m0012-p0001,procedure,standard-module,sub,private,explicit-call,available,157,119,bha.motor-performance|bha.tool-life|hydraulics.bit-nozzle,N|W|h|mm,
b147eb91b2f2fd18,thermal,m0012,m0012-p0002,procedure,standard-module,sub,public,explicit-call,available,347,299,bha.tool-life|cross-cutting.unit-conversion|directional.coordinates|hydraulics.bit-nozzle|hydraulics.pressure-loss,N|h,
b147eb91b2f2fd18,thermal,m0013,m0013,module,standard-module,,,,available,336,0,bha.motor-performance|bha.tool-life|cross-cutting.optimization|hydraulics.bit-nozzle,N|W|h|mm,
b147eb91b2f2fd18,thermal,m0013,m0013-p0001,procedure,standard-module,sub,public,explicit-call,available,7,7,,,
b147eb91b2f2fd18,thermal,m0013,m0013-p0002,procedure,standard-module,sub,public,explicit-call,available,7,7,,,
b147eb91b2f2fd18,thermal,m0013,m0013-p0003,procedure,standard-module,sub,public,explicit-call,available,29,21,,,
b147eb91b2f2fd18,thermal,m0013,m0013-p0004,procedure,standard-module,sub,public,explicit-call,available,170,130,bha.motor-performance|bha.tool-life|cross-cutting.optimization|hydraulics.bit-nozzle,N|W|h|mm,
b147eb91b2f2fd18,thermal,m0013,m0013-p0005,procedure,standard-module,sub,public,explicit-call,available,117,92,bha.tool-life|hydraulics.bit-nozzle,N|h|mm,
b147eb91b2f2fd18,thermal,m0014,m0014,module,standard-module,,,,available,391,0,cross-cutting.unit-conversion|directional.coordinates,,
b147eb91b2f2fd18,thermal,m0014,m0014-p0001,procedure,standard-module,sub,public,explicit-call,available,391,320,cross-cutting.unit-conversion|directional.coordinates,,
b147eb91b2f2fd18,thermal,m0015,m0015,module,standard-module,,,,available,352,0,cross-cutting.optimization|cross-cutting.unit-conversion,ft|in,com-automation|filesystem-write|environment-access
b147eb91b2f2fd18,thermal,m0015,m0015-p0001,procedure,standard-module,sub,public,explicit-call,available,7,7,,,
b147eb91b2f2fd18,thermal,m0015,m0015-p0002,procedure,standard-module,sub,public,explicit-call,available,8,7,,,
b147eb91b2f2fd18,thermal,m0015,m0015-p0003,procedure,standard-module,sub,public,explicit-call,available,42,30,cross-cutting.optimization|cross-cutting.unit-conversion,in,
b147eb91b2f2fd18,thermal,m0015,m0015-p0004,procedure,standard-module,function,public,explicit-call,available,45,29,,ft,environment-access
b147eb91b2f2fd18,thermal,m0015,m0015-p0005,procedure,standard-module,function,public,explicit-call,available,28,24,,,com-automation
b147eb91b2f2fd18,thermal,m0015,m0015-p0006,procedure,standard-module,sub,public,explicit-call,available,42,35,,,filesystem-write
b147eb91b2f2fd18,thermal,m0015,m0015-p0007,procedure,standard-module,function,public,explicit-call,available,45,28,,ft,environment-access|filesystem-write
b147eb91b2f2fd18,thermal,m0015,m0015-p0008,procedure,standard-module,sub,public,explicit-call,available,46,37,,in,filesystem-write
b147eb91b2f2fd18,thermal,m0015,m0015-p0009,procedure,standard-module,function,public,explicit-call,available,45,28,,ft,environment-access|filesystem-write
b147eb91b2f2fd18,thermal,m0015,m0015-p0010,procedure,standard-module,function,public,explicit-call,available,29,24,,,com-automation
b147eb91b2f2fd18,thermal,m0015,m0015-p0011,procedure,standard-module,sub,public,explicit-call,available,4,4,,,
b147eb91b2f2fd18,thermal,m0016,m0016,module,standard-module,,,,available,225,0,bha.tool-life|cross-cutting.optimization,min|mm,
b147eb91b2f2fd18,thermal,m0016,m0016-p0001,procedure,standard-module,sub,public,explicit-call,available,8,7,,,
b147eb91b2f2fd18,thermal,m0016,m0016-p0002,procedure,standard-module,sub,public,explicit-call,available,7,7,,,
b147eb91b2f2fd18,thermal,m0016,m0016-p0003,procedure,standard-module,sub,public,explicit-call,available,9,8,cross-cutting.optimization,,
b147eb91b2f2fd18,thermal,m0016,m0016-p0004,procedure,standard-module,sub,public,explicit-call,available,11,9,cross-cutting.optimization,,
b147eb91b2f2fd18,thermal,m0016,m0016-p0005,procedure,standard-module,sub,public,explicit-call,available,57,37,,min|mm,
b147eb91b2f2fd18,thermal,m0016,m0016-p0006,procedure,standard-module,sub,public,explicit-call,available,11,10,,,
b147eb91b2f2fd18,thermal,m0016,m0016-p0007,procedure,standard-module,sub,public,explicit-call,available,11,10,,,
b147eb91b2f2fd18,thermal,m0016,m0016-p0008,procedure,standard-module,sub,public,explicit-call,available,11,10,bha.tool-life,,
b147eb91b2f2fd18,thermal,m0016,m0016-p0009,procedure,standard-module,sub,public,explicit-call,available,12,10,bha.tool-life,,
b147eb91b2f2fd18,thermal,m0016,m0016-p0010,procedure,standard-module,sub,public,explicit-call,available,21,19,,,
b147eb91b2f2fd18,thermal,m0016,m0016-p0011,procedure,standard-module,sub,public,explicit-call,available,21,19,bha.tool-life,,
b147eb91b2f2fd18,thermal,m0016,m0016-p0012,procedure,standard-module,sub,public,explicit-call,available,8,6,,,
b147eb91b2f2fd18,thermal,m0016,m0016-p0013,procedure,standard-module,sub,public,explicit-call,available,8,6,,,
b147eb91b2f2fd18,thermal,m0016,m0016-p0014,procedure,standard-module,sub,public,explicit-call,available,8,6,,,
b147eb91b2f2fd18,thermal,m0016,m0016-p0015,procedure,standard-module,sub,public,explicit-call,available,8,6,,,
b147eb91b2f2fd18,thermal,m0017,m0017,module,standard-module,,,,available,106,0,cross-cutting.optimization,,
b147eb91b2f2fd18,thermal,m0017,m0017-p0001,procedure,standard-module,sub,public,explicit-call,available,4,4,cross-cutting.optimization,,
b147eb91b2f2fd18,thermal,m0017,m0017-p0002,procedure,standard-module,sub,public,explicit-call,available,4,4,cross-cutting.optimization,,
b147eb91b2f2fd18,thermal,m0017,m0017-p0003,procedure,standard-module,sub,public,explicit-call,available,16,16,,,
b147eb91b2f2fd18,thermal,m0017,m0017-p0004,procedure,standard-module,sub,public,explicit-call,available,16,16,,,
b147eb91b2f2fd18,thermal,m0017,m0017-p0005,procedure,standard-module,sub,public,explicit-call,available,16,16,,,
b147eb91b2f2fd18,thermal,m0017,m0017-p0006,procedure,standard-module,sub,public,explicit-call,available,14,14,,,
b147eb91b2f2fd18,thermal,m0017,m0017-p0007,procedure,standard-module,sub,public,explicit-call,available,14,14,,,
b147eb91b2f2fd18,thermal,m0017,m0017-p0008,procedure,standard-module,sub,public,explicit-call,available,14,14,,,
b147eb91b2f2fd18,thermal,m0018,m0018,module,user-form,,,,available,143,0,bha.geometry|bha.motor-performance|cross-cutting.lookup,N,
b147eb91b2f2fd18,thermal,m0018,m0018-p0001,procedure,user-form,sub,private,explicit-call,available,30,20,bha.geometry|cross-cutting.lookup,,
b147eb91b2f2fd18,thermal,m0018,m0018-p0002,procedure,user-form,sub,private,explicit-call,available,3,3,,,
b147eb91b2f2fd18,thermal,m0018,m0018-p0003,procedure,user-form,sub,private,explicit-call,available,20,17,,,
b147eb91b2f2fd18,thermal,m0018,m0018-p0004,procedure,user-form,sub,private,explicit-call,available,45,31,cross-cutting.lookup,,
b147eb91b2f2fd18,thermal,m0018,m0018-p0005,procedure,user-form,sub,private,explicit-call,available,41,32,bha.geometry|bha.motor-performance|cross-cutting.lookup,N,
b147eb91b2f2fd18,thermal,m0019,m0019,module,user-form,,,,available,1092,0,bha.geometry|cross-cutting.lookup|cross-cutting.unit-conversion|directional.dogleg-severity|hydraulics.annular-velocity|hydraulics.hole-cleaning|hydraulics.reynolds-number|hydraulics.rheology,Pa|deg|gal/min|kg/m^3|m|mm|percent|ppg,
b147eb91b2f2fd18,thermal,m0019,m0019-p0001,procedure,user-form,sub,public,explicit-call,available,9,7,,,
b147eb91b2f2fd18,thermal,m0019,m0019-p0002,procedure,user-form,sub,public,explicit-call,available,9,7,,,
b147eb91b2f2fd18,thermal,m0019,m0019-p0003,procedure,user-form,sub,private,explicit-call,available,5,3,,,
b147eb91b2f2fd18,thermal,m0019,m0019-p0004,procedure,user-form,sub,private,explicit-call,available,5,3,,,
b147eb91b2f2fd18,thermal,m0019,m0019-p0005,procedure,user-form,sub,private,explicit-call,available,304,213,cross-cutting.lookup|cross-cutting.unit-conversion|directional.dogleg-severity|hydraulics.annular-velocity|hydraulics.hole-cleaning|hydraulics.reynolds-number|hydraulics.rheology,Pa|deg|percent,
b147eb91b2f2fd18,thermal,m0019,m0019-p0006,procedure,user-form,sub,private,explicit-call,available,75,55,bha.geometry|cross-cutting.lookup,,
b147eb91b2f2fd18,thermal,m0019,m0019-p0007,procedure,user-form,sub,private,explicit-call,available,11,7,cross-cutting.lookup,,
b147eb91b2f2fd18,thermal,m0019,m0019-p0008,procedure,user-form,sub,private,explicit-call,available,11,7,cross-cutting.lookup,,
b147eb91b2f2fd18,thermal,m0019,m0019-p0009,procedure,user-form,sub,private,explicit-call,available,16,11,cross-cutting.lookup,,
b147eb91b2f2fd18,thermal,m0019,m0019-p0010,procedure,user-form,sub,private,explicit-call,available,11,7,cross-cutting.lookup,,
b147eb91b2f2fd18,thermal,m0019,m0019-p0011,procedure,user-form,sub,private,explicit-call,available,16,11,cross-cutting.lookup,,
b147eb91b2f2fd18,thermal,m0019,m0019-p0012,procedure,user-form,sub,private,explicit-call,available,13,10,,,
b147eb91b2f2fd18,thermal,m0019,m0019-p0013,procedure,user-form,sub,private,explicit-call,available,3,3,,,
b147eb91b2f2fd18,thermal,m0019,m0019-p0014,procedure,user-form,sub,private,explicit-call,available,3,2,cross-cutting.lookup,,
b147eb91b2f2fd18,thermal,m0019,m0019-p0015,procedure,user-form,sub,private,explicit-call,available,11,7,cross-cutting.lookup,,
b147eb91b2f2fd18,thermal,m0019,m0019-p0016,procedure,user-form,sub,private,explicit-call,available,30,23,,,
b147eb91b2f2fd18,thermal,m0019,m0019-p0017,procedure,user-form,sub,private,explicit-call,available,10,6,hydraulics.rheology,,
b147eb91b2f2fd18,thermal,m0019,m0019-p0018,procedure,user-form,sub,private,explicit-call,available,10,6,hydraulics.rheology,,
b147eb91b2f2fd18,thermal,m0019,m0019-p0019,procedure,user-form,sub,private,explicit-call,available,40,32,hydraulics.rheology,,
b147eb91b2f2fd18,thermal,m0019,m0019-p0020,procedure,user-form,sub,private,explicit-call,available,25,20,,,
b147eb91b2f2fd18,thermal,m0019,m0019-p0021,procedure,user-form,sub,private,explicit-call,available,76,55,,gal/min|ppg,
b147eb91b2f2fd18,thermal,m0019,m0019-p0022,procedure,user-form,sub,private,explicit-call,available,44,30,cross-cutting.lookup,m|mm,
b147eb91b2f2fd18,thermal,m0019,m0019-p0023,procedure,user-form,sub,private,explicit-call,available,78,55,,kg/m^3|mm,
b147eb91b2f2fd18,thermal,m0019,m0019-p0024,procedure,user-form,sub,private,explicit-call,available,13,8,cross-cutting.lookup,,
b147eb91b2f2fd18,thermal,m0019,m0019-p0025,procedure,user-form,sub,private,explicit-call,available,12,8,cross-cutting.lookup,,
b147eb91b2f2fd18,thermal,m0019,m0019-p0026,procedure,user-form,sub,private,explicit-call,available,59,45,bha.geometry|cross-cutting.lookup|hydraulics.reynolds-number,,
b147eb91b2f2fd18,thermal,m0019,m0019-p0027,procedure,user-form,sub,private,explicit-call,available,87,66,hydraulics.rheology,,
b147eb91b2f2fd18,thermal,m0019,m0019-p0028,procedure,user-form,sub,private,explicit-call,available,20,14,,,
b147eb91b2f2fd18,thermal,m0019,m0019-p0029,procedure,user-form,sub,private,explicit-call,available,11,6,cross-cutting.lookup,,
b147eb91b2f2fd18,thermal,m0019,m0019-p0030,procedure,user-form,sub,private,explicit-call,available,12,7,cross-cutting.lookup,,
b147eb91b2f2fd18,thermal,m0019,m0019-p0031,procedure,user-form,sub,private,explicit-call,available,8,6,,,
b147eb91b2f2fd18,thermal,m0019,m0019-p0032,procedure,user-form,sub,private,explicit-call,available,11,7,cross-cutting.lookup,,
b147eb91b2f2fd18,thermal,m0020,m0020,module,user-form,,,,available,0,0,,,
b147eb91b2f2fd18,thermal,m0021,m0021,module,standard-module,,,,available,505,0,bha.geometry|cross-cutting.lookup|cross-cutting.unit-conversion|hydraulics.rheology,N|mm,
b147eb91b2f2fd18,thermal,m0021,m0021-p0001,procedure,standard-module,sub,public,explicit-call,available,7,7,,,
b147eb91b2f2fd18,thermal,m0021,m0021-p0002,procedure,standard-module,sub,public,explicit-call,available,7,7,,,
b147eb91b2f2fd18,thermal,m0021,m0021-p0003,procedure,standard-module,sub,public,explicit-call,available,142,102,cross-cutting.lookup|hydraulics.rheology,mm,
b147eb91b2f2fd18,thermal,m0021,m0021-p0004,procedure,standard-module,sub,public,explicit-call,available,68,53,bha.geometry|cross-cutting.lookup,,
b147eb91b2f2fd18,thermal,m0021,m0021-p0005,procedure,standard-module,sub,public,explicit-call,available,18,15,cross-cutting.lookup,,
b147eb91b2f2fd18,thermal,m0021,m0021-p0006,procedure,standard-module,sub,public,explicit-call,available,23,14,,,
b147eb91b2f2fd18,thermal,m0021,m0021-p0007,procedure,standard-module,sub,public,explicit-call,available,132,95,cross-cutting.lookup|hydraulics.rheology,,
b147eb91b2f2fd18,thermal,m0021,m0021-p0008,procedure,standard-module,sub,public,explicit-call,available,100,65,cross-cutting.lookup|cross-cutting.unit-conversion|hydraulics.rheology,N,
b147eb91b2f2fd18,thermal,m0022,m0022,module,standard-module,,,,available,133,0,cross-cutting.optimization|cross-cutting.unit-conversion|directional.dogleg-severity,ft|in,com-automation|environment-access
b147eb91b2f2fd18,thermal,m0022,m0022-p0001,procedure,standard-module,sub,public,explicit-call,available,7,7,,,
b147eb91b2f2fd18,thermal,m0022,m0022-p0002,procedure,standard-module,sub,public,explicit-call,available,7,7,,,
b147eb91b2f2fd18,thermal,m0022,m0022-p0003,procedure,standard-module,sub,public,explicit-call,available,42,24,cross-cutting.optimization|cross-cutting.unit-conversion|directional.dogleg-severity,in,
b147eb91b2f2fd18,thermal,m0022,m0022-p0004,procedure,standard-module,function,public,explicit-call,available,45,29,,ft,environment-access
b147eb91b2f2fd18,thermal,m0022,m0022-p0005,procedure,standard-module,function,public,explicit-call,available,28,24,,,com-automation
b147eb91b2f2fd18,thermal,m0023,m0023,module,user-form,,,,available,364,0,bha.motor-performance|bha.tool-life|cross-cutting.optimization|hydraulics.bit-nozzle,N|h|mm,
b147eb91b2f2fd18,thermal,m0023,m0023-p0001,procedure,user-form,sub,private,explicit-call,available,16,10,,,
b147eb91b2f2fd18,thermal,m0023,m0023-p0002,procedure,user-form,sub,private,explicit-call,available,3,3,,,
b147eb91b2f2fd18,thermal,m0023,m0023-p0003,procedure,user-form,sub,private,explicit-call,available,326,242,bha.motor-performance|bha.tool-life|cross-cutting.optimization|hydraulics.bit-nozzle,N|h|mm,
b147eb91b2f2fd18,thermal,m0023,m0023-p0004,procedure,user-form,sub,private,explicit-call,available,16,12,,,
b147eb91b2f2fd18,thermal,m0024,m0024,module,user-form,,,,available,2559,0,bha.geometry|bha.motor-performance|bha.tool-life|cross-cutting.lookup|cross-cutting.unit-conversion|directional.coordinates|hydraulics.bit-nozzle|hydraulics.pressure-loss,N|W|degC|degF|ft|gal/min|h|in^2|kPa|kg/m^3|m^2|mm|percent|ppg|psi,
b147eb91b2f2fd18,thermal,m0024,m0024-p0001,procedure,user-form,sub,public,explicit-call,available,9,7,,,
b147eb91b2f2fd18,thermal,m0024,m0024-p0002,procedure,user-form,sub,public,explicit-call,available,9,7,,,
b147eb91b2f2fd18,thermal,m0024,m0024-p0003,procedure,user-form,sub,private,explicit-call,available,6,4,,h,
b147eb91b2f2fd18,thermal,m0024,m0024-p0004,procedure,user-form,sub,private,explicit-call,available,16,15,,kPa|psi,
b147eb91b2f2fd18,thermal,m0024,m0024-p0005,procedure,user-form,sub,private,explicit-call,available,44,35,,,
b147eb91b2f2fd18,thermal,m0024,m0024-p0006,procedure,user-form,sub,private,explicit-call,available,5,3,,,
b147eb91b2f2fd18,thermal,m0024,m0024-p0007,procedure,user-form,sub,private,explicit-call,available,895,711,bha.geometry|bha.motor-performance|bha.tool-life|cross-cutting.lookup|cross-cutting.unit-conversion|directional.coordinates|hydraulics.bit-nozzle|hydraulics.pressure-loss,degC|degF|ft|gal/min|h|kPa|kg/m^3|mm|ppg|psi,
b147eb91b2f2fd18,thermal,m0024,m0024-p0008,procedure,user-form,sub,private,explicit-call,available,5,3,,,
b147eb91b2f2fd18,thermal,m0024,m0024-p0009,procedure,user-form,sub,private,explicit-call,available,28,23,,,
b147eb91b2f2fd18,thermal,m0024,m0024-p0010,procedure,user-form,sub,private,explicit-call,available,17,15,,gal/min,
b147eb91b2f2fd18,thermal,m0024,m0024-p0011,procedure,user-form,sub,private,explicit-call,available,17,15,,kPa|psi,
b147eb91b2f2fd18,thermal,m0024,m0024-p0012,procedure,user-form,sub,private,explicit-call,available,17,15,,kPa|psi,
b147eb91b2f2fd18,thermal,m0024,m0024-p0013,procedure,user-form,sub,private,explicit-call,available,91,74,,,
b147eb91b2f2fd18,thermal,m0024,m0024-p0014,procedure,user-form,sub,private,explicit-call,available,138,126,,,
b147eb91b2f2fd18,thermal,m0024,m0024-p0015,procedure,user-form,sub,private,explicit-call,available,10,8,bha.tool-life,,
b147eb91b2f2fd18,thermal,m0024,m0024-p0016,procedure,user-form,sub,private,explicit-call,available,24,22,,,
b147eb91b2f2fd18,thermal,m0024,m0024-p0017,procedure,user-form,sub,private,explicit-call,available,24,22,,,
b147eb91b2f2fd18,thermal,m0024,m0024-p0018,procedure,user-form,sub,private,explicit-call,available,24,22,,,
b147eb91b2f2fd18,thermal,m0024,m0024-p0019,procedure,user-form,sub,private,explicit-call,available,24,22,,,
b147eb91b2f2fd18,thermal,m0024,m0024-p0020,procedure,user-form,sub,private,explicit-call,available,37,35,,degF|ft|gal/min|in^2|ppg|psi,
b147eb91b2f2fd18,thermal,m0024,m0024-p0021,procedure,user-form,sub,private,explicit-call,available,37,35,,degC|kPa|kg/m^3|m^2|mm,
b147eb91b2f2fd18,thermal,m0024,m0024-p0022,procedure,user-form,sub,private,explicit-call,available,24,22,,,
b147eb91b2f2fd18,thermal,m0024,m0024-p0023,procedure,user-form,sub,private,explicit-call,available,5,3,,,
b147eb91b2f2fd18,thermal,m0024,m0024-p0024,procedure,user-form,sub,private,explicit-call,available,336,277,cross-cutting.lookup,gal/min|kPa|psi,
b147eb91b2f2fd18,thermal,m0024,m0024-p0025,procedure,user-form,sub,private,explicit-call,available,44,34,bha.motor-performance|cross-cutting.lookup,N,
b147eb91b2f2fd18,thermal,m0024,m0024-p0026,procedure,user-form,sub,private,explicit-call,available,5,3,,,
b147eb91b2f2fd18,thermal,m0024,m0024-p0027,procedure,user-form,sub,private,explicit-call,available,5,3,,,
b147eb91b2f2fd18,thermal,m0024,m0024-p0028,procedure,user-form,sub,private,explicit-call,available,5,3,,,
b147eb91b2f2fd18,thermal,m0024,m0024-p0029,procedure,user-form,sub,private,explicit-call,available,21,19,,,
b147eb91b2f2fd18,thermal,m0024,m0024-p0030,procedure,user-form,sub,private,explicit-call,available,8,6,bha.motor-performance|bha.tool-life,percent,
b147eb91b2f2fd18,thermal,m0024,m0024-p0031,procedure,user-form,sub,private,explicit-call,available,8,6,bha.motor-performance|bha.tool-life,percent,
b147eb91b2f2fd18,thermal,m0024,m0024-p0032,procedure,user-form,sub,private,explicit-call,available,26,22,,,
b147eb91b2f2fd18,thermal,m0024,m0024-p0033,procedure,user-form,sub,private,explicit-call,available,56,35,cross-cutting.unit-conversion|hydraulics.bit-nozzle,,
b147eb91b2f2fd18,thermal,m0024,m0024-p0034,procedure,user-form,sub,private,explicit-call,available,24,22,,,
b147eb91b2f2fd18,thermal,m0024,m0024-p0035,procedure,user-form,sub,private,explicit-call,available,24,22,,,
b147eb91b2f2fd18,thermal,m0024,m0024-p0036,procedure,user-form,sub,private,explicit-call,available,24,22,,,
b147eb91b2f2fd18,thermal,m0024,m0024-p0037,procedure,user-form,sub,private,explicit-call,available,24,22,,,
b147eb91b2f2fd18,thermal,m0024,m0024-p0038,procedure,user-form,sub,private,explicit-call,available,141,126,,,
b147eb91b2f2fd18,thermal,m0024,m0024-p0039,procedure,user-form,sub,private,explicit-call,available,10,6,,h,
b147eb91b2f2fd18,thermal,m0024,m0024-p0040,procedure,user-form,sub,private,explicit-call,available,141,126,,,
b147eb91b2f2fd18,thermal,m0024,m0024-p0041,procedure,user-form,sub,private,explicit-call,available,10,6,,h,
b147eb91b2f2fd18,thermal,m0024,m0024-p0042,procedure,user-form,sub,private,explicit-call,available,8,8,bha.tool-life,,
b147eb91b2f2fd18,thermal,m0025,m0025,module,standard-module,,,,available,278,0,bha.motor-performance|cross-cutting.lookup|cross-cutting.unit-conversion,N|mm,
b147eb91b2f2fd18,thermal,m0025,m0025-p0001,procedure,standard-module,sub,public,explicit-call,available,7,7,,,
b147eb91b2f2fd18,thermal,m0025,m0025-p0002,procedure,standard-module,sub,public,explicit-call,available,7,7,,,
b147eb91b2f2fd18,thermal,m0025,m0025-p0003,procedure,standard-module,sub,public,explicit-call,available,89,69,bha.motor-performance|cross-cutting.lookup,N|mm,
b147eb91b2f2fd18,thermal,m0025,m0025-p0004,procedure,standard-module,sub,public,explicit-call,available,21,14,,,
b147eb91b2f2fd18,thermal,m0025,m0025-p0005,procedure,standard-module,sub,public,explicit-call,available,84,63,bha.motor-performance|cross-cutting.lookup,N|mm,
b147eb91b2f2fd18,thermal,m0025,m0025-p0006,procedure,standard-module,sub,public,explicit-call,available,65,41,cross-cutting.unit-conversion,N,
b147eb91b2f2fd18,thermal,m0026,m0026,module,standard-module,,,,available,133,0,cross-cutting.optimization|cross-cutting.unit-conversion|directional.dogleg-severity,ft|in,com-automation|environment-access
b147eb91b2f2fd18,thermal,m0026,m0026-p0001,procedure,standard-module,sub,public,explicit-call,available,7,7,,,
b147eb91b2f2fd18,thermal,m0026,m0026-p0002,procedure,standard-module,sub,public,explicit-call,available,7,7,,,
b147eb91b2f2fd18,thermal,m0026,m0026-p0003,procedure,standard-module,sub,public,explicit-call,available,42,24,cross-cutting.optimization|cross-cutting.unit-conversion|directional.dogleg-severity,in,
b147eb91b2f2fd18,thermal,m0026,m0026-p0004,procedure,standard-module,function,public,explicit-call,available,45,29,,ft,environment-access
b147eb91b2f2fd18,thermal,m0026,m0026-p0005,procedure,standard-module,function,public,explicit-call,available,28,24,,,com-automation
b147eb91b2f2fd18,thermal,m0027,m0027,module,user-form,,,,available,483,0,bha.motor-performance|bha.tool-life|cross-cutting.lookup|cross-cutting.unit-conversion,N|degF|gal/min|kPa|kg/m^3|ppg|psi,
b147eb91b2f2fd18,thermal,m0027,m0027-p0001,procedure,user-form,sub,public,explicit-call,available,7,7,,,
b147eb91b2f2fd18,thermal,m0027,m0027-p0002,procedure,user-form,sub,public,explicit-call,available,7,7,,,
b147eb91b2f2fd18,thermal,m0027,m0027-p0003,procedure,user-form,sub,private,explicit-call,available,3,3,,,
b147eb91b2f2fd18,thermal,m0027,m0027-p0004,procedure,user-form,sub,private,explicit-call,available,282,185,bha.motor-performance|bha.tool-life|cross-cutting.unit-conversion,degF|gal/min|kPa|psi,
b147eb91b2f2fd18,thermal,m0027,m0027-p0005,procedure,user-form,sub,private,explicit-call,available,25,18,cross-cutting.lookup,N,
b147eb91b2f2fd18,thermal,m0027,m0027-p0006,procedure,user-form,sub,private,explicit-call,available,3,3,,,
b147eb91b2f2fd18,thermal,m0027,m0027-p0007,procedure,user-form,sub,private,explicit-call,available,29,23,,,
b147eb91b2f2fd18,thermal,m0027,m0027-p0008,procedure,user-form,sub,private,explicit-call,available,24,15,,gal/min|ppg|psi,
b147eb91b2f2fd18,thermal,m0027,m0027-p0009,procedure,user-form,sub,private,explicit-call,available,25,15,,kPa|kg/m^3,
b147eb91b2f2fd18,thermal,m0027,m0027-p0010,procedure,user-form,sub,private,explicit-call,available,24,20,cross-cutting.lookup,,
b147eb91b2f2fd18,thermal,m0027,m0027-p0011,procedure,user-form,sub,private,explicit-call,available,23,18,bha.motor-performance|cross-cutting.lookup,N,
b147eb91b2f2fd18,thermal,m0027,m0027-p0012,procedure,user-form,sub,private,explicit-call,available,20,14,,,
b147eb91b2f2fd18,thermal,m0028,m0028,module,user-form,,,,available,0,0,,,
b147eb91b2f2fd18,thermal,m0029,m0029,module,user-form,,,,available,54,0,directional.dogleg-severity,,
b147eb91b2f2fd18,thermal,m0029,m0029-p0001,procedure,user-form,sub,public,explicit-call,available,7,7,,,
b147eb91b2f2fd18,thermal,m0029,m0029-p0002,procedure,user-form,sub,public,explicit-call,available,7,7,,,
b147eb91b2f2fd18,thermal,m0029,m0029-p0003,procedure,user-form,sub,private,explicit-call,available,3,3,,,
b147eb91b2f2fd18,thermal,m0029,m0029-p0004,procedure,user-form,sub,private,explicit-call,available,24,17,directional.dogleg-severity,,
b147eb91b2f2fd18,thermal,m0029,m0029-p0005,procedure,user-form,sub,private,explicit-call,available,4,4,,,
b147eb91b2f2fd18,thermal,m0029,m0029-p0006,procedure,user-form,sub,private,explicit-call,available,3,3,,,
b147eb91b2f2fd18,thermal,m0030,m0030,module,user-form,,,,available,0,0,,,
b147eb91b2f2fd18,thermal,m0031,m0031,module,standard-module,,,,available,521,0,cross-cutting.unit-conversion|directional.dogleg-severity,,
b147eb91b2f2fd18,thermal,m0031,m0031-p0001,procedure,standard-module,sub,public,explicit-call,available,7,7,,,
b147eb91b2f2fd18,thermal,m0031,m0031-p0002,procedure,standard-module,sub,public,explicit-call,available,7,7,,,
b147eb91b2f2fd18,thermal,m0031,m0031-p0003,procedure,standard-module,sub,public,explicit-call,available,16,8,directional.dogleg-severity,,
b147eb91b2f2fd18,thermal,m0031,m0031-p0004,procedure,standard-module,sub,public,explicit-call,available,16,8,,,
b147eb91b2f2fd18,thermal,m0031,m0031-p0005,procedure,standard-module,sub,public,explicit-call,available,15,8,directional.dogleg-severity,,
b147eb91b2f2fd18,thermal,m0031,m0031-p0006,procedure,standard-module,sub,public,explicit-call,available,15,8,directional.dogleg-severity,,
b147eb91b2f2fd18,thermal,m0031,m0031-p0007,procedure,standard-module,sub,public,explicit-call,available,16,9,cross-cutting.unit-conversion,,
b147eb91b2f2fd18,thermal,m0031,m0031-p0008,procedure,standard-module,sub,public,explicit-call,available,15,8,,,
b147eb91b2f2fd18,thermal,m0031,m0031-p0009,procedure,standard-module,sub,public,explicit-call,available,15,8,,,
b147eb91b2f2fd18,thermal,m0031,m0031-p0010,procedure,standard-module,sub,public,explicit-call,available,15,8,,,
b147eb91b2f2fd18,thermal,m0031,m0031-p0011,procedure,standard-module,sub,public,explicit-call,available,14,8,,,
b147eb91b2f2fd18,thermal,m0031,m0031-p0012,procedure,standard-module,sub,public,explicit-call,available,15,8,,,
b147eb91b2f2fd18,thermal,m0031,m0031-p0013,procedure,standard-module,sub,public,explicit-call,available,15,8,,,
b147eb91b2f2fd18,thermal,m0031,m0031-p0014,procedure,standard-module,sub,public,explicit-call,available,15,8,,,
b147eb91b2f2fd18,thermal,m0031,m0031-p0015,procedure,standard-module,sub,public,explicit-call,available,16,8,,,
b147eb91b2f2fd18,thermal,m0031,m0031-p0016,procedure,standard-module,sub,public,explicit-call,available,15,8,,,
b147eb91b2f2fd18,thermal,m0031,m0031-p0017,procedure,standard-module,sub,public,explicit-call,available,19,12,,,
b147eb91b2f2fd18,thermal,m0031,m0031-p0018,procedure,standard-module,sub,public,explicit-call,available,19,12,,,
b147eb91b2f2fd18,thermal,m0031,m0031-p0019,procedure,standard-module,sub,public,explicit-call,available,16,8,,,
b147eb91b2f2fd18,thermal,m0031,m0031-p0020,procedure,standard-module,sub,public,explicit-call,available,15,8,,,
b147eb91b2f2fd18,thermal,m0031,m0031-p0021,procedure,standard-module,sub,public,explicit-call,available,16,8,,,
b147eb91b2f2fd18,thermal,m0031,m0031-p0022,procedure,standard-module,sub,public,explicit-call,available,15,8,,,
b147eb91b2f2fd18,thermal,m0031,m0031-p0023,procedure,standard-module,sub,public,explicit-call,available,16,8,,,
b147eb91b2f2fd18,thermal,m0031,m0031-p0024,procedure,standard-module,sub,public,explicit-call,available,15,8,,,
b147eb91b2f2fd18,thermal,m0031,m0031-p0025,procedure,standard-module,sub,public,explicit-call,available,16,8,,,
b147eb91b2f2fd18,thermal,m0031,m0031-p0026,procedure,standard-module,sub,public,explicit-call,available,15,8,,,
b147eb91b2f2fd18,thermal,m0031,m0031-p0027,procedure,standard-module,sub,public,explicit-call,available,16,8,,,
b147eb91b2f2fd18,thermal,m0031,m0031-p0028,procedure,standard-module,sub,public,explicit-call,available,15,8,,,
b147eb91b2f2fd18,thermal,m0031,m0031-p0029,procedure,standard-module,sub,public,explicit-call,available,16,8,,,
b147eb91b2f2fd18,thermal,m0031,m0031-p0030,procedure,standard-module,sub,public,explicit-call,available,15,8,,,
b147eb91b2f2fd18,thermal,m0031,m0031-p0031,procedure,standard-module,sub,public,explicit-call,available,5,3,,,
b147eb91b2f2fd18,thermal,m0031,m0031-p0032,procedure,standard-module,sub,public,explicit-call,available,5,3,,,
b147eb91b2f2fd18,thermal,m0031,m0031-p0033,procedure,standard-module,sub,public,explicit-call,available,5,3,,,
b147eb91b2f2fd18,thermal,m0031,m0031-p0034,procedure,standard-module,sub,public,explicit-call,available,5,3,,,
b147eb91b2f2fd18,thermal,m0031,m0031-p0035,procedure,standard-module,sub,public,explicit-call,available,13,9,,,
b147eb91b2f2fd18,thermal,m0032,m0032,module,user-form,,,,available,466,0,bha.motor-performance|bha.tool-life|cross-cutting.lookup|cross-cutting.optimization|cross-cutting.unit-conversion|directional.coordinates|hydraulics.bit-nozzle|hydraulics.pressure-loss,W|min|mm|percent,
b147eb91b2f2fd18,thermal,m0032,m0032-p0001,procedure,user-form,sub,public,explicit-call,available,7,7,,,
b147eb91b2f2fd18,thermal,m0032,m0032-p0002,procedure,user-form,sub,public,explicit-call,available,7,7,,,
b147eb91b2f2fd18,thermal,m0032,m0032-p0003,procedure,user-form,sub,private,explicit-call,available,3,3,,,
b147eb91b2f2fd18,thermal,m0032,m0032-p0004,procedure,user-form,sub,private,explicit-call,available,433,358,bha.motor-performance|bha.tool-life|cross-cutting.lookup|cross-cutting.optimization|cross-cutting.unit-conversion|directional.coordinates|hydraulics.bit-nozzle|hydraulics.pressure-loss,W|min|mm|percent,
b147eb91b2f2fd18,thermal,m0032,m0032-p0005,procedure,user-form,sub,private,explicit-call,available,3,3,,,
b147eb91b2f2fd18,thermal,m0032,m0032-p0006,procedure,user-form,sub,private,userform-event,available,5,5,,,
b147eb91b2f2fd18,thermal,m0033,m0033,module,user-form,,,,available,0,0,,,
b147eb91b2f2fd18,thermal,m0034,m0034,module,standard-module,,,,available,118,0,cross-cutting.lookup|cross-cutting.validation,hp|rpm,
b147eb91b2f2fd18,thermal,m0034,m0034-p0001,procedure,standard-module,sub,public,explicit-call,available,7,7,,,
b147eb91b2f2fd18,thermal,m0034,m0034-p0002,procedure,standard-module,sub,public,explicit-call,available,7,7,,,
b147eb91b2f2fd18,thermal,m0034,m0034-p0003,procedure,standard-module,sub,public,explicit-call,available,8,6,,,
b147eb91b2f2fd18,thermal,m0034,m0034-p0004,procedure,standard-module,sub,public,explicit-call,available,94,78,cross-cutting.lookup|cross-cutting.validation,hp|rpm,
b147eb91b2f2fd18,thermal,m0035,m0035,module,standard-module,,,,available,133,0,bha.motor-performance|cross-cutting.optimization|directional.dogleg-severity,ft|in,com-automation|environment-access
b147eb91b2f2fd18,thermal,m0035,m0035-p0001,procedure,standard-module,sub,public,explicit-call,available,7,7,,,
b147eb91b2f2fd18,thermal,m0035,m0035-p0002,procedure,standard-module,sub,public,explicit-call,available,7,7,,,
b147eb91b2f2fd18,thermal,m0035,m0035-p0003,procedure,standard-module,sub,public,explicit-call,available,42,23,bha.motor-performance|cross-cutting.optimization|directional.dogleg-severity,in,
b147eb91b2f2fd18,thermal,m0035,m0035-p0004,procedure,standard-module,function,public,explicit-call,available,45,29,bha.motor-performance,ft,environment-access
b147eb91b2f2fd18,thermal,m0035,m0035-p0005,procedure,standard-module,function,public,explicit-call,available,28,24,,,com-automation
b147eb91b2f2fd18,thermal,m0036,m0036,module,standard-module,,,,available,692,0,bha.motor-performance|cross-cutting.lookup,N|ft|gal/min|hp|kPa|kW|mm|percent|psi|rpm,
b147eb91b2f2fd18,thermal,m0036,m0036-p0001,procedure,standard-module,sub,public,explicit-call,available,7,7,,,
b147eb91b2f2fd18,thermal,m0036,m0036-p0002,procedure,standard-module,sub,public,explicit-call,available,7,7,,,
b147eb91b2f2fd18,thermal,m0036,m0036-p0003,procedure,standard-module,sub,public,explicit-call,available,56,41,bha.motor-performance,N,
b147eb91b2f2fd18,thermal,m0036,m0036-p0004,procedure,standard-module,sub,public,explicit-call,available,9,5,,,
b147eb91b2f2fd18,thermal,m0036,m0036-p0005,procedure,standard-module,sub,public,explicit-call,available,9,6,,,
b147eb91b2f2fd18,thermal,m0036,m0036-p0006,procedure,standard-module,sub,public,explicit-call,available,79,62,bha.motor-performance|cross-cutting.lookup,,
b147eb91b2f2fd18,thermal,m0036,m0036-p0007,procedure,standard-module,sub,public,explicit-call,available,517,352,,ft|gal/min|hp|kPa|kW|mm|percent|psi|rpm,
b147eb91b2f2fd18,thermal,m0037,m0037,module,standard-module,,,,available,133,0,bha.motor-performance|cross-cutting.optimization|directional.dogleg-severity,ft|in,com-automation|environment-access
b147eb91b2f2fd18,thermal,m0037,m0037-p0001,procedure,standard-module,sub,public,explicit-call,available,7,7,,,
b147eb91b2f2fd18,thermal,m0037,m0037-p0002,procedure,standard-module,sub,public,explicit-call,available,7,7,,,
b147eb91b2f2fd18,thermal,m0037,m0037-p0003,procedure,standard-module,sub,public,explicit-call,available,42,24,bha.motor-performance|cross-cutting.optimization|directional.dogleg-severity,in,
b147eb91b2f2fd18,thermal,m0037,m0037-p0004,procedure,standard-module,function,public,explicit-call,available,45,29,bha.motor-performance,ft,environment-access
b147eb91b2f2fd18,thermal,m0037,m0037-p0005,procedure,standard-module,function,public,explicit-call,available,28,24,,,com-automation
b147eb91b2f2fd18,thermal,m0038,m0038,module,user-form,,,,available,334,0,cross-cutting.lookup,N|bar|degF|gal/min|min|psi,
b147eb91b2f2fd18,thermal,m0038,m0038-p0001,procedure,user-form,sub,public,explicit-call,available,9,7,,,
b147eb91b2f2fd18,thermal,m0038,m0038-p0002,procedure,user-form,sub,public,explicit-call,available,9,7,,,
b147eb91b2f2fd18,thermal,m0038,m0038-p0003,procedure,user-form,sub,private,explicit-call,available,5,3,,,
b147eb91b2f2fd18,thermal,m0038,m0038-p0004,procedure,user-form,sub,private,explicit-call,available,54,43,,bar|degF|gal/min|min|psi,
b147eb91b2f2fd18,thermal,m0038,m0038-p0005,procedure,user-form,sub,private,explicit-call,available,5,3,,,
b147eb91b2f2fd18,thermal,m0038,m0038-p0006,procedure,user-form,sub,private,explicit-call,available,5,3,,,
b147eb91b2f2fd18,thermal,m0038,m0038-p0007,procedure,user-form,sub,private,explicit-call,available,48,43,,,
b147eb91b2f2fd18,thermal,m0038,m0038-p0008,procedure,user-form,sub,private,explicit-call,available,31,29,,,
b147eb91b2f2fd18,thermal,m0038,m0038-p0009,procedure,user-form,sub,private,explicit-call,available,63,50,cross-cutting.lookup,,
b147eb91b2f2fd18,thermal,m0038,m0038-p0010,procedure,user-form,sub,private,explicit-call,available,89,75,cross-cutting.lookup,min,
b147eb91b2f2fd18,thermal,m0039,m0039,module,user-form,,,,available,0,0,,,
b147eb91b2f2fd18,thermal,m0040,m0040,module,user-form,,,,available,0,0,,,
b147eb91b2f2fd18,thermal,m0041,m0041,module,standard-module,,,,available,93,0,,N,
b147eb91b2f2fd18,thermal,m0041,m0041-p0001,procedure,standard-module,sub,public,explicit-call,available,7,7,,,
b147eb91b2f2fd18,thermal,m0041,m0041-p0002,procedure,standard-module,sub,public,explicit-call,available,7,7,,,
b147eb91b2f2fd18,thermal,m0041,m0041-p0003,procedure,standard-module,sub,private,explicit-call,available,40,30,,,
b147eb91b2f2fd18,thermal,m0041,m0041-p0004,procedure,standard-module,sub,public,explicit-call,available,36,25,,N,
b147eb91b2f2fd18,thermal,m0042,m0042,module,user-form,,,,available,317,0,bha.motor-performance|cross-cutting.unit-conversion|hydraulics.bit-nozzle,N|W|mm,
b147eb91b2f2fd18,thermal,m0042,m0042-p0001,procedure,user-form,sub,public,explicit-call,available,7,7,,,
b147eb91b2f2fd18,thermal,m0042,m0042-p0002,procedure,user-form,sub,public,explicit-call,available,7,7,,,
b147eb91b2f2fd18,thermal,m0042,m0042-p0003,procedure,user-form,sub,private,explicit-call,available,3,3,,,
b147eb91b2f2fd18,thermal,m0042,m0042-p0004,procedure,user-form,sub,private,explicit-call,available,248,181,bha.motor-performance|cross-cutting.unit-conversion|hydraulics.bit-nozzle,N|W|mm,
b147eb91b2f2fd18,thermal,m0042,m0042-p0005,procedure,user-form,sub,private,explicit-call,available,3,3,,,
b147eb91b2f2fd18,thermal,m0042,m0042-p0006,procedure,user-form,sub,private,explicit-call,available,26,23,,N,
b147eb91b2f2fd18,thermal,m0042,m0042-p0007,procedure,user-form,sub,private,explicit-call,available,15,14,,,
b147eb91b2f2fd18,thermal,m0043,m0043,module,user-form,,,,available,877,0,bha.motor-performance|cross-cutting.lookup|cross-cutting.unit-conversion|hydraulics.bit-nozzle,N|gal/min|in^2|kN|kPa|kg/m^3|lbf|m^2|mm|percent|ppg|psi|rpm,
b147eb91b2f2fd18,thermal,m0043,m0043-p0001,procedure,user-form,sub,public,explicit-call,available,7,7,,,
b147eb91b2f2fd18,thermal,m0043,m0043-p0002,procedure,user-form,sub,public,explicit-call,available,7,7,,,
b147eb91b2f2fd18,thermal,m0043,m0043-p0003,procedure,user-form,sub,private,explicit-call,available,3,3,,,
b147eb91b2f2fd18,thermal,m0043,m0043-p0004,procedure,user-form,sub,private,explicit-call,available,208,156,bha.motor-performance|cross-cutting.lookup|cross-cutting.unit-conversion|hydraulics.bit-nozzle,kN|lbf|percent|rpm,
b147eb91b2f2fd18,thermal,m0043,m0043-p0005,procedure,user-form,sub,private,explicit-call,available,19,15,bha.motor-performance,,
b147eb91b2f2fd18,thermal,m0043,m0043-p0006,procedure,user-form,sub,private,explicit-call,available,3,3,,,
b147eb91b2f2fd18,thermal,m0043,m0043-p0007,procedure,user-form,sub,private,explicit-call,available,9,7,,psi,
b147eb91b2f2fd18,thermal,m0043,m0043-p0008,procedure,user-form,sub,private,explicit-call,available,13,10,bha.motor-performance,,
b147eb91b2f2fd18,thermal,m0043,m0043-p0009,procedure,user-form,sub,private,explicit-call,available,83,63,hydraulics.bit-nozzle,N|gal/min|in^2|ppg|psi,
b147eb91b2f2fd18,thermal,m0043,m0043-p0010,procedure,user-form,sub,private,explicit-call,available,83,63,hydraulics.bit-nozzle,N|kPa|kg/m^3|m^2|mm,
b147eb91b2f2fd18,thermal,m0043,m0043-p0011,procedure,user-form,sub,private,explicit-call,available,17,14,,,
b147eb91b2f2fd18,thermal,m0043,m0043-p0012,procedure,user-form,sub,private,explicit-call,available,17,14,,,
b147eb91b2f2fd18,thermal,m0043,m0043-p0013,procedure,user-form,sub,private,explicit-call,available,17,14,,,
b147eb91b2f2fd18,thermal,m0043,m0043-p0014,procedure,user-form,sub,private,explicit-call,available,18,15,bha.motor-performance,,
b147eb91b2f2fd18,thermal,m0043,m0043-p0015,procedure,user-form,sub,private,explicit-call,available,19,15,bha.motor-performance,,
b147eb91b2f2fd18,thermal,m0043,m0043-p0016,procedure,user-form,sub,private,explicit-call,available,38,30,bha.motor-performance|cross-cutting.lookup,N,
b147eb91b2f2fd18,thermal,m0043,m0043-p0017,procedure,user-form,sub,private,explicit-call,available,111,93,bha.motor-performance|cross-cutting.lookup|hydraulics.bit-nozzle,N,
b147eb91b2f2fd18,thermal,m0043,m0043-p0018,procedure,user-form,sub,private,explicit-call,available,15,14,,,
b147eb91b2f2fd18,thermal,m0043,m0043-p0019,procedure,user-form,sub,public,explicit-call,available,10,8,,percent,
b147eb91b2f2fd18,thermal,m0043,m0043-p0020,procedure,user-form,sub,private,explicit-call,available,154,132,cross-cutting.unit-conversion|hydraulics.bit-nozzle,N,
b147eb91b2f2fd18,thermal,m0044,m0044,module,user-form,,,,available,0,0,,,
b147eb91b2f2fd18,thermal,m0045,m0045,module,standard-module,,,,available,82,0,,N,
b147eb91b2f2fd18,thermal,m0045,m0045-p0001,procedure,standard-module,sub,public,explicit-call,available,7,7,,,
b147eb91b2f2fd18,thermal,m0045,m0045-p0002,procedure,standard-module,sub,public,explicit-call,available,7,7,,,
b147eb91b2f2fd18,thermal,m0045,m0045-p0003,procedure,standard-module,sub,public,explicit-call,available,24,15,,,
b147eb91b2f2fd18,thermal,m0045,m0045-p0004,procedure,standard-module,sub,public,explicit-call,available,42,32,,N,
b147eb91b2f2fd18,thermal,m0046,m0046,module,standard-module,,,,available,133,0,bha.motor-performance|cross-cutting.optimization|cross-cutting.unit-conversion|directional.dogleg-severity,ft|in,com-automation|environment-access
b147eb91b2f2fd18,thermal,m0046,m0046-p0001,procedure,standard-module,sub,public,explicit-call,available,7,7,,,
b147eb91b2f2fd18,thermal,m0046,m0046-p0002,procedure,standard-module,sub,public,explicit-call,available,7,7,,,
b147eb91b2f2fd18,thermal,m0046,m0046-p0003,procedure,standard-module,sub,public,explicit-call,available,42,24,bha.motor-performance|cross-cutting.optimization|cross-cutting.unit-conversion|directional.dogleg-severity,in,
b147eb91b2f2fd18,thermal,m0046,m0046-p0004,procedure,standard-module,function,public,explicit-call,available,45,29,bha.motor-performance,ft,environment-access
b147eb91b2f2fd18,thermal,m0046,m0046-p0005,procedure,standard-module,function,public,explicit-call,available,28,24,,,com-automation
b147eb91b2f2fd18,thermal,m0047,m0047,module,class-or-document-module,,,,available,0,0,,,
b147eb91b2f2fd18,thermal,m0048,m0048,module,class-or-document-module,,,,available,0,0,,,
b147eb91b2f2fd18,thermal,m0049,m0049,module,class-or-document-module,,,,available,0,0,,,
b147eb91b2f2fd18,thermal,m0050,m0050,module,class-or-document-module,,,,available,0,0,,,
b147eb91b2f2fd18,thermal,m0051,m0051,module,class-or-document-module,,,,available,0,0,,,
b147eb91b2f2fd18,thermal,m0052,m0052,module,class-or-document-module,,,,available,0,0,,,
b147eb91b2f2fd18,thermal,m0053,m0053,module,class-or-document-module,,,,available,0,0,,,
b147eb91b2f2fd18,thermal,m0054,m0054,module,class-or-document-module,,,,available,0,0,,,
b147eb91b2f2fd18,thermal,m0055,m0055,module,class-or-document-module,,,,available,0,0,,,
b147eb91b2f2fd18,thermal,m0056,m0056,module,class-or-document-module,,,,available,0,0,,,
b147eb91b2f2fd18,thermal,m0057,m0057,module,class-or-document-module,,,,available,0,0,,,
b147eb91b2f2fd18,thermal,m0058,m0058,module,class-or-document-module,,,,available,0,0,,,
b147eb91b2f2fd18,thermal,m0059,m0059,module,class-or-document-module,,,,available,0,0,,,
b147eb91b2f2fd18,thermal,m0060,m0060,module,class-or-document-module,,,,available,0,0,,,
b147eb91b2f2fd18,thermal,m0061,m0061,module,class-or-document-module,,,,available,0,0,,,
b147eb91b2f2fd18,thermal,m0062,m0062,module,class-or-document-module,,,,available,0,0,,,
b147eb91b2f2fd18,thermal,m0063,m0063,module,class-or-document-module,,,,available,0,0,,,
b147eb91b2f2fd18,thermal,m0064,m0064,module,class-or-document-module,,,,available,0,0,,,
b147eb91b2f2fd18,thermal,m0065,m0065,module,class-or-document-module,,,,available,0,0,,,
b147eb91b2f2fd18,thermal,m0066,m0066,module,class-or-document-module,,,,available,0,0,,,
b147eb91b2f2fd18,thermal,m0067,m0067,module,class-or-document-module,,,,available,0,0,,,
b147eb91b2f2fd18,thermal,m0068,m0068,module,class-or-document-module,,,,available,0,0,,,
b147eb91b2f2fd18,thermal,m0069,m0069,module,class-or-document-module,,,,available,0,0,,,
b147eb91b2f2fd18,thermal,m0070,m0070,module,class-or-document-module,,,,available,0,0,,,
b147eb91b2f2fd18,thermal,m0071,m0071,module,class-or-document-module,,,,available,0,0,,,
b147eb91b2f2fd18,thermal,m0072,m0072,module,class-or-document-module,,,,available,0,0,,,
b147eb91b2f2fd18,thermal,m0073,m0073,module,class-or-document-module,,,,available,0,0,,,
b147eb91b2f2fd18,thermal,m0074,m0074,module,class-or-document-module,,,,available,0,0,,,
b147eb91b2f2fd18,thermal,m0075,m0075,module,class-or-document-module,,,,available,0,0,,,
b147eb91b2f2fd18,thermal,m0076,m0076,module,class-or-document-module,,,,available,0,0,,,
b147eb91b2f2fd18,thermal,m0077,m0077,module,class-or-document-module,,,,available,0,0,,,
b147eb91b2f2fd18,thermal,m0078,m0078,module,class-or-document-module,,,,available,0,0,,,
b147eb91b2f2fd18,thermal,m0079,m0079,module,class-or-document-module,,,,available,0,0,,,
b147eb91b2f2fd18,thermal,m0080,m0080,module,class-or-document-module,,,,available,0,0,,,
b147eb91b2f2fd18,thermal,m0081,m0081,module,class-or-document-module,,,,available,0,0,,,
b147eb91b2f2fd18,thermal,m0082,m0082,module,class-or-document-module,,,,available,0,0,,,
b147eb91b2f2fd18,thermal,m0083,m0083,module,class-or-document-module,,,,available,0,0,,,
b147eb91b2f2fd18,thermal,m0084,m0084,module,class-or-document-module,,,,available,0,0,,,
b147eb91b2f2fd18,thermal,m0085,m0085,module,class-or-document-module,,,,available,0,0,,,
b147eb91b2f2fd18,thermal,m0086,m0086,module,class-or-document-module,,,,available,0,0,,,
b147eb91b2f2fd18,thermal,m0087,m0087,module,class-or-document-module,,,,available,0,0,,,
b147eb91b2f2fd18,thermal,m0088,m0088,module,class-or-document-module,,,,available,0,0,,,
b147eb91b2f2fd18,thermal,m0089,m0089,module,class-or-document-module,,,,available,0,0,,,
b147eb91b2f2fd18,thermal,m0090,m0090,module,user-form,,,,available,771,0,bha.motor-performance|cross-cutting.lookup|cross-cutting.unit-conversion|directional.dogleg-severity|hydraulics.annular-velocity|hydraulics.hole-cleaning|hydraulics.reynolds-number|hydraulics.rheology,N|Pa|deg|degC|degF|gal/min|h|kPa|kg/m^3|percent|ppg|psi,
b147eb91b2f2fd18,thermal,m0090,m0090-p0001,procedure,user-form,sub,public,explicit-call,available,9,7,,,
b147eb91b2f2fd18,thermal,m0090,m0090-p0002,procedure,user-form,sub,public,explicit-call,available,9,7,,,
b147eb91b2f2fd18,thermal,m0090,m0090-p0003,procedure,user-form,sub,private,explicit-call,available,5,3,,,
b147eb91b2f2fd18,thermal,m0090,m0090-p0004,procedure,user-form,sub,private,explicit-call,available,4,3,,,
b147eb91b2f2fd18,thermal,m0090,m0090-p0005,procedure,user-form,sub,private,explicit-call,available,319,209,bha.motor-performance|cross-cutting.unit-conversion|directional.dogleg-severity|hydraulics.annular-velocity|hydraulics.hole-cleaning|hydraulics.reynolds-number|hydraulics.rheology,Pa|deg|h|percent,
b147eb91b2f2fd18,thermal,m0090,m0090-p0006,procedure,user-form,sub,private,explicit-call,available,44,35,,,
b147eb91b2f2fd18,thermal,m0090,m0090-p0007,procedure,user-form,sub,private,explicit-call,available,5,3,,,
b147eb91b2f2fd18,thermal,m0090,m0090-p0008,procedure,user-form,sub,private,explicit-call,available,6,4,,h,
b147eb91b2f2fd18,thermal,m0090,m0090-p0009,procedure,user-form,sub,private,explicit-call,available,6,4,,h,
b147eb91b2f2fd18,thermal,m0090,m0090-p0010,procedure,user-form,sub,private,explicit-call,available,30,23,,,
b147eb91b2f2fd18,thermal,m0090,m0090-p0011,procedure,user-form,sub,private,explicit-call,available,17,14,,,
b147eb91b2f2fd18,thermal,m0090,m0090-p0012,procedure,user-form,sub,private,explicit-call,available,48,35,,degF|gal/min|ppg|psi,
b147eb91b2f2fd18,thermal,m0090,m0090-p0013,procedure,user-form,sub,private,explicit-call,available,5,3,,,
b147eb91b2f2fd18,thermal,m0090,m0090-p0014,procedure,user-form,sub,private,explicit-call,available,5,3,,,
b147eb91b2f2fd18,thermal,m0090,m0090-p0015,procedure,user-form,sub,private,explicit-call,available,17,14,,,
b147eb91b2f2fd18,thermal,m0090,m0090-p0016,procedure,user-form,sub,private,explicit-call,available,51,35,,degC|kPa|kg/m^3,
b147eb91b2f2fd18,thermal,m0090,m0090-p0017,procedure,user-form,sub,private,explicit-call,available,17,14,,h,
b147eb91b2f2fd18,thermal,m0090,m0090-p0018,procedure,user-form,sub,private,explicit-call,available,5,3,,h,
b147eb91b2f2fd18,thermal,m0090,m0090-p0019,procedure,user-form,sub,private,explicit-call,available,5,3,,h,
b147eb91b2f2fd18,thermal,m0090,m0090-p0020,procedure,user-form,sub,private,explicit-call,available,85,60,cross-cutting.lookup,,
b147eb91b2f2fd18,thermal,m0090,m0090-p0021,procedure,user-form,sub,private,explicit-call,available,30,25,bha.motor-performance|cross-cutting.lookup,N,
b147eb91b2f2fd18,thermal,m0090,m0090-p0022,procedure,user-form,sub,private,explicit-call,available,5,3,,h,
b147eb91b2f2fd18,thermal,m0090,m0090-p0023,procedure,user-form,sub,private,explicit-call,available,20,14,,,
b147eb91b2f2fd18,thermal,m0091,m0091,module,user-form,,,,available,0,0,,,
b147eb91b2f2fd18,thermal,m0092,m0092,module,standard-module,,,,available,429,0,bha.motor-performance|cross-cutting.unit-conversion,N|h|mm,
b147eb91b2f2fd18,thermal,m0092,m0092-p0001,procedure,standard-module,sub,public,explicit-call,available,7,7,,,
b147eb91b2f2fd18,thermal,m0092,m0092-p0002,procedure,standard-module,sub,public,explicit-call,available,7,7,,,
b147eb91b2f2fd18,thermal,m0092,m0092-p0003,procedure,standard-module,sub,public,explicit-call,available,140,101,bha.motor-performance,N|h|mm,
b147eb91b2f2fd18,thermal,m0092,m0092-p0004,procedure,standard-module,sub,public,explicit-call,available,23,14,,,
b147eb91b2f2fd18,thermal,m0092,m0092-p0005,procedure,standard-module,sub,public,explicit-call,available,130,94,bha.motor-performance,N|h|mm,
b147eb91b2f2fd18,thermal,m0092,m0092-p0006,procedure,standard-module,sub,public,explicit-call,available,117,75,bha.motor-performance|cross-cutting.unit-conversion,N|h,
b147eb91b2f2fd18,thermal,m0093,m0093,module,standard-module,,,,available,133,0,cross-cutting.optimization|cross-cutting.unit-conversion|directional.dogleg-severity,ft|in,com-automation|environment-access
b147eb91b2f2fd18,thermal,m0093,m0093-p0001,procedure,standard-module,sub,public,explicit-call,available,7,7,,,
b147eb91b2f2fd18,thermal,m0093,m0093-p0002,procedure,standard-module,sub,public,explicit-call,available,7,7,,,
b147eb91b2f2fd18,thermal,m0093,m0093-p0003,procedure,standard-module,sub,public,explicit-call,available,42,24,cross-cutting.optimization|cross-cutting.unit-conversion|directional.dogleg-severity,in,
b147eb91b2f2fd18,thermal,m0093,m0093-p0004,procedure,standard-module,function,public,explicit-call,available,45,29,,ft,environment-access
b147eb91b2f2fd18,thermal,m0093,m0093-p0005,procedure,standard-module,function,public,explicit-call,available,28,24,,,com-automation
b147eb91b2f2fd18,thermal,m0094,m0094,module,standard-module,,,,available,276,0,bha.motor-performance|bha.tool-life|cross-cutting.unit-conversion,N|gal/min|h|kPa|m^3|mm|ppg|psi,
b147eb91b2f2fd18,thermal,m0094,m0094-p0001,procedure,standard-module,sub,public,explicit-call,available,7,7,,,
b147eb91b2f2fd18,thermal,m0094,m0094-p0002,procedure,standard-module,sub,public,explicit-call,available,7,7,,,
b147eb91b2f2fd18,thermal,m0094,m0094-p0003,procedure,standard-module,sub,private,explicit-call,available,132,101,bha.motor-performance|bha.tool-life,N|h|mm,
b147eb91b2f2fd18,thermal,m0094,m0094-p0004,procedure,standard-module,sub,public,explicit-call,available,127,92,bha.tool-life|cross-cutting.unit-conversion,N|gal/min|h|kPa|m^3|mm|ppg|psi,
b147eb91b2f2fd18,thermal,m0095,m0095,module,user-form,,,,available,869,0,bha.motor-performance|bha.tool-life|cross-cutting.lookup|cross-cutting.unit-conversion,N|degC|degF|gal/min|h|kPa|kg/m^3|m^3|mm|percent|ppg|psi,
b147eb91b2f2fd18,thermal,m0095,m0095-p0001,procedure,user-form,sub,public,explicit-call,available,7,7,,,
b147eb91b2f2fd18,thermal,m0095,m0095-p0002,procedure,user-form,sub,public,explicit-call,available,7,7,,,
b147eb91b2f2fd18,thermal,m0095,m0095-p0003,procedure,user-form,sub,private,explicit-call,available,3,3,,,
b147eb91b2f2fd18,thermal,m0095,m0095-p0004,procedure,user-form,sub,private,explicit-call,available,461,380,bha.motor-performance|bha.tool-life|cross-cutting.unit-conversion,degF|gal/min|h|kPa|m^3|mm|percent|ppg|psi,
b147eb91b2f2fd18,thermal,m0095,m0095-p0005,procedure,user-form,sub,private,explicit-call,available,3,3,,,
b147eb91b2f2fd18,thermal,m0095,m0095-p0006,procedure,user-form,sub,private,explicit-call,available,28,23,,,
b147eb91b2f2fd18,thermal,m0095,m0095-p0007,procedure,user-form,sub,private,explicit-call,available,68,50,,degF|gal/min|ppg|psi,
b147eb91b2f2fd18,thermal,m0095,m0095-p0008,procedure,user-form,sub,private,explicit-call,available,68,50,,degC|kPa|kg/m^3|mm,
b147eb91b2f2fd18,thermal,m0095,m0095-p0009,procedure,user-form,sub,private,explicit-call,available,6,6,bha.tool-life,,
b147eb91b2f2fd18,thermal,m0095,m0095-p0010,procedure,user-form,sub,private,explicit-call,available,11,9,,,
b147eb91b2f2fd18,thermal,m0095,m0095-p0011,procedure,user-form,sub,private,explicit-call,available,18,13,,,
b147eb91b2f2fd18,thermal,m0095,m0095-p0012,procedure,user-form,sub,private,explicit-call,available,50,36,cross-cutting.lookup,,
b147eb91b2f2fd18,thermal,m0095,m0095-p0013,procedure,user-form,sub,private,explicit-call,available,61,42,cross-cutting.lookup,,
b147eb91b2f2fd18,thermal,m0095,m0095-p0014,procedure,user-form,sub,private,explicit-call,available,27,22,bha.motor-performance|cross-cutting.lookup,N,
b147eb91b2f2fd18,thermal,m0095,m0095-p0015,procedure,user-form,sub,private,explicit-call,available,23,16,,,
b147eb91b2f2fd18,thermal,m0095,m0095-p0016,procedure,user-form,sub,private,explicit-call,available,6,6,bha.tool-life,,
b147eb91b2f2fd18,thermal,m0096,m0096,module,user-form,,,,available,0,0,,,
b147eb91b2f2fd18,thermal,m0097,m0097,module,standard-module,,,,available,189,0,bha.motor-performance|bha.tool-life,N|h|mm,
b147eb91b2f2fd18,thermal,m0097,m0097-p0001,procedure,standard-module,sub,public,explicit-call,available,7,7,,,
b147eb91b2f2fd18,thermal,m0097,m0097-p0002,procedure,standard-module,sub,public,explicit-call,available,7,7,,,
b147eb91b2f2fd18,thermal,m0097,m0097-p0003,procedure,standard-module,sub,public,explicit-call,available,23,16,,,
b147eb91b2f2fd18,thermal,m0097,m0097-p0004,procedure,standard-module,sub,public,explicit-call,available,149,115,bha.motor-performance|bha.tool-life,N|h|mm,
b147eb91b2f2fd18,thermal,m0098,m0098,module,standard-module,,,,available,350,0,bha.motor-performance|cross-cutting.optimization|cross-cutting.unit-conversion|directional.dogleg-severity,ft|in,com-automation|filesystem-write|environment-access
b147eb91b2f2fd18,thermal,m0098,m0098-p0001,procedure,standard-module,sub,public,explicit-call,available,7,7,,,
b147eb91b2f2fd18,thermal,m0098,m0098-p0002,procedure,standard-module,sub,public,explicit-call,available,7,7,,,
b147eb91b2f2fd18,thermal,m0098,m0098-p0003,procedure,standard-module,sub,public,explicit-call,available,42,24,bha.motor-performance|cross-cutting.optimization|cross-cutting.unit-conversion|directional.dogleg-severity,in,
b147eb91b2f2fd18,thermal,m0098,m0098-p0004,procedure,standard-module,function,public,explicit-call,available,45,29,bha.motor-performance,ft,environment-access
b147eb91b2f2fd18,thermal,m0098,m0098-p0005,procedure,standard-module,function,public,explicit-call,available,28,24,,,com-automation
b147eb91b2f2fd18,thermal,m0098,m0098-p0006,procedure,standard-module,sub,public,explicit-call,available,42,35,,,filesystem-write
b147eb91b2f2fd18,thermal,m0098,m0098-p0007,procedure,standard-module,function,public,explicit-call,available,45,28,,ft,environment-access|filesystem-write
b147eb91b2f2fd18,thermal,m0098,m0098-p0008,procedure,standard-module,sub,public,explicit-call,available,46,37,,in,filesystem-write
b147eb91b2f2fd18,thermal,m0098,m0098-p0009,procedure,standard-module,function,public,explicit-call,available,45,28,,ft,environment-access|filesystem-write
b147eb91b2f2fd18,thermal,m0098,m0098-p0010,procedure,standard-module,function,public,explicit-call,available,29,24,,,com-automation
b147eb91b2f2fd18,thermal,m0098,m0098-p0011,procedure,standard-module,sub,public,explicit-call,available,4,4,,,
b147eb91b2f2fd18,thermal,m0099,m0099,module,standard-module,,,,available,480,0,bha.motor-performance,N|W|ft|gal/min|hp|kPa|kW|mm|percent|psi|rpm,
b147eb91b2f2fd18,thermal,m0099,m0099-p0001,procedure,standard-module,sub,public,explicit-call,available,7,7,,,
b147eb91b2f2fd18,thermal,m0099,m0099-p0002,procedure,standard-module,sub,public,explicit-call,available,7,7,,,
b147eb91b2f2fd18,thermal,m0099,m0099-p0003,procedure,standard-module,sub,public,explicit-call,available,40,25,bha.motor-performance,N|W|mm,
b147eb91b2f2fd18,thermal,m0099,m0099-p0004,procedure,standard-module,sub,public,explicit-call,available,66,55,,ft,
b147eb91b2f2fd18,thermal,m0099,m0099-p0005,procedure,standard-module,sub,public,explicit-call,available,356,259,,ft|gal/min|hp|kPa|kW|mm|percent|psi|rpm,
b147eb91b2f2fd18,thermal,m0100,m0100,module,user-form,,,,available,81,0,,min,
b147eb91b2f2fd18,thermal,m0100,m0100-p0001,procedure,user-form,sub,private,explicit-call,available,3,3,,,
b147eb91b2f2fd18,thermal,m0100,m0100-p0002,procedure,user-form,sub,private,explicit-call,available,45,42,,min,
b147eb91b2f2fd18,thermal,m0100,m0100-p0003,procedure,user-form,sub,private,explicit-call,available,8,6,,,
b147eb91b2f2fd18,thermal,m0100,m0100-p0004,procedure,user-form,sub,private,explicit-call,available,3,2,,,
b147eb91b2f2fd18,thermal,m0100,m0100-p0005,procedure,user-form,sub,private,explicit-call,available,12,8,,min,
b147eb91b2f2fd18,thermal,m0100,m0100-p0006,procedure,user-form,sub,private,userform-event,available,5,5,,,
b147eb91b2f2fd18,thermal,m0101,m0101,module,user-form,,,,available,787,0,bha.motor-performance|cross-cutting.lookup,ft|gal/min|hp|kPa|kW|min|mm|percent|psi|rpm,
b147eb91b2f2fd18,thermal,m0101,m0101-p0001,procedure,user-form,sub,public,explicit-call,available,7,7,,,
b147eb91b2f2fd18,thermal,m0101,m0101-p0002,procedure,user-form,sub,public,explicit-call,available,7,7,,,
b147eb91b2f2fd18,thermal,m0101,m0101-p0003,procedure,user-form,sub,private,explicit-call,available,4,3,,,
b147eb91b2f2fd18,thermal,m0101,m0101-p0004,procedure,user-form,sub,private,explicit-call,available,3,3,,,
b147eb91b2f2fd18,thermal,m0101,m0101-p0005,procedure,user-form,sub,private,explicit-call,available,5,3,,,
b147eb91b2f2fd18,thermal,m0101,m0101-p0006,procedure,user-form,sub,private,explicit-call,available,182,155,bha.motor-performance|cross-cutting.lookup,,
b147eb91b2f2fd18,thermal,m0101,m0101-p0007,procedure,user-form,sub,private,explicit-call,available,53,39,cross-cutting.lookup,min,
b147eb91b2f2fd18,thermal,m0101,m0101-p0008,procedure,user-form,sub,public,explicit-call,available,517,311,,ft|gal/min|hp|kPa|kW|mm|percent|psi|rpm,
b147eb91b2f2fd18,thermal,m0102,m0102,module,user-form,,,,available,0,0,,,
b147eb91b2f2fd18,thermal,m0103,m0103,module,standard-module,,,,available,133,0,bha.motor-performance|cross-cutting.optimization|directional.dogleg-severity,ft|in,com-automation|environment-access
b147eb91b2f2fd18,thermal,m0103,m0103-p0001,procedure,standard-module,sub,public,explicit-call,available,7,7,,,
b147eb91b2f2fd18,thermal,m0103,m0103-p0002,procedure,standard-module,sub,public,explicit-call,available,7,7,,,
b147eb91b2f2fd18,thermal,m0103,m0103-p0003,procedure,standard-module,sub,public,explicit-call,available,42,24,bha.motor-performance|cross-cutting.optimization|directional.dogleg-severity,in,
b147eb91b2f2fd18,thermal,m0103,m0103-p0004,procedure,standard-module,function,public,explicit-call,available,45,29,bha.motor-performance,ft,environment-access
b147eb91b2f2fd18,thermal,m0103,m0103-p0005,procedure,standard-module,function,public,explicit-call,available,28,24,,,com-automation
b147eb91b2f2fd18,thermal,m0104,m0104,module,user-form,,,,available,98,0,cross-cutting.unit-conversion|hydraulics.bit-nozzle,in^2|m^2|mm,
b147eb91b2f2fd18,thermal,m0104,m0104-p0001,procedure,user-form,sub,private,explicit-call,available,22,14,cross-cutting.unit-conversion|hydraulics.bit-nozzle,,
b147eb91b2f2fd18,thermal,m0104,m0104-p0002,procedure,user-form,sub,private,explicit-call,available,19,16,hydraulics.bit-nozzle,,
b147eb91b2f2fd18,thermal,m0104,m0104-p0003,procedure,user-form,sub,private,explicit-call,available,3,3,,,
b147eb91b2f2fd18,thermal,m0104,m0104-p0004,procedure,user-form,sub,private,explicit-call,available,6,6,hydraulics.bit-nozzle,,
b147eb91b2f2fd18,thermal,m0104,m0104-p0005,procedure,user-form,sub,private,explicit-call,available,3,2,,,
b147eb91b2f2fd18,thermal,m0104,m0104-p0006,procedure,user-form,sub,private,explicit-call,available,19,14,hydraulics.bit-nozzle,in^2,
b147eb91b2f2fd18,thermal,m0104,m0104-p0007,procedure,user-form,sub,private,explicit-call,available,19,14,hydraulics.bit-nozzle,m^2|mm,
b147eb91b2f2fd18,thermal,m0105,m0105,module,class-or-document-module,,,,available,40,0,directional.dogleg-severity,N|ft|mm,
b147eb91b2f2fd18,thermal,m0105,m0105-p0001,procedure,class-or-document-module,sub,private,workbook-event,available,40,32,directional.dogleg-severity,N|ft|mm,
b147eb91b2f2fd18,thermal,m0106,m0106,module,user-form,,,,available,25,0,,,
b147eb91b2f2fd18,thermal,m0106,m0106-p0001,procedure,user-form,sub,private,explicit-call,available,12,9,,,
b147eb91b2f2fd18,thermal,m0106,m0106-p0002,procedure,user-form,sub,private,explicit-call,available,12,9,,,
b147eb91b2f2fd18,thermal,m0107,m0107,module,user-form,,,,available,0,0,,,
b147eb91b2f2fd18,thermal,m0108,m0108,module,user-form,,,,available,969,0,bha.geometry|cross-cutting.lookup|cross-cutting.unit-conversion,N|bbl/min|gal/min|hp|kPa|m|mm|psi|rpm,
b147eb91b2f2fd18,thermal,m0108,m0108-p0001,procedure,user-form,sub,public,explicit-call,available,7,7,,,
b147eb91b2f2fd18,thermal,m0108,m0108-p0002,procedure,user-form,sub,public,explicit-call,available,7,7,,,
b147eb91b2f2fd18,thermal,m0108,m0108-p0003,procedure,user-form,sub,private,explicit-call,available,50,34,bha.geometry,N|bbl/min,
b147eb91b2f2fd18,thermal,m0108,m0108-p0004,procedure,user-form,sub,private,explicit-call,available,37,27,,,
b147eb91b2f2fd18,thermal,m0108,m0108-p0005,procedure,user-form,sub,private,explicit-call,available,3,3,,,
b147eb91b2f2fd18,thermal,m0108,m0108-p0006,procedure,user-form,sub,private,explicit-call,available,49,34,bha.geometry,N|bbl/min,
b147eb91b2f2fd18,thermal,m0108,m0108-p0007,procedure,user-form,sub,private,explicit-call,available,47,34,bha.geometry,N|bbl/min,
b147eb91b2f2fd18,thermal,m0108,m0108-p0008,procedure,user-form,sub,private,explicit-call,available,3,3,,,
b147eb91b2f2fd18,thermal,m0108,m0108-p0009,procedure,user-form,sub,private,explicit-call,available,359,287,bha.geometry|cross-cutting.lookup|cross-cutting.unit-conversion,bbl/min|hp|rpm,
b147eb91b2f2fd18,thermal,m0108,m0108-p0010,procedure,user-form,sub,private,explicit-call,available,3,3,,,
b147eb91b2f2fd18,thermal,m0108,m0108-p0011,procedure,user-form,sub,private,explicit-call,available,28,23,,,
b147eb91b2f2fd18,thermal,m0108,m0108-p0012,procedure,user-form,sub,private,explicit-call,available,49,39,,bbl/min,
b147eb91b2f2fd18,thermal,m0108,m0108-p0013,procedure,user-form,sub,private,explicit-call,available,34,25,,bbl/min|rpm,
b147eb91b2f2fd18,thermal,m0108,m0108-p0014,procedure,user-form,sub,private,explicit-call,available,34,25,,bbl/min|rpm,
b147eb91b2f2fd18,thermal,m0108,m0108-p0015,procedure,user-form,sub,private,explicit-call,available,52,41,,bbl/min|mm|rpm,
b147eb91b2f2fd18,thermal,m0108,m0108-p0016,procedure,user-form,sub,private,explicit-call,available,16,4,cross-cutting.unit-conversion,gal/min|psi,
b147eb91b2f2fd18,thermal,m0108,m0108-p0017,procedure,user-form,sub,private,explicit-call,available,16,4,cross-cutting.unit-conversion,kPa,
b147eb91b2f2fd18,thermal,m0108,m0108-p0018,procedure,user-form,sub,private,explicit-call,available,74,57,,bbl/min|m|rpm,
b147eb91b2f2fd18,thermal,m0108,m0108-p0019,procedure,user-form,sub,private,explicit-call,available,3,3,,,
b147eb91b2f2fd18,thermal,m0108,m0108-p0020,procedure,user-form,sub,private,explicit-call,available,23,19,,bbl/min|rpm,
b147eb91b2f2fd18,thermal,m0108,m0108-p0021,procedure,user-form,sub,private,explicit-call,available,25,21,,bbl/min|rpm,
b147eb91b2f2fd18,thermal,m0108,m0108-p0022,procedure,user-form,sub,private,explicit-call,available,18,14,,,
b147eb91b2f2fd18,thermal,m0109,m0109,module,user-form,,,,available,0,0,,,
b147eb91b2f2fd18,thermal,m0110,m0110,module,standard-module,,,,available,985,0,bha.geometry|bha.motor-performance|cross-cutting.lookup|cross-cutting.unit-conversion,N|bbl/min|ft|gal/min|hp|kPa|kW|mm|percent|psi|rpm,
b147eb91b2f2fd18,thermal,m0110,m0110-p0001,procedure,standard-module,sub,public,explicit-call,available,7,7,,,
b147eb91b2f2fd18,thermal,m0110,m0110-p0002,procedure,standard-module,sub,public,explicit-call,available,7,7,,,
b147eb91b2f2fd18,thermal,m0110,m0110-p0003,procedure,standard-module,sub,public,explicit-call,available,84,61,cross-cutting.unit-conversion,bbl/min|mm|rpm,
b147eb91b2f2fd18,thermal,m0110,m0110-p0004,procedure,standard-module,sub,public,explicit-call,available,86,66,bha.motor-performance|cross-cutting.lookup,,
b147eb91b2f2fd18,thermal,m0110,m0110-p0005,procedure,standard-module,sub,public,explicit-call,available,517,352,,ft|gal/min|hp|kPa|kW|mm|percent|psi|rpm,
b147eb91b2f2fd18,thermal,m0110,m0110-p0006,procedure,standard-module,sub,public,explicit-call,available,81,59,,bbl/min|mm|rpm,
b147eb91b2f2fd18,thermal,m0110,m0110-p0007,procedure,standard-module,sub,public,explicit-call,available,77,52,bha.geometry|cross-cutting.unit-conversion,N|bbl/min|rpm,
b147eb91b2f2fd18,thermal,m0110,m0110-p0008,procedure,standard-module,sub,public,explicit-call,available,6,3,,,
b147eb91b2f2fd18,thermal,m0110,m0110-p0009,procedure,standard-module,sub,public,explicit-call,available,19,16,,,
b147eb91b2f2fd18,thermal,m0110,m0110-p0010,procedure,standard-module,sub,public,explicit-call,available,88,69,bha.motor-performance,hp|rpm,
b147eb91b2f2fd18,thermal,m0111,m0111,module,user-form,,,,available,8,0,,,
b147eb91b2f2fd18,thermal,m0111,m0111-p0001,procedure,user-form,sub,private,explicit-call,available,3,3,,,
b147eb91b2f2fd18,thermal,m0111,m0111-p0002,procedure,user-form,sub,private,explicit-call,available,4,4,,,
b147eb91b2f2fd18,thermal,m0112,m0112,module,user-form,,,,available,428,0,cross-cutting.lookup,hp|rpm,
b147eb91b2f2fd18,thermal,m0112,m0112-p0001,procedure,user-form,sub,public,explicit-call,available,7,7,,,
b147eb91b2f2fd18,thermal,m0112,m0112-p0002,procedure,user-form,sub,public,explicit-call,available,7,7,,,
b147eb91b2f2fd18,thermal,m0112,m0112-p0003,procedure,user-form,sub,private,explicit-call,available,29,19,,,
b147eb91b2f2fd18,thermal,m0112,m0112-p0004,procedure,user-form,sub,private,explicit-call,available,29,19,,,
b147eb91b2f2fd18,thermal,m0112,m0112-p0005,procedure,user-form,sub,private,explicit-call,available,26,20,,,
b147eb91b2f2fd18,thermal,m0112,m0112-p0006,procedure,user-form,sub,private,explicit-call,available,26,20,,,
b147eb91b2f2fd18,thermal,m0112,m0112-p0007,procedure,user-form,sub,private,explicit-call,available,3,3,,,
b147eb91b2f2fd18,thermal,m0112,m0112-p0008,procedure,user-form,sub,private,explicit-call,available,176,150,cross-cutting.lookup,hp|rpm,
b147eb91b2f2fd18,thermal,m0112,m0112-p0009,procedure,user-form,sub,private,explicit-call,available,3,3,,,
b147eb91b2f2fd18,thermal,m0112,m0112-p0010,procedure,user-form,sub,private,explicit-call,available,25,18,,,
b147eb91b2f2fd18,thermal,m0112,m0112-p0011,procedure,user-form,sub,private,explicit-call,available,33,25,,,
b147eb91b2f2fd18,thermal,m0112,m0112-p0012,procedure,user-form,sub,private,explicit-call,available,33,27,,,
b147eb91b2f2fd18,thermal,m0112,m0112-p0013,procedure,user-form,sub,private,explicit-call,available,4,4,,,
b147eb91b2f2fd18,thermal,m0112,m0112-p0014,procedure,user-form,sub,private,explicit-call,available,4,4,,,
b147eb91b2f2fd18,thermal,m0112,m0112-p0015,procedure,user-form,sub,private,userform-event,available,5,5,,,
b147eb91b2f2fd18,thermal,m0113,m0113,module,standard-module,,,,available,121,0,cross-cutting.optimization|cross-cutting.unit-conversion,ft|in,com-automation|environment-access
b147eb91b2f2fd18,thermal,m0113,m0113-p0001,procedure,standard-module,sub,public,explicit-call,available,7,7,,,
b147eb91b2f2fd18,thermal,m0113,m0113-p0002,procedure,standard-module,sub,public,explicit-call,available,7,7,,,
b147eb91b2f2fd18,thermal,m0113,m0113-p0003,procedure,standard-module,sub,public,explicit-call,available,30,24,cross-cutting.optimization|cross-cutting.unit-conversion,in,
b147eb91b2f2fd18,thermal,m0113,m0113-p0004,procedure,standard-module,function,public,explicit-call,available,45,29,,ft,environment-access
b147eb91b2f2fd18,thermal,m0113,m0113-p0005,procedure,standard-module,function,public,explicit-call,available,28,24,,,com-automation
c00c3d2869bee7b4,directional,m0001,m0001,module,standard-module,,,,available,190,0,cross-cutting.lookup|torque-drag.connection-capacity,h|in,database-access
c00c3d2869bee7b4,directional,m0001,m0001-p0001,procedure,standard-module,sub,public,explicit-call,available,3,3,,,
c00c3d2869bee7b4,directional,m0001,m0001-p0002,procedure,standard-module,sub,public,explicit-call,available,169,163,cross-cutting.lookup|torque-drag.connection-capacity,h|in,database-access
c00c3d2869bee7b4,directional,m0001,m0001-p0003,procedure,standard-module,sub,public,explicit-call,available,17,11,cross-cutting.lookup,,
c00c3d2869bee7b4,directional,m0002,m0002,module,class-or-document-module,,,,available,0,0,,,
c00c3d2869bee7b4,directional,m0003,m0003,module,class-or-document-module,,,,available,0,0,,,
c00c3d2869bee7b4,directional,m0004,m0004,module,class-or-document-module,,,,available,122,0,cross-cutting.lookup|directional.coordinates|torque-drag.connection-capacity,deg,
c00c3d2869bee7b4,directional,m0004,m0004-p0001,procedure,class-or-document-module,sub,public,explicit-call,available,49,39,cross-cutting.lookup|directional.coordinates|torque-drag.connection-capacity,,
c00c3d2869bee7b4,directional,m0004,m0004-p0002,procedure,class-or-document-module,sub,private,explicit-call,available,3,2,,,
c00c3d2869bee7b4,directional,m0004,m0004-p0003,procedure,class-or-document-module,sub,private,explicit-call,available,15,13,,,
c00c3d2869bee7b4,directional,m0004,m0004-p0004,procedure,class-or-document-module,sub,private,explicit-call,available,15,13,,,
c00c3d2869bee7b4,directional,m0004,m0004-p0005,procedure,class-or-document-module,sub,private,explicit-call,available,17,15,,deg,
c00c3d2869bee7b4,directional,m0004,m0004-p0006,procedure,class-or-document-module,sub,private,explicit-call,available,20,18,,deg,
c00c3d2869bee7b4,directional,m0005,m0005,module,class-or-document-module,,,,available,122,0,cross-cutting.lookup|directional.coordinates|torque-drag.connection-capacity,deg,
c00c3d2869bee7b4,directional,m0005,m0005-p0001,procedure,class-or-document-module,sub,public,explicit-call,available,49,39,cross-cutting.lookup|directional.coordinates|torque-drag.connection-capacity,,
c00c3d2869bee7b4,directional,m0005,m0005-p0002,procedure,class-or-document-module,sub,private,explicit-call,available,3,2,,,
c00c3d2869bee7b4,directional,m0005,m0005-p0003,procedure,class-or-document-module,sub,private,explicit-call,available,15,13,,,
c00c3d2869bee7b4,directional,m0005,m0005-p0004,procedure,class-or-document-module,sub,private,explicit-call,available,15,13,,,
c00c3d2869bee7b4,directional,m0005,m0005-p0005,procedure,class-or-document-module,sub,private,explicit-call,available,17,15,,deg,
c00c3d2869bee7b4,directional,m0005,m0005-p0006,procedure,class-or-document-module,sub,private,explicit-call,available,20,18,,deg,
c00c3d2869bee7b4,directional,m0006,m0006,module,class-or-document-module,,,,available,0,0,,,
c00c3d2869bee7b4,directional,m0007,m0007,module,class-or-document-module,,,,available,0,0,,,
c00c3d2869bee7b4,directional,m0008,m0008,module,class-or-document-module,,,,available,0,0,,,
c00c3d2869bee7b4,directional,m0009,m0009,module,class-or-document-module,,,,available,0,0,,,
c00c3d2869bee7b4,directional,m0010,m0010,module,class-or-document-module,,,,available,0,0,,,
c00c3d2869bee7b4,directional,m0011,m0011,module,unknown-module,,,,available,10,0,,,
d338233f05c5e396,directional,m0001,m0001,module,standard-module,,,,available,190,0,cross-cutting.lookup|torque-drag.connection-capacity,h|in,database-access
d338233f05c5e396,directional,m0001,m0001-p0001,procedure,standard-module,sub,public,explicit-call,available,3,3,,,
d338233f05c5e396,directional,m0001,m0001-p0002,procedure,standard-module,sub,public,explicit-call,available,169,163,cross-cutting.lookup|torque-drag.connection-capacity,h|in,database-access
d338233f05c5e396,directional,m0001,m0001-p0003,procedure,standard-module,sub,public,explicit-call,available,17,11,cross-cutting.lookup,,
d338233f05c5e396,directional,m0002,m0002,module,class-or-document-module,,,,available,0,0,,,
d338233f05c5e396,directional,m0003,m0003,module,class-or-document-module,,,,available,0,0,,,
d338233f05c5e396,directional,m0004,m0004,module,class-or-document-module,,,,available,122,0,cross-cutting.lookup|directional.coordinates|torque-drag.connection-capacity,deg,
d338233f05c5e396,directional,m0004,m0004-p0001,procedure,class-or-document-module,sub,public,explicit-call,available,49,39,cross-cutting.lookup|directional.coordinates|torque-drag.connection-capacity,,
d338233f05c5e396,directional,m0004,m0004-p0002,procedure,class-or-document-module,sub,private,explicit-call,available,3,2,,,
d338233f05c5e396,directional,m0004,m0004-p0003,procedure,class-or-document-module,sub,private,explicit-call,available,15,13,,,
d338233f05c5e396,directional,m0004,m0004-p0004,procedure,class-or-document-module,sub,private,explicit-call,available,15,13,,,
d338233f05c5e396,directional,m0004,m0004-p0005,procedure,class-or-document-module,sub,private,explicit-call,available,17,15,,deg,
d338233f05c5e396,directional,m0004,m0004-p0006,procedure,class-or-document-module,sub,private,explicit-call,available,20,18,,deg,
d338233f05c5e396,directional,m0005,m0005,module,class-or-document-module,,,,available,122,0,cross-cutting.lookup|directional.coordinates|torque-drag.connection-capacity,deg,
d338233f05c5e396,directional,m0005,m0005-p0001,procedure,class-or-document-module,sub,public,explicit-call,available,49,39,cross-cutting.lookup|directional.coordinates|torque-drag.connection-capacity,,
d338233f05c5e396,directional,m0005,m0005-p0002,procedure,class-or-document-module,sub,private,explicit-call,available,3,2,,,
d338233f05c5e396,directional,m0005,m0005-p0003,procedure,class-or-document-module,sub,private,explicit-call,available,15,13,,,
d338233f05c5e396,directional,m0005,m0005-p0004,procedure,class-or-document-module,sub,private,explicit-call,available,15,13,,,
d338233f05c5e396,directional,m0005,m0005-p0005,procedure,class-or-document-module,sub,private,explicit-call,available,17,15,,deg,
d338233f05c5e396,directional,m0005,m0005-p0006,procedure,class-or-document-module,sub,private,explicit-call,available,20,18,,deg,
d338233f05c5e396,directional,m0006,m0006,module,class-or-document-module,,,,available,0,0,,,
d338233f05c5e396,directional,m0007,m0007,module,class-or-document-module,,,,available,0,0,,,
d338233f05c5e396,directional,m0008,m0008,module,class-or-document-module,,,,available,0,0,,,
d338233f05c5e396,directional,m0009,m0009,module,class-or-document-module,,,,available,0,0,,,
d338233f05c5e396,directional,m0010,m0010,module,class-or-document-module,,,,available,0,0,,,
d338233f05c5e396,directional,m0011,m0011,module,unknown-module,,,,available,10,0,,,
dbfddbefee5b196d,uncategorized,m0001,m0001,module,class-or-document-module,,,,available,85,0,,,
dbfddbefee5b196d,uncategorized,m0001,m0001-p0001,procedure,class-or-document-module,sub,public,explicit-call,available,5,3,,,
dbfddbefee5b196d,uncategorized,m0001,m0001-p0002,procedure,class-or-document-module,sub,public,explicit-call,available,5,3,,,
dbfddbefee5b196d,uncategorized,m0001,m0001-p0003,procedure,class-or-document-module,property-get,public,explicit-call,available,5,3,,,
dbfddbefee5b196d,uncategorized,m0001,m0001-p0004,procedure,class-or-document-module,property-get,public,explicit-call,available,5,3,,,
dbfddbefee5b196d,uncategorized,m0001,m0001-p0005,procedure,class-or-document-module,property-get,public,explicit-call,available,22,16,,,
dbfddbefee5b196d,uncategorized,m0001,m0001-p0006,procedure,class-or-document-module,property-get,public,explicit-call,available,28,19,,,
dbfddbefee5b196d,uncategorized,m0001,m0001-p0007,procedure,class-or-document-module,sub,public,explicit-call,available,5,3,,,
dbfddbefee5b196d,uncategorized,m0002,m0002,module,class-or-document-module,,,,available,144,0,,,
dbfddbefee5b196d,uncategorized,m0002,m0002-p0001,procedure,class-or-document-module,sub,public,explicit-call,available,10,6,,,
dbfddbefee5b196d,uncategorized,m0002,m0002-p0002,procedure,class-or-document-module,sub,public,explicit-call,available,5,3,,,
dbfddbefee5b196d,uncategorized,m0002,m0002-p0003,procedure,class-or-document-module,property-get,public,explicit-call,available,5,3,,,
dbfddbefee5b196d,uncategorized,m0002,m0002-p0004,procedure,class-or-document-module,property-get,public,explicit-call,available,5,3,,,
dbfddbefee5b196d,uncategorized,m0002,m0002-p0005,procedure,class-or-document-module,sub,public,explicit-call,available,5,3,,,
dbfddbefee5b196d,uncategorized,m0002,m0002-p0006,procedure,class-or-document-module,property-get,public,explicit-call,available,5,3,,,
dbfddbefee5b196d,uncategorized,m0002,m0002-p0007,procedure,class-or-document-module,property-get,public,explicit-call,available,5,3,,,
dbfddbefee5b196d,uncategorized,m0002,m0002-p0008,procedure,class-or-document-module,property-get,public,explicit-call,available,13,8,,,
dbfddbefee5b196d,uncategorized,m0002,m0002-p0009,procedure,class-or-document-module,property-get,public,explicit-call,available,79,51,,,
dbfddbefee5b196d,uncategorized,m0003,m0003,module,class-or-document-module,,,,available,16,0,,mm,
dbfddbefee5b196d,uncategorized,m0003,m0003-p0001,procedure,class-or-document-module,property-get,public,explicit-call,available,5,3,,mm,
dbfddbefee5b196d,uncategorized,m0003,m0003-p0002,procedure,class-or-document-module,property-get,public,explicit-call,available,5,3,,,
dbfddbefee5b196d,uncategorized,m0004,m0004,module,standard-module,,,,available,257,0,bha.geometry|bha.motor-performance|directional.coordinates|directional.dogleg-severity|hydraulics.pressure-loss|hydraulics.reynolds-number|torque-drag.axial-load,min|rad|rpm,
dbfddbefee5b196d,uncategorized,m0004,m0004-p0001,procedure,standard-module,function,public,explicit-call,available,13,11,bha.geometry,,
dbfddbefee5b196d,uncategorized,m0004,m0004-p0002,procedure,standard-module,function,public,explicit-call,available,9,7,,rpm,
dbfddbefee5b196d,uncategorized,m0004,m0004-p0003,procedure,standard-module,function,public,explicit-call,available,9,7,,,
dbfddbefee5b196d,uncategorized,m0004,m0004-p0004,procedure,standard-module,function,public,explicit-call,available,13,10,hydraulics.pressure-loss,,
dbfddbefee5b196d,uncategorized,m0004,m0004-p0005,procedure,standard-module,function,public,explicit-call,available,24,21,,,
dbfddbefee5b196d,uncategorized,m0004,m0004-p0006,procedure,standard-module,function,public,explicit-call,available,13,11,torque-drag.axial-load,,
dbfddbefee5b196d,uncategorized,m0004,m0004-p0007,procedure,standard-module,function,public,explicit-call,available,9,7,bha.motor-performance,rpm,
dbfddbefee5b196d,uncategorized,m0004,m0004-p0008,procedure,standard-module,function,public,explicit-call,available,9,7,,,
dbfddbefee5b196d,uncategorized,m0004,m0004-p0009,procedure,standard-module,function,public,explicit-call,available,10,8,bha.geometry,rpm,
dbfddbefee5b196d,uncategorized,m0004,m0004-p0010,procedure,standard-module,function,public,explicit-call,available,10,8,bha.geometry,rpm,
dbfddbefee5b196d,uncategorized,m0004,m0004-p0011,procedure,standard-module,function,public,explicit-call,available,10,8,bha.geometry,rpm,
dbfddbefee5b196d,uncategorized,m0004,m0004-p0012,procedure,standard-module,function,public,explicit-call,available,13,11,,,
dbfddbefee5b196d,uncategorized,m0004,m0004-p0013,procedure,standard-module,function,public,explicit-call,available,13,11,torque-drag.axial-load,,
dbfddbefee5b196d,uncategorized,m0004,m0004-p0014,procedure,standard-module,function,public,explicit-call,available,60,46,hydraulics.reynolds-number,min,
dbfddbefee5b196d,uncategorized,m0004,m0004-p0015,procedure,standard-module,function,public,explicit-call,available,6,4,directional.dogleg-severity,rad,
dbfddbefee5b196d,uncategorized,m0004,m0004-p0016,procedure,standard-module,function,public,explicit-call,available,9,7,directional.dogleg-severity,,
dbfddbefee5b196d,uncategorized,m0004,m0004-p0017,procedure,standard-module,function,public,explicit-call,available,9,7,directional.coordinates,,
dbfddbefee5b196d,uncategorized,m0005,m0005,module,standard-module,,,,available,1186,0,hydraulics.pressure-loss|torque-drag.axial-load|torque-drag.connection-capacity,min|rpm,
dbfddbefee5b196d,uncategorized,m0005,m0005-p0001,procedure,standard-module,sub,private,explicit-call,available,66,45,hydraulics.pressure-loss|torque-drag.axial-load,,
dbfddbefee5b196d,uncategorized,m0005,m0005-p0002,procedure,standard-module,sub,public,explicit-call,available,113,93,hydraulics.pressure-loss|torque-drag.axial-load|torque-drag.connection-capacity,rpm,
dbfddbefee5b196d,uncategorized,m0005,m0005-p0003,procedure,standard-module,sub,private,explicit-call,available,17,15,hydraulics.pressure-loss|torque-drag.axial-load,,
dbfddbefee5b196d,uncategorized,m0005,m0005-p0004,procedure,standard-module,sub,private,explicit-call,available,42,31,hydraulics.pressure-loss,,
dbfddbefee5b196d,uncategorized,m0005,m0005-p0005,procedure,standard-module,sub,private,explicit-call,available,24,17,torque-drag.axial-load,,
dbfddbefee5b196d,uncategorized,m0005,m0005-p0006,procedure,standard-module,sub,private,explicit-call,available,30,21,,rpm,
dbfddbefee5b196d,uncategorized,m0005,m0005-p0007,procedure,standard-module,sub,private,explicit-call,available,22,15,torque-drag.axial-load,,
dbfddbefee5b196d,uncategorized,m0005,m0005-p0008,procedure,standard-module,sub,private,explicit-call,available,237,200,torque-drag.axial-load|torque-drag.connection-capacity,min|rpm,
dbfddbefee5b196d,uncategorized,m0005,m0005-p0009,procedure,standard-module,sub,private,explicit-call,available,18,16,,,
dbfddbefee5b196d,uncategorized,m0005,m0005-p0010,procedure,standard-module,sub,private,explicit-call,available,28,21,,,
dbfddbefee5b196d,uncategorized,m0005,m0005-p0011,procedure,standard-module,sub,private,explicit-call,available,36,31,torque-drag.axial-load,,
dbfddbefee5b196d,uncategorized,m0005,m0005-p0012,procedure,standard-module,sub,private,explicit-call,available,20,16,torque-drag.axial-load,,
dbfddbefee5b196d,uncategorized,m0005,m0005-p0013,procedure,standard-module,sub,private,explicit-call,available,8,5,,,
dbfddbefee5b196d,uncategorized,m0005,m0005-p0014,procedure,standard-module,function,private,explicit-call,available,23,17,,,
dbfddbefee5b196d,uncategorized,m0005,m0005-p0015,procedure,standard-module,function,private,explicit-call,available,24,17,,,
dbfddbefee5b196d,uncategorized,m0005,m0005-p0016,procedure,standard-module,function,private,explicit-call,available,14,10,,,
dbfddbefee5b196d,uncategorized,m0005,m0005-p0017,procedure,standard-module,function,private,explicit-call,available,30,22,,,
dbfddbefee5b196d,uncategorized,m0005,m0005-p0018,procedure,standard-module,function,private,explicit-call,available,26,19,hydraulics.pressure-loss,,
dbfddbefee5b196d,uncategorized,m0005,m0005-p0019,procedure,standard-module,sub,private,explicit-call,available,233,181,torque-drag.axial-load,rpm,
dbfddbefee5b196d,uncategorized,m0005,m0005-p0020,procedure,standard-module,sub,private,explicit-call,available,42,31,hydraulics.pressure-loss,,
dbfddbefee5b196d,uncategorized,m0006,m0006,module,standard-module,,,,available,88,0,cross-cutting.lookup,,
dbfddbefee5b196d,uncategorized,m0006,m0006-p0001,procedure,standard-module,function,public,explicit-call,available,17,15,cross-cutting.lookup,,
dbfddbefee5b196d,uncategorized,m0006,m0006-p0002,procedure,standard-module,function,public,explicit-call,available,23,21,,,
dbfddbefee5b196d,uncategorized,m0006,m0006-p0003,procedure,standard-module,function,public,explicit-call,available,14,10,cross-cutting.lookup,,
dbfddbefee5b196d,uncategorized,m0006,m0006-p0004,procedure,standard-module,function,public,explicit-call,available,23,17,,,
dbfddbefee5b196d,uncategorized,m0006,m0006-p0005,procedure,standard-module,function,public,explicit-call,available,5,3,,,
dbfddbefee5b196d,uncategorized,m0007,m0007,module,standard-module,,,,available,34,0,,,
dbfddbefee5b196d,uncategorized,m0007,m0007-p0001,procedure,standard-module,sub,public,explicit-call,available,14,9,,,
dbfddbefee5b196d,uncategorized,m0007,m0007-p0002,procedure,standard-module,sub,public,explicit-call,available,17,12,,,
dbfddbefee5b196d,uncategorized,m0008,m0008,module,class-or-document-module,,,,available,1082,0,bha.geometry|bha.motor-performance|directional.coordinates|hydraulics.pressure-loss|torque-drag.axial-load|torque-drag.connection-capacity|torque-drag.torque,bar|ft|h|percent|rpm,
dbfddbefee5b196d,uncategorized,m0008,m0008-p0001,procedure,class-or-document-module,sub,public,explicit-call,available,71,61,bha.motor-performance|directional.coordinates|hydraulics.pressure-loss|torque-drag.axial-load|torque-drag.connection-capacity|torque-drag.torque,rpm,
dbfddbefee5b196d,uncategorized,m0008,m0008-p0002,procedure,class-or-document-module,sub,public,explicit-call,available,29,24,bha.motor-performance|torque-drag.axial-load,bar|rpm,
dbfddbefee5b196d,uncategorized,m0008,m0008-p0003,procedure,class-or-document-module,sub,public,explicit-call,available,93,72,hydraulics.pressure-loss,bar|ft|percent,
dbfddbefee5b196d,uncategorized,m0008,m0008-p0004,procedure,class-or-document-module,sub,public,explicit-call,available,40,30,bha.motor-performance,bar|ft|percent|rpm,
dbfddbefee5b196d,uncategorized,m0008,m0008-p0005,procedure,class-or-document-module,sub,public,explicit-call,available,38,28,,bar|ft|percent|rpm,
dbfddbefee5b196d,uncategorized,m0008,m0008-p0006,procedure,class-or-document-module,sub,public,explicit-call,available,41,29,hydraulics.pressure-loss,bar|ft|percent,
dbfddbefee5b196d,uncategorized,m0008,m0008-p0007,procedure,class-or-document-module,sub,public,explicit-call,available,42,31,bha.motor-performance,bar|ft|percent,
dbfddbefee5b196d,uncategorized,m0008,m0008-p0008,procedure,class-or-document-module,sub,public,explicit-call,available,38,28,,bar|ft|percent,
dbfddbefee5b196d,uncategorized,m0008,m0008-p0009,procedure,class-or-document-module,sub,public,explicit-call,available,43,32,torque-drag.torque,bar|ft|percent,
dbfddbefee5b196d,uncategorized,m0008,m0008-p0010,procedure,class-or-document-module,sub,public,explicit-call,available,40,30,bha.geometry,bar|ft|percent,
dbfddbefee5b196d,uncategorized,m0008,m0008-p0011,procedure,class-or-document-module,sub,public,explicit-call,available,40,29,torque-drag.axial-load,bar|ft|percent,
dbfddbefee5b196d,uncategorized,m0008,m0008-p0012,procedure,class-or-document-module,sub,public,explicit-call,available,44,34,bha.geometry,bar|ft|percent|rpm,
dbfddbefee5b196d,uncategorized,m0008,m0008-p0013,procedure,class-or-document-module,sub,public,explicit-call,available,49,39,bha.geometry,bar|ft|percent|rpm,
dbfddbefee5b196d,uncategorized,m0008,m0008-p0014,procedure,class-or-document-module,sub,public,explicit-call,available,43,33,bha.geometry,bar|ft|percent|rpm,
dbfddbefee5b196d,uncategorized,m0008,m0008-p0015,procedure,class-or-document-module,sub,public,explicit-call,available,41,31,,bar|ft|percent,
dbfddbefee5b196d,uncategorized,m0008,m0008-p0016,procedure,class-or-document-module,sub,public,explicit-call,available,77,56,,bar|ft|h|percent,
dbfddbefee5b196d,uncategorized,m0008,m0008-p0017,procedure,class-or-document-module,sub,public,explicit-call,available,41,30,torque-drag.axial-load,bar|ft|percent,
dbfddbefee5b196d,uncategorized,m0008,m0008-p0018,procedure,class-or-document-module,sub,public,explicit-call,available,47,34,directional.coordinates,bar|ft|percent,
dbfddbefee5b196d,uncategorized,m0008,m0008-p0019,procedure,class-or-document-module,sub,public,explicit-call,available,54,39,,bar|ft|percent,
dbfddbefee5b196d,uncategorized,m0008,m0008-p0020,procedure,class-or-document-module,sub,public,explicit-call,available,9,4,,,
dbfddbefee5b196d,uncategorized,m0009,m0009,module,class-or-document-module,,,,available,1,0,,,
dbfddbefee5b196d,uncategorized,m0010,m0010,module,class-or-document-module,,,,available,1,0,,,
dbfddbefee5b196d,uncategorized,m0011,m0011,module,class-or-document-module,,,,available,43,0,,s,
dbfddbefee5b196d,uncategorized,m0011,m0011-p0001,procedure,class-or-document-module,sub,public,explicit-call,available,41,31,,s,
dbfddbefee5b196d,uncategorized,m0012,m0012,module,class-or-document-module,,,,available,1,0,,,
dbfddbefee5b196d,uncategorized,m0013,m0013,module,class-or-document-module,,,,available,1,0,,,
dbfddbefee5b196d,uncategorized,m0014,m0014,module,class-or-document-module,,,,available,221,0,bha.motor-performance|directional.coordinates|directional.dogleg-severity|hydraulics.pressure-loss|torque-drag.axial-load|torque-drag.connection-capacity|torque-drag.torque,ft|m^2|percent|rad|rpm,
dbfddbefee5b196d,uncategorized,m0014,m0014-p0001,procedure,class-or-document-module,sub,public,explicit-call,available,151,125,directional.coordinates|directional.dogleg-severity,ft|m^2|percent|rad,
dbfddbefee5b196d,uncategorized,m0014,m0014-p0002,procedure,class-or-document-module,sub,public,explicit-call,available,67,62,bha.motor-performance|directional.coordinates|hydraulics.pressure-loss|torque-drag.axial-load|torque-drag.connection-capacity|torque-drag.torque,rpm,
e2a8f7179c81b8c0,torque-drag-drillstring,m0001,m0001,module,class-or-document-module,,,,available,22,0,,,
e2a8f7179c81b8c0,torque-drag-drillstring,m0001,m0001-p0001,procedure,class-or-document-module,sub,private,worksheet-event,available,3,3,,,
e2a8f7179c81b8c0,torque-drag-drillstring,m0001,m0001-p0002,procedure,class-or-document-module,sub,private,worksheet-event,available,3,2,,,
e2a8f7179c81b8c0,torque-drag-drillstring,m0001,m0001-p0003,procedure,class-or-document-module,sub,private,worksheet-event,available,14,14,,,
e2a8f7179c81b8c0,torque-drag-drillstring,m0002,m0002,module,class-or-document-module,,,,available,41,0,,,
e2a8f7179c81b8c0,torque-drag-drillstring,m0002,m0002-p0001,procedure,class-or-document-module,sub,private,worksheet-event,available,3,3,,,
e2a8f7179c81b8c0,torque-drag-drillstring,m0002,m0002-p0002,procedure,class-or-document-module,sub,private,worksheet-event,available,3,2,,,
e2a8f7179c81b8c0,torque-drag-drillstring,m0002,m0002-p0003,procedure,class-or-document-module,sub,private,worksheet-event,available,33,33,,,
e2a8f7179c81b8c0,torque-drag-drillstring,m0003,m0003,module,class-or-document-module,,,,available,0,0,,,
e2a8f7179c81b8c0,torque-drag-drillstring,m0004,m0004,module,class-or-document-module,,,,available,0,0,,,
f0be457863a6cecc,hydraulics,m0001,m0001,module,standard-module,,,,available,45,0,,,
f0be457863a6cecc,hydraulics,m0001,m0001-p0001,procedure,standard-module,sub,public,explicit-call,available,40,32,,,
f0be457863a6cecc,hydraulics,m0002,m0002,module,class-or-document-module,,,,available,0,0,,,
f0be457863a6cecc,hydraulics,m0003,m0003,module,class-or-document-module,,,,available,0,0,,,
f0be457863a6cecc,hydraulics,m0004,m0004,module,unknown-module,,,,available,4,0,cross-cutting.unit-conversion,,
f6201fb121ebbf2c,directional,m0001,m0001,module,standard-module,,,,available,190,0,cross-cutting.lookup|torque-drag.connection-capacity,h|in,database-access
f6201fb121ebbf2c,directional,m0001,m0001-p0001,procedure,standard-module,sub,public,explicit-call,available,3,3,,,
f6201fb121ebbf2c,directional,m0001,m0001-p0002,procedure,standard-module,sub,public,explicit-call,available,169,163,cross-cutting.lookup|torque-drag.connection-capacity,h|in,database-access
f6201fb121ebbf2c,directional,m0001,m0001-p0003,procedure,standard-module,sub,public,explicit-call,available,17,11,cross-cutting.lookup,,
f6201fb121ebbf2c,directional,m0002,m0002,module,class-or-document-module,,,,available,0,0,,,
f6201fb121ebbf2c,directional,m0003,m0003,module,class-or-document-module,,,,available,0,0,,,
f6201fb121ebbf2c,directional,m0004,m0004,module,class-or-document-module,,,,available,122,0,cross-cutting.lookup|directional.coordinates|torque-drag.connection-capacity,deg,
f6201fb121ebbf2c,directional,m0004,m0004-p0001,procedure,class-or-document-module,sub,public,explicit-call,available,49,39,cross-cutting.lookup|directional.coordinates|torque-drag.connection-capacity,,
f6201fb121ebbf2c,directional,m0004,m0004-p0002,procedure,class-or-document-module,sub,private,explicit-call,available,3,2,,,
f6201fb121ebbf2c,directional,m0004,m0004-p0003,procedure,class-or-document-module,sub,private,explicit-call,available,15,13,,,
f6201fb121ebbf2c,directional,m0004,m0004-p0004,procedure,class-or-document-module,sub,private,explicit-call,available,15,13,,,
f6201fb121ebbf2c,directional,m0004,m0004-p0005,procedure,class-or-document-module,sub,private,explicit-call,available,17,15,,deg,
f6201fb121ebbf2c,directional,m0004,m0004-p0006,procedure,class-or-document-module,sub,private,explicit-call,available,20,18,,deg,
f6201fb121ebbf2c,directional,m0005,m0005,module,class-or-document-module,,,,available,122,0,cross-cutting.lookup|directional.coordinates|torque-drag.connection-capacity,deg,
f6201fb121ebbf2c,directional,m0005,m0005-p0001,procedure,class-or-document-module,sub,public,explicit-call,available,49,39,cross-cutting.lookup|directional.coordinates|torque-drag.connection-capacity,,
f6201fb121ebbf2c,directional,m0005,m0005-p0002,procedure,class-or-document-module,sub,private,explicit-call,available,3,2,,,
f6201fb121ebbf2c,directional,m0005,m0005-p0003,procedure,class-or-document-module,sub,private,explicit-call,available,15,13,,,
f6201fb121ebbf2c,directional,m0005,m0005-p0004,procedure,class-or-document-module,sub,private,explicit-call,available,15,13,,,
f6201fb121ebbf2c,directional,m0005,m0005-p0005,procedure,class-or-document-module,sub,private,explicit-call,available,17,15,,deg,
f6201fb121ebbf2c,directional,m0005,m0005-p0006,procedure,class-or-document-module,sub,private,explicit-call,available,20,18,,deg,
f6201fb121ebbf2c,directional,m0006,m0006,module,class-or-document-module,,,,available,0,0,,,
f6201fb121ebbf2c,directional,m0007,m0007,module,class-or-document-module,,,,available,0,0,,,
f6201fb121ebbf2c,directional,m0008,m0008,module,class-or-document-module,,,,available,0,0,,,
f6201fb121ebbf2c,directional,m0009,m0009,module,class-or-document-module,,,,available,0,0,,,
f6201fb121ebbf2c,directional,m0010,m0010,module,class-or-document-module,,,,available,0,0,,,
f6201fb121ebbf2c,directional,m0011,m0011,module,unknown-module,,,,available,10,0,,,
fd6bc4683cd208c1,torque-drag-drillstring,m0001,m0001,module,class-or-document-module,,,,available,0,0,,,
fd6bc4683cd208c1,torque-drag-drillstring,m0002,m0002,module,standard-module,,,,available,71,0,,ft|hp,external-process|native-api
fd6bc4683cd208c1,torque-drag-drillstring,m0002,m0002-p0001,procedure,standard-module,function,public,explicit-call,available,3,2,,,
fd6bc4683cd208c1,torque-drag-drillstring,m0002,m0002-p0002,procedure,standard-module,function,public,explicit-call,available,9,7,,ft,
fd6bc4683cd208c1,torque-drag-drillstring,m0003,m0003,module,standard-module,,,,available,108,0,torque-drag.axial-load|torque-drag.torque,,
fd6bc4683cd208c1,torque-drag-drillstring,m0003,m0003-p0001,procedure,standard-module,sub,public,explicit-call,available,25,19,torque-drag.axial-load|torque-drag.torque,,
fd6bc4683cd208c1,torque-drag-drillstring,m0003,m0003-p0002,procedure,standard-module,sub,public,explicit-call,available,27,21,torque-drag.axial-load|torque-drag.torque,,
fd6bc4683cd208c1,torque-drag-drillstring,m0003,m0003-p0003,procedure,standard-module,sub,public,explicit-call,available,13,7,,,
fd6bc4683cd208c1,torque-drag-drillstring,m0003,m0003-p0004,procedure,standard-module,sub,public,explicit-call,available,13,7,torque-drag.axial-load|torque-drag.torque,,
fd6bc4683cd208c1,torque-drag-drillstring,m0003,m0003-p0005,procedure,standard-module,sub,public,explicit-call,available,17,11,torque-drag.axial-load|torque-drag.torque,,
fd6bc4683cd208c1,torque-drag-drillstring,m0003,m0003-p0006,procedure,standard-module,sub,public,explicit-call,available,13,7,torque-drag.axial-load|torque-drag.torque,,
fd6bc4683cd208c1,torque-drag-drillstring,m0004,m0004,module,standard-module,,,,available,40,0,torque-drag.axial-load|torque-drag.torque,,
fd6bc4683cd208c1,torque-drag-drillstring,m0004,m0004-p0001,procedure,standard-module,sub,public,explicit-call,available,21,15,torque-drag.axial-load|torque-drag.torque,,
fd6bc4683cd208c1,torque-drag-drillstring,m0004,m0004-p0002,procedure,standard-module,sub,public,explicit-call,available,19,13,torque-drag.axial-load|torque-drag.torque,,
fd6bc4683cd208c1,torque-drag-drillstring,m0005,m0005,module,standard-module,,,,available,60,0,torque-drag.axial-load|torque-drag.torque,,
fd6bc4683cd208c1,torque-drag-drillstring,m0005,m0005-p0001,procedure,standard-module,sub,public,explicit-call,available,60,54,torque-drag.axial-load|torque-drag.torque,,
fd6bc4683cd208c1,torque-drag-drillstring,m0006,m0006,module,class-or-document-module,,,,available,3,0,,,
fd6bc4683cd208c1,torque-drag-drillstring,m0006,m0006-p0001,procedure,class-or-document-module,sub,private,worksheet-event,available,3,2,,,
fd6bc4683cd208c1,torque-drag-drillstring,m0007,m0007,module,class-or-document-module,,,,available,602,0,cross-cutting.unit-conversion|hydraulics.fluid-properties|torque-drag.axial-load|torque-drag.torque,ft/s|gal|m/s,filesystem-write
fd6bc4683cd208c1,torque-drag-drillstring,m0007,m0007-p0001,procedure,class-or-document-module,sub,private,explicit-call,available,17,13,,,
fd6bc4683cd208c1,torque-drag-drillstring,m0007,m0007-p0002,procedure,class-or-document-module,sub,private,explicit-call,available,3,2,,,
fd6bc4683cd208c1,torque-drag-drillstring,m0007,m0007-p0003,procedure,class-or-document-module,sub,private,explicit-call,available,3,2,,,
fd6bc4683cd208c1,torque-drag-drillstring,m0007,m0007-p0004,procedure,class-or-document-module,sub,private,explicit-call,available,14,13,,,
fd6bc4683cd208c1,torque-drag-drillstring,m0007,m0007-p0005,procedure,class-or-document-module,sub,private,explicit-call,available,4,2,,,
fd6bc4683cd208c1,torque-drag-drillstring,m0007,m0007-p0006,procedure,class-or-document-module,sub,private,explicit-call,available,11,9,,,
fd6bc4683cd208c1,torque-drag-drillstring,m0007,m0007-p0007,procedure,class-or-document-module,sub,private,explicit-call,available,4,2,,,
fd6bc4683cd208c1,torque-drag-drillstring,m0007,m0007-p0008,procedure,class-or-document-module,sub,private,explicit-call,available,11,10,,,
fd6bc4683cd208c1,torque-drag-drillstring,m0007,m0007-p0009,procedure,class-or-document-module,sub,private,explicit-call,available,4,2,,,
fd6bc4683cd208c1,torque-drag-drillstring,m0007,m0007-p0010,procedure,class-or-document-module,sub,private,explicit-call,available,11,10,,,
fd6bc4683cd208c1,torque-drag-drillstring,m0007,m0007-p0011,procedure,class-or-document-module,sub,private,explicit-call,available,4,2,,,
fd6bc4683cd208c1,torque-drag-drillstring,m0007,m0007-p0012,procedure,class-or-document-module,sub,private,explicit-call,available,12,11,,,
fd6bc4683cd208c1,torque-drag-drillstring,m0007,m0007-p0013,procedure,class-or-document-module,sub,private,explicit-call,available,4,2,,,
fd6bc4683cd208c1,torque-drag-drillstring,m0007,m0007-p0014,procedure,class-or-document-module,sub,private,explicit-call,available,12,11,,,
fd6bc4683cd208c1,torque-drag-drillstring,m0007,m0007-p0015,procedure,class-or-document-module,sub,private,explicit-call,available,3,2,,,
fd6bc4683cd208c1,torque-drag-drillstring,m0007,m0007-p0016,procedure,class-or-document-module,sub,private,explicit-call,available,12,11,,,
fd6bc4683cd208c1,torque-drag-drillstring,m0007,m0007-p0017,procedure,class-or-document-module,sub,private,explicit-call,available,4,2,,,
fd6bc4683cd208c1,torque-drag-drillstring,m0007,m0007-p0018,procedure,class-or-document-module,sub,private,explicit-call,available,346,174,cross-cutting.unit-conversion|hydraulics.fluid-properties|torque-drag.axial-load|torque-drag.torque,ft/s|gal|m/s,filesystem-write
fd6bc4683cd208c1,torque-drag-drillstring,m0007,m0007-p0019,procedure,class-or-document-module,sub,private,worksheet-event,available,101,82,,,
fd6bc4683cd208c1,torque-drag-drillstring,m0008,m0008,module,class-or-document-module,,,,available,0,0,,,
fd6bc4683cd208c1,torque-drag-drillstring,m0009,m0009,module,class-or-document-module,,,,available,536,0,hydraulics.fluid-properties|torque-drag.axial-load|torque-drag.torque,ft/s|gal|m/s,filesystem-write
fd6bc4683cd208c1,torque-drag-drillstring,m0009,m0009-p0001,procedure,class-or-document-module,sub,private,explicit-call,available,3,2,,,
fd6bc4683cd208c1,torque-drag-drillstring,m0009,m0009-p0002,procedure,class-or-document-module,sub,private,explicit-call,available,283,127,hydraulics.fluid-properties|torque-drag.axial-load|torque-drag.torque,ft/s|gal|m/s,filesystem-write
fd6bc4683cd208c1,torque-drag-drillstring,m0009,m0009-p0003,procedure,class-or-document-module,sub,private,explicit-call,available,246,148,hydraulics.fluid-properties|torque-drag.axial-load|torque-drag.torque,gal,filesystem-write
fd6bc4683cd208c1,torque-drag-drillstring,m0010,m0010,module,class-or-document-module,,,,available,354,0,hydraulics.fluid-properties|torque-drag.axial-load,N|cm|deg|ft|ft*lbf|kg/m^3|lbf|mm|ppg|rad,filesystem-write
fd6bc4683cd208c1,torque-drag-drillstring,m0010,m0010-p0001,procedure,class-or-document-module,sub,private,workbook-event,available,85,41,,,filesystem-write
fd6bc4683cd208c1,torque-drag-drillstring,m0010,m0010-p0002,procedure,class-or-document-module,sub,private,workbook-event,available,268,192,hydraulics.fluid-properties|torque-drag.axial-load,N|cm|deg|ft|ft*lbf|kg/m^3|lbf|mm|ppg|rad,
fd6bc4683cd208c1,torque-drag-drillstring,m0011,m0011,module,user-form,,,,available,7,0,,,
fd6bc4683cd208c1,torque-drag-drillstring,m0011,m0011-p0001,procedure,user-form,sub,private,explicit-call,available,3,3,,,
fd6bc4683cd208c1,torque-drag-drillstring,m0011,m0011-p0002,procedure,user-form,sub,private,userform-event,available,3,2,,,
fd6bc4683cd208c1,torque-drag-drillstring,m0012,m0012,module,unknown-module,,,,available,5,0,torque-drag.axial-load,min,
